host,model,i,action,outcome,code,state_write,admission_ms,decision_ms,encode_ms,commit_ms,projection_ms,e2e_ms,bytes_written,host_encode_ms
node-local,tiny,1000,move,accepted,moved,1,0.0128,0.0159,0.0024,0.3324,0.0031,0.3665,190,0.0129
node-local,tiny,1001,move,accepted,moved,1,0.0146,0.0174,0.0037,0.3388,0.0041,0.3786,188,0.0088
node-local,tiny,1002,move,accepted,moved,1,0.0140,0.0172,0.0031,0.3409,0.0045,0.3798,190,0.0096
node-local,tiny,1003,wait,rejected,invalid_time,0,0.0141,0.0162,0.0029,0.2931,0.0030,0.3293,164,0.0083
node-local,tiny,1004,move,accepted,moved,1,0.0120,0.0161,0.0030,0.3275,0.0033,0.3619,186,0.0078
node-local,tiny,1005,move,accepted,moved,1,0.0120,0.0152,0.0029,0.3346,0.0038,0.3685,188,0.0078
node-local,tiny,1006,choose,rejected,invalid_choice,0,0.0124,0.2890,0.0045,0.3311,0.0030,0.6400,166,0.0076
node-local,tiny,1007,move,accepted,moved,1,0.0122,0.0161,0.0029,0.3192,0.0039,0.3543,186,0.0081
node-local,tiny,1008,look,accepted,observed,0,0.0127,0.0152,0.0028,0.2892,0.0028,0.3227,160,0.0073
node-local,tiny,1009,take,rejected,not_present,0,0.0122,0.0152,0.0027,0.2864,0.0030,0.3196,163,0.0082
node-local,tiny,1010,move,accepted,moved,1,0.0119,0.0158,0.0029,0.3232,0.0034,0.3572,190,0.0073
node-local,tiny,1011,choose,rejected,invalid_choice,0,0.0120,0.0150,0.0025,0.3189,0.0038,0.3523,166,0.0097
node-local,tiny,1012,look,accepted,observed,0,0.0163,0.0152,0.0029,0.3175,0.0030,0.3550,160,0.0075
node-local,tiny,1013,talk,rejected,not_eligible,0,0.0126,0.0156,0.0025,0.2943,0.0028,0.3278,164,0.0072
node-local,tiny,1014,look,accepted,observed,0,0.0115,0.0138,0.0025,0.2853,0.0032,0.3164,160,0.0072
node-local,tiny,1015,move,accepted,moved,1,0.0118,0.0152,0.0028,0.3211,0.0034,0.3543,188,0.0073
node-local,tiny,1016,wait,rejected,invalid_time,0,0.0115,0.0144,0.0024,0.2842,0.0027,0.3152,164,0.0072
node-local,tiny,1017,look,accepted,observed,0,0.0127,0.0135,0.0024,0.2818,0.0026,0.3130,160,0.0070
node-local,tiny,1018,move,accepted,moved,1,0.0115,0.0155,0.0028,0.3186,0.0034,0.3517,190,0.0073
node-local,tiny,1019,take,accepted,taken,1,0.0116,0.0155,0.0027,0.3277,0.0032,0.3607,188,0.0072
node-local,tiny,1020,look,accepted,observed,0,0.0126,0.0135,0.0025,0.2942,0.0026,0.3254,160,0.0072
node-local,tiny,1021,look,accepted,observed,0,0.0113,0.0131,0.0023,0.2912,0.0026,0.3206,160,0.0071
node-local,tiny,1022,drop,accepted,dropped,1,0.0116,0.0151,0.0027,0.3166,0.0041,0.3502,197,0.0080
node-local,tiny,1023,activate,rejected,stale_view,0,0.0136,0.0136,0.0026,0.2936,0.0026,0.3261,162,0.0079
node-local,tiny,1024,move,accepted,moved,1,0.0120,0.0152,0.0027,0.3506,0.0033,0.3838,186,0.0072
node-local,tiny,1025,look,accepted,observed,0,0.0113,0.0130,0.0025,0.2879,0.0027,0.3174,160,0.0072
node-local,tiny,1026,move,rejected,exit_unavailable,0,0.0114,0.0154,0.0025,0.2806,0.0027,0.3125,168,0.0072
node-local,tiny,1027,move,accepted,moved,1,0.0113,0.0147,0.0027,0.3172,0.0034,0.3492,188,0.0071
node-local,tiny,1028,move,accepted,moved,1,0.0129,0.0150,0.0032,0.3276,0.0033,0.3620,186,0.0071
node-local,tiny,1029,look,accepted,observed,0,0.0113,0.0129,0.0024,0.2890,0.0027,0.3185,160,0.0072
node-local,tiny,1030,move,accepted,moved,1,0.0115,0.0143,0.0027,0.3145,0.0034,0.3464,188,0.0072
node-local,tiny,1031,look,accepted,observed,0,0.0131,0.0130,0.0025,0.2888,0.0027,0.3200,160,0.0071
node-local,tiny,1032,take,rejected,not_present,0,0.0114,0.0145,0.0025,0.4497,0.0026,0.4807,163,0.0071
node-local,tiny,1033,take,rejected,not_present,0,0.0115,0.0141,0.0023,0.2921,0.0028,0.3228,163,0.0070
node-local,tiny,1034,talk,rejected,not_eligible,0,0.0118,0.0146,0.0024,0.2969,0.0027,0.3284,165,0.0070
node-local,tiny,1035,take,rejected,not_present,0,0.0115,0.0137,0.0024,0.2932,0.0027,0.3235,164,0.0071
node-local,tiny,1036,look,accepted,observed,0,0.0116,0.0130,0.0024,0.2890,0.0027,0.3187,161,0.0070
node-local,tiny,1037,move,accepted,moved,1,0.0113,0.0153,0.0028,0.3148,0.0033,0.3475,187,0.0082
node-local,tiny,1038,talk,rejected,not_eligible,0,0.0121,0.0141,0.0024,0.2966,0.0027,0.3279,165,0.0075
node-local,tiny,1039,move,accepted,moved,1,0.0114,0.0152,0.0027,0.3330,0.0035,0.3658,191,0.0072
node-local,tiny,1040,activate,rejected,not_eligible,0,0.0118,0.0177,0.0024,0.2882,0.0027,0.3228,165,0.0071
node-local,tiny,1041,talk,rejected,not_eligible,0,0.0127,0.0140,0.0024,0.5102,0.0027,0.5420,165,0.0072
node-local,tiny,1042,look,accepted,observed,0,0.0114,0.0133,0.0024,0.2779,0.0035,0.3085,161,0.0070
node-local,tiny,1043,move,rejected,exit_unavailable,0,0.0113,0.0143,0.0024,0.2760,0.0027,0.3067,169,0.0073
node-local,tiny,1044,take,replayed,not_present,0,0.0325,0.0123,0.0002,0.0001,0.0020,0.0472,0,0.0072
node-local,tiny,1045,activate,rejected,not_eligible,0,0.0102,0.0136,0.0024,1.7815,0.0032,1.8110,165,0.0072
node-local,tiny,1046,look,accepted,observed,0,0.0122,0.0135,0.0025,0.2822,0.0027,0.3131,161,0.0070
node-local,tiny,1047,look,accepted,observed,0,0.0114,0.0129,0.0024,0.4809,0.0027,0.5103,161,0.0080
node-local,tiny,1048,move,accepted,moved,1,0.0120,0.0162,0.0028,0.3531,0.0033,0.3875,189,0.0073
node-local,tiny,1049,activate,rejected,not_eligible,0,0.0119,0.0135,0.0024,0.3092,0.0030,0.3400,165,0.0074
node-local,tiny,1050,move,accepted,moved,1,0.0122,0.0163,0.0028,0.3390,0.0042,0.3745,191,0.0075
node-local,tiny,1051,look,accepted,observed,0,0.0145,0.0146,0.0025,0.3014,0.0027,0.3357,161,0.0071
node-local,tiny,1052,wait,rejected,invalid_time,0,0.0116,0.0150,0.0025,0.2858,0.0027,0.3175,165,0.0071
node-local,tiny,1053,choose,rejected,invalid_choice,0,0.0124,0.0166,0.0024,0.2904,0.0029,0.3246,167,0.0074
node-local,tiny,1054,wait,rejected,invalid_time,0,0.0123,0.0153,0.0025,0.3322,0.0028,0.3650,165,0.0072
node-local,tiny,1055,look,accepted,observed,0,0.0120,0.0138,0.0024,0.2853,0.0027,0.3162,161,0.0070
node-local,tiny,1056,wait,rejected,invalid_time,0,0.0118,0.0137,0.0023,0.2808,0.0027,0.3112,165,0.0071
node-local,tiny,1057,take,accepted,taken,1,0.0115,0.0152,0.0029,0.3182,0.0033,0.3510,189,0.0072
node-local,tiny,1058,move,accepted,moved,1,0.0122,0.0152,0.0028,0.3263,0.0033,0.3600,187,0.0073
node-local,tiny,1059,move,accepted,moved,1,0.0118,0.0160,0.0030,0.3819,0.0034,0.4161,191,0.0093
node-local,tiny,1060,look,accepted,observed,0,0.0116,0.0369,0.0024,0.3028,0.0037,0.3575,161,0.0085
node-local,tiny,1061,talk,rejected,not_eligible,0,0.0145,0.0164,0.0026,0.3142,0.0031,0.3508,165,0.0081
node-local,tiny,1062,wait,rejected,invalid_time,0,0.0122,0.0144,0.0025,0.3010,0.0026,0.3328,165,0.0072
node-local,tiny,1063,take,replayed,not_present,0,0.0221,0.0116,0.0002,0.0000,0.0020,0.0359,0,0.0070
node-local,tiny,1064,move,accepted,moved,1,0.0100,0.0152,0.0027,0.3840,0.0037,0.4157,187,0.0073
node-local,tiny,1065,choose,rejected,invalid_choice,0,0.0118,0.0148,0.0025,0.2842,0.0027,0.3161,167,0.0101
node-local,tiny,1066,move,accepted,moved,1,0.0117,0.0155,0.0027,0.3173,0.0042,0.3515,191,0.0071
node-local,tiny,1067,move,accepted,moved,1,0.0116,0.0154,0.0027,0.3788,0.0032,0.4117,187,0.0070
node-local,tiny,1068,drop,replayed,dropped,0,0.0202,0.0116,0.0002,0.0001,0.0020,0.0341,0,0.0070
node-local,tiny,1069,look,accepted,observed,0,0.0100,0.0131,0.0025,0.2936,0.0026,0.3218,161,0.0068
node-local,tiny,1070,move,accepted,moved,1,0.0114,0.0148,0.0027,0.3781,0.0032,0.4102,191,0.0070
node-local,tiny,1071,move,accepted,moved,1,0.0113,0.0156,0.0027,0.3765,0.0033,0.4094,187,0.0070
node-local,tiny,1072,talk,rejected,not_eligible,0,0.0122,0.0144,0.0025,0.3182,0.0027,0.3500,165,0.0072
node-local,tiny,1073,activate,rejected,not_eligible,0,0.0119,0.0139,0.0025,0.3422,0.0030,0.3735,165,0.0070
node-local,tiny,1074,move,accepted,moved,1,0.0115,0.0150,0.0027,0.3891,0.0035,0.4218,191,0.0071
node-local,tiny,1075,look,accepted,observed,0,0.0123,0.0138,0.0025,0.3568,0.0026,0.3880,161,0.0077
node-local,tiny,1076,move,accepted,moved,1,0.0120,0.0151,0.0027,0.4180,0.0047,0.4524,189,0.0078
node-local,tiny,1077,move,accepted,moved,1,0.0143,0.0179,0.0030,0.3454,0.0032,0.3839,191,0.0071
node-local,tiny,1078,move,accepted,moved,1,0.0117,0.0152,0.0027,0.3242,0.0032,0.3569,187,0.0068
node-local,tiny,1079,move,accepted,moved,1,0.0113,0.0143,0.0026,0.3202,0.0033,0.3518,189,0.0071
node-local,tiny,1080,move,accepted,moved,1,0.0120,0.1912,0.0031,0.3330,0.0032,0.5425,187,0.0072
node-local,tiny,1081,talk,rejected,not_eligible,0,0.0119,0.0148,0.0025,1.5017,0.0036,1.5345,165,0.0076
node-local,tiny,1082,look,accepted,observed,0,0.0135,0.0142,0.0026,0.3095,0.0033,0.3431,161,0.0071
node-local,tiny,1083,choose,rejected,stale_view,0,0.0122,0.0147,0.0025,0.3056,0.0028,0.3377,163,0.0073
node-local,tiny,1084,activate,rejected,not_eligible,0,0.0118,0.0152,0.0025,0.3004,0.0027,0.3327,165,0.0070
node-local,tiny,1085,wait,rejected,invalid_time,0,0.0130,0.0145,0.0024,0.2929,0.0026,0.3254,165,0.0070
node-local,tiny,1086,move,rejected,exit_unavailable,0,0.0118,0.0147,0.0024,0.3132,0.0027,0.3448,169,0.0073
node-local,tiny,1087,activate,rejected,not_eligible,0,0.0133,0.0132,0.0024,0.2993,0.0026,0.3308,165,0.0070
node-local,tiny,1088,look,accepted,observed,0,0.0117,0.0136,0.0024,0.3098,0.0027,0.3402,161,0.0071
node-local,tiny,1089,move,accepted,moved,1,0.0118,0.0161,0.0029,0.3319,0.0032,0.3660,191,0.0072
node-local,tiny,1090,move,accepted,moved,1,0.0127,0.0158,0.0027,0.3339,0.0035,0.3685,187,0.0075
node-local,tiny,1091,close_choice,rejected,invalid_choice,0,0.0126,0.0158,0.0025,0.2983,0.0030,0.3323,167,0.0070
node-local,tiny,1092,look,accepted,observed,0,0.0123,0.0137,0.0025,0.3085,0.0026,0.3395,161,0.0070
node-local,tiny,1093,activate,rejected,not_eligible,0,0.0115,0.0136,0.0025,0.3057,0.0028,0.3361,165,0.0080
node-local,tiny,1094,move,accepted,moved,1,0.0130,0.0159,0.0029,0.3413,0.0035,0.3766,189,0.0070
node-local,tiny,1095,look,accepted,observed,0,0.0117,0.0134,0.0024,0.2848,0.0026,0.3149,161,0.0070
node-local,tiny,1096,look,accepted,observed,0,0.0118,0.0131,0.0024,0.3170,0.0027,0.3469,161,0.0074
node-local,tiny,1097,move,accepted,moved,1,0.0119,0.0155,0.0026,0.3367,0.0033,0.3701,187,0.0070
node-local,tiny,1098,look,accepted,observed,0,0.0116,0.0136,0.0025,0.2972,0.0027,0.3276,161,0.0070
node-local,tiny,1099,choose,rejected,invalid_choice,0,0.0114,0.0157,0.0024,0.2880,0.0030,0.3204,167,0.0069
node-local,tiny,1100,activate,rejected,not_eligible,0,0.0151,0.0132,0.0025,0.2750,0.0026,0.3083,165,0.0070
node-local,tiny,1101,look,accepted,observed,0,0.0112,0.0129,0.0024,0.3000,0.0026,0.3290,161,0.0069
node-local,tiny,1102,move,accepted,moved,1,0.0116,0.0153,0.0027,0.3303,0.0035,0.3634,191,0.0070
node-local,tiny,1103,move,accepted,moved,1,0.0120,0.0155,0.0027,0.3256,0.0032,0.3589,189,0.0070
node-local,tiny,1104,look,accepted,observed,0,0.0116,0.0130,0.0024,0.3303,0.0026,0.3599,161,0.0072
node-local,tiny,1105,drop,accepted,dropped,1,0.0114,0.0146,0.0027,0.3177,0.0033,0.3497,196,0.0071
node-local,tiny,1106,look,accepted,observed,0,0.0113,0.0128,0.0024,0.2988,0.0025,0.3279,161,0.0070
node-local,tiny,1107,move,accepted,moved,1,0.0115,0.0152,0.0027,0.3291,0.0039,0.3624,191,0.0070
node-local,tiny,1108,move,accepted,moved,1,0.0116,0.0150,0.0027,0.3213,0.0032,0.3537,189,0.0071
node-local,tiny,1109,wait,accepted,waited,1,0.0114,0.0152,0.0026,0.3075,0.0032,0.3400,185,0.0070
node-local,tiny,1110,move,rejected,exit_unavailable,0,0.0127,0.0146,0.0024,0.3000,0.0026,0.3323,169,0.0070
node-local,tiny,1111,move,accepted,moved,1,0.0116,0.0151,0.0026,0.3314,0.0032,0.3638,191,0.0070
node-local,tiny,1112,look,accepted,observed,0,0.0115,0.0134,0.0025,0.2882,0.0026,0.3180,161,0.0070
node-local,tiny,1113,look,accepted,observed,0,0.0119,0.0129,0.0025,0.2755,0.0026,0.3054,161,0.0069
node-local,tiny,1114,look,accepted,observed,0,0.0115,0.0128,0.0023,0.2837,0.0025,0.3127,161,0.0070
node-local,tiny,1115,look,accepted,observed,0,0.0115,0.0127,0.0024,0.3227,0.0025,0.3519,161,0.0071
node-local,tiny,1116,move,accepted,moved,1,0.0116,0.0153,0.0027,0.3338,0.0033,0.3668,187,0.0075
node-local,tiny,1117,look,accepted,observed,0,0.0116,0.0132,0.0024,0.2766,0.0027,0.3065,161,0.0070
node-local,tiny,1118,move,accepted,moved,1,0.0113,0.0151,0.0028,0.3152,0.0035,0.3480,191,0.0070
node-local,tiny,1119,look,accepted,observed,0,0.0115,0.0131,0.0024,0.3332,0.0028,0.3630,161,0.0070
node-local,tiny,1120,look,accepted,observed,0,0.0122,0.0128,0.0024,0.3122,0.0026,0.3422,161,0.0069
node-local,tiny,1121,move,rejected,exit_unavailable,0,0.0125,0.0147,0.0028,0.3074,0.0029,0.3403,169,0.0071
node-local,tiny,1122,activate,rejected,not_eligible,0,0.0116,0.0133,0.0026,0.2914,0.0026,0.3215,165,0.0070
node-local,tiny,1123,wait,rejected,invalid_time,0,0.0122,0.0147,0.0025,0.2897,0.0027,0.3217,165,0.0069
node-local,tiny,1124,look,accepted,observed,0,0.0118,0.0129,0.0025,0.3057,0.0026,0.3354,161,0.0070
node-local,tiny,1125,move,accepted,moved,1,0.0113,0.0152,0.0027,0.3413,0.0038,0.3744,187,0.0072
node-local,tiny,1126,move,accepted,moved,1,0.0130,0.0162,0.0027,0.3444,0.0034,0.3796,191,0.0072
node-local,tiny,1127,choose,rejected,stale_view,0,0.0126,0.0145,0.0025,0.3042,0.0026,0.3364,163,0.0070
node-local,tiny,1128,choose,rejected,invalid_choice,0,0.0123,0.0156,0.0025,0.3599,0.0027,0.3929,167,0.0072
node-local,tiny,1129,look,accepted,observed,0,0.0120,0.0138,0.0024,1.9519,0.0035,1.9835,161,0.0072
node-local,tiny,1130,take,rejected,not_present,0,0.0127,0.0154,0.0025,0.3185,0.0034,0.3526,164,0.0071
node-local,tiny,1131,choose,rejected,invalid_choice,0,0.0125,0.0159,0.0025,0.3059,0.0028,0.3396,167,0.0070
node-local,tiny,1132,look,accepted,observed,0,0.0115,0.0133,0.0025,0.2909,0.0027,0.3209,161,0.0071
node-local,tiny,1133,move,accepted,moved,1,0.0122,0.0156,0.0027,0.3528,0.0035,0.3867,189,0.0074
node-local,tiny,1134,move,rejected,exit_unavailable,0,0.0119,0.0153,0.0025,0.3018,0.0027,0.3343,169,0.0069
node-local,tiny,1135,look,accepted,observed,0,0.0115,0.0135,0.0025,0.2922,0.0026,0.3223,161,0.0078
node-local,tiny,1136,activate,rejected,not_eligible,0,0.0114,0.0132,0.0025,0.2905,0.0027,0.3202,165,0.0072
node-local,tiny,1137,look,accepted,observed,0,0.0120,0.0133,0.0025,0.3149,0.0026,0.3453,161,0.0072
node-local,tiny,1138,look,accepted,observed,0,0.0123,0.0129,0.0024,0.2969,0.0025,0.3270,161,0.0068
node-local,tiny,1139,move,accepted,moved,1,0.0115,0.0151,0.0027,0.3400,0.0062,0.3755,191,0.0071
node-local,tiny,1140,move,accepted,moved,1,0.0122,0.0163,0.0033,0.3296,0.0035,0.3649,187,0.0070
node-local,tiny,1141,choose,rejected,invalid_choice,0,0.0121,0.0153,0.0023,0.2971,0.0027,0.3295,167,0.0070
node-local,tiny,1142,look,accepted,observed,0,0.0117,0.0131,0.0024,0.3411,0.0026,0.3710,161,0.0069
node-local,tiny,1143,move,accepted,moved,1,0.0114,0.0152,0.0026,0.3758,0.0045,0.4094,191,0.0083
node-local,tiny,1144,look,accepted,observed,0,0.0155,0.0148,0.0026,0.4056,0.0055,0.4440,161,0.0106
node-local,tiny,1145,take,rejected,not_present,0,0.0212,0.0224,0.0037,0.3702,0.0045,0.4220,164,0.0092
node-local,tiny,1146,look,accepted,observed,0,0.0191,0.0175,0.0029,0.3583,0.0032,0.4009,161,0.0080
node-local,tiny,1147,wait,rejected,invalid_time,0,0.0129,0.0169,0.0026,0.3331,0.0042,0.3697,165,0.0086
node-local,tiny,1148,choose,rejected,invalid_choice,0,0.0146,0.0180,0.0027,0.3622,0.0029,0.4004,167,0.0074
node-local,tiny,1149,move,accepted,moved,1,0.0133,0.0170,0.0031,0.3682,0.0035,0.4051,189,0.0082
node-local,tiny,1150,take,accepted,taken,1,0.0147,0.0160,0.0029,0.3432,0.0036,0.3803,189,0.0073
node-local,tiny,1151,move,accepted,moved,1,0.0117,0.0163,0.0027,0.3355,0.0034,0.3696,191,0.0073
node-local,tiny,1152,drop,accepted,dropped,1,0.0120,0.0150,0.0027,0.3950,0.0040,0.4289,198,0.0082
node-local,tiny,1153,look,accepted,observed,0,0.0130,0.0154,0.0026,0.3383,0.0031,0.3724,161,0.0078
node-local,tiny,1154,move,accepted,moved,1,0.0133,0.2203,0.0039,0.3910,0.0049,0.6334,189,0.0081
node-local,tiny,1155,look,accepted,observed,0,0.0158,0.0165,0.0030,0.3138,0.0030,0.3522,161,0.0073
node-local,tiny,1156,move,accepted,moved,1,0.0133,0.0164,0.0029,0.3642,0.0035,0.4004,191,0.0074
node-local,tiny,1157,look,accepted,observed,0,0.0125,0.0145,0.0030,0.3093,0.0030,0.3422,161,0.0071
node-local,tiny,1158,move,rejected,exit_unavailable,0,0.0128,0.0162,0.0025,0.3056,0.0029,0.3400,169,0.0074
node-local,tiny,1159,look,accepted,observed,0,0.0130,0.0137,0.0025,0.2899,0.0027,0.3218,161,0.0070
node-local,tiny,1160,move,accepted,moved,1,0.0116,0.0161,0.0029,0.3353,0.0034,0.3694,187,0.0073
node-local,tiny,1161,move,accepted,moved,1,0.0115,0.0152,0.0027,0.3248,0.0033,0.3575,189,0.0072
node-local,tiny,1162,talk,rejected,not_eligible,0,0.0126,0.0154,0.0024,0.3011,0.0029,0.3344,165,0.0071
node-local,tiny,1163,look,accepted,observed,0,0.0115,0.0132,0.0024,0.3028,0.0026,0.3326,161,0.0071
node-local,tiny,1164,look,accepted,observed,0,0.0116,0.0129,0.0024,0.3099,0.0031,0.3399,161,0.0073
node-local,tiny,1165,look,accepted,observed,0,0.0126,0.0143,0.0025,0.3313,0.0027,0.3633,161,0.0069
node-local,tiny,1166,look,accepted,observed,0,0.0120,0.0132,0.0025,0.2923,0.0027,0.3225,161,0.0073
node-local,tiny,1167,move,rejected,exit_unavailable,0,0.0115,0.0141,0.0024,0.3202,0.0027,0.3510,169,0.0072
node-local,tiny,1168,look,accepted,observed,0,0.0115,0.0131,0.0024,0.2808,0.0027,0.3104,161,0.0070
node-local,tiny,1169,wait,rejected,invalid_time,0,0.0119,0.0152,0.0024,0.2948,0.0026,0.3269,165,0.0071
node-local,tiny,1170,move,accepted,moved,1,0.0124,0.0150,0.0028,0.3213,0.0035,0.3550,187,0.0070
node-local,tiny,1171,look,accepted,observed,0,0.0115,0.0130,0.0024,0.2899,0.0028,0.3195,161,0.0075
node-local,tiny,1172,take,rejected,not_present,0,0.0115,0.0147,0.0025,0.2891,0.0027,0.3205,164,0.0072
node-local,tiny,1173,move,accepted,moved,1,0.0118,0.0158,0.0029,0.3305,0.0033,0.3643,191,0.0070
node-local,tiny,1174,activate,rejected,not_eligible,0,0.0124,0.0139,0.0024,0.2912,0.0027,0.3226,165,0.0070
node-local,tiny,1175,wait,rejected,invalid_time,0,0.0114,0.0147,0.0023,0.2962,0.0027,0.3272,165,0.0069
node-local,tiny,1176,take,accepted,taken,1,0.0115,0.0148,0.0033,0.3234,0.0034,0.3564,189,0.0073
node-local,tiny,1177,activate,rejected,not_eligible,0,0.0125,0.0135,0.0025,0.3351,0.0045,0.3682,165,0.0199
node-local,tiny,1178,wait,rejected,invalid_time,0,0.0174,0.0194,0.0030,0.3540,0.0030,0.3968,165,0.0073
node-local,tiny,1179,move,accepted,moved,1,0.0161,0.0165,0.0029,0.3952,0.0035,0.4342,187,0.0071
node-local,tiny,1180,move,accepted,moved,1,0.0152,0.0147,0.0027,0.3986,0.0033,0.4345,189,0.0069
node-local,tiny,1181,choose,rejected,invalid_choice,0,0.0143,0.0157,0.0025,0.3549,0.0030,0.3903,167,0.0072
node-local,tiny,1182,wait,rejected,invalid_time,0,0.0165,0.0152,0.0024,0.3560,0.0027,0.3929,165,0.0071
node-local,tiny,1183,look,accepted,observed,0,0.0175,0.0138,0.0024,0.3466,0.0026,0.3830,161,0.0069
node-local,tiny,1184,look,accepted,observed,0,0.0189,0.0132,0.0024,0.3696,0.0027,0.4068,161,0.0069
node-local,tiny,1185,move,accepted,moved,1,0.0152,0.0154,0.0027,0.4590,0.0032,0.4955,187,0.0075
node-local,tiny,1186,activate,rejected,not_eligible,0,0.0166,0.0135,0.0024,0.3610,0.0027,0.3962,165,0.0068
node-local,tiny,1187,close_choice,rejected,invalid_choice,0,0.0154,0.0152,0.0025,0.3518,0.0026,0.3875,167,0.0069
node-local,tiny,1188,move,accepted,moved,1,0.0161,0.0157,0.0027,0.4193,0.0033,0.4570,191,0.0070
node-local,tiny,1189,close_choice,rejected,invalid_choice,0,0.0160,0.0139,0.0025,0.3577,0.0028,0.3929,167,0.0073
node-local,tiny,1190,look,accepted,observed,0,0.0147,0.0140,0.0024,0.3431,0.0027,0.3770,161,0.0069
node-local,tiny,1191,move,rejected,exit_unavailable,0,0.0117,0.0144,0.0025,0.3061,0.0028,0.3375,169,0.0070
node-local,tiny,1192,look,accepted,observed,0,0.0123,0.0132,0.0024,0.2982,0.0029,0.3290,161,0.0070
node-local,tiny,1193,look,accepted,observed,0,0.0113,0.0131,0.0025,0.2854,0.0027,0.3150,161,0.0069
node-local,tiny,1194,wait,rejected,invalid_time,0,0.0113,0.0145,0.0024,0.3094,0.0027,0.3402,165,0.0070
node-local,tiny,1195,move,accepted,moved,1,0.0116,0.0160,0.0027,0.3403,0.0034,0.3741,187,0.0071
node-local,tiny,1196,choose,rejected,invalid_choice,0,0.0111,0.0158,0.0025,0.2978,0.0027,0.3299,167,0.0071
node-local,tiny,1197,talk,rejected,not_eligible,0,0.0115,0.0147,0.0024,0.3329,0.0027,0.3642,165,0.0069
node-local,tiny,1198,move,rejected,exit_unavailable,0,0.0115,0.0153,0.0024,0.2892,0.0027,0.3211,169,0.0071
node-local,tiny,1199,look,accepted,observed,0,0.0121,0.0132,0.0023,0.2997,0.0027,0.3300,161,0.0069
node-local,tiny,1200,talk,rejected,not_eligible,0,0.0115,0.0142,0.0024,0.2986,0.0026,0.3293,165,0.0070
node-local,tiny,1201,look,accepted,observed,0,0.0115,0.0130,0.0024,0.3125,0.0026,0.3420,161,0.0070
node-local,tiny,1202,drop,accepted,dropped,1,0.0118,0.0152,0.0027,0.3335,0.0036,0.3667,194,0.0070
node-local,tiny,1203,look,accepted,observed,0,0.0115,0.0132,0.0024,0.2878,0.0028,0.3176,161,0.0069
node-local,tiny,1204,move,accepted,moved,1,0.0115,0.0149,0.0027,0.3259,0.0033,0.3583,189,0.0077
node-local,tiny,1205,look,accepted,observed,0,0.0120,0.0130,0.0025,0.2942,0.0026,0.3243,161,0.0070
node-local,tiny,1206,move,accepted,moved,1,0.0115,0.0149,0.0027,0.3843,0.0032,0.4166,187,0.0070
node-local,tiny,1207,move,accepted,moved,1,0.0114,0.0145,0.0027,0.3255,0.0035,0.3575,189,0.0070
node-local,tiny,1208,look,accepted,observed,0,0.0123,0.0133,0.0027,0.2912,0.0028,0.3224,161,0.0071
node-local,tiny,1209,move,accepted,moved,1,0.0112,0.0153,0.0027,0.3315,0.0032,0.3639,187,0.0070
node-local,tiny,1210,take,accepted,taken,1,0.0116,0.0152,0.0159,0.3608,0.0052,0.4087,189,0.0090
node-local,tiny,1211,choose,rejected,invalid_choice,0,0.0168,0.0203,0.0031,0.3656,0.0033,0.4090,167,0.0081
node-local,tiny,1212,look,accepted,observed,0,0.0134,0.0155,0.0027,0.3122,0.0031,0.3469,161,0.0118
node-local,tiny,1213,move,accepted,moved,1,0.0127,0.0173,0.0033,0.3951,0.0038,0.4323,189,0.0086
node-local,tiny,1214,move,rejected,exit_unavailable,0,0.0154,0.0156,0.0027,0.3106,0.0029,0.3472,169,0.0075
node-local,tiny,1215,move,accepted,moved,1,0.0133,0.0166,0.0029,0.3404,0.0035,0.3767,187,0.0073
node-local,tiny,1216,look,accepted,observed,0,0.0125,0.0136,0.0027,0.3153,0.0029,0.3470,161,0.0075
node-local,tiny,1217,move,accepted,moved,1,0.0125,0.0168,0.0029,0.3399,0.0036,0.3757,191,0.0075
node-local,tiny,1218,look,accepted,observed,0,0.0124,0.0150,0.0026,0.3250,0.0029,0.3578,161,0.0073
node-local,tiny,1219,choose,rejected,stale_view,0,0.0133,0.0143,0.0026,0.3087,0.0030,0.3419,163,0.0073
node-local,tiny,1220,wait,rejected,invalid_time,0,0.0119,0.0166,0.0026,0.3445,0.0457,0.4213,165,0.0109
node-local,tiny,1221,look,accepted,observed,0,0.0127,0.0165,0.0036,0.3074,0.0056,0.3458,161,0.0108
node-local,tiny,1222,look,accepted,observed,0,0.0122,0.0143,0.0033,0.3203,0.0038,0.3539,161,0.0099
node-local,tiny,1223,move,accepted,moved,1,0.0115,0.0174,0.0036,0.3572,0.0083,0.3980,189,0.0128
node-local,tiny,1224,wait,rejected,invalid_time,0,0.0207,0.0233,0.0040,0.3317,0.0037,0.3835,165,0.0098
node-local,tiny,1225,drop,accepted,dropped,1,0.0115,0.0154,0.0035,0.3822,0.0047,0.4173,196,0.0101
node-local,tiny,1226,move,accepted,moved,1,0.0139,0.0164,0.0035,0.3299,0.0044,0.3680,191,0.0097
node-local,tiny,1227,move,rejected,exit_unavailable,0,0.0114,0.0150,0.0030,0.3035,0.0036,0.3366,169,0.1904
node-local,tiny,1228,move,accepted,moved,1,0.0136,0.0167,0.0036,0.3817,0.0044,0.4200,189,0.0096
node-local,tiny,1229,look,accepted,observed,0,0.0161,0.0140,0.0031,0.3260,0.0036,0.3628,161,0.0096
node-local,tiny,1230,look,accepted,observed,0,0.0110,0.0198,0.0031,0.3177,0.0036,0.3552,161,0.0095
node-local,tiny,1231,take,accepted,taken,1,0.0110,0.0157,0.0038,0.3856,0.0044,0.4205,189,0.0097
node-local,tiny,1232,drop,accepted,dropped,1,0.0153,0.0152,0.0034,0.3653,0.0042,0.4033,196,0.0095
node-local,tiny,1233,wait,rejected,invalid_time,0,0.0117,0.0155,0.0029,0.3373,0.0036,0.3710,165,0.0096
node-local,tiny,1234,choose,rejected,invalid_choice,0,0.0115,0.0211,0.0030,0.3072,0.0035,0.3464,167,0.0184
node-local,tiny,1235,look,accepted,observed,0,0.0127,0.0138,0.0030,0.2971,0.0049,0.3315,161,0.0102
node-local,tiny,1236,drop,replayed,dropped,0,0.0337,0.0245,0.0002,0.0001,0.0030,0.0616,0,0.0081
node-local,tiny,1237,move,accepted,moved,1,0.0111,0.0175,0.0033,0.3468,0.0055,0.3841,191,0.0099
node-local,tiny,1238,move,accepted,moved,1,0.0165,0.0218,0.0038,0.3443,0.0039,0.3904,187,0.0080
node-local,tiny,1239,take,rejected,not_present,0,0.0132,0.0178,0.0029,0.3088,0.0045,0.3471,164,0.0081
node-local,tiny,1240,move,accepted,moved,1,0.0130,0.0155,0.0030,0.3285,0.0037,0.3638,189,0.0082
node-local,tiny,1241,choose,rejected,stale_view,0,0.0118,0.0140,0.0025,0.2909,0.0030,0.3222,163,0.0072
node-local,tiny,1242,move,accepted,moved,1,0.0123,0.0155,0.0028,0.3087,0.0035,0.3429,187,0.0071
node-local,tiny,1243,move,accepted,moved,1,0.0118,0.0149,0.0027,0.3116,0.0037,0.3447,189,0.0075
node-local,tiny,1244,move,accepted,moved,1,0.0137,0.0174,0.0030,0.3384,0.0035,0.3760,187,0.0070
node-local,tiny,1245,move,accepted,moved,1,0.0114,0.0159,0.0027,0.3199,0.0033,0.3533,191,0.0071
node-local,tiny,1246,close_choice,rejected,invalid_choice,0,0.0120,0.0151,0.0025,0.2879,0.0029,0.3203,167,0.0071
node-local,tiny,1247,activate,rejected,not_eligible,0,0.0115,0.0138,0.0026,0.2917,0.0027,0.3223,165,0.0070
node-local,tiny,1248,move,accepted,moved,1,0.0115,0.0154,0.0029,0.3816,0.0033,0.4147,189,0.0071
node-local,tiny,1249,wait,rejected,invalid_time,0,0.0114,0.0148,0.0024,0.2899,0.0029,0.3215,165,0.0076
node-local,tiny,1250,take,accepted,taken,1,0.0120,0.0155,0.0028,0.3227,0.0035,0.3564,189,0.0072
node-local,tiny,1251,wait,rejected,invalid_time,0,0.0113,0.0144,0.0025,0.2893,0.0027,0.3202,165,0.0070
node-local,tiny,1252,move,accepted,moved,1,0.0113,0.0156,0.0027,0.3223,0.0036,0.3555,191,0.0070
node-local,tiny,1253,look,accepted,observed,0,0.0123,0.0136,0.0024,0.3021,0.0027,0.3331,161,0.0069
node-local,tiny,1254,wait,rejected,invalid_time,0,0.0116,0.0139,0.0029,0.2950,0.0028,0.3262,165,0.0070
node-local,tiny,1255,look,accepted,observed,0,0.0114,0.0130,0.0024,0.2962,0.0032,0.3261,161,0.0074
node-local,tiny,1256,talk,rejected,not_eligible,0,0.0124,0.0166,0.0026,0.2846,0.0027,0.3190,165,0.0070
node-local,tiny,1257,move,accepted,moved,1,0.0147,0.0151,0.0027,0.3290,0.0033,0.3648,189,0.0069
node-local,tiny,1258,move,accepted,moved,1,0.0118,0.0151,0.0027,0.3483,0.0033,0.3812,191,0.0071
node-local,tiny,1259,move,accepted,moved,1,0.0114,0.0148,0.0027,0.3214,0.0033,0.3535,189,0.0070
node-local,tiny,1260,look,accepted,observed,0,0.0113,0.0133,0.0025,0.2872,0.0027,0.3170,161,0.0069
node-local,tiny,1261,wait,rejected,invalid_time,0,0.0115,0.0172,0.0024,0.2949,0.0028,0.3288,165,0.0071
node-local,tiny,1262,move,accepted,moved,1,0.0114,0.0150,0.0027,0.3221,0.0034,0.3545,191,0.0070
node-local,tiny,1263,talk,rejected,not_eligible,0,0.0113,0.0147,0.0025,0.2842,0.0027,0.3154,165,0.0075
node-local,tiny,1264,look,accepted,observed,0,0.0114,0.0130,0.0025,0.2993,0.0026,0.3289,161,0.0069
node-local,tiny,1265,move,accepted,moved,1,0.0117,0.0148,0.0027,0.3276,0.0032,0.3601,189,0.0070
node-local,tiny,1266,move,accepted,moved,1,0.0112,0.0168,0.0029,0.3315,0.0034,0.3658,191,0.0073
node-local,tiny,1267,look,accepted,observed,0,0.0115,0.0137,0.0026,0.2878,0.0026,0.3183,161,0.0071
node-local,tiny,1268,look,accepted,observed,0,0.0121,0.0136,0.0024,0.2888,0.0026,0.3195,161,0.0069
node-local,tiny,1269,look,accepted,observed,0,0.0113,0.0128,0.0025,0.2818,0.0027,0.3110,161,0.0069
node-local,tiny,1270,move,accepted,moved,1,0.0125,0.0150,0.0027,0.3218,0.0033,0.3554,187,0.0069
node-local,tiny,1271,look,accepted,observed,0,0.0115,0.0127,0.0024,0.2867,0.0026,0.3159,161,0.0070
node-local,tiny,1272,drop,accepted,dropped,1,0.0113,0.0146,0.0027,0.3100,0.0033,0.3419,194,0.0072
node-local,tiny,1273,move,accepted,moved,1,0.0123,0.0150,0.0027,0.3519,0.0046,0.3864,189,0.0078
node-local,tiny,1274,look,accepted,observed,0,0.0144,0.0153,0.0026,0.3443,0.0029,0.3795,161,0.0073
node-local,tiny,1275,look,accepted,observed,0,0.0123,0.0138,0.0025,0.2956,0.0027,0.3268,161,0.0068
node-local,tiny,1276,take,rejected,not_present,0,0.0120,0.0147,0.0024,0.2879,0.0026,0.3196,164,0.0069
node-local,tiny,1277,look,accepted,observed,0,0.0115,0.0133,0.0024,0.2875,0.0026,0.3173,161,0.0078
node-local,tiny,1278,look,accepted,observed,0,0.0114,0.0129,0.0024,0.3003,0.0025,0.3295,161,0.0069
node-local,tiny,1279,look,accepted,observed,0,0.0118,0.0132,0.0024,0.2960,0.0026,0.3260,161,0.0068
node-local,tiny,1280,take,rejected,not_present,0,0.0114,0.0140,0.0025,0.2902,0.0026,0.3206,164,0.0068
node-local,tiny,1281,move,accepted,moved,1,0.0120,0.0150,0.0027,0.3555,0.0033,0.3885,187,0.0070
node-local,tiny,1282,look,accepted,observed,0,0.0113,0.0129,0.0030,0.2903,0.0038,0.3213,161,0.0083
node-local,tiny,1283,move,accepted,moved,1,0.0137,0.0184,0.0031,0.3390,0.0033,0.3776,191,0.0069
node-local,tiny,1284,wait,accepted,waited,1,0.0116,0.0157,0.0026,0.3294,0.0037,0.3630,185,0.0077
node-local,tiny,1285,look,accepted,observed,0,0.0127,0.0154,0.0025,0.2880,0.0030,0.3215,161,0.0073
node-local,tiny,1286,move,accepted,moved,1,0.0118,0.0214,0.0028,0.3516,0.0037,0.3913,189,0.0073
node-local,tiny,1287,move,accepted,moved,1,0.0120,0.0168,0.0027,0.3322,0.0034,0.3671,191,0.0071
node-local,tiny,1288,look,accepted,observed,0,0.0119,0.0141,0.0025,0.2939,0.0027,0.3252,161,0.0069
node-local,tiny,1289,move,accepted,moved,1,0.0128,0.0151,0.0028,0.3271,0.0033,0.3610,189,0.0071
node-local,tiny,1290,wait,rejected,invalid_time,0,0.0115,0.0149,0.0024,0.2889,0.0028,0.3204,165,0.0072
node-local,tiny,1291,look,accepted,observed,0,0.0127,0.0132,0.0032,0.2972,0.0027,0.3292,161,0.0070
node-local,tiny,1292,wait,rejected,invalid_time,0,0.0121,0.0142,0.0024,0.3044,0.0027,0.3358,165,0.0070
node-local,tiny,1293,move,accepted,moved,1,0.0123,0.0154,0.0027,0.3277,0.0033,0.3614,191,0.0071
node-local,tiny,1294,wait,rejected,invalid_time,0,0.0117,0.0157,0.0024,0.2944,0.0027,0.3270,165,0.0069
node-local,tiny,1295,look,accepted,observed,0,0.0117,0.0132,0.0024,0.2917,0.0027,0.3217,161,0.0069
node-local,tiny,1296,move,accepted,moved,1,0.0119,0.0160,0.0027,0.3209,0.0031,0.3547,189,0.0070
node-local,tiny,1297,activate,rejected,not_eligible,0,0.0118,0.0137,0.0024,0.2959,0.0026,0.3264,165,0.0070
node-local,tiny,1298,look,accepted,observed,0,0.0114,0.0133,0.0025,0.2883,0.0027,0.3182,161,0.0070
node-local,tiny,1299,look,accepted,observed,0,0.0117,0.0132,0.0025,0.2938,0.0026,0.3238,161,0.0068
node-local,tiny,1300,talk,rejected,not_eligible,0,0.0115,0.0146,0.0025,0.2836,0.0025,0.3147,165,0.0069
node-local,tiny,1301,take,rejected,not_present,0,0.0137,0.0156,0.0026,0.2896,0.0028,0.3243,164,0.0072
node-local,tiny,1302,move,accepted,moved,1,0.0114,0.0152,0.0028,0.3183,0.0032,0.3509,191,0.0071
node-local,tiny,1303,move,rejected,exit_unavailable,0,0.0113,0.0155,0.0025,0.3228,0.0027,0.3547,169,0.0071
node-local,tiny,1304,look,accepted,observed,0,0.0117,0.0133,0.0024,0.3364,0.0027,0.3665,161,0.0069
node-local,tiny,1305,wait,rejected,invalid_time,0,0.0119,0.0149,0.0025,0.3035,0.0031,0.3359,165,0.0071
node-local,tiny,1306,move,accepted,moved,1,0.0123,0.0158,0.0028,0.3311,0.0033,0.3653,189,0.0070
node-local,tiny,1307,activate,rejected,not_eligible,0,0.0121,0.0135,0.0025,0.2977,0.0029,0.3287,165,0.0071
node-local,tiny,1308,look,accepted,observed,0,0.0126,0.0134,0.0025,0.3034,0.0026,0.3345,161,0.0068
node-local,tiny,1309,look,accepted,observed,0,0.0118,0.0129,0.0024,0.2879,0.0026,0.3175,161,0.0073
node-local,tiny,1310,look,accepted,observed,0,0.0116,0.0132,0.0025,0.2961,0.0028,0.3261,161,0.0070
node-local,tiny,1311,wait,rejected,invalid_time,0,0.0115,0.0145,0.0025,0.2920,0.0029,0.3235,165,0.0069
node-local,tiny,1312,look,accepted,observed,0,0.0115,0.0131,0.0024,0.2972,0.0027,0.3269,161,0.0070
node-local,tiny,1313,look,accepted,observed,0,0.0117,0.0130,0.0024,0.3082,0.0031,0.3383,161,0.0072
node-local,tiny,1314,wait,rejected,invalid_time,0,0.0126,0.0150,0.0025,0.3016,0.0026,0.3343,165,0.0075
node-local,tiny,1315,take,rejected,not_present,0,0.0116,0.0143,0.0024,0.2942,0.0028,0.3252,164,0.0069
node-local,tiny,1316,wait,rejected,invalid_time,0,0.0113,0.0144,0.0024,0.2990,0.0027,0.3297,165,0.0069
node-local,tiny,1317,look,accepted,observed,0,0.0112,0.0128,0.0025,0.2935,0.0027,0.3228,161,0.0069
node-local,tiny,1318,look,accepted,observed,0,0.0113,0.0128,0.0024,0.3000,0.0027,0.3293,161,0.0070
node-local,tiny,1319,activate,rejected,not_eligible,0,0.0121,0.0142,0.0025,0.2927,0.0031,0.3247,165,0.0069
node-local,tiny,1320,look,accepted,observed,0,0.0125,0.0150,0.0024,0.2990,0.0029,0.3317,161,0.0081
node-local,tiny,1321,activate,rejected,not_eligible,0,0.0118,0.0135,0.0025,0.3031,0.0030,0.3340,165,0.0071
node-local,tiny,1322,look,accepted,observed,0,0.0120,0.0135,0.0025,0.2864,0.0025,0.3169,161,0.0069
node-local,tiny,1323,look,accepted,observed,0,0.0114,0.0130,0.0024,0.2943,0.0026,0.3236,161,0.0069
node-local,tiny,1324,move,accepted,moved,1,0.0115,0.0159,0.0031,0.3307,0.0033,0.3645,191,0.0070
node-local,tiny,1325,look,accepted,observed,0,0.0121,0.0127,0.0024,0.2930,0.0027,0.3228,161,0.0071
node-local,tiny,1326,wait,rejected,invalid_time,0,0.0121,0.0143,0.0024,0.2957,0.0027,0.3272,165,0.0070
node-local,tiny,1327,look,accepted,observed,0,0.0115,0.0133,0.0024,0.3094,0.0027,0.3393,161,0.0069
node-local,tiny,1328,wait,rejected,invalid_time,0,0.0113,0.0140,0.0024,0.2813,0.0025,0.3116,165,0.0068
node-local,tiny,1329,look,accepted,observed,0,0.0119,0.0133,0.0024,0.2890,0.0026,0.3191,161,0.0069
node-local,tiny,1330,look,accepted,observed,0,0.0122,0.0132,0.0025,0.3145,0.0026,0.3450,161,0.0068
node-local,tiny,1331,look,accepted,observed,0,0.0112,0.0128,0.0025,0.2882,0.0025,0.3172,161,0.0070
node-local,tiny,1332,take,rejected,not_present,0,0.0111,0.0142,0.0024,0.2799,0.0026,0.3103,164,0.0069
node-local,tiny,1333,move,accepted,moved,1,0.0113,0.0157,0.0027,0.3263,0.0033,0.3594,187,0.0070
node-local,tiny,1334,choose,rejected,invalid_choice,0,0.0113,0.0156,0.0025,0.2852,0.0027,0.3173,167,0.0069
node-local,tiny,1335,move,rejected,exit_unavailable,0,0.0115,0.0147,0.0024,0.2865,0.0025,0.3176,169,0.0068
node-local,tiny,1336,wait,rejected,invalid_time,0,0.0115,0.0141,0.0025,0.2748,0.0026,0.3055,165,0.0068
node-local,tiny,1337,move,accepted,moved,1,0.0118,0.0148,0.0027,0.3295,0.0034,0.3622,189,0.0070
node-local,tiny,1338,look,accepted,observed,0,0.0114,0.0130,0.0024,0.2929,0.0027,0.3223,161,0.0072
node-local,tiny,1339,look,accepted,observed,0,0.0113,0.0130,0.0024,0.2850,0.0026,0.3144,161,0.0070
node-local,tiny,1340,move,accepted,moved,1,0.0118,0.0151,0.0027,0.3169,0.0036,0.3501,187,0.0071
node-local,tiny,1341,move,accepted,moved,1,0.0115,0.0155,0.0027,0.3117,0.0034,0.3448,189,0.0072
node-local,tiny,1342,move,accepted,moved,1,0.0113,0.0145,0.0026,0.3295,0.0032,0.3611,187,0.0070
node-local,tiny,1343,look,accepted,observed,0,0.0112,0.0134,0.0024,0.2870,0.0027,0.3167,161,0.0070
node-local,tiny,1344,move,accepted,moved,1,0.0112,0.0143,0.0027,0.3150,0.0033,0.3464,189,0.0070
node-local,tiny,1345,move,accepted,moved,1,0.0112,0.0144,0.0029,0.3095,0.0033,0.3412,187,0.0070
node-local,tiny,1346,move,rejected,exit_unavailable,0,0.0115,0.0141,0.0025,0.2949,0.0027,0.3257,169,0.0070
node-local,tiny,1347,wait,rejected,invalid_time,0,0.0117,0.0142,0.0025,0.3156,0.0027,0.3466,165,0.0075
node-local,tiny,1348,look,accepted,observed,0,0.0117,0.0130,0.0024,0.2868,0.0027,0.3166,161,0.0069
node-local,tiny,1349,move,accepted,moved,1,0.0111,0.0144,0.0027,0.3293,0.0032,0.3607,189,0.0071
node-local,tiny,1350,look,accepted,observed,0,0.0114,0.0129,0.0023,0.3100,0.0027,0.3395,161,0.0069
node-local,tiny,1351,wait,rejected,invalid_time,0,0.0120,0.0138,0.0023,0.2916,0.0026,0.3223,165,0.0069
node-local,tiny,1352,talk,rejected,not_eligible,0,0.0113,0.0145,0.0024,0.2866,0.0031,0.3180,165,0.0069
node-local,tiny,1353,wait,rejected,invalid_time,0,0.0113,0.0139,0.0023,0.2888,0.0025,0.3188,165,0.0068
node-local,tiny,1354,move,accepted,moved,1,0.0115,0.0144,0.0027,0.3113,0.0034,0.3433,187,0.0070
node-local,tiny,1355,move,accepted,moved,1,0.0112,0.0153,0.0027,0.3272,0.0034,0.3598,191,0.0070
node-local,tiny,1356,close_choice,rejected,invalid_choice,0,0.0114,0.0149,0.0024,0.2940,0.0026,0.3254,167,0.0070
node-local,tiny,1357,talk,rejected,not_eligible,0,0.0119,0.0147,0.0024,0.2901,0.0026,0.3216,165,0.0072
node-local,tiny,1358,move,accepted,moved,1,0.0116,0.0150,0.0027,0.3250,0.0033,0.3575,189,0.0070
node-local,tiny,1359,choose,rejected,invalid_choice,0,0.0112,0.0157,0.0024,0.2850,0.0028,0.3171,167,0.0068
node-local,tiny,1360,move,accepted,moved,1,0.0114,0.0151,0.0027,0.3945,0.0033,0.4270,191,0.0124
node-local,tiny,1361,move,accepted,moved,1,0.0117,0.0151,0.0026,0.3501,0.0040,0.3835,187,0.0072
node-local,tiny,1362,move,rejected,exit_unavailable,0,0.0115,0.0148,0.0025,0.2949,0.0029,0.3265,169,0.0069
node-local,tiny,1363,move,accepted,moved,1,0.0112,0.0145,0.0027,0.3199,0.0033,0.3515,189,0.0069
node-local,tiny,1364,move,accepted,moved,1,0.0117,0.0145,0.0027,0.3169,0.0032,0.3489,187,0.0071
node-local,tiny,1365,move,rejected,exit_unavailable,0,0.0111,0.0137,0.0024,0.2774,0.0026,0.3072,169,0.0070
node-local,tiny,1366,move,accepted,moved,1,0.0119,0.0140,0.0026,0.3281,0.0032,0.3599,189,0.0070
node-local,tiny,1367,activate,accepted,activated,1,0.0118,0.0181,0.0028,0.3220,0.0033,0.3580,197,0.0070
node-local,tiny,1368,talk,rejected,not_owned,0,0.0113,0.0150,0.0025,0.2982,0.0026,0.3296,162,0.0069
node-local,tiny,1369,move,accepted,moved,1,0.0113,0.0142,0.0027,0.3818,0.0037,0.4138,187,0.0073
node-local,tiny,1370,activate,rejected,not_eligible,0,0.0125,0.0136,0.0025,0.8616,0.0042,0.8944,165,0.0068
node-local,tiny,1371,look,accepted,observed,0,0.0124,0.0137,0.0025,0.2809,0.0026,0.3122,161,0.0069
node-local,tiny,1372,look,accepted,observed,0,0.0113,0.0131,0.0024,0.2731,0.0026,0.3025,161,0.0068
node-local,tiny,1373,look,accepted,observed,0,0.0112,0.0127,0.0024,0.3085,0.0035,0.3383,161,0.0074
node-local,tiny,1374,move,accepted,moved,1,0.0132,0.0159,0.0027,0.3435,0.0034,0.3787,191,0.0072
node-local,tiny,1375,look,accepted,observed,0,0.0122,0.1777,0.0036,0.3305,0.0029,0.5270,161,0.0072
node-local,tiny,1376,move,accepted,moved,1,0.0157,0.0158,0.0029,0.3313,0.0035,0.3692,189,0.0072
node-local,tiny,1377,move,rejected,exit_unavailable,0,0.0123,0.0154,0.0025,0.2808,0.0027,0.3137,169,0.0069
node-local,tiny,1378,move,accepted,moved,1,0.0113,0.0156,0.0028,0.3139,0.0031,0.3467,191,0.0070
node-local,tiny,1379,wait,rejected,invalid_time,0,0.0116,0.0148,0.0025,0.2848,0.0027,0.3163,165,0.0070
node-local,tiny,1380,look,accepted,observed,0,0.0121,0.0132,0.0025,0.3120,0.0025,0.3422,161,0.0069
node-local,tiny,1381,look,accepted,observed,0,0.0113,0.0129,0.0044,0.2849,0.0027,0.3163,161,0.0070
node-local,tiny,1382,look,accepted,observed,0,0.0120,0.0132,0.0232,0.3076,0.0030,0.3590,161,0.0073
node-local,tiny,1383,move,accepted,moved,1,0.0131,0.0157,0.0027,0.3521,0.0035,0.3872,189,0.0078
node-local,tiny,1384,take,replayed,not_present,0,0.0355,0.0140,0.0002,0.0001,0.0022,0.0520,0,0.0073
node-local,tiny,1385,move,rejected,exit_unavailable,0,0.0106,0.0163,0.0027,0.3343,0.0029,0.3669,169,0.0072
node-local,tiny,1386,look,accepted,observed,0,0.0118,0.0141,0.0026,0.3221,0.0038,0.3544,161,0.0075
node-local,tiny,1387,take,rejected,not_present,0,0.0147,0.0167,0.0027,0.3145,0.0030,0.3516,164,0.0077
node-local,tiny,1388,look,accepted,observed,0,0.0130,0.0142,0.0025,1.5780,0.0055,1.6133,161,0.0105
node-local,tiny,1389,look,accepted,observed,0,0.0183,0.0211,0.0074,0.3572,0.0033,0.4073,161,0.0085
node-local,tiny,1390,wait,rejected,invalid_time,0,0.0139,0.0185,0.0028,0.3116,0.0029,0.3498,165,0.0082
node-local,tiny,1391,look,accepted,observed,0,0.0134,0.0161,0.0025,0.3345,0.0034,0.3699,161,0.0069
node-local,tiny,1392,choose,rejected,invalid_choice,0,0.0132,0.0170,0.0026,0.3233,0.0027,0.3588,167,0.0070
node-local,tiny,1393,move,accepted,moved,1,0.0114,0.0156,0.0031,0.4045,0.0035,0.4381,191,0.0076
node-local,tiny,1394,choose,rejected,invalid_choice,0,0.0117,0.0153,0.0023,0.4194,0.0028,0.4515,167,0.0072
node-local,tiny,1395,look,accepted,observed,0,0.0117,0.0134,0.0023,0.3041,0.0026,0.3342,161,0.0069
node-local,tiny,1396,move,accepted,moved,1,0.0112,0.0153,0.0027,0.3305,0.0038,0.3635,189,0.0078
node-local,tiny,1397,move,accepted,moved,1,0.0128,0.0185,0.0034,0.3595,0.0037,0.3979,191,0.0075
node-local,tiny,1398,look,accepted,observed,0,0.0119,0.0153,0.0025,0.2915,0.0030,0.3241,161,0.0070
node-local,tiny,1399,move,accepted,moved,1,0.0117,0.0150,0.0025,0.3349,0.0037,0.3680,189,0.0072
node-local,tiny,1400,take,rejected,not_present,0,0.0122,0.0157,0.0024,0.2982,0.0028,0.3313,164,0.0071
node-local,tiny,1401,take,rejected,not_present,0,0.0116,0.0141,0.0025,0.2920,0.0027,0.3229,164,0.0070
node-local,tiny,1402,wait,rejected,invalid_time,0,0.0113,0.0155,0.0023,0.3152,0.0037,0.3480,165,0.0074
node-local,tiny,1403,look,accepted,observed,0,0.0143,0.0155,0.0028,0.2967,0.0029,0.3320,161,0.0073
node-local,tiny,1404,look,accepted,observed,0,0.0120,0.0139,0.0024,1.8290,0.0034,1.8607,161,0.0072
node-local,tiny,1405,look,accepted,observed,0,0.0120,0.0134,0.0023,0.2742,0.0026,0.3045,161,0.0069
node-local,tiny,1406,look,accepted,observed,0,0.0113,0.0134,0.0025,0.2795,0.0026,0.3094,161,0.0069
node-local,tiny,1407,look,accepted,observed,0,0.0118,0.0131,0.0023,0.2833,0.0036,0.3141,161,0.0073
node-local,tiny,1408,wait,rejected,invalid_time,0,0.0132,0.0165,0.0025,0.3280,0.0037,0.3639,165,0.0077
node-local,tiny,1409,move,accepted,moved,1,0.0146,0.0177,0.0032,0.3622,0.0036,0.4014,191,0.0073
node-local,tiny,1410,move,accepted,moved,1,0.0129,0.0163,0.0029,0.3528,0.0051,0.3900,187,0.0082
node-local,tiny,1411,wait,rejected,invalid_time,0,0.0147,0.0177,0.0028,0.3316,0.0030,0.3699,165,0.0075
node-local,tiny,1412,move,accepted,moved,1,0.0203,0.0169,0.0032,0.4127,0.0036,0.4567,189,0.0084
node-local,tiny,1413,look,accepted,observed,0,0.0176,0.0135,0.0023,0.3683,0.0027,0.4043,161,0.0072
node-local,tiny,1414,wait,rejected,invalid_time,0,0.0164,0.0151,0.0023,0.3577,0.0029,0.3944,165,0.0070
node-local,tiny,1415,look,accepted,observed,0,0.0175,0.0131,0.0023,0.3635,0.0027,0.3992,161,0.0068
node-local,tiny,1416,talk,rejected,not_owned,0,0.0161,0.0158,0.0023,0.3413,0.0028,0.3784,162,0.0069
node-local,tiny,1417,move,accepted,moved,1,0.0202,0.0165,0.0028,0.4804,0.0038,0.5238,187,0.0072
node-local,tiny,1418,look,accepted,observed,0,0.0180,0.0136,0.0024,0.3633,0.0026,0.3999,161,0.0070
node-local,tiny,1419,look,accepted,observed,0,0.0164,0.0130,0.0023,0.3655,0.0027,0.4000,161,0.0070
node-local,tiny,1420,look,accepted,observed,0,0.0165,0.0130,0.0023,0.4034,0.0027,0.4379,161,0.0069
node-local,tiny,1421,move,accepted,moved,1,0.0158,0.0152,0.0026,0.3964,0.0035,0.4335,189,0.0072
node-local,tiny,1422,move,accepted,moved,1,0.0186,0.0163,0.0027,0.3991,0.0035,0.4401,187,0.0072
node-local,tiny,1423,move,rejected,exit_unavailable,0,0.0180,0.0158,0.0024,0.3618,0.0030,0.4010,169,0.0069
node-local,tiny,1424,move,accepted,moved,1,0.0183,0.0160,0.0025,0.3841,0.0035,0.4244,191,0.0070
node-local,tiny,1425,look,accepted,observed,0,0.0218,0.0135,0.0024,0.3907,0.0027,0.4311,161,0.0070
node-local,tiny,1426,move,accepted,moved,1,0.0152,0.0158,0.0026,0.3859,0.0033,0.4228,187,0.0076
node-local,tiny,1427,move,accepted,moved,1,0.0156,0.0149,0.0025,1.8106,0.0042,1.8479,191,0.0071
node-local,tiny,1428,take,rejected,not_present,0,0.0183,0.0158,0.0024,0.3659,0.0034,0.4058,164,0.0069
node-local,tiny,1429,look,accepted,observed,0,0.0168,0.0134,0.0024,0.3485,0.0028,0.3839,161,0.0068
node-local,tiny,1430,look,accepted,observed,0,0.0158,0.0132,0.0023,0.3455,0.0026,0.3793,161,0.0068
node-local,tiny,1431,talk,rejected,not_eligible,0,0.0155,0.0147,0.0025,0.3567,0.0037,0.3931,165,0.0071
node-local,tiny,1432,look,accepted,observed,0,0.0123,0.0137,0.0024,0.4001,0.0026,0.4311,161,0.0068
node-local,tiny,1433,move,rejected,exit_unavailable,0,0.0116,0.0150,0.0023,0.3216,0.0027,0.3533,169,0.0070
node-local,tiny,1434,move,accepted,moved,1,0.0114,0.0155,0.0027,0.3197,0.0036,0.3529,187,0.0070
node-local,tiny,1435,move,accepted,moved,1,0.0115,0.0150,0.0082,0.3112,0.0033,0.3491,191,0.0070
node-local,tiny,1436,move,accepted,moved,1,0.0120,0.0161,0.0026,0.3478,0.0035,0.3820,187,0.0072
node-local,tiny,1437,look,accepted,observed,0,0.0120,0.0139,0.0024,0.4085,0.0026,0.4395,161,0.0068
node-local,tiny,1438,move,accepted,moved,1,0.0112,0.0146,0.0025,0.3176,0.0035,0.3495,189,0.0070
node-local,tiny,1439,move,rejected,exit_unavailable,0,0.0112,0.0180,0.0024,0.2789,0.0027,0.3132,169,0.0071
node-local,tiny,1440,move,accepted,moved,1,0.0152,0.0345,0.0028,0.3740,0.0038,0.4303,187,0.0078
node-local,tiny,1441,move,accepted,moved,1,0.0121,0.0154,0.0026,0.3297,0.0033,0.3632,189,0.0070
node-local,tiny,1442,look,accepted,observed,0,0.0115,0.0130,0.0023,0.3195,0.0030,0.3494,161,0.0070
node-local,tiny,1443,wait,rejected,invalid_time,0,0.0134,0.0162,0.0024,0.3209,0.0027,0.3556,165,0.0072
node-local,tiny,1444,move,rejected,exit_unavailable,0,0.0113,0.0140,0.0023,0.2901,0.0028,0.3205,169,0.0070
node-local,tiny,1445,talk,rejected,not_owned,0,0.0114,0.0145,0.0024,0.2842,0.0033,0.3158,162,0.0068
node-local,tiny,1446,look,accepted,observed,0,0.0130,0.0129,0.0026,0.2944,0.0027,0.3256,161,0.0071
node-local,tiny,1447,look,accepted,observed,0,0.0120,0.0133,0.0024,0.2943,0.0026,0.3247,161,0.0068
node-local,tiny,1448,look,accepted,observed,0,0.0111,0.0126,0.0023,0.2935,0.0036,0.3231,161,0.0070
node-local,tiny,1449,choose,rejected,invalid_choice,0,0.0139,0.0182,0.0025,0.3008,0.0027,0.3380,167,0.0069
node-local,tiny,1450,talk,rejected,not_owned,0,0.0123,0.0135,0.1908,0.3037,0.0029,0.5233,162,0.0074
node-local,tiny,1451,activate,rejected,not_eligible,0,0.0151,0.0145,0.0024,0.2868,0.0030,0.3219,165,0.0072
node-local,tiny,1452,look,accepted,observed,0,0.0167,0.0145,0.0023,0.3032,0.0028,0.3395,161,0.0071
node-local,tiny,1453,look,accepted,observed,0,0.0112,0.0135,0.0023,0.2852,0.0026,0.3148,161,0.0069
node-local,tiny,1454,move,accepted,moved,1,0.0111,0.0155,0.0027,0.3205,0.0038,0.3536,187,0.0072
node-local,tiny,1455,wait,accepted,waited,1,0.0120,0.0158,0.0027,0.3242,0.0035,0.3583,185,0.0071
node-local,tiny,1456,drop,rejected,integrity_conflict,0,0.0350,0.0121,0.0003,0.0001,0.0019,0.0493,0,0.0072
node-local,tiny,1457,move,accepted,moved,1,0.0103,0.0142,0.0027,0.3191,0.0033,0.3496,189,0.0070
node-local,tiny,1458,talk,rejected,not_owned,0,0.0114,0.0142,0.0023,0.2907,0.0028,0.3214,162,0.0069
node-local,tiny,1459,look,accepted,observed,0,0.0119,0.0142,0.0023,0.2836,0.0027,0.3147,161,0.0070
node-local,tiny,1460,wait,rejected,invalid_time,0,0.0116,0.0149,0.0023,0.2823,0.0027,0.3139,165,0.0070
node-local,tiny,1461,move,rejected,exit_unavailable,0,0.0121,0.0148,0.0024,0.2790,0.0027,0.3109,169,0.0070
node-local,tiny,1462,take,replayed,not_present,0,0.0199,0.0122,0.0002,0.0000,0.0020,0.0343,0,0.0070
node-local,tiny,1463,take,rejected,not_present,0,0.0099,0.0140,0.0023,0.2855,0.0027,0.3144,164,0.0069
node-local,tiny,1464,move,accepted,moved,1,0.0111,0.0152,0.0032,0.3177,0.0035,0.3507,187,0.0069
node-local,tiny,1465,wait,rejected,invalid_time,0,0.0116,0.0140,0.0024,0.3199,0.0027,0.3505,165,0.0069
node-local,tiny,1466,move,accepted,moved,1,0.0126,0.0144,0.0026,0.3298,0.0035,0.3628,189,0.0070
node-local,tiny,1467,move,accepted,moved,1,0.0115,0.0154,0.0027,0.3355,0.0033,0.3684,187,0.0069
node-local,tiny,1468,choose,rejected,invalid_choice,0,0.0113,0.0163,0.0023,0.3373,0.0026,0.3698,167,0.0068
node-local,tiny,1469,talk,rejected,not_eligible,0,0.0122,0.0143,0.0023,0.3013,0.0027,0.3329,165,0.0070
node-local,tiny,1470,activate,rejected,not_eligible,0,0.0127,0.0145,0.0025,0.3374,0.0029,0.3699,165,0.0075
node-local,tiny,1471,take,accepted,taken,1,0.0128,0.0152,0.0028,0.3619,0.0047,0.3974,189,0.0076
node-local,tiny,1472,look,accepted,observed,0,0.0165,0.0155,0.0027,0.3312,0.0027,0.3686,161,0.0071
node-local,tiny,1473,look,accepted,observed,0,0.0123,0.0141,0.0023,0.3159,0.0027,0.3473,161,0.0080
node-local,tiny,1474,look,accepted,observed,0,0.0117,0.0135,0.0023,0.3070,0.0028,0.3373,161,0.0070
node-local,tiny,1475,activate,rejected,not_eligible,0,0.0129,0.0139,0.0024,0.3028,0.0027,0.3347,165,0.0071
node-local,tiny,1476,drop,accepted,dropped,1,0.0117,0.0153,0.0028,0.3737,0.0042,0.4076,194,0.0074
node-local,tiny,1477,look,accepted,observed,0,0.0143,0.0148,0.0025,0.3432,0.0050,0.3799,161,0.0105
node-local,tiny,1478,look,accepted,observed,0,0.0179,0.0204,0.0030,0.3350,0.0041,0.3804,161,0.0085
node-local,tiny,1479,drop,replayed,dropped,0,0.0286,0.0142,0.0002,0.0001,0.0022,0.0453,0,0.0076
node-local,tiny,1480,move,accepted,moved,1,0.0107,0.0180,0.0030,0.3428,0.0037,0.3781,189,0.0071
node-local,tiny,1481,move,accepted,moved,1,0.0120,0.0154,0.0027,0.3166,0.0035,0.3502,187,0.0070
node-local,tiny,1482,wait,rejected,invalid_time,0,0.0124,0.0148,0.0022,0.2949,0.0027,0.3269,165,0.0071
node-local,tiny,1483,choose,rejected,stale_view,0,0.0114,0.0148,0.0026,0.3145,0.0030,0.3464,163,0.0075
node-local,tiny,1484,look,accepted,observed,0,0.0122,0.0154,0.0023,0.3160,0.0029,0.3487,161,0.0073
node-local,tiny,1485,move,rejected,exit_unavailable,0,0.0121,0.0150,0.0023,0.3031,0.0026,0.3351,169,0.0069
node-local,tiny,1486,wait,rejected,invalid_time,0,0.0114,0.0141,0.0021,0.3074,0.0027,0.3377,165,0.0072
node-local,tiny,1487,look,accepted,observed,0,0.0116,0.0137,0.0023,0.3025,0.0028,0.3328,161,0.0073
node-local,tiny,1488,move,rejected,exit_unavailable,0,0.0118,0.0163,0.0027,0.3050,0.0027,0.3385,169,0.0070
node-local,tiny,1489,move,accepted,moved,1,0.0129,0.0165,0.0025,0.3907,0.0036,0.4262,191,0.0075
node-local,tiny,1490,look,accepted,observed,0,0.0115,0.0144,0.0021,0.2965,0.0027,0.3272,161,0.0070
node-local,tiny,1491,wait,rejected,invalid_time,0,0.0112,0.0142,0.0022,0.3046,0.0025,0.3347,165,0.0070
node-local,tiny,1492,move,accepted,moved,1,0.0116,0.0166,0.0025,0.3520,0.0033,0.3860,187,0.0071
node-local,tiny,1493,look,accepted,observed,0,0.0112,0.0141,0.0021,0.2947,0.0026,0.3246,161,0.0069
node-local,tiny,1494,take,accepted,taken,1,0.0122,0.0148,0.0025,0.3362,0.0033,0.3690,189,0.0071
node-local,tiny,1495,look,accepted,observed,0,0.0113,0.0132,0.0021,0.2961,0.0026,0.3252,161,0.0071
node-local,tiny,1496,look,accepted,observed,0,0.0116,0.0133,0.0022,0.2970,0.0024,0.3265,161,0.0068
node-local,tiny,1497,move,accepted,moved,1,0.0122,0.0155,0.0025,0.3205,0.0036,0.3543,191,0.0078
node-local,tiny,1498,move,accepted,moved,1,0.0130,0.0152,0.0025,0.3443,0.0032,0.3782,187,0.0068
node-local,tiny,1499,move,accepted,moved,1,0.0114,0.0147,0.0024,0.3227,0.0032,0.3544,189,0.0069
node-local,tiny,1500,move,rejected,exit_unavailable,0,0.0125,0.0152,0.0023,0.2928,0.0027,0.3255,169,0.0070
node-local,tiny,1501,take,replayed,not_present,0,0.0223,0.0116,0.0001,0.0001,0.0020,0.0361,0,0.0070
node-local,tiny,1502,talk,accepted,choice_opened,1,0.0098,0.0161,0.0030,0.3126,0.0042,0.3457,218,0.0078
node-local,tiny,1503,talk,accepted,choice_opened,1,0.0116,0.0155,0.0024,0.3169,0.0031,0.3495,192,0.0077
node-local,tiny,1504,look,accepted,observed,0,0.0115,0.0132,0.0021,0.3006,0.0025,0.3299,161,0.0071
node-local,tiny,1505,wait,rejected,invalid_time,0,0.0110,0.0143,0.0022,0.2892,0.0025,0.3192,165,0.0072
node-local,tiny,1506,move,accepted,moved,1,0.0112,0.0149,0.0025,0.3240,0.0033,0.3558,187,0.0074
node-local,tiny,1507,move,accepted,moved,1,0.0110,0.0150,0.0024,0.3939,0.0031,0.4254,189,0.0073
node-local,tiny,1508,look,accepted,observed,0,0.0108,0.0133,0.0021,0.2978,0.0024,0.3264,161,0.0070
node-local,tiny,1509,look,accepted,observed,0,0.0113,0.0133,0.0021,0.2890,0.0026,0.3182,161,0.0070
node-local,tiny,1510,look,accepted,observed,0,0.0120,0.0129,0.0022,0.2915,0.0025,0.3211,161,0.0069
node-local,tiny,1511,move,accepted,moved,1,0.0110,0.0148,0.0024,0.3227,0.0032,0.3540,187,0.0079
node-local,tiny,1512,take,replayed,taken,0,0.0196,0.0112,0.0001,0.0001,0.0020,0.0330,0,0.0070
node-local,tiny,1513,move,accepted,moved,1,0.0095,0.0161,0.0026,0.3146,0.0033,0.3461,189,0.0073
node-local,tiny,1514,take,replayed,not_present,0,0.0208,0.0132,0.0001,0.0000,0.0021,0.0362,0,0.0073
node-local,tiny,1515,look,accepted,observed,0,0.0102,0.0252,0.0022,0.3254,0.0034,0.3663,161,0.0086
node-local,tiny,1516,look,accepted,observed,0,0.0141,0.0156,0.0023,0.3050,0.0027,0.3397,161,0.0074
node-local,tiny,1517,move,accepted,moved,1,0.0111,0.0217,0.0026,0.3351,0.0035,0.3741,187,0.0074
node-local,tiny,1518,move,accepted,moved,1,0.0110,0.0149,0.0023,0.3325,0.0033,0.3641,189,0.0074
node-local,tiny,1519,look,accepted,observed,0,0.0114,0.0137,0.0021,0.2974,0.0025,0.3270,161,0.0072
node-local,tiny,1520,look,accepted,observed,0,0.0113,0.0132,0.0021,0.2914,0.0025,0.3204,161,0.0072
node-local,tiny,1521,look,accepted,observed,0,0.0110,0.0132,0.0020,0.2909,0.0025,0.3196,161,0.0075
node-local,tiny,1522,look,accepted,observed,0,0.0114,0.0131,0.0021,0.3072,0.0025,0.3362,161,0.0070
node-local,tiny,1523,move,accepted,moved,1,0.0121,0.0149,0.0026,0.3603,0.0031,0.3930,187,0.0177
node-local,tiny,1524,move,accepted,moved,1,0.0116,0.0143,0.0024,0.3453,0.0043,0.3779,189,0.0079
node-local,tiny,1525,move,accepted,moved,1,0.0139,0.0181,0.0030,0.3493,0.0036,0.3880,187,0.0076
node-local,tiny,1526,drop,accepted,dropped,1,0.0125,0.2203,0.0042,0.3525,0.0039,0.5935,194,0.0076
node-local,tiny,1527,move,accepted,moved,1,0.0140,0.0173,0.0027,0.3535,0.0035,0.3910,191,0.0076
node-local,tiny,1528,look,accepted,observed,0,0.0121,0.0144,0.0023,0.3071,0.0030,0.3388,161,0.0074
node-local,tiny,1529,look,accepted,observed,0,0.0118,0.0139,0.0022,0.3065,0.0034,0.3377,161,0.0074
node-local,tiny,1530,wait,rejected,invalid_time,0,0.0134,0.0160,0.0023,0.2905,0.0028,0.3251,165,0.0074
node-local,tiny,1531,move,accepted,moved,1,0.0122,0.0163,0.0026,0.3888,0.0035,0.4235,189,0.0073
node-local,tiny,1532,look,accepted,observed,0,0.0122,0.0138,0.0022,0.3016,0.0029,0.3327,161,0.0075
node-local,tiny,1533,talk,rejected,not_eligible,0,0.0117,0.0158,0.0023,0.3035,0.0028,0.3361,165,0.0074
node-local,tiny,1534,look,accepted,observed,0,0.0116,0.0390,0.0034,0.3317,0.0395,0.4252,161,0.0148
node-local,tiny,1535,look,accepted,observed,0,0.0185,0.0216,0.0036,0.3186,0.0040,0.3663,161,0.0110
node-local,tiny,1536,move,rejected,exit_unavailable,0,0.0148,0.0195,0.0032,1.6165,0.0047,1.6587,169,0.0109
node-local,tiny,1537,activate,rejected,not_eligible,0,0.0130,0.0169,0.0028,0.2961,0.0039,0.3328,165,0.0101
node-local,tiny,1538,take,rejected,not_present,0,0.0120,0.0173,0.0027,0.3970,0.0036,0.4327,164,0.0099
node-local,tiny,1539,move,accepted,moved,1,0.0115,0.0190,0.0035,0.3745,0.0045,0.4130,191,0.0101
node-local,tiny,1540,move,accepted,moved,1,0.0115,0.0172,0.0032,0.3370,0.0043,0.3731,189,0.0097
node-local,tiny,1541,take,replayed,not_present,0,0.0263,0.0134,0.0001,0.0001,0.0027,0.0426,0,0.0096
node-local,tiny,1542,move,accepted,moved,1,0.0100,0.0163,0.0031,0.3597,0.0043,0.3933,191,0.0099
node-local,tiny,1543,move,accepted,moved,1,0.0115,0.0158,0.0031,0.3408,0.0068,0.3780,189,0.0125
node-local,tiny,1544,move,accepted,moved,1,0.0160,0.0197,0.0036,0.3340,0.0041,0.3774,191,0.0097
node-local,tiny,1545,take,rejected,not_present,0,0.0127,0.0154,0.0027,0.3361,0.0041,0.3710,164,0.0103
node-local,tiny,1546,activate,rejected,not_eligible,0,0.0126,0.0162,0.0028,0.3061,0.0035,0.3413,165,0.0096
node-local,tiny,1547,move,accepted,moved,1,0.0112,0.0158,0.0031,0.3296,0.0045,0.3641,187,0.0200
node-local,tiny,1548,look,accepted,observed,0,0.0120,0.0155,0.0028,0.3111,0.0057,0.3472,161,0.0110
node-local,tiny,1549,look,accepted,observed,0,0.0134,0.0151,0.0029,0.3587,0.0045,0.3946,161,0.0097
node-local,tiny,1550,look,accepted,observed,0,0.0148,0.0168,0.0025,0.3110,0.0029,0.3479,161,0.0078
node-local,tiny,1551,move,accepted,moved,1,0.0132,0.0159,0.0027,0.3368,0.0045,0.3732,189,0.0083
node-local,tiny,1552,move,accepted,moved,1,0.0119,0.0164,0.0027,0.3880,0.0036,0.4226,187,0.0077
node-local,tiny,1553,look,accepted,observed,0,0.0115,0.0148,0.0022,0.2998,0.0028,0.3311,161,0.0072
node-local,tiny,1554,move,accepted,moved,1,0.0114,0.0159,0.0025,0.3176,0.0034,0.3508,191,0.0076
node-local,tiny,1555,look,accepted,observed,0,0.0112,0.0135,0.0022,0.3326,0.0026,0.3620,161,0.0075
node-local,tiny,1556,look,accepted,observed,0,0.0114,0.0134,0.0022,0.3242,0.0031,0.3542,161,0.0077
node-local,tiny,1557,talk,rejected,not_eligible,0,0.0122,0.0160,0.0023,0.3464,0.0027,0.3797,165,0.0079
node-local,tiny,1558,choose,rejected,not_owned,0,0.0112,0.0184,0.0025,0.3036,0.0027,0.3384,162,0.0070
node-local,tiny,1559,move,accepted,moved,1,0.0116,0.0153,0.0025,0.3143,0.0035,0.3473,189,0.0075
node-local,tiny,1560,take,rejected,not_present,0,0.0122,0.0153,0.0023,0.3000,0.0026,0.3323,164,0.0072
node-local,tiny,1561,move,accepted,moved,1,0.0113,0.0154,0.0025,0.3381,0.0034,0.3707,191,0.0075
node-local,tiny,1562,take,rejected,not_present,0,0.0114,0.0157,0.0030,0.2980,0.0026,0.3307,164,0.0072
node-local,tiny,1563,activate,rejected,not_eligible,0,0.0115,0.0140,0.0022,0.3121,0.0030,0.3428,165,0.0076
node-local,tiny,1564,move,accepted,moved,1,0.0120,0.0166,0.0025,0.3524,0.0036,0.3871,187,0.0072
node-local,tiny,1565,look,accepted,observed,0,0.0126,0.0143,0.0022,0.3197,0.0026,0.3514,161,0.0070
node-local,tiny,1566,move,accepted,moved,1,0.0113,0.0150,0.0025,0.3264,0.0035,0.3586,189,0.0071
node-local,tiny,1567,look,accepted,observed,0,0.0118,0.0144,0.0022,0.3094,0.0046,0.3424,161,0.0087
node-local,tiny,1568,look,accepted,observed,0,0.0130,0.0145,0.0023,0.3006,0.0030,0.3334,161,0.0079
node-local,tiny,1569,move,accepted,moved,1,0.0134,0.0165,0.0028,0.3443,0.0037,0.3806,187,0.0078
node-local,tiny,1570,look,accepted,observed,0,0.0125,0.0135,0.0023,0.3203,0.0029,0.3514,161,0.0076
node-local,tiny,1571,take,accepted,taken,1,0.0118,0.0160,0.0026,0.3400,0.0035,0.3739,189,0.0085
node-local,tiny,1572,close_choice,accepted,choice_closed,1,0.0131,0.0160,0.0026,0.3390,0.0036,0.3744,202,0.0076
node-local,tiny,1573,activate,rejected,not_eligible,0,0.0119,0.0147,0.0023,0.3175,0.0027,0.3491,165,0.0075
node-local,tiny,1574,drop,accepted,dropped,1,0.0117,0.0156,0.0026,0.3357,0.0036,0.3692,194,0.0077
node-local,tiny,1575,take,accepted,taken,1,0.0120,0.0154,0.0024,0.3352,0.0033,0.3682,189,0.0073
node-local,tiny,1576,move,rejected,exit_unavailable,0,0.0118,0.0161,0.0023,0.3013,0.0028,0.3342,169,0.0071
node-local,tiny,1577,drop,rejected,integrity_conflict,0,0.0263,0.0114,0.0001,0.0001,0.0019,0.0398,0,0.0078
node-local,tiny,1578,move,rejected,exit_unavailable,0,0.0104,0.0156,0.0023,0.3074,0.0026,0.3383,169,0.0072
node-local,tiny,1579,wait,rejected,invalid_time,0,0.0117,0.0158,0.0022,0.3037,0.0027,0.3359,165,0.0072
node-local,tiny,1580,move,accepted,moved,1,0.0125,0.0162,0.0025,0.3347,0.0034,0.3693,191,0.0074
node-local,tiny,1581,look,accepted,observed,0,0.0118,0.0145,0.0021,0.3032,0.0026,0.3343,161,0.0073
node-local,tiny,1582,talk,rejected,not_eligible,0,0.0115,0.0152,0.0022,3.2937,0.0061,3.3288,165,0.0081
node-local,tiny,1583,activate,rejected,not_eligible,0,0.0223,0.0190,0.0025,0.3779,0.0029,0.4246,165,0.0075
node-local,tiny,1584,drop,accepted,dropped,1,0.0132,0.0158,0.0028,0.3357,0.0035,0.3710,198,0.0075
node-local,tiny,1585,activate,rejected,not_eligible,0,0.0120,0.0218,0.0023,0.2621,0.0027,0.3009,165,0.0074
node-local,tiny,1586,look,accepted,observed,0,0.0129,0.0150,0.0023,0.2885,0.0027,0.3215,161,0.0072
node-local,tiny,1587,close_choice,rejected,invalid_choice,0,0.0118,0.0154,0.0023,0.3012,0.0027,0.3334,167,0.0073
node-local,tiny,1588,move,rejected,exit_unavailable,0,0.0118,0.0159,0.0023,0.3418,0.0028,0.3745,169,0.0074
node-local,tiny,1589,drop,replayed,dropped,0,0.0310,0.0122,0.0001,0.0001,0.0019,0.0453,0,0.0074
node-local,tiny,1590,take,accepted,taken,1,0.0103,0.0161,0.0029,0.3698,0.0034,0.4025,189,0.0075
node-local,tiny,1591,wait,rejected,invalid_time,0,0.0116,0.0160,0.0023,0.2914,0.0026,0.3239,165,0.0072
node-local,tiny,1592,look,accepted,observed,0,0.0122,0.0142,0.0022,0.2843,0.0026,0.3155,161,0.0071
node-local,tiny,1593,move,rejected,exit_unavailable,0,0.0115,0.0154,0.0022,0.2748,0.0027,0.3067,169,0.0072
node-local,tiny,1594,look,accepted,observed,0,0.0117,0.0136,0.0022,0.2735,0.0026,0.3035,161,0.0072
node-local,tiny,1595,look,accepted,observed,0,0.0121,0.0135,0.0022,0.2623,0.0026,0.2928,161,0.0073
node-local,tiny,1596,wait,rejected,invalid_time,0,0.0116,0.0156,0.0022,0.2784,0.0027,0.3105,165,0.0071
node-local,tiny,1597,wait,rejected,invalid_time,0,0.0126,0.0139,0.0022,0.2735,0.0026,0.3048,165,0.0071
node-local,tiny,1598,move,accepted,moved,1,0.0115,0.0166,0.0026,0.3408,0.0033,0.3749,187,0.0074
node-local,tiny,1599,move,accepted,moved,1,0.0118,0.0151,0.0025,0.4172,0.0053,0.4519,189,0.0095
node-local,tiny,1600,look,accepted,observed,0,0.0179,0.0187,0.0027,0.4559,0.0030,0.4982,161,0.2010
node-local,tiny,1601,look,accepted,observed,0,0.0148,0.0163,0.0024,1.5012,0.0034,1.5381,161,0.0074
node-local,tiny,1602,choose,rejected,invalid_choice,0,0.0127,0.0232,0.0023,0.2642,0.0028,0.3052,167,0.0071
node-local,tiny,1603,talk,accepted,choice_opened,1,0.0120,0.0167,0.0028,0.3222,0.0036,0.3573,218,0.0077
node-local,tiny,1604,look,accepted,observed,0,0.0110,0.0151,0.0022,0.2592,0.0027,0.2902,161,0.0080
node-local,tiny,1605,wait,rejected,invalid_time,0,0.0119,0.0157,0.0021,0.3286,0.0026,0.3609,165,0.0073
node-local,tiny,1606,talk,accepted,choice_opened,1,0.0126,0.0151,0.0024,0.3317,0.0030,0.3648,192,0.0073
node-local,tiny,1607,move,rejected,exit_unavailable,0,0.0126,0.0157,0.0020,0.2737,0.0025,0.3065,169,0.0075
node-local,tiny,1608,look,accepted,observed,0,0.0113,0.0137,0.0021,0.2637,0.0026,0.2933,161,0.0072
node-local,tiny,1609,wait,rejected,invalid_time,0,0.0112,0.0146,0.0020,0.2600,0.0026,0.2905,165,0.0077
node-local,tiny,1610,look,accepted,observed,0,0.0122,0.0134,0.0020,0.3010,0.0037,0.3323,161,0.0075
node-local,tiny,1611,move,accepted,moved,1,0.0147,0.0169,0.0027,0.3454,0.0038,0.3834,187,0.0077
node-local,tiny,1612,move,accepted,moved,1,0.0120,0.0155,0.0024,0.3335,0.0031,0.3665,189,0.0073
node-local,tiny,1613,look,accepted,observed,0,0.0112,0.0130,0.0021,1.5773,0.0036,1.6072,161,0.0077
node-local,tiny,1614,choose,accepted,resolved_carry,1,0.0135,0.0615,0.0265,0.3922,0.0088,0.5025,458,0.0127
node-local,tiny,1615,look,accepted,observed,0,0.0139,0.0151,0.0048,0.8845,0.0033,0.9217,161,0.0116
node-local,tiny,1616,drop,accepted,dropped,1,0.0168,0.0162,0.0040,0.3293,0.0037,0.3699,196,0.0122
node-local,tiny,1617,choose,rejected,invalid_choice,0,0.0119,0.0162,0.0030,0.3117,0.0027,0.3456,167,0.0122
node-local,tiny,1618,look,accepted,observed,0,0.0120,0.0134,0.0029,0.2999,0.0026,0.3308,161,0.0116
node-local,tiny,1619,move,accepted,moved,1,0.0130,0.0157,0.0035,0.3128,0.0033,0.3485,187,0.0114
node-local,tiny,1620,take,rejected,not_present,0,0.0114,0.0154,0.0030,0.2940,0.0061,0.3299,164,0.0165
node-local,tiny,1621,look,accepted,observed,0,0.0213,0.0215,0.0046,0.3479,0.0026,0.3980,161,0.0114
node-local,tiny,1622,move,accepted,moved,1,0.0113,0.0159,0.0033,0.3082,0.0031,0.3418,191,0.0113
node-local,tiny,1623,move,accepted,moved,1,0.0125,0.0162,0.0033,0.3045,0.0032,0.3396,187,0.0114
node-local,tiny,1624,talk,rejected,not_eligible,0,0.0112,0.0146,0.0030,1.0393,0.0035,1.0715,165,0.0114
node-local,tiny,1625,move,accepted,moved,1,0.0120,0.0157,0.0034,0.3093,0.0032,0.3436,189,0.0112
node-local,tiny,1626,move,accepted,moved,1,0.0126,0.0153,0.0032,0.3200,0.0045,0.3557,187,0.0135
node-local,tiny,1627,wait,rejected,invalid_time,0,0.0145,0.0191,0.0033,0.2873,0.0027,0.3269,165,0.0112
node-local,tiny,1628,move,rejected,exit_unavailable,0,0.0118,0.0144,0.0028,1.6202,0.0032,1.6523,169,0.0123
node-local,tiny,1629,move,accepted,moved,1,0.0120,0.0155,0.0033,0.3052,0.0033,0.3393,191,0.0115
node-local,tiny,1630,take,rejected,not_present,0,0.0118,0.0147,0.0029,0.2658,0.0027,0.2978,164,0.0112
node-local,tiny,1631,look,accepted,observed,0,0.0112,0.0136,0.0029,0.2690,0.0026,0.2993,161,0.0113
node-local,tiny,1632,look,accepted,observed,0,0.0109,0.0129,0.0028,0.2818,0.0025,0.3110,161,0.0121
node-local,tiny,1633,wait,rejected,invalid_time,0,0.0111,0.0148,0.0028,0.3855,0.0027,0.4169,165,0.0111
node-local,tiny,1634,look,accepted,observed,0,0.0130,0.0131,0.0029,0.3938,0.0036,0.4264,161,0.0125
node-local,tiny,1635,choose,rejected,invalid_choice,0,0.0134,0.0190,0.0032,0.2897,0.0026,0.3279,167,0.0113
node-local,tiny,1636,look,accepted,observed,0,0.0113,0.0131,0.0028,0.3051,0.0028,0.3351,161,0.0121
node-local,tiny,1637,move,rejected,exit_unavailable,0,0.0113,0.0144,0.0028,0.2705,0.0025,0.3015,169,0.0111
node-local,tiny,1638,move,accepted,moved,1,0.0123,0.0162,0.0034,0.3123,0.0032,0.3474,187,0.0113
node-local,tiny,1639,wait,accepted,waited,1,0.0109,0.0156,0.0032,0.3779,0.0037,0.4113,185,0.0122
node-local,tiny,1640,take,rejected,not_present,0,0.0131,0.0182,0.0030,0.2739,0.0027,0.3109,164,0.0112
node-local,tiny,1641,move,accepted,moved,1,0.0111,0.0147,0.0032,0.3098,0.0035,0.3422,189,0.0118
node-local,tiny,1642,look,accepted,observed,0,0.0119,0.0153,0.0030,0.2809,0.0025,0.3136,161,0.0112
node-local,tiny,1643,talk,rejected,not_eligible,0,0.0118,0.0150,0.0029,0.2656,0.0025,0.2979,165,0.0111
node-local,tiny,1644,look,accepted,observed,0,0.0109,0.0137,0.0027,0.2663,0.0028,0.2964,161,0.0115
node-local,tiny,1645,take,accepted,taken,1,0.0119,0.0158,0.0038,0.3303,0.0035,0.3653,189,0.0120
node-local,tiny,1646,talk,rejected,not_eligible,0,0.0122,0.0160,0.0030,0.2743,0.0028,0.3082,165,0.0114
node-local,tiny,1647,look,accepted,observed,0,0.0116,0.0132,0.0029,1.5218,0.0033,1.5527,161,0.0111
node-local,tiny,1648,look,accepted,observed,0,0.0120,0.0134,0.0029,0.2501,0.0026,0.2810,161,0.0114
node-local,tiny,1649,wait,rejected,invalid_time,0,0.0121,0.0145,0.0028,0.2652,0.0026,0.2971,165,0.0112
node-local,tiny,1650,move,accepted,moved,1,0.0110,0.0149,0.0033,0.3110,0.0032,0.3433,187,0.0113
node-local,tiny,1651,move,accepted,moved,1,0.0114,0.0143,0.0033,0.3682,0.0033,0.4006,189,0.0121
node-local,tiny,1652,look,accepted,observed,0,0.0171,0.0135,0.0028,0.3180,0.0027,0.3541,161,0.0112
node-local,tiny,1653,drop,accepted,dropped,1,0.0177,0.0151,0.0033,0.3990,0.0034,0.4385,196,0.0116
node-local,tiny,1654,look,accepted,observed,0,0.0155,0.0130,0.0028,0.3373,0.0027,0.3712,161,0.0116
node-local,tiny,1655,wait,rejected,invalid_time,0,0.0190,0.0147,0.0029,0.3350,0.0026,0.3743,165,0.0123
node-local,tiny,1656,take,accepted,taken,1,0.0143,0.0150,0.0033,0.3818,0.0033,0.4177,189,0.0112
node-local,tiny,1657,move,accepted,moved,1,0.0168,0.0152,0.0034,0.3918,0.0033,0.4304,187,0.0111
node-local,tiny,1658,move,accepted,moved,1,0.0178,0.0153,0.0033,0.3907,0.0033,0.4303,191,0.0114
node-local,tiny,1659,wait,rejected,invalid_time,0,0.0192,0.0146,0.0029,0.3733,0.0026,0.4126,165,0.0113
node-local,tiny,1660,activate,rejected,not_eligible,0,0.0158,0.0141,0.0029,0.3335,0.0025,0.3687,165,0.0113
node-local,tiny,1661,look,accepted,observed,0,0.0205,0.0132,0.0028,0.3473,0.0026,0.3865,161,0.0113
node-local,tiny,1662,move,rejected,exit_unavailable,0,0.0176,0.0143,0.0028,0.4538,0.0026,0.4911,169,0.0111
node-local,tiny,1663,wait,rejected,invalid_time,0,0.0148,0.1788,0.0030,0.3181,0.0026,0.5172,165,0.0114
node-local,tiny,1664,take,replayed,not_present,0,0.0336,0.0120,0.0000,0.0000,0.0019,0.0476,0,0.0113
node-local,tiny,1665,close_choice,rejected,invalid_choice,0,0.0129,0.0145,0.0029,1.5757,0.0035,1.6094,167,0.0111
node-local,tiny,1666,look,accepted,observed,0,0.0117,0.0140,0.0029,1.6917,0.0033,1.7235,161,0.0116
node-local,tiny,1667,look,accepted,observed,0,0.0115,0.0135,0.0052,0.3988,0.0025,0.4317,161,0.0111
node-local,tiny,1668,move,accepted,moved,1,0.0112,0.0158,0.0195,0.3471,0.0042,0.3977,189,0.0132
node-local,tiny,1669,look,accepted,observed,0,0.0147,0.0152,0.0035,0.4279,0.0030,0.4642,161,0.0118
node-local,tiny,1670,drop,accepted,dropped,1,0.0128,0.0158,0.0033,0.3375,0.0037,0.3731,196,0.0114
node-local,tiny,1671,talk,rejected,not_eligible,0,0.0120,0.0147,0.0024,0.2747,0.0027,0.3064,165,0.0115
node-local,tiny,1672,choose,rejected,stale_view,0,0.0113,0.0135,0.0022,0.2725,0.0025,0.3020,163,0.0110
node-local,tiny,1673,look,accepted,observed,0,0.0110,0.0132,0.0022,0.2596,0.0025,0.2885,161,0.0113
node-local,tiny,1674,look,accepted,observed,0,0.0125,0.0130,0.0026,3.4200,0.0031,3.4512,161,0.0112
node-local,tiny,1675,take,accepted,taken,1,0.0125,0.0156,0.0025,0.3213,0.0032,0.3552,189,0.0112
node-local,tiny,1676,move,accepted,moved,1,0.0111,0.0161,0.0026,0.3147,0.0033,0.3478,191,0.0113
node-local,tiny,1677,look,accepted,observed,0,0.0120,0.0132,0.0025,0.3163,0.0027,0.3468,161,0.0116
node-local,tiny,1678,move,accepted,moved,1,0.0115,0.0162,0.0025,0.3310,0.0052,0.3665,189,0.0141
node-local,tiny,1679,look,accepted,observed,0,0.0181,0.0175,0.0030,0.3046,0.0027,0.3459,161,0.0115
node-local,tiny,1680,wait,rejected,invalid_time,0,0.0112,0.0145,0.0023,0.3035,0.0026,0.3341,165,0.0113
node-local,tiny,1681,look,accepted,observed,0,0.0122,0.0130,0.0021,0.2714,0.0025,0.3012,161,0.0120
node-local,tiny,1682,wait,rejected,invalid_time,0,0.0115,0.0138,0.0022,0.3073,0.0026,0.3373,165,0.0111
node-local,tiny,1683,look,accepted,observed,0,0.0110,0.0129,0.0022,0.3361,0.0025,0.3647,161,0.0112
node-local,tiny,1684,choose,rejected,invalid_choice,0,0.0122,0.0149,0.0023,1.6988,0.0036,1.7318,167,0.0119
node-local,tiny,1685,look,accepted,observed,0,0.0131,0.0148,0.0024,0.2928,0.0032,0.3264,161,0.0118
node-local,tiny,1686,move,accepted,moved,1,0.0121,0.0162,0.0026,0.3127,0.0034,0.3471,191,0.0112
node-local,tiny,1687,drop,rejected,integrity_conflict,0,0.0235,0.0116,0.0000,0.0000,0.0018,0.0370,0,0.0112
node-local,tiny,1688,move,accepted,moved,1,0.0098,0.0151,0.0027,0.3243,0.0034,0.3553,187,0.0112
node-local,tiny,1689,look,accepted,observed,0,0.0134,0.0131,0.0023,0.2819,0.0026,0.3133,161,0.0119
node-local,tiny,1690,wait,rejected,invalid_time,0,0.0112,0.0142,0.0021,0.3885,0.0029,0.4189,165,0.0117
node-local,tiny,1691,drop,accepted,dropped,1,0.0121,0.0164,0.0030,0.4053,0.0034,0.4402,194,0.0110
node-local,tiny,1692,move,rejected,exit_unavailable,0,0.0117,0.0151,0.0021,0.4320,0.0025,0.4634,169,0.0112
node-local,tiny,1693,look,accepted,observed,0,0.0112,0.0132,0.0021,0.4540,0.0028,0.4833,161,0.0119
node-local,tiny,1694,move,accepted,moved,1,0.0129,0.0173,0.0028,0.3190,0.0033,0.3553,191,0.0115
node-local,tiny,1695,look,accepted,observed,0,0.0140,0.0140,0.0022,0.3038,0.0026,0.3366,161,0.0112
node-local,tiny,1696,look,accepted,observed,0,0.0111,0.0135,0.0022,3.2273,0.0033,3.2575,161,0.0114
node-local,tiny,1697,activate,rejected,not_eligible,0,0.0126,0.0142,0.0022,0.2796,0.0032,0.3117,165,0.0112
node-local,tiny,1698,move,accepted,moved,1,0.0114,0.0154,0.0025,0.3249,0.0038,0.3580,187,0.0115
node-local,tiny,1699,move,accepted,moved,1,0.0135,0.0162,0.0025,0.3238,0.0034,0.3595,191,0.0114
node-local,tiny,1700,look,accepted,observed,0,0.0117,0.0134,0.0022,0.2949,0.0025,0.3247,161,0.0113
node-local,tiny,1701,take,replayed,not_present,0,0.0203,0.0124,0.0000,0.0000,0.0020,0.0348,0,0.0112
node-local,tiny,1702,take,rejected,not_present,0,0.0100,0.0134,0.0023,0.2815,0.0027,0.3098,164,0.0113
node-local,tiny,1703,look,accepted,observed,0,0.0115,0.0132,0.0021,0.2719,0.0025,0.3012,161,0.0111
node-local,tiny,1704,look,accepted,observed,0,0.0111,0.0128,0.0021,0.2961,0.0025,0.3246,161,0.0111
node-local,tiny,1705,choose,rejected,invalid_choice,0,0.0114,0.0170,0.0021,1.7758,0.0033,1.8096,167,0.0110
node-local,tiny,1706,activate,rejected,not_eligible,0,0.0132,0.0138,0.0021,0.2714,0.0024,0.3030,165,0.0111
node-local,tiny,1707,move,rejected,exit_unavailable,0,0.0116,0.0151,0.0021,0.2800,0.0025,0.3114,169,0.0114
node-local,tiny,1708,wait,rejected,invalid_time,0,0.0112,0.0140,0.0022,0.2979,0.0026,0.3278,165,0.0110
node-local,tiny,1709,move,accepted,moved,1,0.0119,0.0160,0.0027,0.3219,0.0034,0.3559,187,0.0111
node-local,tiny,1710,look,accepted,observed,0,0.0114,0.0134,0.0022,0.2743,0.0025,0.3037,161,0.0110
node-local,tiny,1711,activate,rejected,not_eligible,0,0.0115,0.0130,0.0023,0.2942,0.0024,0.3234,165,0.0111
node-local,tiny,1712,talk,rejected,not_eligible,0,0.0118,0.0172,0.0022,1.6987,0.0035,1.7333,165,0.0117
node-local,tiny,1713,look,accepted,observed,0,0.0128,0.0143,0.0022,0.2810,0.0033,0.3136,161,0.0112
node-local,tiny,1714,drop,replayed,dropped,0,0.0208,0.0116,0.0000,0.0000,0.0019,0.0344,0,0.0110
node-local,tiny,1715,move,accepted,moved,1,0.0102,0.0150,0.0025,0.3237,0.0033,0.3546,189,0.0112
node-local,tiny,1716,look,accepted,observed,0,0.0114,0.0135,0.0022,0.6028,0.0026,0.6325,161,0.0111
node-local,tiny,1717,activate,rejected,not_eligible,0,0.0112,0.0135,0.0021,0.3892,0.0026,0.4187,165,0.0111
node-local,tiny,1718,wait,rejected,invalid_time,0,0.0109,0.0140,0.0022,0.2698,0.0026,0.2994,165,0.0110
node-local,tiny,1719,wait,rejected,invalid_time,0,0.0109,0.0137,0.0021,0.2665,0.0025,0.2957,165,0.0110
node-local,tiny,1720,wait,rejected,invalid_time,0,0.0126,0.0133,0.0021,0.2686,0.0026,0.2993,165,0.0114
node-local,tiny,1721,move,accepted,moved,1,0.0120,0.0156,0.0027,0.3560,0.0043,0.3906,187,0.0127
node-local,tiny,1722,look,accepted,observed,0,0.0140,0.0145,0.0027,0.3844,0.0027,0.4182,161,0.0118
node-local,tiny,1723,look,accepted,observed,0,0.0117,0.0138,0.0023,0.3816,0.0025,0.4119,161,0.0112
node-local,tiny,1724,choose,rejected,invalid_choice,0,0.0114,0.0160,0.0023,0.2699,0.0027,0.3022,167,0.1618
node-local,tiny,1725,choose,rejected,stale_view,0,0.0133,0.0136,0.0022,0.2880,0.0025,0.3196,163,0.0115
node-local,tiny,1726,move,rejected,exit_unavailable,0,0.0109,0.0154,0.0022,0.2937,0.0028,0.3250,169,0.0115
node-local,tiny,1727,activate,rejected,not_eligible,0,0.0117,0.0140,0.0022,0.2651,0.0025,0.2955,165,0.0110
node-local,tiny,1728,choose,rejected,invalid_choice,0,0.0107,0.0152,0.0022,0.2593,0.0026,0.2900,167,0.0113
node-local,tiny,1729,look,accepted,observed,0,0.0108,0.0133,0.0021,0.2606,0.0025,0.2894,161,0.0110
node-local,tiny,1730,look,accepted,observed,0,0.0113,0.0132,0.0022,0.2708,0.0034,0.3008,161,0.0117
node-local,tiny,1731,activate,rejected,not_eligible,0,0.0137,0.0156,0.0023,0.3549,0.0026,0.3890,165,0.0109
node-local,tiny,1732,look,accepted,observed,0,0.0114,0.0135,0.0021,0.2867,0.0026,0.3163,161,0.0112
node-local,tiny,1733,drop,replayed,dropped,0,0.0225,0.0114,0.0000,0.0000,0.0018,0.0358,0,0.0112
node-local,tiny,1734,move,accepted,moved,1,0.0098,0.0155,0.0026,0.3186,0.0033,0.3498,191,0.0114
node-local,tiny,1735,wait,rejected,invalid_time,0,0.0110,0.0141,0.0021,0.2741,0.0024,0.3037,165,0.0111
node-local,tiny,1736,move,accepted,moved,1,0.0113,0.0160,0.0025,0.3230,0.0033,0.3561,187,0.0111
node-local,tiny,1737,take,accepted,taken,1,0.0117,0.0149,0.0025,0.3219,0.0034,0.3543,189,0.0111
node-local,tiny,1738,wait,rejected,invalid_time,0,0.0112,0.0139,0.0022,0.2647,0.0026,0.2945,165,0.0110
node-local,tiny,1739,talk,rejected,not_eligible,0,0.0113,0.0146,0.0021,0.2585,0.0025,0.2890,165,0.0118
node-local,tiny,1740,look,accepted,observed,0,0.0111,0.0133,0.0023,0.2688,0.0025,0.2980,161,0.0112
node-local,tiny,1741,look,accepted,observed,0,0.0108,0.0129,0.0021,0.2627,0.0025,0.2909,161,0.0111
node-local,tiny,1742,move,accepted,moved,1,0.0109,0.0151,0.0025,0.3212,0.0032,0.3530,191,0.0112
node-local,tiny,1743,look,accepted,observed,0,0.0110,0.0128,0.0022,0.2617,0.0025,0.2903,161,0.0115
node-local,tiny,1744,activate,rejected,not_eligible,0,0.0117,0.0134,0.0022,0.2633,0.0025,0.2930,165,0.0113
node-local,tiny,1745,look,accepted,observed,0,0.0109,0.0125,0.0021,0.2570,0.0025,0.2851,161,0.0114
node-local,tiny,1746,activate,rejected,not_eligible,0,0.0110,0.0127,0.0041,0.2596,0.0026,0.2900,165,0.0115
node-local,tiny,1747,move,accepted,moved,1,0.0119,0.0157,0.0026,0.3224,0.0032,0.3557,189,0.0119
node-local,tiny,1748,move,accepted,moved,1,0.0110,0.0153,0.0025,0.3143,0.0031,0.3462,191,0.0111
node-local,tiny,1749,move,accepted,moved,1,0.0112,0.0147,0.0025,0.3175,0.0032,0.3490,189,0.0110
node-local,tiny,1750,drop,accepted,dropped,1,0.0121,0.0153,0.0026,0.3197,0.0034,0.3531,196,0.0118
node-local,tiny,1751,move,accepted,moved,1,0.0113,0.0157,0.0025,0.3037,0.0031,0.3363,191,0.0111
node-local,tiny,1752,move,accepted,moved,1,0.0109,0.0148,0.0024,0.3083,0.0032,0.3395,187,0.0113
node-local,tiny,1753,choose,rejected,invalid_choice,0,0.0113,0.0148,0.0022,0.2633,0.0025,0.2942,167,0.0113
node-local,tiny,1754,look,accepted,observed,0,0.0116,0.0130,0.0021,0.2593,0.0025,0.2885,161,0.0115
node-local,tiny,1755,talk,rejected,not_eligible,0,0.0110,0.0146,0.0021,0.2635,0.0026,0.2938,165,0.0115
node-local,tiny,1756,move,accepted,moved,1,0.0114,0.0152,0.0025,0.3359,0.0031,0.3680,191,0.0112
node-local,tiny,1757,talk,rejected,not_eligible,0,0.0120,0.0151,0.0023,0.2727,0.0025,0.3046,165,0.0111
node-local,tiny,1758,look,accepted,observed,0,0.0111,0.0132,0.0021,0.2709,0.0025,0.2998,161,0.0120
node-local,tiny,1759,move,accepted,moved,1,0.0113,0.0153,0.0024,0.3233,0.0032,0.3555,187,0.0112
node-local,tiny,1760,take,rejected,not_present,0,0.0109,0.0230,0.0023,0.3465,0.0029,0.3857,164,0.0113
node-local,tiny,1761,move,rejected,exit_unavailable,0,0.0114,0.0148,0.0022,0.2560,0.0025,0.2869,169,0.0113
node-local,tiny,1762,move,accepted,moved,1,0.0113,0.0148,0.0025,0.3311,0.0039,0.3636,191,0.0118
node-local,tiny,1763,look,accepted,observed,0,0.0120,0.0136,0.0022,0.2715,0.0026,0.3019,161,0.0111
node-local,tiny,1764,look,accepted,observed,0,0.0117,0.0131,0.0023,0.2665,0.0025,0.2962,161,0.0113
node-local,tiny,1765,close_choice,rejected,invalid_choice,0,0.0109,0.0144,0.0022,0.2620,0.0026,0.2921,167,0.0112
node-local,tiny,1766,wait,rejected,invalid_time,0,0.0112,0.0143,0.0025,0.2705,0.0026,0.3012,165,0.0112
node-local,tiny,1767,move,accepted,moved,1,0.0116,0.0151,0.0025,0.3261,0.0034,0.3587,187,0.0112
node-local,tiny,1768,take,rejected,not_present,0,0.0110,0.0143,0.0023,0.2745,0.0025,0.3045,164,0.0111
node-local,tiny,1769,look,accepted,observed,0,0.0109,0.0132,0.0021,0.2645,0.0025,0.2932,161,0.0110
node-local,tiny,1770,move,rejected,exit_unavailable,0,0.0121,0.0148,0.0022,0.2653,0.0026,0.2970,169,0.0112
node-local,tiny,1771,take,rejected,not_present,0,0.0107,0.0138,0.0021,0.2533,0.0026,0.2825,164,0.0112
node-local,tiny,1772,move,accepted,moved,1,0.0108,0.0148,0.0025,0.3309,0.0032,0.3622,191,0.0112
node-local,tiny,1773,look,accepted,observed,0,0.0110,0.0151,0.0022,0.2594,0.0026,0.2903,161,0.0110
node-local,tiny,1774,look,accepted,observed,0,0.0108,0.0127,0.0021,0.2575,0.0025,0.2856,161,0.0110
node-local,tiny,1775,move,accepted,moved,1,0.0108,0.0145,0.0025,0.3165,0.0031,0.3473,189,0.0118
node-local,tiny,1776,wait,rejected,invalid_time,0,0.0112,0.0247,0.0022,0.2799,0.0035,0.3215,165,0.0123
node-local,tiny,1777,move,accepted,moved,1,0.0137,0.0174,0.0032,0.3493,0.0037,0.3873,191,0.0126
node-local,tiny,1778,look,accepted,observed,0,0.0127,0.0143,0.0026,0.2810,0.0031,0.3138,161,0.0119
node-local,tiny,1779,move,accepted,moved,1,0.0119,0.0166,0.0028,0.3602,0.0035,0.3950,189,0.0120
node-local,tiny,1780,look,accepted,observed,0,0.0118,0.0137,0.0023,0.2691,0.0026,0.2995,161,0.0118
node-local,tiny,1781,wait,rejected,invalid_time,0,0.0116,0.0156,0.0023,0.3495,0.0028,0.3818,165,0.0125
node-local,tiny,1782,take,accepted,taken,1,0.0117,0.0161,0.0027,0.3339,0.0034,0.3678,189,0.0117
node-local,tiny,1783,look,accepted,observed,0,0.0118,0.0133,0.0023,0.2760,0.0025,0.3059,161,0.0115
node-local,tiny,1784,look,accepted,observed,0,0.0114,0.0130,0.0022,0.2671,0.0027,0.2963,161,0.0117
node-local,tiny,1785,move,accepted,moved,1,0.0117,0.0160,0.1679,0.3409,0.0038,0.5403,191,0.0121
node-local,tiny,1786,talk,rejected,not_eligible,0,0.0123,0.0160,0.0025,0.3432,0.0055,0.3795,165,0.0660
node-local,tiny,1787,move,accepted,moved,1,0.0194,0.0250,0.0045,0.3826,0.0068,0.4383,189,0.0173
node-local,tiny,1788,drop,accepted,dropped,1,0.0138,0.0170,0.0034,0.3455,0.0046,0.3843,196,0.0158
node-local,tiny,1789,wait,rejected,invalid_time,0,0.0118,0.0148,0.0027,0.2679,0.0037,0.3009,165,0.0154
node-local,tiny,1790,choose,rejected,stale_view,0,0.0110,0.0175,0.0028,0.2921,0.0045,0.3278,163,0.0172
node-local,tiny,1791,activate,rejected,not_eligible,0,0.0141,0.0180,0.0032,0.2912,0.0040,0.3305,165,0.0162
node-local,tiny,1792,talk,rejected,not_eligible,0,0.0127,0.0173,0.0028,0.2824,0.0037,0.3189,165,0.0153
node-local,tiny,1793,move,accepted,moved,1,0.0123,0.0181,0.0035,0.3310,0.0042,0.3692,191,0.0158
node-local,tiny,1794,wait,rejected,invalid_time,0,0.0119,0.0149,0.0027,0.2728,0.0037,0.3060,165,0.0157
node-local,tiny,1795,move,rejected,exit_unavailable,0,0.0113,0.0158,0.0031,0.2800,0.0040,0.3141,169,0.0160
node-local,tiny,1796,move,accepted,moved,1,0.0118,0.0168,0.0032,0.3303,0.0045,0.3665,187,0.0252
node-local,tiny,1797,close_choice,rejected,invalid_choice,0,0.0120,0.0160,0.0028,0.3591,0.0036,0.3936,167,0.0158
node-local,tiny,1798,take,rejected,not_present,0,0.0217,0.0178,0.0030,0.2959,0.0045,0.3428,164,0.0147
node-local,tiny,1799,look,accepted,observed,0,0.0137,0.0157,0.0025,0.2858,0.0029,0.3206,161,0.0127
node-local,tiny,1800,look,accepted,observed,0,0.0122,0.0138,0.0024,0.2749,0.0032,0.3065,161,0.0127
node-local,tiny,1801,look,accepted,observed,0,0.0115,0.0153,0.0023,0.2767,0.0028,0.3086,161,0.0120
node-local,tiny,1802,drop,replayed,dropped,0,0.0299,0.0127,0.0000,0.0000,0.0021,0.0448,0,0.0113
node-local,tiny,1803,move,rejected,exit_unavailable,0,0.0100,0.0155,0.0023,0.2999,0.0028,0.3304,169,0.0120
node-local,tiny,1804,look,accepted,observed,0,0.0115,0.0132,0.0023,0.2857,0.0025,0.3152,161,0.0113
node-local,tiny,1805,take,rejected,not_present,0,0.0113,0.0155,0.0022,1.2996,0.0035,1.3320,164,0.0118
node-local,tiny,1806,look,accepted,observed,0,0.0120,0.0145,0.0023,0.2907,0.0030,0.3223,161,0.0118
node-local,tiny,1807,look,accepted,observed,0,0.0134,0.0143,0.0023,0.3014,0.0047,0.3361,161,0.0144
node-local,tiny,1808,drop,rejected,integrity_conflict,0,0.0278,0.0122,0.0000,0.0000,0.0021,0.0422,0,0.0125
node-local,tiny,1809,look,accepted,observed,0,0.0114,0.0144,0.0027,0.3257,0.0030,0.3572,161,0.0117
node-local,tiny,1810,wait,rejected,invalid_time,0,0.0129,0.0166,0.0024,0.2859,0.0031,0.3209,165,0.0120
node-local,tiny,1811,look,accepted,observed,0,0.0127,0.0138,0.0023,0.3630,0.0028,0.3947,161,0.0121
node-local,tiny,1812,move,rejected,exit_unavailable,0,0.0119,0.0155,0.0023,0.2872,0.0041,0.3210,169,0.0135
node-local,tiny,1813,move,accepted,moved,1,0.0143,0.0187,0.0031,0.3417,0.0035,0.3813,189,0.0120
node-local,tiny,1814,move,rejected,exit_unavailable,0,0.0120,0.0150,0.0023,0.2867,0.0028,0.3187,169,0.0117
node-local,tiny,1815,choose,rejected,invalid_choice,0,0.0116,0.0169,0.0023,0.2714,0.0026,0.3049,167,0.0123
node-local,tiny,1816,talk,rejected,not_eligible,0,0.0114,0.0153,0.0023,0.2712,0.0026,0.3027,165,0.0115
node-local,tiny,1817,move,accepted,moved,1,0.0116,0.0161,0.0026,0.3293,0.0033,0.3630,187,0.0114
node-local,tiny,1818,wait,rejected,invalid_time,0,0.0112,0.0156,0.0022,0.2705,0.0025,0.3020,165,0.0114
node-local,tiny,1819,look,accepted,observed,0,0.0114,0.0143,0.0023,0.2708,0.0032,0.3021,161,0.0113
node-local,tiny,1820,wait,accepted,waited,1,0.0126,0.0160,0.0026,0.4077,0.0035,0.4424,185,0.0111
node-local,tiny,1821,move,rejected,exit_unavailable,0,0.0112,0.0152,0.0023,0.2686,0.0025,0.2999,169,0.0110
node-local,tiny,1822,look,accepted,observed,0,0.0110,0.0134,0.0021,0.2737,0.0027,0.3029,161,0.0113
node-local,tiny,1823,move,accepted,moved,1,0.0127,0.0170,0.0028,0.3469,0.0035,0.3829,191,0.0117
node-local,tiny,1824,look,accepted,observed,0,0.0111,0.0138,0.0023,0.2725,0.0025,0.3021,161,0.0111
node-local,tiny,1825,move,accepted,moved,1,0.0123,0.0165,0.0026,0.3269,0.0031,0.3614,187,0.0110
node-local,tiny,1826,look,accepted,observed,0,0.0111,0.0136,0.0022,0.2735,0.0026,0.3030,161,0.0112
node-local,tiny,1827,wait,rejected,invalid_time,0,0.0112,0.0145,0.0021,0.3646,0.0024,0.3948,165,0.0110
node-local,tiny,1828,look,accepted,observed,0,0.0113,0.0131,0.0022,0.2687,0.0025,0.2977,161,0.0113
node-local,tiny,1829,talk,rejected,not_eligible,0,0.0116,0.0144,0.0022,0.2720,0.0025,0.3027,165,0.0112
node-local,tiny,1830,move,accepted,moved,1,0.0109,0.0151,0.0025,0.3233,0.0032,0.3550,189,0.0119
node-local,tiny,1831,move,accepted,moved,1,0.0112,0.0151,0.0025,0.3244,0.0032,0.3564,187,0.0111
node-local,tiny,1832,choose,rejected,invalid_choice,0,0.0115,0.0158,0.0022,0.3369,0.0027,0.3691,167,0.0112
node-local,tiny,1833,take,rejected,not_present,0,0.0112,0.0151,0.0022,0.2653,0.0025,0.2964,164,0.0150
node-local,tiny,1834,move,accepted,moved,1,0.0119,0.0156,0.0025,0.3272,0.0032,0.3604,191,0.0118
node-local,tiny,1835,look,accepted,observed,0,0.0113,0.0135,0.0022,0.3349,0.0026,0.3645,161,0.0111
node-local,tiny,1836,move,accepted,moved,1,0.0110,0.0150,0.0025,0.3211,0.0030,0.3527,189,0.0110
node-local,tiny,1837,move,rejected,exit_unavailable,0,0.0111,0.0151,0.0022,0.2665,0.0025,0.2974,169,0.0110
node-local,tiny,1838,choose,rejected,invalid_choice,0,0.0119,0.0154,0.0029,0.3439,0.0026,0.3768,167,0.0111
node-local,tiny,1839,look,accepted,observed,0,0.0112,0.0135,0.0022,1.4528,0.0034,1.4832,161,0.0113
node-local,tiny,1840,take,accepted,taken,1,0.0121,0.0162,0.0026,0.3322,0.0041,0.3672,189,0.0116
node-local,tiny,1841,move,accepted,moved,1,0.0125,0.0165,0.0027,0.3871,0.0033,0.4222,191,0.0112
node-local,tiny,1842,move,accepted,moved,1,0.0127,0.0161,0.0025,0.4040,0.0032,0.4385,189,0.0118
node-local,tiny,1843,move,accepted,moved,1,0.0123,0.0164,0.0025,0.4225,0.0035,0.4573,191,0.0115
node-local,tiny,1844,look,accepted,observed,0,0.0117,0.0140,0.0023,0.4828,0.0025,0.5132,161,0.0110
node-local,tiny,1845,activate,rejected,not_eligible,0,0.0150,0.0139,0.0022,0.2672,0.0026,0.3008,165,0.2036
node-local,tiny,1846,look,accepted,observed,0,0.0213,0.0185,0.0032,0.2978,0.0028,0.3436,161,0.0117
node-local,tiny,1847,activate,rejected,not_eligible,0,0.0128,0.0143,0.0023,0.3280,0.0026,0.3601,165,0.0111
node-local,tiny,1848,choose,rejected,stale_view,0,0.0112,0.0140,0.0022,0.2579,0.0027,0.2879,163,0.0112
node-local,tiny,1849,look,accepted,observed,0,0.0107,0.0135,0.0022,0.2648,0.0026,0.2938,161,0.0110
node-local,tiny,1850,activate,rejected,not_eligible,0,0.0107,0.0131,0.0022,0.3117,0.0027,0.3403,165,0.0117
node-local,tiny,1851,drop,accepted,dropped,1,0.0120,0.0162,0.0027,0.3240,0.0042,0.3592,198,0.0117
node-local,tiny,1852,talk,rejected,not_eligible,0,0.0136,0.0158,0.0023,0.2803,0.0027,0.3148,165,0.0118
node-local,tiny,1853,look,accepted,observed,0,0.0116,0.0137,0.0023,0.2679,0.0026,0.2981,161,0.0113
node-local,tiny,1854,talk,rejected,not_eligible,0,0.0113,0.0141,0.0021,0.2670,0.0027,0.2972,165,0.0110
node-local,tiny,1855,wait,rejected,invalid_time,0,0.0118,0.0152,0.0021,0.2816,0.0025,0.3133,165,0.0112
node-local,tiny,1856,look,accepted,observed,0,0.0125,0.0134,0.0021,0.2791,0.0026,0.3097,161,0.0117
node-local,tiny,1857,look,accepted,observed,0,0.0113,0.0132,0.0022,0.2715,0.0026,0.3007,161,0.0112
node-local,tiny,1858,look,accepted,observed,0,0.0113,0.0131,0.0022,0.2692,0.0026,0.2984,161,0.0111
node-local,tiny,1859,look,accepted,observed,0,0.0115,0.0134,0.0021,0.2690,0.0025,0.2985,161,0.0112
node-local,tiny,1860,move,accepted,moved,1,0.0112,0.0160,0.0027,0.3132,0.0033,0.3463,189,0.0119
node-local,tiny,1861,talk,rejected,not_eligible,0,0.0113,0.0138,0.0022,0.2704,0.0025,0.3001,165,0.0110
node-local,tiny,1862,move,accepted,moved,1,0.0111,0.0157,0.0025,0.3163,0.0034,0.3491,191,0.0110
node-local,tiny,1863,look,accepted,observed,0,0.0112,0.0349,0.0025,0.2837,0.0028,0.3352,161,0.0114
node-local,tiny,1864,take,replayed,taken,0,0.0338,0.0135,0.0001,0.0000,0.0022,0.0495,0,0.0115
node-local,tiny,1865,move,accepted,moved,1,0.0101,0.0169,0.0027,0.3370,0.0033,0.3701,189,0.0115
node-local,tiny,1866,take,rejected,not_present,0,0.0132,0.0151,0.0025,0.2834,0.0027,0.3168,164,0.0114
node-local,tiny,1867,look,accepted,observed,0,0.0119,0.0140,0.0022,0.2836,0.0027,0.3144,161,0.0114
node-local,tiny,1868,activate,rejected,not_eligible,0,0.0115,0.0143,0.0023,0.3216,0.0052,0.3549,165,0.0168
node-local,tiny,1869,look,accepted,observed,0,0.0176,0.0210,0.0030,0.3289,0.0031,0.3735,161,0.0134
node-local,tiny,1870,drop,rejected,integrity_conflict,0,0.0263,0.0134,0.0001,0.0000,0.0020,0.0418,0,0.0121
node-local,tiny,1871,look,accepted,observed,0,0.0104,0.0160,0.0025,0.3022,0.0027,0.3339,161,0.0115
node-local,tiny,1872,talk,rejected,not_eligible,0,0.0119,0.0163,0.0023,0.2812,0.0026,0.3143,165,0.0119
node-local,tiny,1873,move,accepted,moved,1,0.0128,0.0164,0.0025,0.3286,0.0035,0.3638,191,0.0116
node-local,tiny,1874,move,accepted,moved,1,0.0115,0.0177,0.0029,0.3229,0.0032,0.3583,187,0.0115
node-local,tiny,1875,move,accepted,moved,1,0.0125,0.0167,0.0027,0.3722,0.0046,0.4087,191,0.0125
node-local,tiny,1876,talk,rejected,not_eligible,0,0.0160,0.0172,0.0024,0.2984,0.0037,0.3377,165,0.0125
node-local,tiny,1877,move,accepted,moved,1,0.0145,0.0178,0.0029,0.3285,0.0032,0.3670,189,0.0111
node-local,tiny,1878,look,accepted,observed,0,0.0117,0.0143,0.0021,0.2837,0.0025,0.3143,161,0.0112
node-local,tiny,1879,move,accepted,moved,1,0.0117,0.0161,0.0025,0.3227,0.0033,0.3563,191,0.0111
node-local,tiny,1880,move,accepted,moved,1,0.0113,0.0158,0.0025,0.3196,0.0032,0.3524,189,0.0115
node-local,tiny,1881,move,accepted,moved,1,0.0112,0.0150,0.0025,0.3137,0.0031,0.3455,191,0.0111
node-local,tiny,1882,wait,rejected,invalid_time,0,0.0120,0.0158,0.0022,0.2770,0.0027,0.3098,165,0.0113
node-local,tiny,1883,look,accepted,observed,0,0.0124,0.0144,0.0023,0.2755,0.0026,0.3072,161,0.0121
node-local,tiny,1884,move,rejected,exit_unavailable,0,0.0112,0.0150,0.0022,0.3444,0.0026,0.3753,169,0.0115
node-local,tiny,1885,move,accepted,moved,1,0.0128,0.0160,0.0026,0.3269,0.0031,0.3614,189,0.0112
node-local,tiny,1886,look,accepted,observed,0,0.0110,0.0144,0.0023,0.3113,0.0027,0.3417,161,0.0115
node-local,tiny,1887,wait,rejected,invalid_time,0,0.0117,0.0154,0.0022,0.2779,0.0026,0.3098,165,0.0125
node-local,tiny,1888,look,accepted,observed,0,0.0128,0.0143,0.0023,0.3142,0.0025,0.3461,161,0.0110
node-local,tiny,1889,move,accepted,moved,1,0.0110,0.0153,0.0025,0.3283,0.0032,0.3603,191,0.0113
node-local,tiny,1890,look,accepted,observed,0,0.0115,0.0132,0.0021,0.2775,0.0025,0.3068,161,0.0110
node-local,tiny,1891,move,accepted,moved,1,0.0118,0.0154,0.0031,0.3180,0.0032,0.3515,187,0.0112
node-local,tiny,1892,move,accepted,moved,1,0.0112,0.0150,0.0025,0.3187,0.0032,0.3505,189,0.0111
node-local,tiny,1893,wait,rejected,invalid_time,0,0.0202,0.0148,0.0022,0.4235,0.0027,0.4633,165,0.0113
node-local,tiny,1894,look,accepted,observed,0,0.0197,0.0135,0.0022,0.3410,0.0026,0.3790,161,0.0115
node-local,tiny,1895,choose,rejected,invalid_choice,0,0.0158,0.0171,0.0022,0.3433,0.0026,0.3810,167,0.0114
node-local,tiny,1896,look,accepted,observed,0,0.0175,0.0135,0.0022,0.3371,0.0025,0.3728,161,0.0113
node-local,tiny,1897,activate,rejected,not_eligible,0,0.0169,0.0140,0.0022,0.3378,0.0025,0.3733,165,0.0112
node-local,tiny,1898,move,rejected,exit_unavailable,0,0.0163,0.0142,0.0022,0.3690,0.0025,0.4043,169,0.0112
node-local,tiny,1899,move,rejected,exit_unavailable,0,0.0161,0.0153,0.0022,0.3405,0.0027,0.3768,169,0.0117
node-local,tiny,1900,move,accepted,moved,1,0.0198,0.0155,0.0026,0.4067,0.0034,0.4480,187,0.0113
node-local,tiny,1901,move,accepted,moved,1,0.0195,0.0152,0.0026,0.3855,0.0032,0.4260,191,0.0113
node-local,tiny,1902,move,accepted,moved,1,0.0172,0.0147,0.0025,0.3931,0.0032,0.4307,189,0.0118
node-local,tiny,1903,move,accepted,moved,1,0.0185,0.0153,0.0025,0.3818,0.0034,0.4214,191,0.0112
node-local,tiny,1904,look,accepted,observed,0,0.0194,0.0135,0.0022,0.3744,0.0025,0.4120,161,0.0111
node-local,tiny,1905,take,accepted,taken,1,0.0158,0.0159,0.0027,0.3906,0.0032,0.4282,189,0.0113
node-local,tiny,1906,look,accepted,observed,0,0.0177,0.0132,0.0029,0.3249,0.1803,0.5389,161,0.0152
node-local,tiny,1907,talk,rejected,not_eligible,0,0.0214,0.0189,0.0027,0.3485,0.0030,0.3945,165,0.0117
node-local,tiny,1908,look,accepted,observed,0,0.0176,0.0137,0.0023,0.3221,0.0026,0.3583,161,0.0111
node-local,tiny,1909,look,accepted,observed,0,0.0141,0.0132,0.0021,0.2655,0.0024,0.2973,161,0.0118
node-local,tiny,1910,move,accepted,moved,1,0.0110,0.0151,0.0026,0.3242,0.0041,0.3570,189,0.0116
node-local,tiny,1911,move,accepted,moved,1,0.0130,0.0166,0.0026,0.3108,0.0032,0.3462,191,0.0113
node-local,tiny,1912,look,accepted,observed,0,0.0128,0.0129,0.0022,0.2588,0.0025,0.2892,161,0.0110
node-local,tiny,1913,move,accepted,moved,1,0.0111,0.0157,0.0030,0.3071,0.0035,0.3404,187,0.0115
node-local,tiny,1914,move,accepted,moved,1,0.0148,0.0155,0.0027,0.3062,0.0031,0.3423,189,0.0114
node-local,tiny,1915,drop,rejected,integrity_conflict,0,0.0268,0.0113,0.0000,0.0000,0.0018,0.0400,0,0.0113
node-local,tiny,1916,look,accepted,observed,0,0.0099,0.0129,0.0021,0.2767,0.0026,0.3042,161,0.0110
node-local,tiny,1917,move,accepted,moved,1,0.0121,0.0153,0.0026,0.3162,0.0032,0.3495,187,0.0115
node-local,tiny,1918,look,accepted,observed,0,0.0112,0.0129,0.0022,0.2691,0.0025,0.2979,161,0.0112
node-local,tiny,1919,choose,rejected,invalid_choice,0,0.0110,0.0150,0.0023,0.2774,0.0037,0.3094,167,0.0120
node-local,tiny,1920,wait,rejected,invalid_time,0,0.0140,0.0165,0.0023,0.3107,0.0030,0.3465,165,0.0118
node-local,tiny,1921,move,accepted,moved,1,0.0128,0.0179,0.0029,0.3538,0.0037,0.3911,191,0.0118
node-local,tiny,1922,look,accepted,observed,0,0.0122,0.0140,0.0023,0.3265,0.0026,0.3576,161,0.0117
node-local,tiny,1923,look,accepted,observed,0,0.0114,0.0135,0.0022,0.2822,0.0027,0.3120,161,0.0115
node-local,tiny,1924,look,accepted,observed,0,0.0118,0.0139,0.0022,0.2803,0.0025,0.3107,161,0.0115
node-local,tiny,1925,wait,rejected,invalid_time,0,0.0118,0.0158,0.0023,0.3376,0.0025,0.3700,165,0.0113
node-local,tiny,1926,look,accepted,observed,0,0.0122,0.0128,0.0022,0.2774,0.0025,0.3072,161,0.0110
node-local,tiny,1927,wait,rejected,invalid_time,0,0.0110,0.0144,0.0023,0.3010,0.0026,0.3312,165,0.0110
node-local,tiny,1928,move,accepted,moved,1,0.0110,0.0157,0.0026,0.3149,0.0033,0.3475,187,0.0120
node-local,tiny,1929,move,accepted,moved,1,0.0122,0.0150,0.0027,0.3312,0.0035,0.3647,191,0.0114
node-local,tiny,1930,look,accepted,observed,0,0.0115,0.0137,0.0023,0.2983,0.0025,0.3281,161,0.0112
node-local,tiny,1931,wait,rejected,invalid_time,0,0.0111,0.0144,0.0023,0.2747,0.0026,0.3050,165,0.0111
node-local,tiny,1932,look,accepted,observed,0,0.0107,0.0130,0.0021,1.8110,0.0037,1.8404,161,0.0126
node-local,tiny,1933,move,accepted,moved,1,0.0125,0.0173,0.0027,0.3382,0.0036,0.3744,187,0.0115
node-local,tiny,1934,talk,rejected,not_eligible,0,0.0125,0.0152,0.0023,0.2746,0.0026,0.3073,165,0.0111
node-local,tiny,1935,talk,rejected,not_eligible,0,0.0115,0.0139,0.0022,0.2648,0.0025,0.2950,165,0.0110
node-local,tiny,1936,move,accepted,moved,1,0.0122,0.0155,0.0025,0.3125,0.0043,0.3470,191,0.0115
node-local,tiny,1937,move,accepted,moved,1,0.0114,0.0153,0.0026,0.3138,0.0031,0.3462,187,0.0111
node-local,tiny,1938,move,rejected,exit_unavailable,0,0.0113,0.0148,0.0022,0.2725,0.0026,0.3034,169,0.0112
node-local,tiny,1939,drop,accepted,dropped,1,0.0122,0.0150,0.0026,0.3025,0.0034,0.3357,194,0.0113
node-local,tiny,1940,wait,rejected,invalid_time,0,0.0110,0.0152,0.0022,0.2645,0.0027,0.2956,165,0.0110
node-local,tiny,1941,talk,rejected,not_eligible,0,0.0144,0.0138,0.0022,0.2622,0.0026,0.2952,165,0.0112
node-local,tiny,1942,move,accepted,moved,1,0.0110,0.0147,0.0026,0.3116,0.0032,0.3432,189,0.0115
node-local,tiny,1943,choose,rejected,invalid_choice,0,0.0115,0.0174,0.0023,0.2725,0.0025,0.3061,167,0.0112
node-local,tiny,1944,look,accepted,observed,0,0.0113,0.0132,0.0022,0.2825,0.0026,0.3117,161,0.0112
node-local,tiny,1945,move,rejected,exit_unavailable,0,0.0108,0.0143,0.0023,1.3026,0.0032,1.3332,169,0.0113
node-local,tiny,1946,look,accepted,observed,0,0.0118,0.0137,0.0022,0.4407,0.0041,0.4725,161,0.0122
node-local,tiny,1947,look,accepted,observed,0,0.0158,0.0168,0.0024,0.3040,0.0028,0.3418,161,0.0122
node-local,tiny,1948,take,rejected,not_present,0,0.0128,0.0155,0.0024,0.3870,0.0031,0.4209,164,0.0117
node-local,tiny,1949,look,accepted,observed,0,0.0127,0.0144,0.0023,0.2853,0.0027,0.3175,161,0.0111
node-local,tiny,1950,move,accepted,moved,1,0.0119,0.0161,0.0026,0.3274,0.0035,0.3614,187,0.0114
node-local,tiny,1951,look,accepted,observed,0,0.0113,0.0139,0.0022,0.2840,0.0026,0.3139,161,0.0120
node-local,tiny,1952,activate,rejected,not_eligible,0,0.0127,0.0148,0.0022,0.3209,0.0029,0.3535,165,0.0113
node-local,tiny,1953,move,accepted,moved,1,0.0117,0.0146,0.0026,0.3310,0.0033,0.3632,189,0.0111
node-local,tiny,1954,look,accepted,observed,0,0.0120,0.0133,0.0023,0.2818,0.0026,0.3120,161,0.0157
node-local,tiny,1955,look,accepted,observed,0,0.0116,0.0131,0.0022,0.2696,0.0026,0.2990,161,0.0117
node-local,tiny,1956,look,accepted,observed,0,0.0123,0.0131,0.0022,0.2764,0.0025,0.3064,161,0.0109
node-local,tiny,1957,look,accepted,observed,0,0.0109,0.0127,0.0022,0.3178,0.0026,0.3462,161,0.0111
node-local,tiny,1958,look,accepted,observed,0,0.0110,0.0127,0.0022,0.2754,0.0025,0.3038,161,0.0112
node-local,tiny,1959,look,accepted,observed,0,0.0126,0.0129,0.0022,0.2848,0.0027,0.3152,161,0.0129
node-local,tiny,1960,look,accepted,observed,0,0.0115,0.0136,0.0024,0.3168,0.0025,0.3468,161,0.0109
node-local,tiny,1961,move,accepted,moved,1,0.0113,0.0151,0.0025,0.3364,0.0033,0.3687,187,0.0112
node-local,tiny,1962,drop,replayed,dropped,0,0.0333,0.0120,0.0000,0.0000,0.0021,0.0474,0,0.0111
node-local,tiny,1963,activate,rejected,not_eligible,0,0.0099,0.0136,0.0022,0.8930,0.0033,0.9220,165,0.0122
node-local,tiny,1964,look,accepted,observed,0,0.0125,0.0135,0.0022,0.2786,0.0026,0.3095,161,0.0113
node-local,tiny,1965,move,accepted,moved,1,0.0113,0.0157,0.0027,0.3146,0.0033,0.3476,191,0.0112
node-local,tiny,1966,look,accepted,observed,0,0.0111,0.0130,0.0022,0.2771,0.0025,0.3059,161,0.0111
node-local,tiny,1967,activate,rejected,not_eligible,0,0.0112,0.0133,0.0022,1.6560,0.0033,1.6859,165,0.1979
node-local,tiny,1968,move,accepted,moved,1,0.0204,0.0172,0.0029,0.3472,0.0041,0.3918,189,0.0118
node-local,tiny,1969,wait,rejected,invalid_time,0,0.0129,0.0157,0.0023,0.7991,0.0032,0.8333,165,0.0113
node-local,tiny,1970,look,accepted,observed,0,0.0120,0.0136,0.0023,0.5131,0.0033,0.5443,161,0.0120
node-local,tiny,1971,close_choice,rejected,invalid_choice,0,0.0127,0.0158,0.0023,0.2875,0.0027,0.3209,167,0.0111
node-local,tiny,1972,move,accepted,moved,1,0.0130,0.0159,0.0026,0.3170,0.0032,0.3518,191,0.0113
node-local,tiny,1973,look,accepted,observed,0,0.0117,0.0130,0.0023,0.2770,0.0026,0.3065,161,0.0111
node-local,tiny,1974,activate,rejected,not_eligible,0,0.0113,0.0135,0.0022,0.2813,0.0025,0.3107,165,0.0118
node-local,tiny,1975,move,accepted,moved,1,0.0116,0.0156,0.0025,0.3203,0.0032,0.3532,189,0.0112
node-local,tiny,1976,move,accepted,moved,1,0.0122,0.0152,0.0026,0.3215,0.0033,0.3547,191,0.0111
node-local,tiny,1977,move,accepted,moved,1,0.0112,0.0161,0.0025,0.3876,0.0033,0.4207,189,0.0110
node-local,tiny,1978,move,accepted,moved,1,0.0115,0.0160,0.0026,0.3210,0.0030,0.3542,191,0.0114
node-local,tiny,1979,drop,replayed,dropped,0,0.0221,0.0111,0.0001,0.0000,0.0023,0.0357,0,0.0111
node-local,tiny,1980,move,accepted,moved,1,0.0098,0.0146,0.0026,0.3123,0.0031,0.3424,187,0.0112
node-local,tiny,1981,look,accepted,observed,0,0.0111,0.0135,0.0023,0.4084,0.0025,0.4378,161,0.0111
node-local,tiny,1982,move,accepted,moved,1,0.0113,0.0157,0.0026,0.3190,0.0032,0.3517,191,0.0110
node-local,tiny,1983,look,accepted,observed,0,0.0108,0.0130,0.0023,0.2895,0.0024,0.3180,161,0.0111
node-local,tiny,1984,drop,replayed,dropped,0,0.0192,0.0110,0.0000,0.0000,0.0018,0.0320,0,0.0109
node-local,tiny,1985,look,accepted,observed,0,0.0095,0.0128,0.0022,0.2743,0.0025,0.3013,161,0.0112
node-local,tiny,1986,move,accepted,moved,1,0.0118,0.0155,0.0026,0.3230,0.0030,0.3560,187,0.0112
node-local,tiny,1987,take,accepted,taken,1,0.0109,0.0158,0.0025,0.3293,0.0035,0.3620,189,0.0112
node-local,tiny,1988,look,accepted,observed,0,0.0116,0.0132,0.0021,0.2748,0.0025,0.3042,161,0.0113
node-local,tiny,1989,move,accepted,moved,1,0.0113,0.0147,0.0025,0.3118,0.0033,0.3435,189,0.0114
node-local,tiny,1990,move,accepted,moved,1,0.0117,0.0148,0.0027,0.3072,0.0031,0.3394,187,0.0111
node-local,tiny,1991,look,accepted,observed,0,0.0111,0.0133,0.0021,0.2754,0.0025,0.3043,161,0.0110
node-local,tiny,1992,move,accepted,moved,1,0.0111,0.0143,0.0025,0.3148,0.0030,0.3457,189,0.0110
node-local,tiny,1993,move,accepted,moved,1,0.0124,0.0150,0.0025,0.3193,0.0034,0.3525,187,0.0122
node-local,tiny,1994,look,accepted,observed,0,0.0153,0.0138,0.0023,0.3017,0.0030,0.3362,161,0.0121
node-local,tiny,1995,look,accepted,observed,0,0.0122,0.0137,0.0024,0.3210,0.0027,0.3519,161,0.0116
node-local,tiny,1996,wait,rejected,invalid_time,0,0.0116,0.0156,0.0023,0.2864,0.0026,0.3184,165,0.0112
node-local,tiny,1997,look,accepted,observed,0,0.0112,0.0130,0.0022,0.2727,0.0030,0.3021,161,0.0110
node-local,tiny,1998,wait,rejected,invalid_time,0,0.0112,0.0144,0.0022,0.2683,0.0026,0.2987,165,0.0111
node-local,tiny,1999,talk,rejected,not_eligible,0,0.0110,0.0143,0.0022,0.2675,0.0025,0.2975,165,0.0111
node-local,tiny,2000,move,accepted,moved,1,0.0120,0.0156,0.0027,0.3144,0.0036,0.3484,189,0.0118
node-local,tiny,2001,look,accepted,observed,0,0.0120,0.0141,0.0023,0.2636,0.0026,0.2947,161,0.0112
node-local,tiny,2002,move,accepted,moved,1,0.0130,0.0149,0.0025,0.3098,0.0033,0.3435,187,0.0111
node-local,tiny,2003,move,accepted,moved,1,0.0113,0.0153,0.0025,0.3069,0.0033,0.3392,191,0.0113
node-local,tiny,2004,move,accepted,moved,1,0.0111,0.0147,0.0025,0.3043,0.0031,0.3355,189,0.0117
node-local,tiny,2005,wait,accepted,waited,1,0.0116,0.0157,0.0026,0.2993,0.0032,0.3324,185,0.0112
node-local,tiny,2006,close_choice,rejected,invalid_choice,0,0.0110,0.0147,0.0023,0.2809,0.0025,0.3113,167,0.0112
node-local,tiny,2007,move,accepted,moved,1,0.0109,0.0154,0.0025,0.3135,0.0032,0.3455,191,0.0292
node-local,tiny,2008,activate,rejected,not_eligible,0,0.0129,0.0138,0.0023,0.2993,0.0037,0.3320,165,0.0128
node-local,tiny,2009,move,accepted,moved,1,0.0149,0.0174,0.0028,0.3386,0.0036,0.3773,187,0.0118
node-local,tiny,2010,move,rejected,exit_unavailable,0,0.0129,0.0164,0.0023,0.3083,0.0029,0.3428,169,0.0119
node-local,tiny,2011,move,accepted,moved,1,0.0131,0.0154,0.0027,0.3258,0.0036,0.3606,189,0.0118
node-local,tiny,2012,look,accepted,observed,0,0.0120,0.0145,0.0030,0.2850,0.0030,0.3175,161,0.0116
node-local,tiny,2013,wait,rejected,invalid_time,0,0.0117,0.0158,0.0023,0.2829,0.0029,0.3155,165,0.0117
node-local,tiny,2014,move,accepted,moved,1,0.0126,0.0158,0.0026,0.3152,0.0034,0.3497,187,0.0117
node-local,tiny,2015,look,accepted,observed,0,0.0116,0.0140,0.0023,0.3018,0.0063,0.3361,161,0.0116
node-local,tiny,2016,wait,rejected,invalid_time,0,0.0116,0.0155,0.0023,0.2850,0.0028,0.3172,165,0.0118
node-local,tiny,2017,drop,accepted,dropped,1,0.0120,0.0152,0.0027,0.4156,0.0035,0.4490,194,0.0117
node-local,tiny,2018,take,accepted,taken,1,0.0119,0.0160,0.0026,0.3955,0.0049,0.4310,189,0.0123
node-local,tiny,2019,look,accepted,observed,0,0.0135,0.0143,0.0022,0.2961,0.0025,0.3286,161,0.0104
node-local,tiny,2020,move,accepted,moved,1,0.0114,0.0151,0.0025,0.3205,0.0029,0.3524,189,0.0098
node-local,tiny,2021,activate,rejected,not_eligible,0,0.0127,0.0128,0.0021,0.2755,0.0024,0.3055,165,0.0099
node-local,tiny,2022,look,accepted,observed,0,0.0109,0.0133,0.0020,0.2758,0.0022,0.3042,161,0.0096
node-local,tiny,2023,look,accepted,observed,0,0.0109,0.0125,0.0019,0.2762,0.0022,0.3037,161,0.0095
node-local,tiny,2024,look,accepted,observed,0,0.0109,0.0131,0.0020,0.2902,0.0021,0.3184,161,0.0096
node-local,tiny,2025,move,accepted,moved,1,0.0109,0.0150,0.0023,0.3204,0.0027,0.3513,187,0.0096
node-local,tiny,2026,choose,rejected,stale_view,0,0.0114,0.0139,0.0019,0.2743,0.0023,0.3037,163,0.0097
node-local,tiny,2027,look,accepted,observed,0,0.0109,0.0128,0.0021,0.2737,0.0022,0.3017,161,0.0095
node-local,tiny,2028,move,accepted,moved,1,0.0125,0.0142,0.1821,0.3218,0.0030,0.5336,189,0.0098
node-local,tiny,2029,drop,accepted,dropped,1,0.0114,0.0148,0.0024,0.3007,0.0028,0.3321,196,0.0097
node-local,tiny,2030,move,accepted,moved,1,0.0106,0.0147,0.0022,0.3080,0.0028,0.3384,187,0.0096
node-local,tiny,2031,look,accepted,observed,0,0.0126,0.0130,0.0020,0.2702,0.0021,0.2999,161,0.0100
node-local,tiny,2032,take,rejected,not_present,0,0.0114,0.0144,0.0020,1.7947,0.0028,1.8252,164,0.0098
node-local,tiny,2033,activate,rejected,not_eligible,0,0.0121,0.0134,0.0021,0.2811,0.0022,0.3108,165,0.0095
node-local,tiny,2034,move,accepted,moved,1,0.0122,0.0142,0.0023,0.3191,0.0028,0.3506,189,0.0095
node-local,tiny,2035,move,accepted,moved,1,0.0111,0.0142,0.0022,0.3162,0.0029,0.3466,187,0.0100
node-local,tiny,2036,wait,rejected,invalid_time,0,0.0110,0.0148,0.0020,0.2695,0.0023,0.2997,165,0.0098
node-local,tiny,2037,move,accepted,moved,1,0.0124,0.0153,0.0022,0.3177,0.0028,0.3503,191,0.0096
node-local,tiny,2038,move,accepted,moved,1,0.0113,0.0149,0.0022,0.3200,0.0028,0.3513,187,0.0095
node-local,tiny,2039,look,accepted,observed,0,0.0109,0.0132,0.0019,0.2753,0.0021,0.3035,161,0.0099
node-local,tiny,2040,move,accepted,moved,1,0.0119,0.0139,0.0022,0.3155,0.0027,0.3461,189,0.0094
node-local,tiny,2041,move,accepted,moved,1,0.0113,0.0145,0.0022,0.3270,0.0027,0.3577,187,0.0095
node-local,tiny,2042,look,accepted,observed,0,0.0109,0.0125,0.0020,0.3061,0.0021,0.3335,161,0.0095
node-local,tiny,2043,move,accepted,moved,1,0.0118,0.0149,0.0022,0.3411,0.0061,0.3761,191,0.0150
node-local,tiny,2044,move,accepted,moved,1,0.0192,0.0231,0.0033,0.3613,0.0035,0.4104,187,0.0119
node-local,tiny,2045,move,accepted,moved,1,0.0144,0.0190,0.0027,0.4159,0.0028,0.4549,191,0.0096
node-local,tiny,2046,look,accepted,observed,0,0.0113,0.0127,0.0019,0.2878,0.0028,0.3165,161,0.0111
node-local,tiny,2047,move,accepted,moved,1,0.0124,0.0165,0.0025,0.3312,0.0031,0.3659,189,0.0110
node-local,tiny,2048,look,accepted,observed,0,0.0122,0.0154,0.0022,0.2895,0.0023,0.3216,161,0.0101
node-local,tiny,2049,look,accepted,observed,0,0.0111,0.0140,0.0021,0.2999,0.0023,0.3293,161,0.0099
node-local,tiny,2050,take,rejected,not_present,0,0.0113,0.0158,0.0020,0.2955,0.0023,0.3269,164,0.0095
node-local,tiny,2051,move,accepted,moved,1,0.0112,0.0147,0.0023,0.3157,0.0029,0.3469,191,0.0100
node-local,tiny,2052,talk,rejected,not_eligible,0,0.0113,0.0153,0.0020,0.2755,0.0023,0.3065,165,0.0095
node-local,tiny,2053,move,rejected,exit_unavailable,0,0.0110,0.0148,0.0019,0.2848,0.0027,0.3152,169,0.0099
node-local,tiny,2054,look,accepted,observed,0,0.0118,0.0133,0.0020,0.2859,0.0021,0.3152,161,0.0095
node-local,tiny,2055,look,accepted,observed,0,0.0121,0.0134,0.0019,0.2880,0.0022,0.3176,161,0.0099
node-local,tiny,2056,move,accepted,moved,1,0.0111,0.0151,0.0022,0.3210,0.0027,0.3521,187,0.0094
node-local,tiny,2057,move,accepted,moved,1,0.0109,0.0152,0.0024,0.3217,0.0029,0.3530,191,0.0094
node-local,tiny,2058,look,accepted,observed,0,0.0113,0.0129,0.0020,0.2805,0.0022,0.3088,161,0.0094
node-local,tiny,2059,talk,rejected,not_eligible,0,0.0118,0.0143,0.0021,0.2793,0.0023,0.3097,165,0.0102
node-local,tiny,2060,look,accepted,observed,0,0.0122,0.0127,0.0020,0.2930,0.0022,0.3220,161,0.0095
node-local,tiny,2061,drop,replayed,dropped,0,0.0355,0.0123,0.0000,0.0000,0.0017,0.0496,0,0.0094
node-local,tiny,2062,move,rejected,exit_unavailable,0,0.0100,0.0146,0.0020,0.2822,0.0022,0.3110,169,0.0093
node-local,tiny,2063,talk,rejected,not_eligible,0,0.0110,0.0133,0.0019,0.2783,0.0022,0.3067,165,0.0095
node-local,tiny,2064,look,accepted,observed,0,0.0108,0.0133,0.0019,0.2811,0.0021,0.3092,161,0.0094
node-local,tiny,2065,move,accepted,moved,1,0.0107,0.0145,0.0024,0.3317,0.0027,0.3621,189,0.0095
node-local,tiny,2066,move,rejected,exit_unavailable,0,0.0109,0.0140,0.0020,0.3091,0.0023,0.3384,169,0.0095
node-local,tiny,2067,activate,rejected,not_eligible,0,0.0122,0.0132,0.0021,0.3514,0.0022,0.3811,165,0.0093
node-local,tiny,2068,move,accepted,moved,1,0.0112,0.0157,0.0023,0.3265,0.0029,0.3586,191,0.0095
node-local,tiny,2069,choose,rejected,invalid_choice,0,0.0112,0.0153,0.0021,0.2766,0.0021,0.3073,167,0.0095
node-local,tiny,2070,move,accepted,moved,1,0.0113,0.0146,0.0022,0.3196,0.0028,0.3505,187,0.0094
node-local,tiny,2071,take,rejected,not_present,0,0.0112,0.0143,0.0021,0.2780,0.0022,0.3079,164,0.0094
node-local,tiny,2072,wait,rejected,invalid_time,0,0.0109,0.0143,0.0024,0.2767,0.0021,0.3064,165,0.0094
node-local,tiny,2073,look,accepted,observed,0,0.0109,0.0127,0.0019,0.2868,0.0023,0.3146,161,0.0097
node-local,tiny,2074,look,accepted,observed,0,0.0117,0.0131,0.0020,0.2869,0.0021,0.3158,161,0.0095
node-local,tiny,2075,move,accepted,moved,1,0.0115,0.0148,0.0022,0.3257,0.0027,0.3569,191,0.0096
node-local,tiny,2076,move,accepted,moved,1,0.0109,0.0148,0.0022,0.3215,0.0031,0.3525,187,0.0095
node-local,tiny,2077,look,accepted,observed,0,0.0114,0.0127,0.0019,0.4813,0.0021,0.5094,161,0.0094
node-local,tiny,2078,move,accepted,moved,1,0.0113,0.0141,0.0022,0.3232,0.0027,0.3536,189,0.0095
node-local,tiny,2079,talk,rejected,not_eligible,0,0.0111,0.0141,0.0019,0.2806,0.0022,0.3099,165,0.0121
node-local,tiny,2080,look,accepted,observed,0,0.0113,0.0126,0.0020,0.2764,0.0022,0.3044,161,0.0098
node-local,tiny,2081,look,accepted,observed,0,0.0109,0.0122,0.0019,0.2804,0.0020,0.3075,161,0.0092
node-local,tiny,2082,wait,rejected,invalid_time,0,0.0107,0.0143,0.0019,0.2893,0.0022,0.3185,165,0.0093
node-local,tiny,2083,talk,rejected,not_eligible,0,0.0107,0.0134,0.0019,0.3490,0.0021,0.3772,165,0.0094
node-local,tiny,2084,move,accepted,moved,1,0.0109,0.0143,0.0022,0.3170,0.0027,0.3472,187,0.0098
node-local,tiny,2085,activate,rejected,not_eligible,0,0.0115,0.0126,0.0019,0.2792,0.0021,0.3073,165,0.0093
node-local,tiny,2086,talk,rejected,not_eligible,0,0.0109,0.0133,0.0020,1.1855,0.0027,1.2144,165,0.0095
node-local,tiny,2087,wait,rejected,invalid_time,0,0.0121,0.0145,0.0020,0.2856,0.0022,0.3165,165,0.0093
node-local,tiny,2088,move,accepted,moved,1,0.0115,0.0149,0.0023,0.3202,0.0027,0.3515,191,0.0102
node-local,tiny,2089,look,accepted,observed,0,0.0109,0.0127,0.0019,0.3107,0.0021,0.3383,161,0.0093
node-local,tiny,2090,wait,rejected,invalid_time,0,0.0108,0.0137,0.0019,2.0484,0.0027,2.0775,165,0.0094
node-local,tiny,2091,wait,rejected,invalid_time,0,0.0125,0.0138,0.0020,0.2775,0.0023,0.3081,165,0.0095
node-local,tiny,2092,activate,rejected,not_eligible,0,0.0113,0.0127,0.0020,0.3060,0.0021,0.3342,165,0.0094
node-local,tiny,2093,look,accepted,observed,0,0.0110,0.1763,0.0027,0.4235,0.0024,0.6158,161,0.0098
node-local,tiny,2094,take,rejected,not_present,0,0.0122,0.0151,0.0020,0.3022,0.0023,0.3338,164,0.0094
node-local,tiny,2095,look,accepted,observed,0,0.0121,0.0128,0.0020,0.3422,0.0021,0.3713,161,0.0095
node-local,tiny,2096,wait,rejected,invalid_time,0,0.0107,0.0141,0.0019,0.2797,0.0021,0.3085,165,0.0099
node-local,tiny,2097,look,accepted,observed,0,0.0107,0.0127,0.0019,0.2871,0.0022,0.3146,161,0.0095
node-local,tiny,2098,take,rejected,not_present,0,0.0114,0.0137,0.0020,0.2779,0.0021,0.3071,164,0.0094
node-local,tiny,2099,activate,rejected,not_eligible,0,0.0110,0.0128,0.0020,0.2800,0.0020,0.3079,165,0.0094
node-local,tiny,2100,move,accepted,moved,1,0.0111,0.0151,0.0023,0.3265,0.0027,0.3576,187,0.0100
node-local,tiny,2101,look,accepted,observed,0,0.0118,0.0125,0.0019,0.2861,0.0021,0.3144,161,0.0094
node-local,tiny,2102,move,rejected,exit_unavailable,0,0.0111,0.0146,0.0020,0.2770,0.0022,0.3068,169,0.0092
node-local,tiny,2103,move,accepted,moved,1,0.0109,0.0147,0.0022,0.3185,0.0028,0.3491,191,0.0095
node-local,tiny,2104,talk,rejected,not_eligible,0,0.0111,0.0140,0.0020,0.3478,0.0021,0.3769,165,0.0092
node-local,tiny,2105,move,accepted,moved,1,0.0116,0.0154,0.0023,0.3150,0.0027,0.3470,187,0.0095
node-local,tiny,2106,move,accepted,moved,1,0.0109,0.0144,0.0023,0.3137,0.0028,0.3440,191,0.0095
node-local,tiny,2107,move,accepted,moved,1,0.0111,0.0144,0.0022,0.3060,0.0027,0.3364,187,0.0095
node-local,tiny,2108,look,accepted,observed,0,0.0115,0.0127,0.0019,0.2804,0.0021,0.3086,161,0.0103
node-local,tiny,2109,move,accepted,moved,1,0.0113,0.0144,0.0023,0.3129,0.0027,0.3436,191,0.0093
node-local,tiny,2110,talk,rejected,not_eligible,0,0.0110,0.0133,0.0020,0.3355,0.0022,0.3639,165,0.0093
node-local,tiny,2111,activate,rejected,not_eligible,0,0.0108,0.0128,0.0020,0.2766,0.0022,0.3043,165,0.0094
node-local,tiny,2112,look,accepted,observed,0,0.0108,0.0126,0.0019,0.3172,0.0022,0.3447,161,0.0094
node-local,tiny,2113,look,accepted,observed,0,0.0108,0.0125,0.0019,0.3012,0.0035,0.3299,161,0.0123
node-local,tiny,2114,move,accepted,moved,1,0.0138,0.0168,0.0026,0.3523,0.0035,0.3889,189,0.0113
node-local,tiny,2115,look,accepted,observed,0,0.0131,0.0142,0.0022,0.3567,0.0025,0.3888,161,0.0100
node-local,tiny,2116,move,accepted,moved,1,0.0122,0.0162,0.0023,0.3342,0.0029,0.3678,191,0.0099
node-local,tiny,2117,look,accepted,observed,0,0.0135,0.0133,0.0019,0.2877,0.0022,0.3185,161,0.0098
node-local,tiny,2118,move,rejected,exit_unavailable,0,0.0113,0.0142,0.0020,0.2794,0.0021,0.3091,169,0.0095
node-local,tiny,2119,look,accepted,observed,0,0.0111,0.0129,0.0019,0.3339,0.0021,0.3619,161,0.0093
node-local,tiny,2120,look,accepted,observed,0,0.0118,0.0125,0.0019,0.2744,0.0021,0.3028,161,0.0093
node-local,tiny,2121,look,accepted,observed,0,0.0108,0.0132,0.0019,0.2802,0.0021,0.3082,161,0.0096
node-local,tiny,2122,look,accepted,observed,0,0.0107,0.0126,0.0019,0.3349,0.0021,0.3622,161,0.0095
node-local,tiny,2123,look,accepted,observed,0,0.0111,0.0123,0.0019,0.2756,0.0020,0.3029,161,0.0093
node-local,tiny,2124,move,accepted,moved,1,0.0108,0.0146,0.0022,0.4127,0.0039,0.4443,189,0.0105
node-local,tiny,2125,wait,rejected,invalid_time,0,0.0140,0.0158,0.0028,0.3656,0.0026,0.4009,165,0.0100
node-local,tiny,2126,move,rejected,exit_unavailable,0,0.0120,0.0149,0.0020,0.3715,0.0023,0.4027,169,0.0096
node-local,tiny,2127,move,rejected,exit_unavailable,0,0.0118,0.0138,0.0019,0.3285,0.0022,0.3582,169,0.0097
node-local,tiny,2128,look,accepted,observed,0,0.0180,0.0127,0.0019,0.3556,0.0036,0.3918,161,0.0105
node-local,tiny,2129,look,accepted,observed,0,0.0205,0.0164,0.0022,0.3707,0.0025,0.4122,161,0.0106
node-local,tiny,2130,activate,rejected,not_eligible,0,0.0162,0.0147,0.0020,0.3495,0.0022,0.3846,165,0.0095
node-local,tiny,2131,move,accepted,moved,1,0.0147,0.0148,0.0024,0.3858,0.0031,0.4207,191,0.0098
node-local,tiny,2132,move,accepted,moved,1,0.0160,0.0164,0.0024,0.3931,0.0030,0.4309,189,0.0095
node-local,tiny,2133,move,accepted,moved,1,0.0175,0.0147,0.0023,0.3959,0.0028,0.4332,191,0.0102
node-local,tiny,2134,move,accepted,moved,1,0.0147,0.0151,0.0023,0.3859,0.0027,0.4207,189,0.0098
node-local,tiny,2135,look,accepted,observed,0,0.0148,0.0137,0.0020,0.3370,0.0023,0.3698,161,0.0095
node-local,tiny,2136,wait,rejected,invalid_time,0,0.0122,0.0144,0.0020,0.2942,0.0022,0.3249,165,0.0097
node-local,tiny,2137,wait,rejected,invalid_time,0,0.0124,0.0141,0.0020,0.2872,0.0023,0.3180,165,0.0101
node-local,tiny,2138,move,accepted,moved,1,0.0118,0.0148,0.0023,0.3296,0.0028,0.3612,191,0.0122
node-local,tiny,2139,look,accepted,observed,0,0.0117,0.0137,0.0020,0.2995,0.0022,0.3290,161,0.0099
node-local,tiny,2140,look,accepted,observed,0,0.0112,0.0133,0.0020,1.8014,0.0029,1.8308,161,0.0096
node-local,tiny,2141,take,rejected,not_present,0,0.0127,0.0157,0.0020,0.3937,0.0028,0.4269,164,0.0109
node-local,tiny,2142,move,accepted,moved,1,0.0125,0.0168,0.0024,0.3422,0.0036,0.3774,187,0.0097
node-local,tiny,2143,move,accepted,moved,1,0.0127,0.0153,0.0023,0.3251,0.0027,0.3582,189,0.0093
node-local,tiny,2144,look,accepted,observed,0,0.0114,0.0127,0.0019,0.3296,0.0023,0.3580,161,0.0095
node-local,tiny,2145,choose,rejected,invalid_choice,0,0.0132,0.0174,0.0020,0.2908,0.0022,0.3255,167,0.0105
node-local,tiny,2146,look,accepted,observed,0,0.0120,0.0128,0.0020,0.2890,0.0021,0.3180,161,0.0092
node-local,tiny,2147,move,accepted,moved,1,0.0121,0.0146,0.0024,0.3147,0.0028,0.3467,187,0.0094
node-local,tiny,2148,look,accepted,observed,0,0.0111,0.0125,0.0020,0.2855,0.0021,0.3132,161,0.0094
node-local,tiny,2149,drop,replayed,dropped,0,0.0376,0.0121,0.0000,0.0000,0.0021,0.0518,0,0.0095
node-local,tiny,2150,move,accepted,moved,1,0.0100,0.0155,0.0023,0.3403,0.0029,0.3709,191,0.0094
node-local,tiny,2151,close_choice,rejected,invalid_choice,0,0.0121,0.0145,0.0021,5.5785,0.0028,5.6100,167,0.0095
node-local,tiny,2152,move,accepted,moved,1,0.0122,0.0157,0.0023,0.3225,0.0028,0.3554,187,0.0095
node-local,tiny,2153,look,accepted,observed,0,0.0112,0.0129,0.0020,0.2847,0.0022,0.3130,161,0.0094
node-local,tiny,2154,move,accepted,moved,1,0.0110,0.0154,0.0023,0.3306,0.0027,0.3620,191,0.0094
node-local,tiny,2155,take,rejected,not_present,0,0.0111,0.0146,0.0020,0.2808,0.0023,0.3107,164,0.0094
node-local,tiny,2156,take,rejected,not_present,0,0.0109,0.0136,0.0019,0.2824,0.0022,0.3110,164,0.0093
node-local,tiny,2157,talk,rejected,not_eligible,0,0.0115,0.0141,0.0019,1.8602,0.0027,1.8905,165,0.0095
node-local,tiny,2158,move,accepted,moved,1,0.0118,0.1968,0.0039,0.3387,0.0031,0.5544,189,0.0096
node-local,tiny,2159,move,accepted,moved,1,0.0115,0.0150,0.0025,0.3375,0.0028,0.3694,191,0.0093
node-local,tiny,2160,move,accepted,moved,1,0.0108,0.0147,0.0023,0.3123,0.0027,0.3428,187,0.0095
node-local,tiny,2161,look,accepted,observed,0,0.0123,0.0134,0.0019,0.2722,0.0021,0.3020,161,0.0098
node-local,tiny,2162,look,accepted,observed,0,0.0115,0.0129,0.0018,0.2899,0.0023,0.3185,161,0.0096
node-local,tiny,2163,look,accepted,observed,0,0.0118,0.0130,0.0020,0.2890,0.0021,0.3179,161,0.0095
node-local,tiny,2164,look,accepted,observed,0,0.0113,0.0122,0.0020,0.2900,0.0023,0.3178,161,0.0097
node-local,tiny,2165,take,rejected,not_present,0,0.0113,0.0142,0.0020,0.2906,0.0021,0.3202,164,0.0100
node-local,tiny,2166,wait,rejected,invalid_time,0,0.0110,0.0149,0.0019,0.2845,0.0023,0.3145,165,0.0094
node-local,tiny,2167,move,accepted,moved,1,0.0108,0.0145,0.0023,0.3223,0.0028,0.3527,191,0.0093
node-local,tiny,2168,talk,rejected,not_eligible,0,0.0117,0.0138,0.0020,0.2865,0.0023,0.3162,165,0.0093
node-local,tiny,2169,look,accepted,observed,0,0.0108,0.0126,0.0020,0.2808,0.0022,0.3082,161,0.0092
node-local,tiny,2170,look,accepted,observed,0,0.0109,0.0124,0.0019,0.3310,0.0020,0.3583,161,0.0094
node-local,tiny,2171,move,accepted,moved,1,0.0118,0.0150,0.0025,0.3243,0.0028,0.3564,187,0.0093
node-local,tiny,2172,look,accepted,observed,0,0.0110,0.0124,0.0019,0.2826,0.0022,0.3101,161,0.0096
node-local,tiny,2173,look,accepted,observed,0,0.0112,0.0125,0.0020,0.3027,0.0022,0.3306,161,0.0097
node-local,tiny,2174,move,accepted,moved,1,0.0116,0.0154,0.0023,0.3385,0.0029,0.3707,189,0.0094
node-local,tiny,2175,look,accepted,observed,0,0.0109,0.0123,0.0019,0.2837,0.0020,0.3108,161,0.0093
node-local,tiny,2176,take,accepted,taken,1,0.0108,0.0145,0.0023,0.3252,0.0027,0.3555,189,0.0097
node-local,tiny,2177,look,accepted,observed,0,0.0112,0.0124,0.0019,0.2827,0.0021,0.3102,161,0.0093
node-local,tiny,2178,look,accepted,observed,0,0.0118,0.0130,0.0019,0.2809,0.0021,0.3097,161,0.0094
node-local,tiny,2179,look,accepted,observed,0,0.0108,0.0128,0.0019,0.3261,0.0021,0.3537,161,0.0094
node-local,tiny,2180,move,rejected,exit_unavailable,0,0.0110,0.0139,0.0020,0.2850,0.0022,0.3142,169,0.0096
node-local,tiny,2181,move,accepted,moved,1,0.0118,0.0144,0.0023,0.3226,0.0027,0.3537,187,0.0095
node-local,tiny,2182,choose,rejected,invalid_choice,0,0.0110,0.0155,0.0020,0.3097,0.0021,0.3403,167,0.0095
node-local,tiny,2183,look,accepted,observed,0,0.0107,0.0125,0.0020,0.2850,0.0020,0.3122,161,0.0093
node-local,tiny,2184,move,accepted,moved,1,0.0110,0.0145,0.0022,0.3386,0.0029,0.3693,191,0.0097
node-local,tiny,2185,drop,accepted,dropped,1,0.0114,0.0146,0.0024,0.3306,0.0028,0.3618,198,0.0095
node-local,tiny,2186,move,accepted,moved,1,0.0109,0.0151,0.0051,0.3233,0.0028,0.3572,187,0.0094
node-local,tiny,2187,look,accepted,observed,0,0.0113,0.0125,0.0019,0.2877,0.0022,0.3155,161,0.0095
node-local,tiny,2188,move,accepted,moved,1,0.0119,0.0300,0.0025,0.3503,0.0030,0.3976,189,0.0098
node-local,tiny,2189,move,accepted,moved,1,0.0118,0.0155,0.0022,0.3304,0.0026,0.3625,187,0.0095
node-local,tiny,2190,look,accepted,observed,0,0.0110,0.0135,0.0020,0.2895,0.0021,0.3181,161,0.0093
node-local,tiny,2191,talk,rejected,not_eligible,0,0.0125,0.0135,0.0019,0.4816,0.0024,0.5119,165,0.0098
node-local,tiny,2192,talk,rejected,not_eligible,0,0.0115,0.0136,0.0020,0.4294,0.0021,0.4586,165,0.0093
node-local,tiny,2193,drop,replayed,dropped,0,0.0282,0.0110,0.0000,0.0000,0.0016,0.0408,0,0.0094
node-local,tiny,2194,move,accepted,moved,1,0.0095,0.0137,0.0023,0.3281,0.0029,0.3566,189,0.0099
node-local,tiny,2195,talk,rejected,not_eligible,0,0.0113,0.0133,0.0020,0.2862,0.0021,0.3148,165,0.0093
node-local,tiny,2196,look,accepted,observed,0,0.0108,0.0130,0.0019,1.7754,0.0028,1.8039,161,0.0095
node-local,tiny,2197,look,accepted,observed,0,0.0122,0.0131,0.0018,1.8330,0.0027,1.8629,161,0.0094
node-local,tiny,2198,talk,rejected,not_eligible,0,0.0122,0.0137,0.0020,0.5035,0.0022,0.5336,165,0.0099
node-local,tiny,2199,look,accepted,observed,0,0.0125,0.0128,0.0019,0.8539,0.0024,0.8835,161,0.0095
node-local,tiny,2200,move,accepted,moved,1,0.0114,0.0145,0.0022,0.3320,0.0028,0.3629,187,0.0094
node-local,tiny,2201,look,accepted,observed,0,0.0110,0.0127,0.0019,0.2555,0.0022,0.2832,161,0.0093
node-local,tiny,2202,move,rejected,exit_unavailable,0,0.0118,0.0152,0.0020,0.2589,0.0021,0.2900,169,0.0099
node-local,tiny,2203,move,accepted,moved,1,0.0108,0.0148,0.0023,0.3345,0.0027,0.3651,191,0.0095
node-local,tiny,2204,look,accepted,observed,0,0.0114,0.0125,0.0019,0.2683,0.0022,0.2963,161,0.0093
node-local,tiny,2205,move,accepted,moved,1,0.0111,0.0147,0.0022,0.3263,0.0028,0.3570,189,0.0095
node-local,tiny,2206,look,accepted,observed,0,0.0113,0.0125,0.0020,0.2995,0.0022,0.3274,161,0.0101
node-local,tiny,2207,move,accepted,moved,1,0.0113,0.0151,0.0023,0.3383,0.0037,0.3706,191,0.0104
node-local,tiny,2208,look,accepted,observed,0,0.0149,0.0151,0.0022,0.2903,0.0023,0.3248,161,0.0096
node-local,tiny,2209,look,accepted,observed,0,0.0121,0.0135,0.0019,0.3514,0.0021,0.3810,161,0.0094
node-local,tiny,2210,look,accepted,observed,0,0.0115,0.0152,0.0019,1.8645,0.0027,1.8958,161,0.0094
node-local,tiny,2211,move,accepted,moved,1,0.0120,0.0152,0.0021,0.3273,0.0027,0.3592,187,0.0093
node-local,tiny,2212,look,accepted,observed,0,0.0110,0.0129,0.0019,0.3827,0.0022,0.4107,161,0.0093
node-local,tiny,2213,talk,rejected,not_eligible,0,0.0112,0.0134,0.0020,0.2631,0.0021,0.2918,165,0.0093
node-local,tiny,2214,move,accepted,moved,1,0.0122,0.0145,0.0021,0.3496,0.0034,0.3818,189,0.0098
node-local,tiny,2215,look,accepted,observed,0,0.0140,0.0138,0.0019,0.2816,0.0023,0.3136,161,0.0095
node-local,tiny,2216,activate,rejected,not_eligible,0,0.0115,0.0137,0.0020,0.2774,0.0022,0.3067,165,0.0094
node-local,tiny,2217,look,accepted,observed,0,0.0113,0.0126,0.0018,0.3330,0.0022,0.3610,161,0.0100
node-local,tiny,2218,talk,rejected,not_eligible,0,0.0118,0.0138,0.0020,1.1608,0.0027,1.1912,165,0.0095
node-local,tiny,2219,wait,accepted,waited,1,0.0123,0.0175,0.0023,0.3408,0.0036,0.3765,185,0.0095
node-local,tiny,2220,activate,rejected,not_eligible,0,0.0119,0.0137,0.0020,0.2643,0.0023,0.2942,165,0.0094
node-local,tiny,2221,choose,rejected,stale_view,0,0.0115,0.0142,0.0019,0.2709,0.0022,0.3008,163,0.0094
node-local,tiny,2222,look,accepted,observed,0,0.0149,0.0132,0.0020,0.5677,0.0021,0.6000,161,0.0093
node-local,tiny,2223,look,accepted,observed,0,0.0114,0.0129,0.1507,0.2895,0.0023,0.4668,161,0.0094
node-local,tiny,2224,talk,rejected,not_eligible,0,0.0118,0.0146,0.0021,0.2773,0.0023,0.3080,165,0.0095
node-local,tiny,2225,move,accepted,moved,1,0.0117,0.0154,0.0023,0.3343,0.0031,0.3668,187,0.0095
node-local,tiny,2226,look,accepted,observed,0,0.0111,0.0127,0.0019,0.2803,0.0026,0.3086,161,0.0105
node-local,tiny,2227,move,accepted,moved,1,0.0122,0.0159,0.0023,0.3418,0.0028,0.3750,191,0.0096
node-local,tiny,2228,look,accepted,observed,0,0.0112,0.0132,0.0019,0.2793,0.0022,0.3078,161,0.0093
node-local,tiny,2229,look,accepted,observed,0,0.0115,0.0125,0.0019,0.3030,0.0022,0.3310,161,0.0095
node-local,tiny,2230,take,accepted,taken,1,0.0115,0.0151,0.0022,0.3386,0.0028,0.3701,189,0.0096
node-local,tiny,2231,talk,rejected,not_eligible,0,0.0115,0.0136,0.0019,0.2814,0.0021,0.3106,165,0.0094
node-local,tiny,2232,wait,rejected,invalid_time,0,0.0110,0.0145,0.0019,0.2778,0.0023,0.3075,165,0.0094
node-local,tiny,2233,close_choice,rejected,invalid_choice,0,0.0108,0.0140,0.0020,0.2874,0.0022,0.3165,167,0.0095
node-local,tiny,2234,move,accepted,moved,1,0.0121,0.0153,0.0023,0.3300,0.0027,0.3624,189,0.0095
node-local,tiny,2235,wait,rejected,invalid_time,0,0.0117,0.0146,0.0019,0.2769,0.0022,0.3073,165,0.0094
node-local,tiny,2236,wait,rejected,invalid_time,0,0.0108,0.0134,0.0019,0.4013,0.0022,0.4296,165,0.0097
node-local,tiny,2237,move,accepted,moved,1,0.0107,0.0150,0.0022,0.3324,0.0027,0.3630,191,0.0096
node-local,tiny,2238,move,accepted,moved,1,0.0120,0.0149,0.0021,0.3290,0.0028,0.3608,187,0.0099
node-local,tiny,2239,choose,rejected,invalid_choice,0,0.0115,0.0154,0.0020,0.2847,0.0023,0.3159,167,0.0098
node-local,tiny,2240,wait,rejected,invalid_time,0,0.0112,0.0142,0.0020,0.2754,0.0021,0.3048,165,0.0096
node-local,tiny,2241,take,replayed,not_present,0,0.0238,0.0116,0.0000,0.0000,0.0017,0.0372,0,0.0093
node-local,tiny,2242,drop,accepted,dropped,1,0.0096,0.0141,0.0023,0.3255,0.0029,0.3544,194,0.0094
node-local,tiny,2243,look,accepted,observed,0,0.0110,0.0130,0.0023,0.2807,0.0021,0.3091,161,0.0093
node-local,tiny,2244,take,accepted,taken,1,0.0108,0.0141,0.0022,0.3182,0.0027,0.3480,189,0.0094
node-local,tiny,2245,move,accepted,moved,1,0.0109,0.0147,0.0022,0.3214,0.0026,0.3517,191,0.0093
node-local,tiny,2246,look,accepted,observed,0,0.0114,0.0128,0.0019,0.2807,0.0020,0.3088,161,0.0093
node-local,tiny,2247,drop,replayed,dropped,0,0.0191,0.0107,0.0000,0.0000,0.0019,0.0317,0,0.0092
node-local,tiny,2248,choose,rejected,stale_view,0,0.0125,0.0118,0.0019,0.3242,0.0021,0.3526,163,0.0095
node-local,tiny,2249,look,accepted,observed,0,0.0107,0.0127,0.0019,0.2751,0.0022,0.3026,161,0.0092
node-local,tiny,2250,look,accepted,observed,0,0.0131,0.0141,0.0020,0.3732,0.0022,0.4045,161,0.0098
node-local,tiny,2251,look,accepted,observed,0,0.0115,0.0131,0.0019,0.2769,0.0022,0.3055,161,0.0100
node-local,tiny,2252,talk,rejected,not_eligible,0,0.0108,0.0139,0.0019,0.2717,0.0021,0.3004,165,0.0095
node-local,tiny,2253,look,accepted,observed,0,0.0110,0.0126,0.0018,0.2798,0.0021,0.3073,161,0.0092
node-local,tiny,2254,look,accepted,observed,0,0.0108,0.0124,0.0020,0.2943,0.0021,0.3215,161,0.0095
node-local,tiny,2255,look,accepted,observed,0,0.0107,0.0127,0.0019,0.2692,0.0020,0.2966,161,0.0093
node-local,tiny,2256,move,accepted,moved,1,0.0109,0.0155,0.0021,0.3297,0.0032,0.3615,187,0.0105
node-local,tiny,2257,look,accepted,observed,0,0.0124,0.0133,0.0020,0.2755,0.0020,0.3053,161,0.0094
node-local,tiny,2258,move,accepted,moved,1,0.0117,0.0150,0.0022,0.3182,0.0027,0.3498,191,0.0094
node-local,tiny,2259,move,accepted,moved,1,0.0113,0.0141,0.0022,0.3161,0.0026,0.3463,187,0.0093
node-local,tiny,2260,move,accepted,moved,1,0.0110,0.0144,0.0022,0.3064,0.0027,0.3366,191,0.0093
node-local,tiny,2261,look,accepted,observed,0,0.0118,0.0131,0.0019,0.3412,0.0021,0.3702,161,0.0094
node-local,tiny,2262,drop,accepted,dropped,1,0.0110,0.0140,0.0022,0.3215,0.0028,0.3515,198,0.0094
node-local,tiny,2263,take,accepted,taken,1,0.0111,0.0144,0.0022,0.3155,0.0028,0.3460,189,0.0098
node-local,tiny,2264,move,accepted,moved,1,0.0112,0.0145,0.0023,0.3247,0.0029,0.3557,187,0.0097
node-local,tiny,2265,move,accepted,moved,1,0.0112,0.0149,0.0022,0.3130,0.0026,0.3439,189,0.0093
node-local,tiny,2266,move,accepted,moved,1,0.0111,0.0143,0.0021,0.3198,0.0027,0.3500,187,0.0094
node-local,tiny,2267,move,accepted,moved,1,0.0112,0.0143,0.0021,0.3202,0.0027,0.3505,191,0.0099
node-local,tiny,2268,look,accepted,observed,0,0.0111,0.0128,0.0019,0.2758,0.0022,0.3038,161,0.0093
node-local,tiny,2269,drop,rejected,integrity_conflict,0,0.0203,0.0104,0.0000,0.0000,0.0015,0.0323,0,0.0093
node-local,tiny,2270,move,accepted,moved,1,0.0095,0.0140,0.0022,0.3065,0.0028,0.3350,189,0.0094
node-local,tiny,2271,wait,rejected,invalid_time,0,0.0108,0.0145,0.0020,0.2713,0.0021,0.3007,165,0.0094
node-local,tiny,2272,look,accepted,observed,0,0.0121,0.0130,0.0019,0.2712,0.0022,0.3004,161,0.0093
node-local,tiny,2273,look,accepted,observed,0,0.0107,0.0130,0.0019,0.2686,0.0021,0.2962,161,0.0092
node-local,tiny,2274,look,accepted,observed,0,0.0107,0.0126,0.0020,0.2686,0.0021,0.2960,161,0.0093
node-local,tiny,2275,move,accepted,moved,1,0.0116,0.0149,0.0045,0.3242,0.0032,0.3583,191,0.0100
node-local,tiny,2276,move,accepted,moved,1,0.0121,0.0160,0.0023,0.3304,0.0027,0.3635,189,0.0093
node-local,tiny,2277,drop,accepted,dropped,1,0.0110,0.0138,0.0022,0.3150,0.0028,0.3447,196,0.0094
node-local,tiny,2278,choose,rejected,invalid_choice,0,0.0107,0.0140,0.0020,1.6900,0.0026,1.7193,167,0.0095
node-local,tiny,2279,move,accepted,moved,1,0.0118,0.0150,0.0021,0.3466,0.0028,0.3783,191,0.0094
node-local,tiny,2280,move,accepted,moved,1,0.0111,0.0143,0.0023,0.3274,0.0028,0.3579,187,0.0095
node-local,tiny,2281,look,accepted,observed,0,0.0113,0.0127,0.0019,0.2740,0.0022,0.3020,161,0.0092
node-local,tiny,2282,activate,rejected,not_eligible,0,0.0109,0.0135,0.0019,0.2728,0.0022,0.3012,165,0.0093
node-local,tiny,2283,look,accepted,observed,0,0.0116,0.0128,0.0019,0.2708,0.0023,0.2994,161,0.0092
node-local,tiny,2284,move,accepted,moved,1,0.0108,0.0148,0.0023,0.3339,0.0027,0.3644,191,0.0093
node-local,tiny,2285,choose,rejected,invalid_choice,0,0.0111,0.0152,0.0019,0.2865,0.0025,0.3173,167,0.0099
node-local,tiny,2286,look,accepted,observed,0,0.0122,0.0131,0.0020,0.2822,0.0022,0.3118,161,0.0092
node-local,tiny,2287,look,accepted,observed,0,0.0110,0.0126,0.0020,0.2771,0.0021,0.3048,161,0.0094
node-local,tiny,2288,move,rejected,exit_unavailable,0,0.0110,0.1605,0.0024,0.2910,0.0024,0.4672,169,0.0099
node-local,tiny,2289,move,accepted,moved,1,0.0114,0.0149,0.0022,0.3415,0.0028,0.3727,187,0.0095
node-local,tiny,2290,move,rejected,exit_unavailable,0,0.0110,0.0148,0.0019,2.1324,0.0028,2.1628,169,0.0094
node-local,tiny,2291,move,accepted,moved,1,0.0117,0.0150,0.0027,0.3199,0.0028,0.3521,191,0.0093
node-local,tiny,2292,move,accepted,moved,1,0.0113,0.0149,0.0022,0.3080,0.0028,0.3392,187,0.0093
node-local,tiny,2293,move,accepted,moved,1,0.0115,0.0146,0.0022,0.3345,0.0027,0.3655,189,0.0095
node-local,tiny,2294,move,accepted,moved,1,0.0108,0.0140,0.0021,0.3209,0.0027,0.3505,187,0.0094
node-local,tiny,2295,move,accepted,moved,1,0.0113,0.0147,0.0021,0.3248,0.0027,0.3557,191,0.0093
node-local,tiny,2296,choose,rejected,invalid_choice,0,0.0118,0.0161,0.0020,0.2827,0.0022,0.3148,167,0.0093
node-local,tiny,2297,look,accepted,observed,0,0.0108,0.0129,0.0020,0.2780,0.0022,0.3057,161,0.0095
node-local,tiny,2298,close_choice,rejected,invalid_choice,0,0.0107,0.0142,0.0019,0.2747,0.0021,0.3036,167,0.0094
node-local,tiny,2299,choose,rejected,stale_view,0,0.0115,0.0134,0.0019,0.3527,0.0021,0.3817,163,0.0093
node-local,tiny,2300,move,accepted,moved,1,0.0109,0.0144,0.0022,0.3205,0.0027,0.3507,187,0.0093
node-local,tiny,2301,wait,rejected,invalid_time,0,0.0109,0.0147,0.0020,0.2992,0.0022,0.3289,165,0.0095
node-local,tiny,2302,look,accepted,observed,0,0.0107,0.0130,0.0020,0.3068,0.0020,0.3345,161,0.0092
node-local,tiny,2303,look,accepted,observed,0,0.0110,0.0127,0.0022,0.2885,0.0029,0.3174,161,0.0100
node-local,tiny,2304,move,rejected,exit_unavailable,0,0.0138,0.0158,0.0020,0.2967,0.0025,0.3309,169,0.0098
node-local,tiny,2305,move,accepted,moved,1,0.0120,0.0155,0.0023,0.3341,0.0028,0.3667,189,0.0095
node-local,tiny,2306,look,accepted,observed,0,0.0113,0.0128,0.0019,2.0098,0.0027,2.0385,161,0.0094
node-local,tiny,2307,take,rejected,not_present,0,0.0118,0.0147,0.0020,1.7731,0.0027,1.8043,164,0.0103
node-local,tiny,2308,move,accepted,moved,1,0.0121,0.0151,0.0022,0.3373,0.0034,0.3700,187,0.0095
node-local,tiny,2309,close_choice,rejected,invalid_choice,0,0.0118,0.0143,0.0020,0.2870,0.0023,0.3174,167,0.0095
node-local,tiny,2310,move,accepted,moved,1,0.0113,0.0145,0.0021,0.3290,0.0027,0.3596,189,0.0095
node-local,tiny,2311,talk,rejected,not_eligible,0,0.0113,0.0142,0.0019,0.2838,0.0022,0.3135,165,0.0101
node-local,tiny,2312,look,accepted,observed,0,0.0112,0.0128,0.0019,0.2910,0.0021,0.3191,161,0.0093
node-local,tiny,2313,move,accepted,moved,1,0.0118,0.0142,0.0021,0.3278,0.0028,0.3586,187,0.0093
node-local,tiny,2314,talk,rejected,not_eligible,0,0.0109,0.0137,0.0019,0.2842,0.0021,0.3127,165,0.0093
node-local,tiny,2315,take,rejected,not_present,0,0.0109,0.0144,0.0019,0.2832,0.0022,0.3125,164,0.0100
node-local,tiny,2316,move,accepted,moved,1,0.0119,0.0150,0.0022,0.3273,0.0028,0.3591,191,0.0286
node-local,tiny,2317,activate,rejected,not_eligible,0,0.0115,0.0137,0.0019,0.9638,0.0026,0.9935,165,0.0099
node-local,tiny,2318,take,rejected,not_present,0,0.0120,0.0150,0.0019,0.2940,0.0022,0.3251,164,0.0093
node-local,tiny,2319,activate,rejected,not_eligible,0,0.0116,0.0127,0.0019,1.9619,0.0026,1.9908,165,0.0100
node-local,tiny,2320,wait,rejected,invalid_time,0,0.0118,0.0154,0.0019,0.2879,0.0022,0.3192,165,0.0095
node-local,tiny,2321,look,accepted,observed,0,0.0113,0.0130,0.0020,0.2957,0.0043,0.3263,161,0.0141
node-local,tiny,2322,take,rejected,not_present,0,0.0178,0.0200,0.0025,0.3089,0.0022,0.3513,164,0.0093
node-local,tiny,2323,move,accepted,moved,1,0.0118,0.0155,0.0022,0.3307,0.0028,0.3630,187,0.0093
node-local,tiny,2324,close_choice,rejected,invalid_choice,0,0.0114,0.0145,0.0019,0.3252,0.0022,0.3552,167,0.0093
node-local,tiny,2325,move,accepted,moved,1,0.0110,0.0143,0.0022,0.3587,0.0034,0.3897,189,0.0113
node-local,tiny,2326,look,accepted,observed,0,0.0129,0.0169,0.0025,0.3080,0.0024,0.3427,161,0.0105
node-local,tiny,2327,wait,rejected,invalid_time,0,0.0120,0.0169,0.0021,0.2922,0.0024,0.3257,165,0.0103
node-local,tiny,2328,move,accepted,moved,1,0.0116,0.0177,0.0025,0.4067,0.0030,0.4415,187,0.0093
node-local,tiny,2329,take,rejected,not_present,0,0.0112,0.0137,0.0020,0.2860,0.0024,0.3153,164,0.0101
node-local,tiny,2330,look,accepted,observed,0,0.0119,0.0146,0.0020,0.2944,0.0023,0.3251,161,0.0098
node-local,tiny,2331,take,rejected,not_present,0,0.0112,0.0149,0.0020,1.7898,0.0028,1.8207,164,0.0100
node-local,tiny,2332,look,accepted,observed,0,0.0127,0.0142,0.0020,0.3172,0.0028,0.3489,161,0.0098
node-local,tiny,2333,move,rejected,exit_unavailable,0,0.0126,0.0160,0.0020,0.3312,0.0032,0.3650,169,0.0105
node-local,tiny,2334,look,accepted,observed,0,0.0144,0.0147,0.0021,0.3149,0.0031,0.3492,161,0.0104
node-local,tiny,2335,wait,rejected,invalid_time,0,0.0133,0.0170,0.0021,1.7138,0.0028,1.7490,165,0.0098
node-local,tiny,2336,move,accepted,moved,1,0.0120,0.0161,0.0024,0.3234,0.0029,0.3567,189,0.0109
node-local,tiny,2337,take,rejected,not_present,0,0.0121,0.0147,0.0019,0.2813,0.0021,0.3122,164,0.0096
node-local,tiny,2338,wait,rejected,invalid_time,0,0.0117,0.0146,0.0020,0.3581,0.0027,0.3891,165,0.0095
node-local,tiny,2339,talk,rejected,not_eligible,0,0.0120,0.0146,0.0020,0.2942,0.0022,0.3249,165,0.0129
node-local,tiny,2340,talk,rejected,not_eligible,0,0.0113,0.0149,0.0021,0.6632,0.0027,0.6942,165,0.0104
node-local,tiny,2341,look,accepted,observed,0,0.0119,0.0134,0.0019,0.2872,0.0027,0.3172,161,0.0097
node-local,tiny,2342,move,accepted,moved,1,0.0118,0.0160,0.0023,0.3421,0.0029,0.3751,187,0.0094
node-local,tiny,2343,move,accepted,moved,1,0.0118,0.0148,0.0022,0.3381,0.0027,0.3697,191,0.0095
node-local,tiny,2344,move,accepted,moved,1,0.0111,0.0145,0.0021,0.3302,0.0030,0.3610,189,0.0104
node-local,tiny,2345,look,accepted,observed,0,0.0114,0.0139,0.0021,0.2870,0.0022,0.3167,161,0.0095
node-local,tiny,2346,move,accepted,moved,1,0.0112,0.0159,0.0023,0.3373,0.0027,0.3693,191,0.0097
node-local,tiny,2347,look,accepted,observed,0,0.0113,0.0133,0.0019,0.2844,0.0022,0.3132,161,0.0093
node-local,tiny,2348,look,accepted,observed,0,0.0118,0.0128,0.0019,0.3128,0.0020,0.3414,161,0.0103
node-local,tiny,2349,activate,rejected,not_eligible,0,0.0111,0.0137,0.0020,0.3490,0.0023,0.3781,165,0.0098
node-local,tiny,2350,choose,rejected,stale_view,0,0.0114,0.0136,0.0020,0.2877,0.0020,0.3168,163,0.0095
node-local,tiny,2351,look,accepted,observed,0,0.0117,0.0130,0.0018,0.2872,0.0020,0.3157,161,0.0096
node-local,tiny,2352,look,accepted,observed,0,0.0109,0.0127,0.0020,0.2823,0.0021,0.3100,161,0.0093
node-local,tiny,2353,choose,rejected,invalid_choice,0,0.0130,0.0169,0.0020,2.8056,0.0028,2.8403,167,0.0097
node-local,tiny,2354,move,accepted,moved,1,0.0125,0.0163,0.0023,0.3263,0.0029,0.3602,189,0.0098
node-local,tiny,2355,wait,rejected,invalid_time,0,0.0107,0.0150,0.0019,0.2905,0.0023,0.3205,165,0.0095
node-local,tiny,2356,look,accepted,observed,0,0.0105,0.0134,0.0020,0.2713,0.0023,0.2994,161,0.0095
node-local,tiny,2357,move,accepted,moved,1,0.0114,0.0154,0.0022,0.3202,0.0027,0.3518,191,0.0095
node-local,tiny,2358,wait,rejected,invalid_time,0,0.0120,0.0142,0.0019,0.2819,0.0022,0.3123,165,0.0095
node-local,tiny,2359,look,accepted,observed,0,0.0114,0.0128,0.0019,0.2796,0.0022,0.3078,161,0.0094
node-local,tiny,2360,look,accepted,observed,0,0.0109,0.0125,0.0023,0.2808,0.0023,0.3088,161,0.0093
node-local,tiny,2361,look,accepted,observed,0,0.0115,0.0124,0.0019,0.2857,0.0020,0.3135,161,0.0095
node-local,tiny,2362,wait,accepted,waited,1,0.0112,0.0156,0.0025,0.3375,0.0030,0.3698,201,0.0094
node-local,tiny,2363,talk,rejected,not_eligible,0,0.0109,0.0140,0.0019,0.2821,0.0021,0.3110,165,0.0094
node-local,tiny,2364,drop,replayed,dropped,0,0.0365,0.0120,0.0000,0.0000,0.0016,0.0503,0,0.0098
node-local,tiny,2365,look,accepted,observed,0,0.0097,0.0126,0.0019,0.3397,0.0021,0.3660,161,0.0092
node-local,tiny,2366,look,accepted,observed,0,0.0108,0.0127,0.0019,0.2822,0.0021,0.3097,161,0.0093
node-local,tiny,2367,move,accepted,moved,1,0.0108,0.0150,0.0023,0.3681,0.0027,0.3989,187,0.0094
node-local,tiny,2368,take,rejected,not_present,0,0.0193,0.0146,0.0019,0.3649,0.0023,0.4030,164,0.0104
node-local,tiny,2369,look,accepted,observed,0,0.0170,0.0134,0.0020,0.4027,0.0021,0.4371,161,0.0093
node-local,tiny,2370,look,accepted,observed,0,0.0159,0.0130,0.0019,0.3611,0.0021,0.3939,161,0.0093
node-local,tiny,2371,choose,rejected,stale_view,0,0.0148,0.0135,0.0019,0.3389,0.0021,0.3712,163,0.0094
node-local,tiny,2372,take,replayed,not_present,0,0.0224,0.0110,0.0000,0.0000,0.0016,0.0351,0,0.0092
node-local,tiny,2373,look,accepted,observed,0,0.0128,0.0131,0.0019,2.0841,0.0027,2.1147,161,0.0098
node-local,tiny,2374,talk,rejected,not_eligible,0,0.0157,0.0144,0.0020,0.2960,0.0022,0.3303,165,0.0097
node-local,tiny,2375,move,accepted,moved,1,0.0121,0.0156,0.0022,0.3642,0.0028,0.3969,191,0.0096
node-local,tiny,2376,wait,rejected,invalid_time,0,0.0117,0.0145,0.0020,0.3156,0.0022,0.3459,165,0.0095
node-local,tiny,2377,take,rejected,not_present,0,0.0135,0.0138,0.0020,0.3922,0.0026,0.4241,164,0.0093
node-local,tiny,2378,look,accepted,observed,0,0.0142,0.0132,0.0019,1.8091,0.0027,1.8412,161,0.0095
node-local,tiny,2379,talk,rejected,not_eligible,0,0.0153,0.0145,0.0019,0.3222,0.0021,0.3560,165,0.0093
node-local,tiny,2380,look,accepted,observed,0,0.0141,0.0125,0.0020,1.8991,0.0028,1.9305,161,0.0094
node-local,tiny,2381,move,rejected,exit_unavailable,0,0.0151,0.0152,0.0021,0.3890,0.0021,0.4235,169,0.0102
node-local,tiny,2382,move,accepted,moved,1,0.0148,0.0154,0.0023,0.3754,0.0027,0.4106,187,0.0096
node-local,tiny,2383,choose,rejected,stale_view,0,0.0161,0.0126,0.0019,0.3237,0.0023,0.3566,163,0.0095
node-local,tiny,2384,move,accepted,moved,1,0.0147,0.0146,0.0022,0.3629,0.0028,0.3972,189,0.0095
node-local,tiny,2385,choose,rejected,invalid_choice,0,0.0114,0.0139,0.0020,0.3049,0.0031,0.3353,167,0.0111
node-local,tiny,2386,wait,rejected,invalid_time,0,0.0147,0.0163,0.0020,0.3654,0.0024,0.4008,165,0.0098
node-local,tiny,2387,talk,rejected,not_eligible,0,0.0117,0.0144,0.0020,0.2885,0.0023,0.3188,165,0.0094
node-local,tiny,2388,wait,rejected,invalid_time,0,0.0122,0.0142,0.0020,0.2900,0.0020,0.3205,165,0.0095
node-local,tiny,2389,look,accepted,observed,0,0.0109,0.0128,0.0020,0.2842,0.0021,0.3119,161,0.0093
node-local,tiny,2390,choose,rejected,invalid_choice,0,0.0108,0.0134,0.0019,0.3616,0.0021,0.3898,167,0.0092
node-local,tiny,2391,look,accepted,observed,0,0.0113,0.0128,0.0020,0.2882,0.0021,0.3164,161,0.0095
node-local,tiny,2392,look,accepted,observed,0,0.0107,0.0127,0.0019,0.2778,0.0021,0.3053,161,0.0092
node-local,tiny,2393,activate,rejected,not_eligible,0,0.0109,0.0132,0.0020,0.2794,0.0022,0.3077,165,0.0095
node-local,tiny,2394,wait,rejected,invalid_time,0,0.0109,0.0144,0.0019,0.2844,0.0021,0.3136,165,0.0093
node-local,tiny,2395,talk,rejected,not_eligible,0,0.0106,0.0135,0.0019,0.2816,0.0022,0.3098,165,0.0093
node-local,tiny,2396,look,accepted,observed,0,0.0113,0.0127,0.0019,1.3535,0.0027,1.3822,161,0.0093
node-local,tiny,2397,move,accepted,moved,1,0.0117,0.0150,0.0022,0.3568,0.0028,0.3885,187,0.0094
node-local,tiny,2398,move,accepted,moved,1,0.0120,0.0151,0.0027,0.3386,0.0035,0.3719,191,0.0097
node-local,tiny,2399,choose,rejected,stale_view,0,0.0132,0.0132,0.0020,0.3751,0.0026,0.4061,163,0.0100
node-local,tiny,2400,move,accepted,moved,1,0.0123,0.0159,0.0024,0.3397,0.0027,0.3729,187,0.0094
node-local,tiny,2401,move,accepted,moved,1,0.0136,0.0146,0.0022,0.3381,0.0029,0.3714,189,0.0095
node-local,tiny,2402,move,rejected,exit_unavailable,0,0.0111,0.0144,0.0021,0.2974,0.0023,0.3273,169,0.0097
node-local,tiny,2403,take,rejected,not_present,0,0.0120,0.0140,0.0020,0.3006,0.0022,0.3307,164,0.0093
node-local,tiny,2404,move,accepted,moved,1,0.0109,0.0147,0.0022,0.3292,0.0028,0.3597,187,0.0094
node-local,tiny,2405,talk,rejected,not_eligible,0,0.0113,0.0138,0.0020,0.3748,0.0021,0.4040,165,0.0127
node-local,tiny,2406,move,accepted,moved,1,0.0115,0.0141,0.0023,0.3285,0.0028,0.3592,189,0.0094
node-local,tiny,2407,look,accepted,observed,0,0.0109,0.0132,0.0019,0.2908,0.0023,0.3190,161,0.0094
node-local,tiny,2408,look,accepted,observed,0,0.0110,0.0127,0.0019,1.4259,0.0028,1.4543,161,0.0096
node-local,tiny,2409,move,accepted,moved,1,0.0134,0.0153,0.0022,0.3224,0.0028,0.3561,187,0.0095
node-local,tiny,2410,move,accepted,moved,1,0.0112,0.0144,0.0022,0.3367,0.0033,0.3678,189,0.0095
node-local,tiny,2411,move,accepted,moved,1,0.0115,0.0139,0.0021,0.3287,0.0034,0.3595,187,0.0095
node-local,tiny,2412,move,accepted,moved,1,0.0127,0.0147,0.0022,0.3288,0.0028,0.3612,191,0.0093
node-local,tiny,2413,talk,rejected,not_eligible,0,0.0110,0.0136,0.0020,0.2956,0.0023,0.3246,165,0.0093
node-local,tiny,2414,look,accepted,observed,0,0.0117,0.0132,0.0025,0.3017,0.0023,0.3313,161,0.0095
node-local,tiny,2415,talk,rejected,not_eligible,0,0.0111,0.0134,0.0020,1.3726,0.0027,1.4018,165,0.0095
node-local,tiny,2416,take,rejected,not_present,0,0.0151,0.0143,0.0019,0.2916,0.0028,0.3257,164,0.0095
node-local,tiny,2417,move,rejected,exit_unavailable,0,0.0118,0.0143,0.0020,0.2789,0.0022,0.3092,169,0.0095
node-local,tiny,2418,talk,rejected,not_eligible,0,0.0139,0.0131,0.0019,1.1450,0.0026,1.1765,165,0.1783
node-local,tiny,2419,take,rejected,not_present,0,0.0177,0.0187,0.0025,0.5635,0.0028,0.6052,164,0.0095
node-local,tiny,2420,look,accepted,observed,0,0.0153,0.0135,0.0020,0.4483,0.0028,0.4818,161,0.0097
node-local,tiny,2421,move,accepted,moved,1,0.0125,0.0159,0.0022,0.3270,0.0030,0.3606,187,0.0094
node-local,tiny,2422,look,accepted,observed,0,0.0108,0.0135,0.0020,0.5840,0.0023,0.6126,161,0.0095
node-local,tiny,2423,look,accepted,observed,0,0.0114,0.0126,0.0019,0.2920,0.0022,0.3200,161,0.0095
node-local,tiny,2424,move,rejected,exit_unavailable,0,0.0112,0.0147,0.0020,1.7220,0.0027,1.7525,169,0.0095
node-local,tiny,2425,look,accepted,observed,0,0.0120,0.0130,0.0019,0.2802,0.0021,0.3093,161,0.0092
node-local,tiny,2426,take,rejected,not_present,0,0.0111,0.0142,0.0022,0.2856,0.0026,0.3157,164,0.0093
node-local,tiny,2427,look,accepted,observed,0,0.0113,0.0127,0.0020,0.2943,0.0021,0.3224,161,0.0093
node-local,tiny,2428,move,accepted,moved,1,0.0112,0.0142,0.0022,0.3278,0.0028,0.3582,189,0.0094
node-local,tiny,2429,move,rejected,exit_unavailable,0,0.0117,0.0133,0.0019,0.2910,0.0021,0.3201,169,0.0093
node-local,tiny,2430,move,accepted,moved,1,0.0108,0.0140,0.0023,0.3457,0.0028,0.3755,187,0.0102
node-local,tiny,2431,activate,rejected,not_eligible,0,0.0119,0.0137,0.0020,0.3097,0.0021,0.3394,165,0.0092
node-local,tiny,2432,look,accepted,observed,0,0.0118,0.0129,0.0020,0.4275,0.0027,0.4568,161,0.0100
node-local,tiny,2433,look,accepted,observed,0,0.0125,0.0140,0.0021,0.3094,0.0021,0.3400,161,0.0093
node-local,tiny,2434,look,accepted,observed,0,0.0115,0.0128,0.0019,0.3100,0.0021,0.3383,161,0.0101
node-local,tiny,2435,move,accepted,moved,1,0.0113,0.0151,0.0023,0.3379,0.0027,0.3693,191,0.0093
node-local,tiny,2436,move,accepted,moved,1,0.0111,0.0149,0.0022,0.3316,0.0029,0.3626,187,0.0093
node-local,tiny,2437,look,accepted,observed,0,0.0112,0.0125,0.0019,0.3004,0.0022,0.3282,161,0.0092
node-local,tiny,2438,take,replayed,not_present,0,0.0291,0.0116,0.0000,0.0000,0.0016,0.0424,0,0.0096
node-local,tiny,2439,move,accepted,moved,1,0.0099,0.0139,0.0022,0.3267,0.0028,0.3554,189,0.0096
node-local,tiny,2440,move,accepted,moved,1,0.0111,0.0145,0.0022,0.3297,0.0027,0.3603,187,0.0093
node-local,tiny,2441,choose,rejected,invalid_choice,0,0.0110,0.0157,0.0020,0.2985,0.0023,0.3295,167,0.0093
node-local,tiny,2442,move,accepted,moved,1,0.0117,0.0142,0.0022,0.4419,0.0028,0.4727,189,0.0098
node-local,tiny,2443,look,accepted,observed,0,0.0113,0.0128,0.0019,0.3801,0.0023,0.4085,161,0.0097
node-local,tiny,2444,look,accepted,observed,0,0.0114,0.0129,0.0020,0.2936,0.0021,0.3220,161,0.0094
node-local,tiny,2445,take,replayed,not_present,0,0.0200,0.0109,0.0000,0.0000,0.0016,0.0325,0,0.0093
node-local,tiny,2446,take,rejected,not_present,0,0.0096,0.0137,0.0019,0.2963,0.0020,0.3236,164,0.0093
node-local,tiny,2447,talk,rejected,not_eligible,0,0.0120,0.0138,0.0024,0.2912,0.0021,0.3215,165,0.0094
node-local,tiny,2448,close_choice,rejected,invalid_choice,0,0.0108,0.0142,0.0019,1.8330,0.0027,1.8626,167,0.0093
node-local,tiny,2449,move,accepted,moved,1,0.0124,0.0149,0.0021,0.3585,0.0028,0.3908,187,0.0095
node-local,tiny,2450,move,accepted,moved,1,0.0129,0.0150,0.0022,0.3191,0.0028,0.3519,191,0.0095
node-local,tiny,2451,talk,rejected,not_eligible,0,0.0109,0.0139,0.0023,0.2961,0.0021,0.3253,165,0.0093
node-local,tiny,2452,choose,rejected,stale_view,0,0.0108,0.0131,0.0020,0.5822,0.0022,0.6103,163,0.0095
node-local,tiny,2453,activate,rejected,not_eligible,0,0.0118,0.0133,0.0020,0.3017,0.0021,0.3308,165,0.0092
node-local,tiny,2454,move,accepted,moved,1,0.0107,0.0150,0.0022,0.3078,0.0027,0.3384,187,0.0096
node-local,tiny,2455,move,accepted,moved,1,0.0108,0.0140,0.0021,0.3037,0.0034,0.3340,189,0.0093
node-local,tiny,2456,wait,rejected,invalid_time,0,0.0113,0.0150,0.0021,0.3001,0.0023,0.3307,165,0.0098
node-local,tiny,2457,talk,rejected,not_eligible,0,0.0115,0.0140,0.0020,1.8182,0.0027,1.8484,165,0.0093
node-local,tiny,2458,move,accepted,moved,1,0.0117,0.0150,0.0024,0.3037,0.0027,0.3355,187,0.0093
node-local,tiny,2459,look,accepted,observed,0,0.0115,0.0130,0.0020,1.2155,0.0027,1.2448,161,0.0101
node-local,tiny,2460,look,accepted,observed,0,0.0127,0.0132,0.0019,0.2960,0.0021,0.3259,161,0.0095
node-local,tiny,2461,move,accepted,moved,1,0.0110,0.0139,0.0022,0.3081,0.0028,0.3379,189,0.0092
node-local,tiny,2462,look,accepted,observed,0,0.0113,0.0129,0.0019,0.2941,0.0021,0.3223,161,0.0094
node-local,tiny,2463,move,accepted,moved,1,0.0119,0.0139,0.0021,0.3032,0.0027,0.3338,187,0.0100
node-local,tiny,2464,take,rejected,not_present,0,0.0108,0.0139,0.0020,0.4016,0.0022,0.4305,164,0.0095
node-local,tiny,2465,choose,rejected,invalid_choice,0,0.0113,0.0170,0.0020,0.2961,0.0022,0.3285,167,0.0099
node-local,tiny,2466,move,accepted,moved,1,0.0118,0.0145,0.0022,0.3215,0.0027,0.3527,189,0.0095
node-local,tiny,2467,move,accepted,moved,1,0.0112,0.0139,0.0022,0.3304,0.0027,0.3604,187,0.0099
node-local,tiny,2468,take,rejected,not_present,0,0.0110,0.0138,0.0020,0.3097,0.0028,0.3393,164,0.0095
node-local,tiny,2469,move,accepted,moved,1,0.0122,0.0146,0.0022,0.3122,0.0028,0.3440,189,0.0094
node-local,tiny,2470,move,accepted,moved,1,0.0121,0.0148,0.0023,0.3115,0.0026,0.3433,187,0.0119
node-local,tiny,2471,look,accepted,observed,0,0.0114,0.0130,0.0019,0.3047,0.0021,0.3331,161,0.0099
node-local,tiny,2472,move,rejected,exit_unavailable,0,0.0110,0.0140,0.0019,0.2991,0.0023,0.3283,169,0.0093
node-local,tiny,2473,look,accepted,observed,0,0.0116,0.0128,0.0020,0.2893,0.0021,0.3178,161,0.0092
node-local,tiny,2474,activate,rejected,not_eligible,0,0.0113,0.0134,0.0019,0.3358,0.0022,0.3645,165,0.0095
node-local,tiny,2475,look,accepted,observed,0,0.0114,0.0131,0.0021,0.2933,0.0021,0.3220,161,0.0100
node-local,tiny,2476,look,accepted,observed,0,0.0110,0.0127,0.0019,0.3668,0.0022,0.3945,161,0.0096
node-local,tiny,2477,move,accepted,moved,1,0.0116,0.0148,0.0022,0.3030,0.0027,0.3343,191,0.0095
node-local,tiny,2478,look,accepted,observed,0,0.0108,0.0126,0.0019,5.0185,0.0028,5.0466,161,0.0092
node-local,tiny,2479,move,accepted,moved,1,0.0120,0.0158,0.0023,0.3128,0.0032,0.3461,187,0.0095
node-local,tiny,2480,take,rejected,not_present,0,0.0128,0.0145,0.0020,0.2953,0.0022,0.3268,164,0.0092
node-local,tiny,2481,look,accepted,observed,0,0.0116,0.0130,0.0019,0.2746,0.0021,0.3033,161,0.0094
node-local,tiny,2482,move,accepted,moved,1,0.0112,0.0139,0.0022,0.3072,0.0027,0.3373,189,0.0093
node-local,tiny,2483,look,accepted,observed,0,0.0110,0.0126,0.0019,0.2751,0.0022,0.3028,161,0.0093
node-local,tiny,2484,move,accepted,moved,1,0.0110,0.1645,0.0023,0.3235,0.0028,0.5041,187,0.0096
node-local,tiny,2485,choose,rejected,invalid_choice,0,0.0125,0.0152,0.0020,0.2738,0.0021,0.3056,167,0.0092
node-local,tiny,2486,look,accepted,observed,0,0.0106,0.0130,0.0019,0.2678,0.0021,0.2954,161,0.0093
node-local,tiny,2487,move,accepted,moved,1,0.0117,0.0140,0.0021,0.3045,0.0027,0.3350,189,0.0097
node-local,tiny,2488,move,rejected,exit_unavailable,0,0.0110,0.0136,0.0020,0.2720,0.0022,0.3007,169,0.0094
node-local,tiny,2489,look,accepted,observed,0,0.0116,0.0127,0.0020,0.2729,0.0020,0.3011,161,0.0093
node-local,tiny,2490,move,accepted,moved,1,0.0112,0.0138,0.0021,0.3400,0.0026,0.3697,187,0.0093
node-local,tiny,2491,look,accepted,observed,0,0.0114,0.0127,0.0019,0.2717,0.0021,0.2998,161,0.0096
node-local,tiny,2492,move,accepted,moved,1,0.0117,0.0148,0.0022,0.3036,0.0027,0.3350,191,0.0093
node-local,tiny,2493,talk,rejected,not_eligible,0,0.0109,0.0139,0.0020,0.2818,0.0022,0.3107,165,0.0094
node-local,tiny,2494,take,rejected,not_present,0,0.0112,0.0142,0.0021,0.2786,0.0021,0.3082,164,0.0095
node-local,tiny,2495,look,accepted,observed,0,0.0112,0.0130,0.0019,0.2754,0.0020,0.3036,161,0.0097
node-local,tiny,2496,move,accepted,moved,1,0.0110,0.0146,0.0021,0.3068,0.0027,0.3373,189,0.0093
node-local,tiny,2497,wait,rejected,invalid_time,0,0.0107,0.0146,0.0020,0.3430,0.0021,0.3724,165,0.0095
node-local,tiny,2498,look,accepted,observed,0,0.0115,0.0123,0.0020,0.2709,0.0021,0.2987,161,0.0092
node-local,tiny,2499,choose,rejected,stale_view,0,0.0112,0.0121,0.0019,1.7761,0.0026,1.8039,163,0.0102
node-local,tiny,2500,move,accepted,moved,1,0.0125,0.0166,0.0023,0.3126,0.0030,0.3469,191,0.0095
node-local,tiny,2501,move,accepted,moved,1,0.0118,0.0148,0.0022,0.3018,0.0027,0.3332,187,0.0093
node-local,tiny,2502,move,accepted,moved,1,0.0108,0.0148,0.0024,0.3129,0.0028,0.3438,191,0.0096
node-local,tiny,2503,move,accepted,moved,1,0.0114,0.0151,0.0022,0.3168,0.0028,0.3482,189,0.0102
node-local,tiny,2504,wait,rejected,invalid_time,0,0.0123,0.0150,0.0020,0.2696,0.0022,0.3011,165,0.0093
node-local,tiny,2505,take,replayed,not_present,0,0.0252,0.0115,0.0000,0.0000,0.0016,0.0384,0,0.0093
node-local,tiny,2506,look,accepted,observed,0,0.0095,0.0128,0.0020,0.2662,0.0022,0.2925,161,0.0091
node-local,tiny,2507,look,accepted,observed,0,0.0107,0.0128,0.0020,0.6213,0.0021,0.6489,161,0.0093
node-local,tiny,2508,move,accepted,moved,1,0.0109,0.0152,0.0023,0.3210,0.0034,0.3528,191,0.0093
node-local,tiny,2509,move,accepted,moved,1,0.0120,0.0152,0.0022,0.3134,0.0028,0.3456,189,0.0093
node-local,tiny,2510,take,accepted,taken,1,0.0112,0.0142,0.0023,0.3116,0.0028,0.3422,189,0.0093
node-local,tiny,2511,look,accepted,observed,0,0.0110,0.0129,0.0020,0.2699,0.0021,0.2979,161,0.0091
node-local,tiny,2512,look,accepted,observed,0,0.0109,0.0130,0.0019,0.2746,0.0021,0.3026,161,0.0093
node-local,tiny,2513,look,accepted,observed,0,0.0117,0.0123,0.0020,0.2739,0.0022,0.3021,161,0.0094
node-local,tiny,2514,look,accepted,observed,0,0.0113,0.0130,0.0019,0.2881,0.0022,0.3164,161,0.0095
node-local,tiny,2515,wait,rejected,invalid_time,0,0.0110,0.0139,0.0019,0.2685,0.0022,0.2975,165,0.0092
node-local,tiny,2516,look,accepted,observed,0,0.0106,0.0126,0.0023,0.3488,0.0021,0.3764,161,0.0093
node-local,tiny,2517,wait,rejected,invalid_time,0,0.0121,0.0135,0.0019,0.2682,0.0021,0.2979,165,0.0091
node-local,tiny,2518,look,accepted,observed,0,0.0107,0.0125,0.0020,0.2743,0.0022,0.3016,161,0.0095
node-local,tiny,2519,look,accepted,observed,0,0.0114,0.0129,0.0020,0.2697,0.0021,0.2981,161,0.0092
node-local,tiny,2520,wait,rejected,invalid_time,0,0.0110,0.0136,0.0019,0.2609,0.0021,0.2895,165,0.0098
node-local,tiny,2521,choose,rejected,invalid_choice,0,0.0107,0.0140,0.0020,0.2650,0.0021,0.2938,167,0.0093
node-local,tiny,2522,look,accepted,observed,0,0.0109,0.0126,0.0019,0.2670,0.0021,0.2945,161,0.0093
node-local,tiny,2523,choose,rejected,invalid_choice,0,0.0107,0.0137,0.0019,0.2617,0.0022,0.2901,167,0.0092
node-local,tiny,2524,move,rejected,exit_unavailable,0,0.0115,0.0134,0.0019,0.2606,0.0021,0.2895,169,0.0099
node-local,tiny,2525,activate,rejected,not_eligible,0,0.0106,0.0130,0.0019,0.2681,0.0020,0.2957,165,0.0092
node-local,tiny,2526,move,accepted,moved,1,0.0108,0.0148,0.0022,0.3057,0.0028,0.3363,191,0.0094
node-local,tiny,2527,move,accepted,moved,1,0.0118,0.0142,0.0022,0.3162,0.0027,0.3471,187,0.0093
node-local,tiny,2528,move,accepted,moved,1,0.0110,0.0140,0.0021,0.3075,0.0027,0.3374,189,0.0099
node-local,tiny,2529,move,accepted,moved,1,0.0108,0.0146,0.0022,0.3892,0.0026,0.4195,187,0.0093
node-local,tiny,2530,move,accepted,moved,1,0.0112,0.0139,0.0021,0.3156,0.0027,0.3455,189,0.0095
node-local,tiny,2531,look,accepted,observed,0,0.0110,0.0129,0.0019,0.2771,0.0021,0.3050,161,0.0094
node-local,tiny,2532,look,accepted,observed,0,0.0107,0.0126,0.0019,0.2611,0.0022,0.2885,161,0.0098
node-local,tiny,2533,move,accepted,moved,1,0.0108,0.0141,0.0021,0.3123,0.0028,0.3420,187,0.0093
node-local,tiny,2534,activate,rejected,not_eligible,0,0.0116,0.0132,0.0019,0.2707,0.0021,0.2995,165,0.0091
node-local,tiny,2535,move,accepted,moved,1,0.0105,0.0134,0.0022,0.3178,0.0027,0.3465,189,0.0093
node-local,tiny,2536,look,accepted,observed,0,0.0110,0.0128,0.0019,0.2678,0.0020,0.2955,161,0.0099
node-local,tiny,2537,move,rejected,exit_unavailable,0,0.0116,0.0152,0.0019,0.2983,0.0020,0.3291,169,0.0092
node-local,tiny,2538,look,accepted,observed,0,0.0108,0.0126,0.0019,0.2661,0.0021,0.2935,161,0.0093
node-local,tiny,2539,look,accepted,observed,0,0.0110,0.0127,0.0019,0.3503,0.0020,0.3779,161,0.0093
node-local,tiny,2540,look,accepted,observed,0,0.0109,0.0125,0.0019,0.2663,0.0020,0.2936,161,0.0092
node-local,tiny,2541,activate,rejected,not_eligible,0,0.0107,0.0133,0.0020,0.2660,0.0021,0.2940,165,0.0093
node-local,tiny,2542,talk,rejected,not_eligible,0,0.0107,0.0139,0.0020,0.2627,0.0022,0.2913,165,0.0093
node-local,tiny,2543,look,accepted,observed,0,0.0107,0.0125,0.0019,0.2847,0.0026,0.3124,161,0.0095
node-local,tiny,2544,wait,accepted,waited,1,0.0119,0.0180,0.0023,0.3162,0.0027,0.3510,185,0.0093
node-local,tiny,2545,look,accepted,observed,0,0.0115,0.0302,0.0021,0.2892,0.0030,0.3360,161,0.0101
node-local,tiny,2546,look,accepted,observed,0,0.0139,0.0140,0.0021,0.3068,0.0025,0.3394,161,0.0098
node-local,tiny,2547,drop,accepted,dropped,1,0.0121,0.0153,0.0025,0.4535,0.0045,0.4878,196,0.0262
node-local,tiny,2548,wait,rejected,invalid_time,0,0.0165,0.0201,0.0025,0.2904,0.0022,0.3317,165,0.0097
node-local,tiny,2549,move,accepted,moved,1,0.0109,0.0150,0.1553,0.3285,0.0030,0.5127,187,0.0103
node-local,tiny,2550,wait,rejected,invalid_time,0,0.0121,0.0161,0.0020,0.2769,0.0023,0.3095,165,0.0099
node-local,tiny,2551,wait,rejected,invalid_time,0,0.0121,0.0139,0.0020,0.2804,0.0022,0.3106,165,0.0094
node-local,tiny,2552,wait,rejected,invalid_time,0,0.0107,0.0137,0.0019,0.3445,0.0022,0.3730,165,0.0097
node-local,tiny,2553,look,accepted,observed,0,0.0105,0.0126,0.0020,0.2718,0.0022,0.2991,161,0.0095
node-local,tiny,2554,move,accepted,moved,1,0.0119,0.0138,0.0022,0.3120,0.0027,0.3427,189,0.0094
node-local,tiny,2555,activate,rejected,not_eligible,0,0.0110,0.0127,0.0020,0.2645,0.0021,0.2922,165,0.0095
node-local,tiny,2556,wait,rejected,invalid_time,0,0.0108,0.0137,0.0020,0.3436,0.0020,0.3720,165,0.0094
node-local,tiny,2557,move,accepted,moved,1,0.0120,0.0141,0.0023,0.3129,0.0028,0.3443,187,0.0095
node-local,tiny,2558,move,accepted,moved,1,0.0109,0.0147,0.0022,0.3277,0.0035,0.3590,191,0.0112
node-local,tiny,2559,move,rejected,exit_unavailable,0,0.0131,0.0167,0.0023,0.3575,0.0022,0.3918,169,0.0094
node-local,tiny,2560,look,accepted,observed,0,0.0107,0.0128,0.0020,0.2753,0.0021,0.3028,161,0.0092
node-local,tiny,2561,look,accepted,observed,0,0.0106,0.0128,0.0019,0.2618,0.0020,0.2892,161,0.0093
node-local,tiny,2562,look,accepted,observed,0,0.0111,0.0122,0.0019,0.3498,0.0022,0.3772,161,0.0093
node-local,tiny,2563,move,rejected,exit_unavailable,0,0.0109,0.0137,0.0020,0.2742,0.0021,0.3029,169,0.0094
node-local,tiny,2564,look,accepted,observed,0,0.0110,0.0124,0.0020,0.3346,0.0021,0.3620,161,0.0091
node-local,tiny,2565,take,rejected,not_present,0,0.0119,0.0140,0.0023,0.3443,0.0020,0.3745,164,0.0094
node-local,tiny,2566,move,accepted,moved,1,0.0108,0.0141,0.0022,0.3167,0.0030,0.3468,189,0.0098
node-local,tiny,2567,move,accepted,moved,1,0.0113,0.0153,0.0022,0.3323,0.0029,0.3640,191,0.0096
node-local,tiny,2568,wait,rejected,invalid_time,0,0.0120,0.0145,0.0020,0.2845,0.0022,0.3152,165,0.0093
node-local,tiny,2569,activate,rejected,not_eligible,0,0.0105,0.0130,0.0019,0.2600,0.0027,0.2881,165,0.0092
node-local,tiny,2570,take,rejected,not_present,0,0.0108,0.0139,0.0020,0.2623,0.0021,0.2911,164,0.0093
node-local,tiny,2571,move,accepted,moved,1,0.0105,0.0144,0.0021,0.3217,0.0027,0.3515,189,0.0094
node-local,tiny,2572,drop,rejected,integrity_conflict,0,0.0306,0.0109,0.0000,0.0000,0.0015,0.0431,0,0.0093
node-local,tiny,2573,move,accepted,moved,1,0.0095,0.0140,0.0023,0.3167,0.0027,0.3451,191,0.0104
node-local,tiny,2574,wait,rejected,invalid_time,0,0.0108,0.0139,0.0020,0.2657,0.0021,0.2945,165,0.0094
node-local,tiny,2575,look,accepted,observed,0,0.0107,0.0125,0.0020,1.8571,0.0028,1.8851,161,0.0093
node-local,tiny,2576,move,accepted,moved,1,0.0149,0.0146,0.0022,0.3139,0.0027,0.3483,189,0.0091
node-local,tiny,2577,look,accepted,observed,0,0.0109,0.0128,0.0019,1.2876,0.0027,1.3158,161,0.0097
node-local,tiny,2578,look,accepted,observed,0,0.0117,0.0126,0.0020,1.7440,0.0028,1.7730,161,0.0093
node-local,tiny,2579,take,rejected,not_present,0,0.0129,0.0141,0.0020,0.2779,0.0022,0.3090,164,0.0093
node-local,tiny,2580,look,accepted,observed,0,0.0113,0.0123,0.0019,0.2792,0.0021,0.3068,161,0.0094
node-local,tiny,2581,drop,replayed,dropped,0,0.0234,0.0112,0.0000,0.0000,0.0016,0.0363,0,0.0092
node-local,tiny,2582,look,accepted,observed,0,0.0099,0.0123,0.0020,0.2796,0.0022,0.3059,161,0.0097
node-local,tiny,2583,move,rejected,exit_unavailable,0,0.0123,0.0137,0.0019,0.2788,0.0020,0.3087,169,0.0093
node-local,tiny,2584,choose,rejected,invalid_choice,0,0.0116,0.0140,0.0019,0.2709,0.0021,0.3005,167,0.0093
node-local,tiny,2585,look,accepted,observed,0,0.0128,0.0124,0.0019,0.3010,0.0021,0.3302,161,0.0093
node-local,tiny,2586,look,accepted,observed,0,0.0124,0.0123,0.0019,0.3042,0.0030,0.3338,161,0.0109
node-local,tiny,2587,look,accepted,observed,0,0.0146,0.0145,0.0020,0.3516,0.0026,0.3854,161,0.0100
node-local,tiny,2588,move,accepted,moved,1,0.0121,0.0172,0.0025,0.3668,0.0031,0.4017,191,0.0098
node-local,tiny,2589,talk,rejected,not_eligible,0,0.0125,0.0152,0.0020,0.2866,0.0022,0.3186,165,0.0096
node-local,tiny,2590,talk,rejected,not_eligible,0,0.0113,0.0135,0.0020,0.2802,0.0022,0.3091,165,0.0105
node-local,tiny,2591,take,rejected,not_present,0,0.0113,0.0139,0.0021,0.2904,0.0021,0.3199,164,0.0094
node-local,tiny,2592,take,rejected,not_present,0,0.0113,0.0132,0.0019,0.2791,0.0021,0.3075,164,0.0093
node-local,tiny,2593,look,accepted,observed,0,0.0109,0.0125,0.0019,0.2828,0.0021,0.3102,161,0.0092
node-local,tiny,2594,activate,rejected,not_eligible,0,0.0108,0.0127,0.0019,0.2751,0.0021,0.3027,165,0.0097
node-local,tiny,2595,move,accepted,moved,1,0.0120,0.0141,0.0022,0.3310,0.0027,0.3620,189,0.0094
node-local,tiny,2596,move,accepted,moved,1,0.0115,0.0147,0.0022,0.3420,0.0026,0.3730,191,0.0091
node-local,tiny,2597,look,accepted,observed,0,0.0122,0.0125,0.0018,0.2758,0.0021,0.3045,161,0.0092
node-local,tiny,2598,move,accepted,moved,1,0.0114,0.0140,0.0023,0.3387,0.0026,0.3690,187,0.0094
node-local,tiny,2599,talk,rejected,not_eligible,0,0.0115,0.0132,0.0019,0.2746,0.0021,0.3034,165,0.0092
node-local,tiny,2600,move,accepted,moved,1,0.0110,0.0138,0.0022,0.3316,0.0025,0.3611,189,0.0093
node-local,tiny,2601,look,accepted,observed,0,0.0111,0.0125,0.0018,0.2762,0.0022,0.3039,161,0.0093
node-local,tiny,2602,move,accepted,moved,1,0.0109,0.0167,0.0022,0.3283,0.0029,0.3609,187,0.0093
node-local,tiny,2603,look,accepted,observed,0,0.0109,0.0123,0.0019,0.2728,0.0021,0.3001,161,0.0094
node-local,tiny,2604,move,rejected,exit_unavailable,0,0.0111,0.0144,0.0020,0.2812,0.0022,0.3108,169,0.0091
node-local,tiny,2605,move,accepted,moved,1,0.0118,0.0135,0.0022,0.3638,0.0031,0.3944,189,0.0097
node-local,tiny,2606,activate,rejected,not_eligible,0,0.0196,0.0133,0.0021,0.3427,0.0023,0.3800,165,0.0093
node-local,tiny,2607,look,accepted,observed,0,0.0156,0.0132,0.0019,0.3251,0.0021,0.3579,161,0.0092
node-local,tiny,2608,look,accepted,observed,0,0.0156,0.0125,0.0019,0.4315,0.0022,0.4636,161,0.0093
node-local,tiny,2609,take,accepted,taken,1,0.0158,0.0140,0.0023,0.3987,0.0027,0.4335,189,0.0096
node-local,tiny,2610,wait,rejected,invalid_time,0,0.0154,0.0155,0.0019,0.3678,0.0032,0.4037,165,0.0101
node-local,tiny,2611,look,accepted,observed,0,0.0184,0.0147,0.0020,0.3598,0.0027,0.3977,161,0.0100
node-local,tiny,2612,move,rejected,exit_unavailable,0,0.0200,0.0150,0.0021,0.3342,0.0022,0.3735,169,0.0094
node-local,tiny,2613,look,accepted,observed,0,0.0166,0.0129,0.0020,0.3324,0.0022,0.3661,161,0.0093
node-local,tiny,2614,activate,rejected,not_eligible,0,0.0179,0.0128,0.0019,0.3156,0.0021,0.3503,165,0.0094
node-local,tiny,2615,look,accepted,observed,0,0.0173,0.0124,0.0019,0.3164,0.0020,0.3500,161,0.1858
node-local,tiny,2616,choose,rejected,invalid_choice,0,0.0163,0.0157,0.0020,0.3195,0.0021,0.3556,167,0.0094
node-local,tiny,2617,look,accepted,observed,0,0.0134,0.0126,0.0019,0.2869,0.0030,0.3178,161,0.0100
node-local,tiny,2618,wait,rejected,invalid_time,0,0.0151,0.0162,0.0020,0.3238,0.0039,0.3610,165,0.0132
node-local,tiny,2619,move,accepted,moved,1,0.0170,0.0217,0.0031,0.3692,0.0028,0.4138,187,0.0095
node-local,tiny,2620,look,accepted,observed,0,0.0117,0.0124,0.0019,0.2704,0.0020,0.2984,161,0.0093
node-local,tiny,2621,drop,accepted,dropped,1,0.0122,0.0144,0.0024,0.3380,0.0027,0.3698,194,0.0093
node-local,tiny,2622,move,accepted,moved,1,0.0113,0.0149,0.0021,0.3162,0.0027,0.3473,191,0.0093
node-local,tiny,2623,look,accepted,observed,0,0.0110,0.0127,0.0020,0.2615,0.0020,0.2892,161,0.0092
node-local,tiny,2624,move,accepted,moved,1,0.0122,0.0142,0.0021,0.3392,0.0026,0.3703,189,0.0093
node-local,tiny,2625,choose,rejected,stale_view,0,0.0109,0.0121,0.0019,0.2767,0.0021,0.3037,163,0.0093
node-local,tiny,2626,take,rejected,not_present,0,0.0108,0.0140,0.0020,0.2721,0.0020,0.3009,164,0.0093
node-local,tiny,2627,move,accepted,moved,1,0.0106,0.0150,0.0021,0.3266,0.0027,0.3571,191,0.0093
node-local,tiny,2628,move,accepted,moved,1,0.0110,0.0142,0.0021,0.3220,0.0025,0.3518,187,0.0093
node-local,tiny,2629,wait,rejected,invalid_time,0,0.0111,0.0143,0.0020,0.2670,0.0021,0.2965,165,0.0094
node-local,tiny,2630,take,replayed,taken,0,0.0326,0.0113,0.0000,0.0000,0.0015,0.0455,0,0.0093
node-local,tiny,2631,look,accepted,observed,0,0.0097,0.0122,0.0023,0.2727,0.0021,0.2990,161,0.0091
node-local,tiny,2632,move,accepted,moved,1,0.0116,0.0143,0.0022,0.3453,0.0026,0.3759,191,0.0093
node-local,tiny,2633,take,rejected,not_present,0,0.0111,0.0134,0.0020,0.2863,0.0025,0.3153,164,0.0098
node-local,tiny,2634,wait,rejected,invalid_time,0,0.0111,0.0148,0.0022,0.2837,0.0020,0.3138,165,0.0092
node-local,tiny,2635,talk,rejected,not_eligible,0,0.0120,0.0137,0.0020,0.2819,0.0020,0.3115,165,0.0097
node-local,tiny,2636,take,rejected,not_present,0,0.0106,0.0134,0.0020,0.2673,0.0021,0.2953,164,0.0091
node-local,tiny,2637,wait,rejected,invalid_time,0,0.0105,0.0140,0.0019,0.2797,0.0020,0.3082,165,0.0093
node-local,tiny,2638,talk,rejected,not_eligible,0,0.0116,0.0134,0.0019,0.2897,0.0020,0.3188,165,0.0094
node-local,tiny,2639,choose,rejected,invalid_choice,0,0.0107,0.0174,0.0020,0.3542,0.0021,0.3863,167,0.0098
node-local,tiny,2640,look,accepted,observed,0,0.0111,0.0127,0.0019,0.2745,0.0021,0.3022,161,0.0093
node-local,tiny,2641,look,accepted,observed,0,0.0106,0.0121,0.0019,0.2885,0.0020,0.3150,161,0.0093
node-local,tiny,2642,look,accepted,observed,0,0.0107,0.0122,0.0020,0.2698,0.0020,0.2967,161,0.0091
node-local,tiny,2643,move,accepted,moved,1,0.0111,0.0145,0.0023,0.3284,0.0028,0.3590,187,0.0094
node-local,tiny,2644,wait,rejected,invalid_time,0,0.0108,0.0140,0.0020,0.2733,0.0021,0.3021,165,0.0092
node-local,tiny,2645,look,accepted,observed,0,0.0117,0.0122,0.0019,0.2718,0.0020,0.2996,161,0.0093
node-local,tiny,2646,move,accepted,moved,1,0.0108,0.0137,0.0022,0.3295,0.0027,0.3589,189,0.0094
node-local,tiny,2647,move,accepted,moved,1,0.0107,0.0140,0.0023,0.3193,0.0028,0.3491,187,0.0093
node-local,tiny,2648,look,accepted,observed,0,0.0120,0.0125,0.0019,0.2695,0.0021,0.2979,161,0.0091
node-local,tiny,2649,move,accepted,moved,1,0.0108,0.0139,0.0022,0.3249,0.0027,0.3544,191,0.0092
node-local,tiny,2650,look,accepted,observed,0,0.0112,0.0121,0.0019,0.2755,0.0020,0.3028,161,0.0093
node-local,tiny,2651,wait,rejected,invalid_time,0,0.0111,0.0135,0.0019,0.2685,0.0020,0.2971,165,0.0095
node-local,tiny,2652,drop,rejected,integrity_conflict,0,0.0205,0.0112,0.0000,0.0000,0.0015,0.0332,0,0.0094
node-local,tiny,2653,move,accepted,moved,1,0.0096,0.0140,0.0022,0.3345,0.0028,0.3631,187,0.0096
node-local,tiny,2654,move,rejected,exit_unavailable,0,0.0115,0.0149,0.0020,0.2842,0.0021,0.3147,169,0.0092
node-local,tiny,2655,move,rejected,exit_unavailable,0,0.0110,0.0135,0.0019,0.2789,0.0020,0.3073,169,0.0093
node-local,tiny,2656,activate,rejected,not_eligible,0,0.0117,0.0125,0.0022,3.1644,0.0028,3.1935,165,0.0099
node-local,tiny,2657,choose,rejected,invalid_choice,0,0.0119,0.0145,0.0019,0.2620,0.0021,0.2924,167,0.0093
node-local,tiny,2658,take,accepted,taken,1,0.0108,0.0141,0.0022,0.3329,0.0029,0.3629,189,0.0095
node-local,tiny,2659,drop,accepted,dropped,1,0.0117,0.0139,0.0022,0.3182,0.0028,0.3487,194,0.0093
node-local,tiny,2660,take,accepted,taken,1,0.0115,0.0135,0.0022,0.3218,0.0031,0.3521,189,0.0093
node-local,tiny,2661,look,accepted,observed,0,0.0113,0.0126,0.0019,0.2684,0.0021,0.2964,161,0.0093
node-local,tiny,2662,drop,accepted,dropped,1,0.0108,0.0132,0.0021,0.3263,0.0027,0.3551,194,0.0094
node-local,tiny,2663,wait,rejected,invalid_time,0,0.0108,0.0142,0.0020,0.3369,0.0023,0.3661,165,0.0093
node-local,tiny,2664,activate,rejected,not_eligible,0,0.0115,0.0124,0.0019,0.2762,0.0022,0.3042,165,0.0102
node-local,tiny,2665,look,accepted,observed,0,0.0108,0.0122,0.0020,1.2738,0.0027,1.3015,161,0.0094
node-local,tiny,2666,choose,rejected,invalid_choice,0,0.0120,0.0140,0.0019,0.2817,0.0021,0.3117,167,0.0092
node-local,tiny,2667,talk,rejected,not_eligible,0,0.0108,0.0133,0.0019,0.2715,0.0021,0.2997,165,0.0093
node-local,tiny,2668,wait,rejected,invalid_time,0,0.0110,0.0140,0.0018,0.2719,0.0021,0.3009,165,0.0098
node-local,tiny,2669,wait,rejected,invalid_time,0,0.0117,0.0138,0.0019,0.2700,0.0021,0.2995,165,0.0094
node-local,tiny,2670,look,accepted,observed,0,0.0106,0.0126,0.0019,0.2790,0.0020,0.3062,161,0.0092
node-local,tiny,2671,move,accepted,moved,1,0.0109,0.0143,0.0023,0.3320,0.0027,0.3621,191,0.0093
node-local,tiny,2672,look,accepted,observed,0,0.0116,0.0123,0.0019,0.2699,0.0021,0.2977,161,0.0093
node-local,tiny,2673,close_choice,rejected,invalid_choice,0,0.0109,0.0143,0.0019,0.2718,0.0021,0.3010,167,0.0097
node-local,tiny,2674,move,accepted,moved,1,0.0112,0.0151,0.0023,0.3334,0.0026,0.3645,187,0.0095
node-local,tiny,2675,look,accepted,observed,0,0.0110,0.0126,0.0020,0.2706,0.0020,0.2983,161,0.0091
node-local,tiny,2676,look,accepted,observed,0,0.0107,0.0121,0.0020,0.2666,0.0021,0.2935,161,0.0091
node-local,tiny,2677,look,accepted,observed,0,0.0106,0.0129,0.0019,0.2721,0.0021,0.2997,161,0.0092
node-local,tiny,2678,move,accepted,moved,1,0.0107,0.0137,0.0022,0.3214,0.0027,0.3506,189,0.0095
node-local,tiny,2679,choose,rejected,stale_view,0,0.0116,0.0122,0.0019,3.1655,0.0028,3.1941,163,0.0095
node-local,tiny,2680,move,accepted,moved,1,0.0118,0.0148,0.0022,0.3419,0.0027,0.3734,187,0.0092
node-local,tiny,2681,take,replayed,not_present,0,0.0214,0.1645,0.0000,0.0000,0.0017,0.1877,0,0.0101
node-local,tiny,2682,look,accepted,observed,0,0.0108,0.0128,0.0020,0.2867,0.0022,0.3145,161,0.0092
node-local,tiny,2683,talk,rejected,not_eligible,0,0.0116,0.0135,0.0020,0.5802,0.0022,0.6095,165,0.0093
node-local,tiny,2684,move,accepted,moved,1,0.0107,0.0147,0.0022,0.3266,0.0027,0.3568,191,0.0093
node-local,tiny,2685,take,rejected,not_present,0,0.0107,0.0135,0.0021,0.2720,0.0023,0.3005,164,0.0094
node-local,tiny,2686,close_choice,rejected,invalid_choice,0,0.0118,0.0135,0.0020,0.2657,0.0021,0.2951,167,0.0093
node-local,tiny,2687,look,accepted,observed,0,0.0109,0.0125,0.0020,0.2764,0.0020,0.3038,161,0.0092
node-local,tiny,2688,look,accepted,observed,0,0.0108,0.0123,0.0019,0.2668,0.0021,0.2938,161,0.0092
node-local,tiny,2689,take,rejected,not_present,0,0.0107,0.0137,0.0019,0.3055,0.0020,0.3338,164,0.0094
node-local,tiny,2690,take,rejected,not_present,0,0.0108,0.0128,0.0019,0.5258,0.0021,0.5534,164,0.0092
node-local,tiny,2691,choose,rejected,invalid_choice,0,0.0107,0.0148,0.0019,0.2714,0.0020,0.3008,167,0.0093
node-local,tiny,2692,take,rejected,not_present,0,0.0110,0.0135,0.0020,0.2748,0.0021,0.3034,164,0.0093
node-local,tiny,2693,move,rejected,exit_unavailable,0,0.0120,0.0137,0.0019,0.2793,0.0028,0.3096,169,0.0092
node-local,tiny,2694,look,accepted,observed,0,0.0113,0.0122,0.0019,0.8042,0.0027,0.8322,161,0.0093
node-local,tiny,2695,look,accepted,observed,0,0.0126,0.0130,0.0020,0.2804,0.0021,0.3102,161,0.0092
node-local,tiny,2696,move,accepted,moved,1,0.0119,0.0148,0.0021,0.4093,0.0029,0.4410,189,0.0094
node-local,tiny,2697,look,accepted,observed,0,0.0111,0.0122,0.0020,0.2769,0.0021,0.3044,161,0.0097
node-local,tiny,2698,talk,rejected,not_eligible,0,0.0114,0.0132,0.0020,0.3106,0.0030,0.3402,165,0.0109
node-local,tiny,2699,look,accepted,observed,0,0.0154,0.0136,0.0020,0.3160,0.0025,0.3495,161,0.0096
node-local,tiny,2700,take,rejected,not_present,0,0.0120,0.0140,0.0020,0.2860,0.0022,0.3161,164,0.0093
node-local,tiny,2701,wait,rejected,invalid_time,0,0.0109,0.0149,0.0019,0.3063,0.0024,0.3364,165,0.0106
node-local,tiny,2702,move,accepted,moved,1,0.0131,0.0161,0.0023,0.3821,0.0045,0.4180,191,0.0122
node-local,tiny,2703,look,accepted,observed,0,0.0164,0.0171,0.0022,0.3195,0.0025,0.3578,161,0.0099
node-local,tiny,2704,choose,rejected,invalid_choice,0,0.0120,0.0154,0.0020,0.2828,0.0020,0.3142,167,0.0095
node-local,tiny,2705,activate,rejected,not_eligible,0,0.0122,0.0128,0.0019,0.2747,0.0020,0.3036,165,0.0092
node-local,tiny,2706,look,accepted,observed,0,0.0110,0.0127,0.0020,0.2706,0.0021,0.2983,161,0.0092
node-local,tiny,2707,move,accepted,moved,1,0.0112,0.0148,0.0022,0.3222,0.0028,0.3530,187,0.0092
node-local,tiny,2708,look,accepted,observed,0,0.0121,0.0125,0.0019,0.2731,0.0021,0.3016,161,0.0094
node-local,tiny,2709,activate,rejected,not_eligible,0,0.0107,0.0127,0.0020,0.2797,0.0038,0.3090,165,0.0119
node-local,tiny,2710,talk,rejected,not_eligible,0,0.0181,0.0196,0.0025,0.2955,0.0021,0.3378,165,0.0092
node-local,tiny,2711,move,accepted,moved,1,0.0109,0.0148,0.0022,0.3251,0.0028,0.3557,191,0.0092
node-local,tiny,2712,look,accepted,observed,0,0.0112,0.0127,0.0019,0.2746,0.0023,0.3026,161,0.0095
node-local,tiny,2713,activate,rejected,not_eligible,0,0.0111,0.0126,0.0020,3.0004,0.0028,3.0288,165,0.0093
node-local,tiny,2714,move,rejected,exit_unavailable,0,0.0121,0.0161,0.0025,0.3107,0.0030,0.3444,169,0.0108
node-local,tiny,2715,move,accepted,moved,1,0.0172,0.0184,0.0026,0.3398,0.0027,0.3807,187,0.0093
node-local,tiny,2716,look,accepted,observed,0,0.0113,0.0124,0.0019,0.2660,0.0020,0.2936,161,0.0092
node-local,tiny,2717,take,accepted,taken,1,0.0113,0.0139,0.0022,0.3335,0.0026,0.3635,189,0.0093
node-local,tiny,2718,look,accepted,observed,0,0.0108,0.0122,0.0025,0.2702,0.0022,0.2979,161,0.0092
node-local,tiny,2719,move,rejected,exit_unavailable,0,0.0111,0.0140,0.0019,0.2668,0.0022,0.2959,169,0.0093
node-local,tiny,2720,look,accepted,observed,0,0.0130,0.0120,0.0019,0.2755,0.0020,0.3044,161,0.0093
node-local,tiny,2721,activate,rejected,not_eligible,0,0.0110,0.0122,0.0020,0.2851,0.0022,0.3125,165,0.0094
node-local,tiny,2722,look,accepted,observed,0,0.0113,0.0124,0.0020,0.2695,0.0021,0.2973,161,0.0103
node-local,tiny,2723,look,accepted,observed,0,0.0121,0.0124,0.0020,3.0193,0.0098,3.0555,161,0.0121
node-local,tiny,2724,wait,accepted,waited,1,0.0286,0.0270,0.0027,0.3972,0.0030,0.4585,185,0.0099
node-local,tiny,2725,look,accepted,observed,0,0.0128,0.0131,0.0020,0.2857,0.0021,0.3157,161,0.0093
node-local,tiny,2726,move,accepted,moved,1,0.0119,0.0159,0.0023,0.3505,0.0027,0.3833,191,0.0116
node-local,tiny,2727,move,accepted,moved,1,0.0111,0.0150,0.0021,0.3334,0.0027,0.3643,187,0.0094
node-local,tiny,2728,look,accepted,observed,0,0.0111,0.0123,0.0019,0.2875,0.0021,0.3149,161,0.0093
node-local,tiny,2729,move,accepted,moved,1,0.0117,0.0143,0.0022,0.3343,0.0028,0.3654,189,0.0093
node-local,tiny,2730,take,replayed,not_present,0,0.0397,0.0118,0.0001,0.0000,0.0021,0.0536,0,0.0100
node-local,tiny,2731,move,accepted,moved,1,0.0100,0.0143,0.0024,0.3300,0.0027,0.3594,187,0.0094
node-local,tiny,2732,look,accepted,observed,0,0.0109,0.0125,0.0020,0.2783,0.0020,0.3057,161,0.0092
node-local,tiny,2733,choose,rejected,invalid_choice,0,0.0117,0.0146,0.0020,0.2860,0.0021,0.3164,167,0.0093
node-local,tiny,2734,look,accepted,observed,0,0.0139,0.0155,0.0019,0.3277,0.0021,0.3611,161,0.0092
node-local,tiny,2735,look,accepted,observed,0,0.0123,0.0122,0.0019,0.3145,0.0021,0.3430,161,0.0092
node-local,tiny,2736,move,accepted,moved,1,0.0126,0.0146,0.0022,0.3340,0.0028,0.3663,191,0.0093
node-local,tiny,2737,drop,accepted,dropped,1,0.0125,0.0139,0.0022,0.3358,0.0028,0.3672,198,0.0094
node-local,tiny,2738,move,accepted,moved,1,0.0109,0.0139,0.0022,0.3291,0.0027,0.3588,189,0.0094
node-local,tiny,2739,take,rejected,not_present,0,0.0108,0.0140,0.0020,0.2746,0.0021,0.3035,164,0.0092
node-local,tiny,2740,talk,rejected,not_eligible,0,0.0123,0.0137,0.0020,0.2694,0.0020,0.2995,165,0.0093
node-local,tiny,2741,take,rejected,not_present,0,0.0107,0.0132,0.0020,0.2698,0.0021,0.2978,164,0.0092
node-local,tiny,2742,look,accepted,observed,0,0.0105,0.0122,0.0019,0.3528,0.0020,0.3793,161,0.0094
node-local,tiny,2743,drop,rejected,integrity_conflict,0,0.0212,0.0111,0.0000,0.0000,0.0015,0.0338,0,0.0094
node-local,tiny,2744,look,accepted,observed,0,0.0094,0.0118,0.0019,0.2727,0.0021,0.2979,161,0.0092
node-local,tiny,2745,look,accepted,observed,0,0.0107,0.0120,0.0019,0.2713,0.0020,0.2980,161,0.0091
node-local,tiny,2746,move,accepted,moved,1,0.0108,0.0145,0.0023,0.3252,0.0027,0.3555,191,0.0093
node-local,tiny,2747,wait,rejected,invalid_time,0,0.0107,0.0133,0.0020,0.2811,0.0023,0.3094,165,0.1734
node-local,tiny,2748,move,accepted,moved,1,0.0133,0.0159,0.0023,0.3334,0.0028,0.3678,187,0.0094
node-local,tiny,2749,move,accepted,moved,1,0.0108,0.0141,0.0021,0.3229,0.0026,0.3525,191,0.0094
node-local,tiny,2750,move,accepted,moved,1,0.0110,0.0147,0.0022,0.3224,0.0031,0.3535,187,0.0092
node-local,tiny,2751,look,accepted,observed,0,0.0131,0.0129,0.0019,3.8722,0.0029,3.9031,161,0.0098
node-local,tiny,2752,look,accepted,observed,0,0.0124,0.0134,0.0020,0.3228,0.0038,0.3545,161,0.0132
node-local,tiny,2753,look,accepted,observed,0,0.0166,0.0175,0.0023,0.3117,0.0025,0.3505,161,0.0107
node-local,tiny,2754,look,accepted,observed,0,0.0163,0.0144,0.0022,0.2940,0.0025,0.3294,161,0.0107
node-local,tiny,2755,move,rejected,exit_unavailable,0,0.0122,0.0163,0.0021,0.2811,0.0020,0.3137,169,0.0094
node-local,tiny,2756,take,rejected,not_present,0,0.0113,0.0138,0.0020,0.2766,0.0021,0.3058,164,0.0093
node-local,tiny,2757,look,accepted,observed,0,0.0120,0.0121,0.0020,0.2747,0.0021,0.3028,161,0.0093
node-local,tiny,2758,move,accepted,moved,1,0.0108,0.0138,0.0022,0.3312,0.0027,0.3607,189,0.0097
node-local,tiny,2759,wait,rejected,invalid_time,0,0.0108,0.0136,0.0020,0.2750,0.0021,0.3035,165,0.0094
node-local,tiny,2760,move,accepted,moved,1,0.0120,0.0140,0.0022,0.3433,0.0026,0.3739,187,0.0092
node-local,tiny,2761,talk,rejected,not_eligible,0,0.0110,0.0137,0.0020,0.2783,0.0021,0.3071,165,0.0092
node-local,tiny,2762,look,accepted,observed,0,0.0107,0.0120,0.0020,0.2746,0.0020,0.3014,161,0.0091
node-local,tiny,2763,move,accepted,moved,1,0.0108,0.0135,0.0021,0.3342,0.0026,0.3633,189,0.0093
node-local,tiny,2764,move,rejected,exit_unavailable,0,0.0111,0.0128,0.0019,0.2829,0.0021,0.3109,169,0.0093
node-local,tiny,2765,look,accepted,observed,0,0.0110,0.0121,0.0019,0.2775,0.0020,0.3046,161,0.0092
node-local,tiny,2766,move,rejected,exit_unavailable,0,0.0107,0.0140,0.0021,0.2741,0.0021,0.3029,169,0.0092
node-local,tiny,2767,wait,rejected,invalid_time,0,0.0117,0.0134,0.0020,0.2774,0.0021,0.3065,165,0.0093
node-local,tiny,2768,move,accepted,moved,1,0.0106,0.0136,0.0021,0.3283,0.0026,0.3572,187,0.0092
node-local,tiny,2769,activate,rejected,not_eligible,0,0.0107,0.0129,0.0019,0.2807,0.0021,0.3083,165,0.0092
node-local,tiny,2770,look,accepted,observed,0,0.0119,0.0122,0.0020,0.2770,0.0020,0.3051,161,0.0092
node-local,tiny,2771,wait,rejected,invalid_time,0,0.0107,0.0130,0.0020,0.2733,0.0021,0.3010,165,0.0091
node-local,tiny,2772,look,accepted,observed,0,0.0106,0.0122,0.0020,0.2745,0.0021,0.3013,161,0.0093
node-local,tiny,2773,talk,rejected,not_eligible,0,0.0109,0.0132,0.0019,0.2890,0.0020,0.3169,165,0.0094
node-local,tiny,2774,look,accepted,observed,0,0.0108,0.0124,0.0019,0.2878,0.0021,0.3150,161,0.0092
node-local,tiny,2775,look,accepted,observed,0,0.0106,0.0122,0.0019,0.2681,0.0020,0.2949,161,0.0097
node-local,tiny,2776,look,accepted,observed,0,0.0107,0.0119,0.0020,0.2793,0.0020,0.3060,161,0.0093
node-local,tiny,2777,take,rejected,not_present,0,0.0112,0.0132,0.0020,0.3435,0.0021,0.3719,164,0.0091
node-local,tiny,2778,move,rejected,exit_unavailable,0,0.0106,0.0138,0.0020,0.2793,0.0020,0.3077,169,0.0092
node-local,tiny,2779,talk,rejected,not_eligible,0,0.0106,0.0129,0.0020,0.2757,0.0021,0.3032,165,0.0099
node-local,tiny,2780,activate,rejected,not_eligible,0,0.0115,0.0124,0.0019,0.2752,0.0022,0.3032,165,0.0090
node-local,tiny,2781,move,accepted,moved,1,0.0107,0.0139,0.0022,0.3305,0.0027,0.3600,191,0.0092
node-local,tiny,2782,choose,rejected,invalid_choice,0,0.0107,0.0148,0.0020,2.8856,0.0028,2.9158,167,0.0093
node-local,tiny,2783,talk,rejected,not_eligible,0,0.0122,0.0134,0.0020,0.2774,0.0029,0.3079,165,0.0100
node-local,tiny,2784,activate,rejected,not_eligible,0,0.0126,0.0165,0.0021,0.2716,0.0021,0.3049,165,0.0110
node-local,tiny,2785,wait,rejected,invalid_time,0,0.0121,0.0130,0.0028,0.2621,0.0021,0.2921,165,0.0093
node-local,tiny,2786,look,accepted,observed,0,0.0108,0.0135,0.0031,0.2709,0.0020,0.3003,161,0.0118
node-local,tiny,2787,move,accepted,moved,1,0.0119,0.0142,0.0023,0.3213,0.0027,0.3524,189,0.0110
node-local,tiny,2788,move,accepted,moved,1,0.0109,0.0149,0.0037,0.3226,0.0027,0.3548,191,0.0111
node-local,tiny,2789,move,rejected,exit_unavailable,0,0.0107,0.0141,0.0020,0.2738,0.0020,0.3026,169,0.0117
node-local,tiny,2790,activate,rejected,not_eligible,0,0.0109,0.0150,0.0020,0.2669,0.0029,0.2976,165,0.0101
node-local,tiny,2791,take,replayed,not_present,0,0.0246,0.0123,0.0000,0.0000,0.0017,0.0387,0,0.0112
node-local,tiny,2792,drop,replayed,dropped,0,0.0173,0.0115,0.0000,0.0000,0.0015,0.0304,0,0.0111
node-local,tiny,2793,wait,rejected,invalid_time,0,0.0093,0.0153,0.0020,0.2951,0.0020,0.3238,165,0.0102
node-local,tiny,2794,take,accepted,taken,1,0.0107,0.0147,0.0023,0.3230,0.0027,0.3535,189,0.0109
node-local,tiny,2795,look,accepted,observed,0,0.0107,0.0135,0.0020,0.2728,0.0022,0.3012,161,0.0113
node-local,tiny,2796,wait,rejected,invalid_time,0,0.0120,0.0129,0.0028,0.2780,0.0021,0.3078,165,0.0120
node-local,tiny,2797,look,accepted,observed,0,0.0110,0.0130,0.0028,0.2723,0.0020,0.3012,161,0.0113
node-local,tiny,2798,look,accepted,observed,0,0.0108,0.0130,0.0020,0.2750,0.0030,0.3038,161,0.0101
node-local,tiny,2799,look,accepted,observed,0,0.0116,0.0133,0.0020,0.2935,0.0021,0.3225,161,0.0111
node-local,tiny,2800,look,accepted,observed,0,0.0108,0.0118,0.0050,0.2704,0.0022,0.3001,161,0.0111
node-local,tiny,2801,move,accepted,moved,1,0.0108,0.0152,0.0037,0.3173,0.0028,0.3499,187,0.0115
node-local,tiny,2802,drop,accepted,dropped,1,0.0115,0.0145,0.0023,0.3270,0.0027,0.3580,194,0.0105
node-local,tiny,2803,move,accepted,moved,1,0.0108,0.0154,0.0023,0.3202,0.0027,0.3513,191,0.0112
node-local,tiny,2804,look,accepted,observed,0,0.0108,0.0125,0.0020,0.3325,0.0021,0.3599,161,0.0104
node-local,tiny,2805,talk,rejected,not_eligible,0,0.0107,0.0139,0.0037,0.2810,0.0027,0.3120,165,0.0111
node-local,tiny,2806,wait,rejected,invalid_time,0,0.0121,0.0159,0.0030,0.2895,0.0021,0.3226,165,0.0119
node-local,tiny,2807,look,accepted,observed,0,0.0108,0.0130,0.0020,0.2703,0.0029,0.2989,161,0.0098
node-local,tiny,2808,wait,rejected,invalid_time,0,0.0107,0.0126,0.0019,0.2710,0.0021,0.2984,165,0.0107
node-local,tiny,2809,close_choice,rejected,invalid_choice,0,0.0107,0.0148,0.0024,0.2760,0.0022,0.3060,167,0.0095
node-local,tiny,2810,activate,rejected,not_eligible,0,0.0114,0.0129,0.0020,0.2768,0.0020,0.3050,165,0.0093
node-local,tiny,2811,wait,rejected,invalid_time,0,0.0105,0.0123,0.0019,0.2792,0.0020,0.3060,165,0.0092
node-local,tiny,2812,wait,rejected,invalid_time,0,0.0104,0.0121,0.0018,0.2708,0.0020,0.2971,165,0.0092
node-local,tiny,2813,talk,rejected,not_eligible,0,0.0109,0.0131,0.0019,0.2687,0.0021,0.2967,165,0.1351
node-local,tiny,2814,look,accepted,observed,0,0.0122,0.0134,0.0020,0.2794,0.0020,0.3090,161,0.0093
node-local,tiny,2815,talk,rejected,not_eligible,0,0.0107,0.0138,0.0019,0.2787,0.0020,0.3071,165,0.0094
node-local,tiny,2816,take,rejected,not_present,0,0.0106,0.0138,0.0019,0.2732,0.0022,0.3017,164,0.0093
node-local,tiny,2817,take,rejected,not_present,0,0.0103,0.0137,0.0019,0.2822,0.0022,0.3102,164,0.0095
node-local,tiny,2818,move,accepted,moved,1,0.0105,0.0149,0.0023,0.3296,0.0027,0.3600,187,0.0097
node-local,tiny,2819,move,accepted,moved,1,0.0113,0.0142,0.0022,0.3229,0.0027,0.3532,191,0.0094
node-local,tiny,2820,activate,rejected,not_eligible,0,0.0109,0.0126,0.0019,0.2765,0.0021,0.3040,165,0.0093
node-local,tiny,2821,move,accepted,moved,1,0.0109,0.0138,0.0025,0.3198,0.0027,0.3498,189,0.0092
node-local,tiny,2822,look,accepted,observed,0,0.0109,0.0128,0.0019,0.2868,0.0021,0.3146,161,0.0092
node-local,tiny,2823,move,accepted,moved,1,0.0111,0.0145,0.0023,0.3878,0.0027,0.4185,191,0.0092
node-local,tiny,2824,look,accepted,observed,0,0.0108,0.0125,0.0020,0.2695,0.0021,0.2968,161,0.0092
node-local,tiny,2825,look,accepted,observed,0,0.0108,0.0125,0.0024,0.2657,0.0021,0.2936,161,0.0095
node-local,tiny,2826,move,accepted,moved,1,0.0113,0.0146,0.0022,0.3298,0.0027,0.3605,187,0.0093
node-local,tiny,2827,move,accepted,moved,1,0.0106,0.0137,0.0022,0.3223,0.0026,0.3515,189,0.0093
node-local,tiny,2828,move,accepted,moved,1,0.0109,0.0138,0.0021,0.3194,0.0025,0.3488,187,0.0093
node-local,tiny,2829,look,accepted,observed,0,0.0109,0.0128,0.0020,0.2693,0.0021,0.2970,161,0.0092
node-local,tiny,2830,activate,rejected,not_eligible,0,0.0105,0.0121,0.0020,0.2756,0.0020,0.3023,165,0.0093
node-local,tiny,2831,move,rejected,exit_unavailable,0,0.0108,0.0139,0.0020,0.3057,0.0032,0.3356,169,0.0108
node-local,tiny,2832,look,accepted,observed,0,0.0146,0.0139,0.0020,0.3085,0.0026,0.3416,161,0.0101
node-local,tiny,2833,look,accepted,observed,0,0.0126,0.0132,0.0021,0.2913,0.0025,0.3218,161,0.0105
node-local,tiny,2834,move,accepted,moved,1,0.0117,0.0147,0.0022,0.3516,0.0042,0.3844,189,0.0110
node-local,tiny,2835,move,accepted,moved,1,0.0147,0.0183,0.0027,0.3568,0.0028,0.3953,187,0.0096
node-local,tiny,2836,move,accepted,moved,1,0.0126,0.0150,0.0022,0.3211,0.0026,0.3534,191,0.0092
node-local,tiny,2837,move,accepted,moved,1,0.0107,0.0145,0.0022,0.3888,0.0033,0.4195,187,0.0092
node-local,tiny,2838,move,accepted,moved,1,0.0115,0.0138,0.0021,0.3236,0.0026,0.3536,191,0.0094
node-local,tiny,2839,move,accepted,moved,1,0.0118,0.0140,0.0021,0.3270,0.0027,0.3577,187,0.0093
node-local,tiny,2840,look,accepted,observed,0,0.0108,0.0125,0.0020,0.2710,0.0022,0.2985,161,0.0092
node-local,tiny,2841,take,accepted,taken,1,0.0111,0.0139,0.0030,0.3215,0.0027,0.3521,189,0.0093
node-local,tiny,2842,move,accepted,moved,1,0.0108,0.0135,0.0021,0.3438,0.0026,0.3729,189,0.0093
node-local,tiny,2843,look,accepted,observed,0,0.0152,0.0128,0.0020,0.3554,0.0022,0.3876,161,0.0096
node-local,tiny,2844,take,replayed,taken,0,0.0376,0.0120,0.0000,0.0000,0.0017,0.0514,0,0.0095
node-local,tiny,2845,move,rejected,exit_unavailable,0,0.0135,0.0150,0.0020,0.3652,0.0022,0.3979,169,0.0101
node-local,tiny,2846,move,rejected,exit_unavailable,0,0.0166,0.0133,0.0020,0.3403,0.0020,0.3743,169,0.0092
node-local,tiny,2847,drop,accepted,dropped,1,0.0154,0.0140,0.0023,0.4076,0.0028,0.4420,196,0.0095
node-local,tiny,2848,move,accepted,moved,1,0.0158,0.0139,0.0022,0.4810,0.0028,0.5156,187,0.0092
node-local,tiny,2849,wait,rejected,invalid_time,0,0.0160,0.0141,0.0021,0.3675,0.0031,0.4029,165,0.0111
node-local,tiny,2850,close_choice,rejected,invalid_choice,0,0.0197,0.0168,0.0022,0.3624,0.0025,0.4035,167,0.0096
node-local,tiny,2851,move,accepted,moved,1,0.0166,0.0141,0.0023,0.4004,0.0029,0.4362,189,0.0095
node-local,tiny,2852,take,accepted,taken,1,0.0177,0.0140,0.0022,0.3820,0.0027,0.4187,189,0.0093
node-local,tiny,2853,drop,accepted,dropped,1,0.0143,0.0136,0.0022,0.3502,0.0028,0.3831,196,0.0101
node-local,tiny,2854,look,accepted,observed,0,0.0110,0.0132,0.0020,0.2719,0.0021,0.3002,161,0.0094
node-local,tiny,2855,move,rejected,exit_unavailable,0,0.0108,0.0131,0.0019,0.2755,0.0021,0.3033,169,0.0094
node-local,tiny,2856,activate,rejected,not_eligible,0,0.0138,0.0128,0.0020,0.3302,0.0021,0.3609,165,0.0092
node-local,tiny,2857,talk,rejected,not_eligible,0,0.0120,0.0137,0.0019,0.2795,0.0022,0.3092,165,0.0098
node-local,tiny,2858,choose,rejected,invalid_choice,0,0.0107,0.0164,0.0020,0.2728,0.0021,0.3040,167,0.0094
node-local,tiny,2859,take,accepted,taken,1,0.0106,0.0137,0.0021,0.3297,0.0030,0.3591,189,0.0097
node-local,tiny,2860,look,accepted,observed,0,0.0118,0.0148,0.0020,0.2853,0.0021,0.3160,161,0.0093
node-local,tiny,2861,move,accepted,moved,1,0.0118,0.0143,0.0022,0.3345,0.0026,0.3654,187,0.0100
node-local,tiny,2862,talk,rejected,not_eligible,0,0.0113,0.0132,0.0020,0.3483,0.0031,0.3780,165,0.0100
node-local,tiny,2863,activate,rejected,not_eligible,0,0.0151,0.0143,0.0022,0.2935,0.0022,0.3273,165,0.0096
node-local,tiny,2864,move,accepted,moved,1,0.0114,0.0152,0.0023,0.3268,0.0028,0.3584,191,0.0092
node-local,tiny,2865,talk,rejected,not_eligible,0,0.0111,0.0166,0.0020,0.2723,0.0021,0.3042,165,0.0093
node-local,tiny,2866,look,accepted,observed,0,0.0115,0.0128,0.0020,0.2770,0.0022,0.3055,161,0.0092
node-local,tiny,2867,look,accepted,observed,0,0.0105,0.0124,0.0019,0.3401,0.0020,0.3670,161,0.0093
node-local,tiny,2868,look,accepted,observed,0,0.0110,0.0121,0.0019,0.2710,0.0020,0.2980,161,0.0093
node-local,tiny,2869,talk,rejected,not_eligible,0,0.0115,0.0129,0.0019,0.2795,0.0022,0.3080,165,0.0092
node-local,tiny,2870,move,accepted,moved,1,0.0107,0.0151,0.0029,0.3921,0.0027,0.4235,187,0.0095
node-local,tiny,2871,talk,rejected,not_eligible,0,0.0112,0.0130,0.0019,0.2719,0.0021,0.3001,165,0.0094
node-local,tiny,2872,look,accepted,observed,0,0.0122,0.0125,0.0019,0.3367,0.0021,0.3654,161,0.0094
node-local,tiny,2873,look,accepted,observed,0,0.0107,0.0120,0.0019,0.2740,0.0020,0.3007,161,0.0091
node-local,tiny,2874,drop,accepted,dropped,1,0.0108,0.0138,0.0022,0.3891,0.0036,0.4195,194,0.0093
node-local,tiny,2875,wait,rejected,invalid_time,0,0.0110,0.0142,0.0019,0.3328,0.0020,0.3620,165,0.0093
node-local,tiny,2876,take,accepted,taken,1,0.0108,0.0139,0.0022,0.4190,0.0027,0.4487,189,0.0093
node-local,tiny,2877,wait,rejected,invalid_time,0,0.0109,0.0133,0.0020,0.3042,0.0030,0.3335,165,0.0102
node-local,tiny,2878,look,accepted,observed,0,0.0133,0.0137,0.0021,0.2981,0.0024,0.3295,161,0.2005
node-local,tiny,2879,look,accepted,observed,0,0.0195,0.0177,0.0024,0.3114,0.0025,0.3535,161,0.0095
node-local,tiny,2880,wait,rejected,invalid_time,0,0.0126,0.0142,0.0020,0.2840,0.0023,0.3151,165,0.0095
node-local,tiny,2881,look,accepted,observed,0,0.0128,0.0132,0.0020,0.2719,0.0023,0.3021,161,0.0101
node-local,tiny,2882,wait,rejected,invalid_time,0,0.0110,0.0129,0.0020,1.7680,0.0027,1.7964,165,0.0094
node-local,tiny,2883,move,accepted,moved,1,0.0119,0.0154,0.0022,0.3352,0.0030,0.3676,189,0.0094
node-local,tiny,2884,look,accepted,observed,0,0.0127,0.0130,0.0019,0.2960,0.0030,0.3265,161,0.0106
node-local,tiny,2885,look,accepted,observed,0,0.0138,0.0135,0.0020,0.4167,0.0026,0.4485,161,0.0106
node-local,tiny,2886,move,accepted,moved,1,0.0122,0.0153,0.0023,0.3317,0.0028,0.3643,187,0.0097
node-local,tiny,2887,wait,rejected,invalid_time,0,0.0109,0.0127,0.0019,0.2788,0.0022,0.3065,165,0.0096
node-local,tiny,2888,move,accepted,moved,1,0.0116,0.0138,0.0022,0.3199,0.0028,0.3503,189,0.0094
node-local,tiny,2889,drop,accepted,dropped,1,0.0108,0.0139,0.0022,0.3201,0.0028,0.3498,196,0.0100
node-local,tiny,2890,look,accepted,observed,0,0.0109,0.0128,0.0019,0.3119,0.0028,0.3402,161,0.0102
node-local,tiny,2891,look,accepted,observed,0,0.0147,0.0132,0.0020,1.8206,0.0029,1.8535,161,0.0097
node-local,tiny,2892,look,accepted,observed,0,0.0128,0.0133,0.0020,0.2949,0.0022,0.3251,161,0.0092
node-local,tiny,2893,move,accepted,moved,1,0.0122,0.0143,0.0022,0.3221,0.0029,0.3536,187,0.0101
node-local,tiny,2894,choose,rejected,invalid_choice,0,0.0113,0.0158,0.0020,0.2715,0.0021,0.3026,167,0.0092
node-local,tiny,2895,move,accepted,moved,1,0.0110,0.0138,0.0022,0.3166,0.0027,0.3463,189,0.0092
node-local,tiny,2896,move,accepted,moved,1,0.0120,0.0138,0.0021,0.3294,0.0027,0.3600,187,0.0095
node-local,tiny,2897,wait,rejected,invalid_time,0,0.0107,0.0128,0.0019,0.2745,0.0020,0.3020,165,0.0099
node-local,tiny,2898,move,accepted,moved,1,0.0109,0.0148,0.0023,0.3184,0.0027,0.3490,191,0.0096
node-local,tiny,2899,activate,rejected,not_eligible,0,0.0145,0.0129,0.0019,0.2659,0.0021,0.2973,165,0.0091
node-local,tiny,2900,move,accepted,moved,1,0.0107,0.0140,0.0021,0.3297,0.0027,0.3592,189,0.0093
node-local,tiny,2901,look,accepted,observed,0,0.0107,0.0127,0.0019,0.2838,0.0021,0.3112,161,0.0097
node-local,tiny,2902,look,accepted,observed,0,0.0115,0.0122,0.0019,0.2770,0.0020,0.3047,161,0.0092
node-local,tiny,2903,move,accepted,moved,1,0.0108,0.0147,0.0022,0.3263,0.0048,0.3588,191,0.0101
node-local,tiny,2904,look,accepted,observed,0,0.0133,0.0137,0.0023,0.3359,0.0026,0.3677,161,0.0100
node-local,tiny,2905,choose,rejected,invalid_choice,0,0.0140,0.0173,0.0021,0.3152,0.0028,0.3513,167,0.0105
node-local,tiny,2906,look,accepted,observed,0,0.0144,0.0136,0.0020,1.9234,0.0115,1.9650,161,0.0157
node-local,tiny,2907,look,accepted,observed,0,0.0283,0.0270,0.0026,0.3238,0.0024,0.3841,161,0.0107
node-local,tiny,2908,look,accepted,observed,0,0.0133,0.0145,0.0021,0.2982,0.0024,0.3305,161,0.0101
node-local,tiny,2909,take,rejected,not_present,0,0.0132,0.0162,0.0022,0.2934,0.0021,0.3271,164,0.0099
node-local,tiny,2910,move,accepted,moved,1,0.0112,0.0201,0.0027,0.3490,0.0029,0.3859,187,0.0098
node-local,tiny,2911,move,accepted,moved,1,0.0114,0.0165,0.0023,0.3291,0.0028,0.3621,191,0.0096
node-local,tiny,2912,choose,rejected,stale_view,0,0.0132,0.0138,0.0020,0.2750,0.0023,0.3061,163,0.0096
node-local,tiny,2913,move,accepted,moved,1,0.0114,0.0151,0.0022,0.3268,0.0027,0.3582,189,0.0094
node-local,tiny,2914,move,rejected,exit_unavailable,0,0.0113,0.0158,0.0021,0.2873,0.0022,0.3186,169,0.0095
node-local,tiny,2915,look,accepted,observed,0,0.0132,0.0133,0.0019,0.2983,0.0024,0.3293,161,0.0100
node-local,tiny,2916,choose,rejected,invalid_choice,0,0.0120,0.0165,0.0020,0.3542,0.0021,0.3868,167,0.0095
node-local,tiny,2917,drop,replayed,dropped,0,0.0450,0.0127,0.0000,0.0000,0.0020,0.0598,0,0.0094
node-local,tiny,2918,take,rejected,not_present,0,0.0099,0.0141,0.0020,1.8651,0.0030,1.8942,164,0.0111
node-local,tiny,2919,look,accepted,observed,0,0.0125,0.0142,0.0020,0.2985,0.0020,0.3293,161,0.0093
node-local,tiny,2920,move,accepted,moved,1,0.0109,0.0153,0.0023,0.3188,0.0028,0.3500,191,0.0095
node-local,tiny,2921,talk,rejected,not_eligible,0,0.0111,0.0145,0.0020,0.2832,0.0022,0.3129,165,0.0094
node-local,tiny,2922,choose,rejected,invalid_choice,0,0.0110,0.0149,0.0019,0.3955,0.0021,0.4255,167,0.0100
node-local,tiny,2923,choose,rejected,invalid_choice,0,0.0135,0.0144,0.0019,0.3141,0.0030,0.3468,167,0.0101
node-local,tiny,2924,look,accepted,observed,0,0.0142,0.0137,0.0021,0.2931,0.0025,0.3256,161,0.0099
node-local,tiny,2925,look,accepted,observed,0,0.0118,0.0135,0.0020,0.2795,0.0020,0.3090,161,0.0093
node-local,tiny,2926,look,accepted,observed,0,0.0107,0.0124,0.0019,1.8028,0.0027,1.8304,161,0.0093
node-local,tiny,2927,look,accepted,observed,0,0.0135,0.0130,0.0020,0.2793,0.0023,0.3100,161,0.0094
node-local,tiny,2928,move,accepted,moved,1,0.0116,0.0154,0.0021,0.3147,0.0027,0.3465,187,0.0095
node-local,tiny,2929,move,accepted,moved,1,0.0113,0.0146,0.0023,0.3075,0.0028,0.3385,191,0.0093
node-local,tiny,2930,take,rejected,not_present,0,0.0121,0.0171,0.0020,0.2793,0.0022,0.3128,164,0.0093
node-local,tiny,2931,look,accepted,observed,0,0.0109,0.0128,0.0020,0.3762,0.0020,0.4040,161,0.0091
node-local,tiny,2932,look,accepted,observed,0,0.0110,0.0125,0.0019,0.3766,0.0020,0.4040,161,0.0094
node-local,tiny,2933,look,accepted,observed,0,0.0121,0.0124,0.0019,0.2704,0.0022,0.2989,161,0.0092
node-local,tiny,2934,move,accepted,moved,1,0.0110,0.0145,0.0023,0.3070,0.0028,0.3376,189,0.0093
node-local,tiny,2935,look,accepted,observed,0,0.0109,0.0134,0.0019,1.8046,0.0027,1.8335,161,0.0093
node-local,tiny,2936,activate,rejected,not_eligible,0,0.0118,0.0139,0.0020,0.2745,0.0020,0.3042,165,0.0094
node-local,tiny,2937,close_choice,rejected,invalid_choice,0,0.0113,0.0142,0.0020,0.2700,0.0021,0.2996,167,0.0093
node-local,tiny,2938,wait,accepted,waited,1,0.0107,0.0160,0.0022,0.3097,0.0029,0.3415,185,0.0094
node-local,tiny,2939,look,accepted,observed,0,0.0110,0.0130,0.0027,0.4117,0.0023,0.4407,161,0.0094
node-local,tiny,2940,move,accepted,moved,1,0.0108,0.0149,0.0022,0.3326,0.0045,0.3650,191,0.0117
node-local,tiny,2941,activate,rejected,not_eligible,0,0.0175,0.0168,0.0024,0.3057,0.0023,0.3447,165,0.0094
node-local,tiny,2942,take,rejected,not_present,0,0.0112,0.0137,0.0019,0.2722,0.0022,0.3012,164,0.0092
node-local,tiny,2943,activate,rejected,not_eligible,0,0.0106,0.0126,0.0019,0.2639,0.0021,0.2912,165,0.1723
node-local,tiny,2944,move,accepted,moved,1,0.0136,0.0155,0.0023,0.3344,0.0031,0.3690,187,0.0103
node-local,tiny,2945,look,accepted,observed,0,0.0130,0.0157,0.0022,0.3012,0.0020,0.3340,161,0.0095
node-local,tiny,2946,move,accepted,moved,1,0.0111,0.0144,0.0022,0.3133,0.0029,0.3439,191,0.0094
node-local,tiny,2947,move,accepted,moved,1,0.0114,0.0143,0.0021,0.3159,0.0030,0.3467,189,0.0093
node-local,tiny,2948,wait,rejected,invalid_time,0,0.0120,0.0149,0.0020,0.2758,0.0022,0.3069,165,0.0093
node-local,tiny,2949,look,accepted,observed,0,0.0110,0.0130,0.0021,0.2687,0.0021,0.2969,161,0.0092
node-local,tiny,2950,wait,rejected,invalid_time,0,0.0108,0.0136,0.0019,0.2849,0.0021,0.3133,165,0.0092
node-local,tiny,2951,take,rejected,not_present,0,0.0120,0.0141,0.0020,0.2817,0.0023,0.3120,164,0.0097
node-local,tiny,2952,take,rejected,not_present,0,0.0110,0.0136,0.0020,0.2766,0.0021,0.3053,164,0.0093
node-local,tiny,2953,look,accepted,observed,0,0.0109,0.0124,0.0018,0.2740,0.0021,0.3011,161,0.0092
node-local,tiny,2954,move,rejected,exit_unavailable,0,0.0119,0.0143,0.0020,0.2766,0.0022,0.3070,169,0.0095
node-local,tiny,2955,talk,rejected,not_eligible,0,0.0108,0.0140,0.0019,0.2720,0.0022,0.3010,165,0.0094
node-local,tiny,2956,look,accepted,observed,0,0.0109,0.0125,0.0019,0.2728,0.0022,0.3002,161,0.0093
node-local,tiny,2957,move,accepted,moved,1,0.0106,0.0145,0.0022,0.3251,0.0035,0.3559,191,0.0100
node-local,tiny,2958,wait,rejected,invalid_time,0,0.0156,0.0163,0.0019,0.2882,0.0022,0.3242,165,0.0097
node-local,tiny,2959,move,accepted,moved,1,0.0113,0.0151,0.0023,0.3247,0.0028,0.3561,187,0.0093
node-local,tiny,2960,talk,rejected,not_eligible,0,0.0111,0.0133,0.0020,0.2726,0.0022,0.3012,165,0.0093
node-local,tiny,2961,wait,rejected,invalid_time,0,0.0107,0.0140,0.0019,0.2707,0.0022,0.2994,165,0.0094
node-local,tiny,2962,look,accepted,observed,0,0.0113,0.0125,0.0020,0.2883,0.0020,0.3161,161,0.0092
node-local,tiny,2963,move,accepted,moved,1,0.0107,0.0140,0.0025,0.3150,0.0028,0.3451,191,0.0095
node-local,tiny,2964,move,accepted,moved,1,0.0109,0.0138,0.0022,0.3104,0.0028,0.3401,189,0.0092
node-local,tiny,2965,choose,rejected,invalid_choice,0,0.0117,0.0138,0.0020,0.2757,0.0022,0.3053,167,0.0092
node-local,tiny,2966,look,accepted,observed,0,0.0106,0.0124,0.0020,0.2739,0.0021,0.3010,161,0.0093
node-local,tiny,2967,look,accepted,observed,0,0.0107,0.0120,0.0024,0.2823,0.0022,0.3096,161,0.0095
node-local,tiny,2968,wait,rejected,invalid_time,0,0.0112,0.0142,0.0020,1.8601,0.0028,1.8903,165,0.0094
node-local,tiny,2969,move,accepted,moved,1,0.0118,0.0148,0.0022,0.3155,0.0035,0.3479,191,0.0100
node-local,tiny,2970,look,accepted,observed,0,0.0128,0.0143,0.0020,0.2814,0.0023,0.3128,161,0.0092
node-local,tiny,2971,look,accepted,observed,0,0.0110,0.0130,0.0019,0.2707,0.0021,0.2987,161,0.0100
node-local,tiny,2972,talk,rejected,not_eligible,0,0.0112,0.0135,0.0019,0.2778,0.0020,0.3064,165,0.0092
node-local,tiny,2973,move,rejected,exit_unavailable,0,0.0117,0.0139,0.0019,0.2815,0.0021,0.3112,169,0.0093
node-local,tiny,2974,move,accepted,moved,1,0.0106,0.0137,0.0022,0.3266,0.0028,0.3558,189,0.0094
node-local,tiny,2975,choose,rejected,stale_view,0,0.0110,0.0130,0.0019,0.2894,0.0030,0.3182,163,0.0104
node-local,tiny,2976,look,accepted,observed,0,0.0146,0.0136,0.0020,0.2947,0.0026,0.3275,161,0.0100
node-local,tiny,2977,move,accepted,moved,1,0.0125,0.0151,0.0023,0.3883,0.0031,0.4213,191,0.0096
node-local,tiny,2978,move,accepted,moved,1,0.0115,0.0147,0.0024,0.3140,0.0034,0.3460,187,0.0100
node-local,tiny,2979,take,rejected,not_present,0,0.0136,0.0157,0.0020,0.2838,0.0023,0.3173,164,0.0102
node-local,tiny,2980,look,accepted,observed,0,0.0115,0.0128,0.0019,0.2773,0.0021,0.3056,161,0.0095
node-local,tiny,2981,move,rejected,exit_unavailable,0,0.0119,0.0137,0.0020,0.2727,0.0023,0.3025,169,0.0093
node-local,tiny,2982,move,accepted,moved,1,0.0108,0.0140,0.0022,0.3070,0.0028,0.3368,189,0.0093
node-local,tiny,2983,take,accepted,taken,1,0.0115,0.0142,0.0021,0.3238,0.0027,0.3543,189,0.0100
node-local,tiny,2984,drop,rejected,integrity_conflict,0,0.0337,0.0112,0.0000,0.0000,0.0015,0.0465,0,0.0094
node-local,tiny,2985,look,accepted,observed,0,0.0097,0.0124,0.0020,0.2768,0.0022,0.3031,161,0.0094
node-local,tiny,2986,wait,rejected,invalid_time,0,0.0109,0.0140,0.0019,0.2860,0.0021,0.3150,165,0.0093
node-local,tiny,2987,talk,rejected,not_eligible,0,0.0110,0.0135,0.0052,0.2709,0.0022,0.3029,165,0.0095
node-local,tiny,2988,look,accepted,observed,0,0.0108,0.0132,0.0221,0.3012,0.0031,0.3505,161,0.0100
node-local,tiny,2989,talk,rejected,not_eligible,0,0.0132,0.0153,0.0020,0.2912,0.0025,0.3242,165,0.0097
node-local,tiny,2990,drop,accepted,dropped,1,0.0117,0.0146,0.0024,0.3359,0.0031,0.3677,196,0.0100
node-local,tiny,2991,move,accepted,moved,1,0.0117,0.0154,0.0024,0.3295,0.0030,0.3619,187,0.0096
node-local,tiny,2992,wait,rejected,invalid_time,0,0.0122,0.0148,0.0021,0.2752,0.0026,0.3070,165,0.0100
node-local,tiny,2993,take,rejected,not_present,0,0.0119,0.0150,0.0020,0.3003,0.0024,0.3316,164,0.0099
node-local,tiny,2994,choose,rejected,invalid_choice,0,0.0118,0.0177,0.0020,0.2865,0.0023,0.3203,167,0.0097
node-local,tiny,2995,move,rejected,exit_unavailable,0,0.0115,0.0155,0.0022,0.2850,0.0023,0.3166,169,0.0128
node-local,tiny,2996,move,accepted,moved,1,0.0126,0.0158,0.0024,0.3150,0.0038,0.3496,191,0.0101
node-local,tiny,2997,take,rejected,not_present,0,0.0122,0.0145,0.0022,0.2868,0.0023,0.3181,164,0.0099
node-local,tiny,2998,move,accepted,moved,1,0.0114,0.0151,0.0023,0.3252,0.0031,0.3570,189,0.0104
node-local,tiny,2999,look,accepted,observed,0,0.0127,0.0133,0.0020,0.3315,0.0026,0.3621,161,0.0097
node-local,medium,1000,move,accepted,moved,1,0.0125,0.0150,0.0022,0.3653,0.0026,0.3977,190,3.0310
node-local,medium,1001,move,accepted,moved,1,0.0362,0.0248,0.0040,0.4395,0.0040,0.5084,188,2.7910
node-local,medium,1002,move,accepted,moved,1,0.0346,0.0244,0.0034,0.5272,0.0049,0.5945,190,2.9050
node-local,medium,1003,wait,rejected,invalid_time,0,0.0491,0.0286,0.0034,0.4569,0.0045,0.5424,164,2.6930
node-local,medium,1004,move,accepted,moved,1,0.0295,0.0261,0.0036,0.4433,0.0043,0.5068,186,2.7411
node-local,medium,1005,move,accepted,moved,1,0.0345,0.0267,0.0031,0.4662,0.0057,0.5362,188,2.7417
node-local,medium,1006,choose,rejected,invalid_choice,0,0.0422,0.0245,0.0029,0.4072,0.0036,0.4805,166,2.8254
node-local,medium,1007,move,accepted,moved,1,0.0389,0.0283,0.0035,0.5297,0.0045,0.6049,186,2.7850
node-local,medium,1008,look,accepted,observed,0,0.0386,0.0236,0.0029,0.4177,0.0030,0.4859,160,2.6431
node-local,medium,1009,take,rejected,not_present,0,0.0253,0.0232,0.0026,0.3528,0.0030,0.4068,163,2.7580
node-local,medium,1010,move,accepted,moved,1,0.0442,0.0359,0.0038,0.4891,0.0055,0.5785,190,2.7884
node-local,medium,1011,choose,rejected,invalid_choice,0,0.0332,0.0266,0.0026,0.3780,0.0029,0.4435,166,3.0313
node-local,medium,1012,look,accepted,observed,0,0.0379,0.0235,0.0028,0.4007,0.0028,0.4676,160,2.7698
node-local,medium,1013,talk,rejected,not_eligible,0,0.0315,0.0255,0.0026,0.3832,0.0048,0.4476,164,3.0773
node-local,medium,1014,look,accepted,observed,0,0.0340,0.0250,0.0027,0.4029,0.0030,0.4677,160,2.8275
node-local,medium,1015,move,accepted,moved,1,0.0340,0.0302,0.0033,0.4479,0.0034,0.5188,188,2.9121
node-local,medium,1016,wait,rejected,invalid_time,0,0.0335,0.0289,0.0067,0.4180,0.0030,0.4901,164,3.0803
node-local,medium,1017,look,accepted,observed,0,0.0302,0.0219,0.0026,0.3863,0.0029,0.4439,160,2.6546
node-local,medium,1018,move,accepted,moved,1,0.0277,0.0255,0.0030,0.4438,0.0036,0.5036,190,2.8010
node-local,medium,1019,take,accepted,taken,1,0.0309,0.0274,0.0032,0.4244,0.0049,0.4908,188,2.8002
node-local,medium,1020,look,accepted,observed,0,0.0299,0.0237,0.0024,0.3903,0.0027,0.4490,160,2.7074
node-local,medium,1021,look,accepted,observed,0,0.0308,0.0247,0.0034,0.4056,0.0033,0.4678,160,2.9566
node-local,medium,1022,drop,accepted,dropped,1,0.0358,0.0251,0.0033,0.4360,0.0035,0.5038,197,2.6047
node-local,medium,1023,activate,rejected,stale_view,0,0.0260,0.0181,0.0025,0.3829,0.0038,0.4332,162,2.6178
node-local,medium,1024,move,accepted,moved,1,0.0325,0.0250,0.0034,0.4525,0.0045,0.5177,186,2.7919
node-local,medium,1025,look,accepted,observed,0,0.0363,0.0241,0.0028,0.3810,0.0030,0.4472,160,2.5962
node-local,medium,1026,move,rejected,exit_unavailable,0,0.0260,0.0227,0.0027,0.3580,0.0032,0.4125,168,2.8011
node-local,medium,1027,move,accepted,moved,1,0.0421,0.0246,0.0036,0.4290,0.0034,0.5028,188,2.6137
node-local,medium,1028,move,accepted,moved,1,0.0261,0.0228,0.0028,0.4108,0.0034,0.4658,186,2.6082
node-local,medium,1029,look,accepted,observed,0,0.0258,0.0214,0.0026,0.3565,0.0028,0.4091,160,2.8205
node-local,medium,1030,move,accepted,moved,1,0.0347,0.0228,0.0034,0.4454,0.0034,0.5097,188,2.6067
node-local,medium,1031,look,accepted,observed,0,0.0270,0.0199,0.0025,0.5641,0.0033,0.6168,160,2.8236
node-local,medium,1032,take,rejected,not_present,0,0.0357,0.0217,0.0026,0.3869,0.0027,0.4496,163,2.5932
node-local,medium,1033,take,rejected,not_present,0,0.0277,0.0201,0.0025,0.3853,0.0032,0.4388,163,2.6272
node-local,medium,1034,talk,rejected,not_eligible,0,0.0291,0.0203,0.0025,0.3661,0.0029,0.4209,165,2.7787
node-local,medium,1035,take,rejected,not_present,0,0.0325,0.0231,0.0026,0.3943,0.0027,0.4553,164,2.5944
node-local,medium,1036,look,accepted,observed,0,0.0263,0.0200,0.0025,0.3610,0.0028,0.4125,161,2.8060
node-local,medium,1037,move,accepted,moved,1,0.0342,0.0235,0.0030,0.4171,0.0034,0.4811,187,2.6074
node-local,medium,1038,talk,rejected,not_eligible,0,0.0320,0.0205,0.0025,0.3537,0.0032,0.4119,165,2.6642
node-local,medium,1039,move,accepted,moved,1,0.0493,0.0316,0.0034,0.4971,0.0042,0.5857,191,2.8266
node-local,medium,1040,activate,rejected,not_eligible,0,0.0290,0.0216,0.0025,0.3840,0.0030,0.4400,165,2.5965
node-local,medium,1041,talk,rejected,not_eligible,0,0.0250,0.0230,0.0025,0.3652,0.0028,0.4185,165,2.8014
node-local,medium,1042,look,accepted,observed,0,0.0361,0.0208,0.0025,0.3781,0.0028,0.4403,161,2.6593
node-local,medium,1043,move,rejected,exit_unavailable,0,0.0410,0.0290,0.0028,0.4053,0.0032,0.4815,169,2.6950
node-local,medium,1044,take,replayed,not_present,0,0.0624,0.0165,0.0003,0.0001,0.0020,0.0813,0,2.7979
node-local,medium,1045,activate,rejected,not_eligible,0,0.0280,0.0280,0.0029,0.5742,0.0032,0.6363,165,2.5887
node-local,medium,1046,look,accepted,observed,0,0.0258,0.0205,0.0023,0.3543,0.0031,0.4060,161,2.8129
node-local,medium,1047,look,accepted,observed,0,0.0353,0.0222,0.0027,0.4398,0.0058,0.5057,161,2.7506
node-local,medium,1048,move,accepted,moved,1,0.0682,0.0415,0.0042,0.5762,0.0052,0.6952,189,2.6569
node-local,medium,1049,activate,rejected,not_eligible,0,0.0367,0.0262,0.0026,0.4245,0.0049,0.4950,165,2.8965
node-local,medium,1050,move,accepted,moved,1,0.0523,0.0317,0.0039,0.4862,0.0045,0.5786,191,2.6245
node-local,medium,1051,look,accepted,observed,0,0.0291,0.0241,0.0028,0.3649,0.0030,0.4240,161,2.7984
node-local,medium,1052,wait,rejected,invalid_time,0,0.0409,0.0308,0.0030,0.4447,0.0046,0.5240,165,2.7328
node-local,medium,1053,choose,rejected,invalid_choice,0,0.0792,0.0463,0.0035,0.4553,0.0038,0.5882,167,2.7042
node-local,medium,1054,wait,rejected,invalid_time,0,0.0354,0.0267,0.0030,0.5128,0.0046,0.5825,165,2.8591
node-local,medium,1055,look,accepted,observed,0,0.0412,0.0239,0.0029,0.4197,0.0026,0.4903,161,2.5930
node-local,medium,1056,wait,rejected,invalid_time,0,0.0291,0.0240,0.0029,0.3618,0.0029,0.4207,165,2.8598
node-local,medium,1057,take,accepted,taken,1,0.0420,0.0261,0.0040,0.4575,0.0035,0.5331,189,2.6480
node-local,medium,1058,move,accepted,moved,1,0.0319,0.0271,0.0032,0.4469,0.0049,0.5140,187,2.6342
node-local,medium,1059,move,accepted,moved,1,0.0267,0.0252,0.0033,0.5120,0.0044,0.5716,191,2.8615
node-local,medium,1060,look,accepted,observed,0,0.0475,0.0237,0.0024,0.4145,0.0028,0.4909,161,2.6085
node-local,medium,1061,talk,rejected,not_eligible,0,0.0338,0.0223,0.0028,0.3838,0.0028,0.4457,165,2.8168
node-local,medium,1062,wait,rejected,invalid_time,0,0.0335,0.0226,0.0027,0.3819,0.0026,0.4433,165,2.6058
node-local,medium,1063,take,replayed,not_present,0,0.0629,0.0182,0.0004,0.0002,0.0018,0.0836,0,2.6330
node-local,medium,1064,move,accepted,moved,1,0.0300,0.0323,0.0038,0.5651,0.0040,0.6352,187,2.7973
node-local,medium,1065,choose,rejected,invalid_choice,0,0.0308,0.0233,0.0028,0.4099,0.0031,0.4699,167,2.6131
node-local,medium,1066,move,accepted,moved,1,0.0286,0.0248,0.0032,0.4308,0.0034,0.4908,191,2.8267
node-local,medium,1067,move,accepted,moved,1,0.0370,0.0248,0.0027,0.4885,0.0033,0.5564,187,2.6090
node-local,medium,1068,drop,replayed,dropped,0,0.0524,0.0162,0.0005,0.0001,0.0017,0.0709,0,2.6905
node-local,medium,1069,look,accepted,observed,0,0.0264,0.0267,0.0028,0.4773,0.0046,0.5377,161,2.8281
node-local,medium,1070,move,accepted,moved,1,0.0359,0.0254,0.0034,0.5172,0.0038,0.5857,191,2.6785
node-local,medium,1071,move,accepted,moved,1,0.0475,0.0306,0.0031,0.5400,0.0038,0.6250,187,2.8096
node-local,medium,1072,talk,rejected,not_eligible,0,0.0341,0.0228,0.0025,0.4346,0.0034,0.4974,165,2.5963
node-local,medium,1073,activate,rejected,not_eligible,0,0.0290,0.0228,0.0027,0.4402,0.0035,0.4982,165,2.6649
node-local,medium,1074,move,accepted,moved,1,0.0357,0.0303,0.0033,0.5006,0.0038,0.5737,191,2.8647
node-local,medium,1075,look,accepted,observed,0,0.0409,0.0287,0.0028,0.4868,0.0035,0.5627,161,2.6345
node-local,medium,1076,move,accepted,moved,1,0.0328,0.0253,0.0031,0.5052,0.0035,0.5698,189,2.7878
node-local,medium,1077,move,accepted,moved,1,0.0303,0.0213,0.0030,0.4066,0.0034,0.4647,191,2.6068
node-local,medium,1078,move,accepted,moved,1,0.0373,0.0320,0.0035,0.4515,0.0040,0.5283,187,2.6372
node-local,medium,1079,move,accepted,moved,1,0.0251,0.0231,0.0028,0.4478,0.0035,0.5023,189,2.8103
node-local,medium,1080,move,accepted,moved,1,0.0269,0.0228,0.0029,0.4055,0.0035,0.4617,187,2.5978
node-local,medium,1081,talk,rejected,not_eligible,0,0.0250,0.0236,0.0028,0.3664,0.0031,0.4210,165,2.7857
node-local,medium,1082,look,accepted,observed,0,0.0311,0.0218,0.0026,0.3883,0.0041,0.4480,161,2.6196
node-local,medium,1083,choose,rejected,stale_view,0,0.0332,0.0233,0.0030,0.3824,0.0037,0.4456,163,2.6308
node-local,medium,1084,activate,rejected,not_eligible,0,0.0314,0.0247,0.0029,0.3714,0.0043,0.4348,165,2.7913
node-local,medium,1085,wait,rejected,invalid_time,0,0.0280,0.0227,0.0027,0.3583,0.0028,0.4145,165,2.5922
node-local,medium,1086,move,rejected,exit_unavailable,0,0.0259,0.0240,0.0026,0.3589,0.0035,0.4150,169,2.8223
node-local,medium,1087,activate,rejected,not_eligible,0,0.0327,0.0235,0.0032,0.4218,0.0033,0.4845,165,2.5818
node-local,medium,1088,look,accepted,observed,0,0.0254,0.0197,0.0024,0.3578,0.0029,0.4082,161,2.6256
node-local,medium,1089,move,accepted,moved,1,0.0250,0.0250,0.0034,0.4035,0.0035,0.4603,191,2.8173
node-local,medium,1090,move,accepted,moved,1,0.0414,0.0291,0.0030,0.4727,0.0041,0.5503,187,2.6146
node-local,medium,1091,close_choice,rejected,invalid_choice,0,0.0280,0.0215,0.0025,0.5338,0.0029,0.5888,167,2.8176
node-local,medium,1092,look,accepted,observed,0,0.0373,0.0202,0.0024,0.3943,0.0028,0.4568,161,2.5963
node-local,medium,1093,activate,rejected,not_eligible,0,0.0284,0.0194,0.0023,0.4181,0.0040,0.4722,165,2.6126
node-local,medium,1094,move,accepted,moved,1,0.0312,0.0245,0.0036,0.4303,0.0044,0.4940,189,2.8294
node-local,medium,1095,look,accepted,observed,0,0.0314,0.0192,0.0024,0.4161,0.0036,0.4727,161,2.6051
node-local,medium,1096,look,accepted,observed,0,0.0296,0.0207,0.0027,0.4195,0.0030,0.4755,161,2.8034
node-local,medium,1097,move,accepted,moved,1,0.0479,0.0251,0.0030,0.4187,0.0033,0.4980,187,2.6078
node-local,medium,1098,look,accepted,observed,0,0.0308,0.0192,0.0025,0.3949,0.0029,0.4503,161,2.6414
node-local,medium,1099,choose,rejected,invalid_choice,0,0.0222,0.0225,0.0025,0.3874,0.0029,0.4376,167,2.8098
node-local,medium,1100,activate,rejected,not_eligible,0,0.0338,0.0206,0.0026,0.3880,0.0030,0.4480,165,2.5964
node-local,medium,1101,look,accepted,observed,0,0.0319,0.0185,0.0025,0.3714,0.0030,0.4273,161,2.8140
node-local,medium,1102,move,accepted,moved,1,0.0342,0.0242,0.0028,0.4332,0.0036,0.4980,191,2.6235
node-local,medium,1103,move,accepted,moved,1,0.0287,0.0218,0.0029,0.4208,0.0035,0.4776,189,2.6172
node-local,medium,1104,look,accepted,observed,0,0.0246,0.0195,0.0024,0.3654,0.0032,0.4151,161,2.8069
node-local,medium,1105,drop,accepted,dropped,1,0.0353,0.0251,0.0035,0.4308,0.0035,0.4981,196,2.5941
node-local,medium,1106,look,accepted,observed,0,0.0222,0.0204,0.0028,0.3872,0.0029,0.4355,161,2.8271
node-local,medium,1107,move,accepted,moved,1,0.0370,0.0279,0.0026,0.4327,0.0036,0.5037,191,2.6581
node-local,medium,1108,move,accepted,moved,1,0.0350,0.0268,0.0029,0.4486,0.0033,0.5167,189,2.6119
node-local,medium,1109,wait,accepted,waited,1,0.0210,0.0225,0.0031,0.4179,0.0038,0.4684,185,2.8159
node-local,medium,1110,move,rejected,exit_unavailable,0,0.0338,0.0215,0.0026,0.3942,0.0028,0.4549,169,2.6135
node-local,medium,1111,move,accepted,moved,1,0.0255,0.0234,0.0030,0.4352,0.0033,0.4905,191,2.8195
node-local,medium,1112,look,accepted,observed,0,0.0347,0.0212,0.0025,0.3641,0.0027,0.4253,161,2.5989
node-local,medium,1113,look,accepted,observed,0,0.0275,0.0183,0.0024,0.4129,0.0044,0.4655,161,2.6214
node-local,medium,1114,look,accepted,observed,0,0.0217,0.0185,0.0024,0.3783,0.0033,0.4242,161,2.8118
node-local,medium,1115,look,accepted,observed,0,0.0318,0.0229,0.0023,0.4435,0.0028,0.5032,161,2.6822
node-local,medium,1116,move,accepted,moved,1,0.0419,0.0310,0.0044,0.4883,0.0040,0.5695,187,2.8125
node-local,medium,1117,look,accepted,observed,0,0.0345,0.0204,0.0023,0.3880,0.0027,0.4478,161,2.5952
node-local,medium,1118,move,accepted,moved,1,0.0236,0.0243,0.0032,0.4254,0.0035,0.4801,191,2.6309
node-local,medium,1119,look,accepted,observed,0,0.0257,0.0192,0.0024,0.4219,0.0031,0.4723,161,2.8255
node-local,medium,1120,look,accepted,observed,0,0.0270,0.0199,0.0024,0.4005,0.0027,0.4525,161,2.6412
node-local,medium,1121,move,rejected,exit_unavailable,0,0.0288,0.0259,0.0025,0.3788,0.0028,0.4388,169,2.8055
node-local,medium,1122,activate,rejected,not_eligible,0,0.0348,0.0207,0.0024,0.3787,0.0030,0.4397,165,2.6061
node-local,medium,1123,wait,rejected,invalid_time,0,0.0262,0.0230,0.0025,0.3738,0.0028,0.4283,165,2.6564
node-local,medium,1124,look,accepted,observed,0,0.0237,0.0193,0.0027,0.3862,0.0031,0.4351,161,2.7920
node-local,medium,1125,move,accepted,moved,1,0.0291,0.0278,0.0038,0.4455,0.0042,0.5104,187,2.6277
node-local,medium,1126,move,accepted,moved,1,0.0326,0.0257,0.0033,0.4576,0.0041,0.5233,191,2.8197
node-local,medium,1127,choose,rejected,stale_view,0,0.0350,0.0210,0.0024,0.3801,0.0028,0.4413,163,2.6061
node-local,medium,1128,choose,rejected,invalid_choice,0,0.0293,0.0236,0.0023,0.5269,0.0029,0.5851,167,2.6306
node-local,medium,1129,look,accepted,observed,0,0.0242,0.0203,0.0028,0.4142,0.0027,0.4642,161,2.8183
node-local,medium,1130,take,rejected,not_present,0,0.0337,0.0236,0.0026,0.4137,0.0027,0.4762,164,2.6063
node-local,medium,1131,choose,rejected,invalid_choice,0,0.0257,0.0215,0.0026,0.3870,0.0027,0.4397,167,2.8355
node-local,medium,1132,look,accepted,observed,0,0.0291,0.0208,0.0023,0.3851,0.0025,0.4398,161,2.5962
node-local,medium,1133,move,accepted,moved,1,0.0268,0.0228,0.0035,0.4419,0.0045,0.4996,189,2.6387
node-local,medium,1134,move,rejected,exit_unavailable,0,0.0313,0.0226,0.0035,0.4137,0.0034,0.4745,169,2.8260
node-local,medium,1135,look,accepted,observed,0,0.0356,0.0201,0.0024,0.4166,0.0027,0.4775,161,2.5949
node-local,medium,1136,activate,rejected,not_eligible,0,0.0251,0.0211,0.0024,0.3985,0.0036,0.4507,165,2.8485
node-local,medium,1137,look,accepted,observed,0,0.0354,0.0247,0.0025,0.4131,0.0033,0.4791,161,2.5990
node-local,medium,1138,look,accepted,observed,0,0.0275,0.0195,0.0024,0.3891,0.0032,0.4417,161,2.6178
node-local,medium,1139,move,accepted,moved,1,0.0290,0.0270,0.0035,0.4380,0.0039,0.5013,191,2.8330
node-local,medium,1140,move,accepted,moved,1,0.0332,0.0230,0.0031,0.4197,0.0035,0.4825,187,2.6325
node-local,medium,1141,choose,rejected,invalid_choice,0,0.0257,0.0214,0.0026,0.3840,0.0032,0.4368,167,2.8344
node-local,medium,1142,look,accepted,observed,0,0.0358,0.0194,0.0024,0.4255,0.0027,0.4859,161,2.6010
node-local,medium,1143,move,accepted,moved,1,0.0250,0.0222,0.0032,0.4363,0.0035,0.4902,191,2.6171
node-local,medium,1144,look,accepted,observed,0,0.0223,0.0187,0.0025,0.4313,0.0031,0.4780,161,2.8411
node-local,medium,1145,take,rejected,not_present,0,0.0381,0.0289,0.0030,0.5015,0.0059,0.5774,164,2.6664
node-local,medium,1146,look,accepted,observed,0,0.0425,0.0277,0.0032,0.4622,0.0034,0.5391,161,2.8327
node-local,medium,1147,wait,rejected,invalid_time,0,0.0389,0.0293,0.0029,0.4284,0.0030,0.5025,165,2.6651
node-local,medium,1148,choose,rejected,invalid_choice,0,0.0366,0.0245,0.0026,0.3895,0.0030,0.4563,167,2.6209
node-local,medium,1149,move,accepted,moved,1,0.0276,0.0231,0.0036,0.4602,0.0037,0.5182,189,2.7911
node-local,medium,1150,take,accepted,taken,1,0.0319,0.0229,0.0030,0.4200,0.0035,0.4813,189,2.6401
node-local,medium,1151,move,accepted,moved,1,0.0291,0.0293,0.0032,0.4401,0.0049,0.5066,191,2.8309
node-local,medium,1152,drop,accepted,dropped,1,0.0478,0.0294,0.0035,0.4809,0.0040,0.5656,198,2.6105
node-local,medium,1153,look,accepted,observed,0,0.0299,0.0205,0.0025,0.3902,0.0030,0.4461,161,2.6106
node-local,medium,1154,move,accepted,moved,1,0.0298,0.0248,0.0030,0.4444,0.0038,0.5058,189,2.8113
node-local,medium,1155,look,accepted,observed,0,0.0340,0.0209,0.0027,0.3900,0.0026,0.4501,161,2.6132
node-local,medium,1156,move,accepted,moved,1,0.0303,0.0250,0.0029,0.4734,0.0045,0.5361,191,2.8368
node-local,medium,1157,look,accepted,observed,0,0.0408,0.0262,0.0026,0.4290,0.0032,0.5019,161,2.6801
node-local,medium,1158,move,rejected,exit_unavailable,0,0.0583,0.0388,0.0030,0.5840,0.0082,0.6923,169,2.7033
node-local,medium,1159,look,accepted,observed,0,0.0496,0.0313,0.0034,0.4612,0.0036,0.5491,161,2.8133
node-local,medium,1160,move,accepted,moved,1,0.0274,0.0242,0.0031,0.4295,0.0034,0.4877,187,2.6317
node-local,medium,1161,move,accepted,moved,1,0.0297,0.0222,0.0027,0.4207,0.0036,0.4789,189,2.8135
node-local,medium,1162,talk,rejected,not_eligible,0,0.0304,0.0229,0.0027,0.3825,0.0028,0.4413,165,2.6145
node-local,medium,1163,look,accepted,observed,0,0.0280,0.0217,0.0024,0.3657,0.0033,0.4210,161,2.6344
node-local,medium,1164,look,accepted,observed,0,0.0221,0.0185,0.0023,0.3898,0.0033,0.4360,161,2.7827
node-local,medium,1165,look,accepted,observed,0,0.0310,0.0191,0.0024,0.4095,0.0026,0.4645,161,2.5908
node-local,medium,1166,look,accepted,observed,0,0.0244,0.0196,0.0023,0.3698,0.0029,0.4190,161,2.7984
node-local,medium,1167,move,rejected,exit_unavailable,0,0.0333,0.0214,0.0024,0.4297,0.0030,0.4898,169,2.6066
node-local,medium,1168,look,accepted,observed,0,0.0318,0.0188,0.0028,0.3654,0.0032,0.4219,161,2.6090
node-local,medium,1169,wait,rejected,invalid_time,0,0.0243,0.0218,0.0024,0.3548,0.0031,0.4064,165,2.7945
node-local,medium,1170,move,accepted,moved,1,0.0265,0.0234,0.0032,0.4393,0.0031,0.4955,187,2.6197
node-local,medium,1171,look,accepted,observed,0,0.0310,0.0195,0.0027,0.3608,0.0028,0.4167,161,2.8455
node-local,medium,1172,take,rejected,not_present,0,0.0358,0.0221,0.0023,0.5687,0.0026,0.6315,164,2.6160
node-local,medium,1173,move,accepted,moved,1,0.0248,0.0239,0.0030,0.4439,0.0053,0.5008,191,2.6260
node-local,medium,1174,activate,rejected,not_eligible,0,0.0286,0.0227,0.0033,0.3886,0.0036,0.4469,165,2.8267
node-local,medium,1175,wait,rejected,invalid_time,0,0.0358,0.0222,0.0025,0.3766,0.0028,0.4399,165,2.5996
node-local,medium,1176,take,accepted,taken,1,0.0290,0.0213,0.0031,0.4150,0.0035,0.4718,189,2.8827
node-local,medium,1177,activate,rejected,not_eligible,0,0.0464,0.0281,0.0028,0.4324,0.0031,0.5128,165,2.6199
node-local,medium,1178,wait,rejected,invalid_time,0,0.0268,0.0230,0.0025,0.4349,0.0050,0.4921,165,2.7499
node-local,medium,1179,move,accepted,moved,1,0.0450,0.0309,0.0032,0.4649,0.0045,0.5486,187,2.8373
node-local,medium,1180,move,accepted,moved,1,0.0397,0.0259,0.0035,0.4600,0.0041,0.5333,189,2.6536
node-local,medium,1181,choose,rejected,invalid_choice,0,0.0680,0.0490,0.0076,0.4849,0.0047,0.6142,167,2.9865
node-local,medium,1182,wait,rejected,invalid_time,0,0.0643,0.0387,0.0031,0.5158,0.0048,0.6268,165,2.7741
node-local,medium,1183,look,accepted,observed,0,0.0518,0.0380,0.0038,0.4525,0.0042,0.5503,161,2.6917
node-local,medium,1184,look,accepted,observed,0,0.0330,0.0238,0.0028,0.4464,0.0034,0.5094,161,2.8065
node-local,medium,1185,move,accepted,moved,1,0.0284,0.0240,0.0032,0.4766,0.0044,0.5366,187,2.5988
node-local,medium,1186,activate,rejected,not_eligible,0,0.0298,0.0246,0.0033,0.3844,0.0031,0.4451,165,2.8172
node-local,medium,1187,close_choice,rejected,invalid_choice,0,0.0361,0.0245,0.0027,0.4495,0.0037,0.5166,167,2.6335
node-local,medium,1188,move,accepted,moved,1,0.0329,0.0276,0.0038,0.4813,0.0039,0.5495,191,2.6299
node-local,medium,1189,close_choice,rejected,invalid_choice,0,0.0315,0.0220,0.0026,0.3740,0.0031,0.4333,167,2.8423
node-local,medium,1190,look,accepted,observed,0,0.0324,0.0211,0.0025,0.3955,0.0027,0.4543,161,2.6040
node-local,medium,1191,move,rejected,exit_unavailable,0,0.0258,0.0261,0.0025,0.3637,0.0026,0.4208,169,2.8317
node-local,medium,1192,look,accepted,observed,0,0.0383,0.0218,0.0027,0.3917,0.0027,0.4572,161,2.5902
node-local,medium,1193,look,accepted,observed,0,0.0295,0.0196,0.0023,0.5557,0.0030,0.6101,161,2.6735
node-local,medium,1194,wait,rejected,invalid_time,0,0.0308,0.0235,0.0026,0.4226,0.0029,0.4824,165,2.7866
node-local,medium,1195,move,accepted,moved,1,0.0369,0.0290,0.0032,0.4555,0.0032,0.5277,187,2.5985
node-local,medium,1196,choose,rejected,invalid_choice,0,0.0254,0.0240,0.0026,0.3798,0.0032,0.4349,167,2.8139
node-local,medium,1197,talk,rejected,not_eligible,0,0.0403,0.0251,0.0023,0.4422,0.0034,0.5132,165,2.6065
node-local,medium,1198,move,rejected,exit_unavailable,0,0.0249,0.0238,0.0025,0.3923,0.0027,0.4461,169,2.6395
node-local,medium,1199,look,accepted,observed,0,0.0312,0.0221,0.0025,0.3687,0.0035,0.4280,161,2.8312
node-local,medium,1200,talk,rejected,not_eligible,0,0.0338,0.0211,0.0026,0.3890,0.0028,0.4494,165,2.5873
node-local,medium,1201,look,accepted,observed,0,0.0223,0.0188,0.0026,0.3636,0.0033,0.4106,161,2.7937
node-local,medium,1202,drop,accepted,dropped,1,0.0318,0.0229,0.0029,0.4656,0.0036,0.5268,194,2.7102
node-local,medium,1203,look,accepted,observed,0,0.0545,0.0305,0.0029,0.5103,0.0065,0.6045,161,2.7145
node-local,medium,1204,move,accepted,moved,1,0.0477,0.0356,0.0042,0.4638,0.0045,0.5559,189,2.8047
node-local,medium,1205,look,accepted,observed,0,0.0352,0.0227,0.0027,0.4057,0.0028,0.4690,161,2.6029
node-local,medium,1206,move,accepted,moved,1,0.0316,0.0236,0.0031,0.4963,0.0047,0.5593,187,2.8075
node-local,medium,1207,move,accepted,moved,1,0.0311,0.0218,0.0030,0.4139,0.0034,0.4732,189,2.6517
node-local,medium,1208,look,accepted,observed,0,0.0385,0.0302,0.0032,0.4011,0.0042,0.4773,161,2.6234
node-local,medium,1209,move,accepted,moved,1,0.0320,0.0257,0.0030,0.4178,0.0036,0.4821,187,2.8098
node-local,medium,1210,take,accepted,taken,1,0.0382,0.0252,0.0035,0.4075,0.0032,0.4776,189,2.6018
node-local,medium,1211,choose,rejected,invalid_choice,0,0.0254,0.0242,0.0025,0.4085,0.0028,0.4635,167,3.4726
node-local,medium,1212,look,accepted,observed,0,0.0481,0.0248,0.0028,0.4452,0.0027,0.5235,161,2.6618
node-local,medium,1213,move,accepted,moved,1,0.0415,0.0297,0.0036,0.5872,0.0044,0.6664,189,2.7173
node-local,medium,1214,move,rejected,exit_unavailable,0,0.0496,0.0310,0.0030,0.4542,0.0039,0.5418,169,3.0277
node-local,medium,1215,move,accepted,moved,1,0.0427,0.0337,0.0035,0.4692,0.0180,0.5670,187,3.0495
node-local,medium,1216,look,accepted,observed,0,0.0310,0.0230,0.0038,0.4003,0.0027,0.4608,161,3.2901
node-local,medium,1217,move,accepted,moved,1,0.0520,0.0340,0.0035,0.4831,0.0039,0.5765,191,2.6232
node-local,medium,1218,look,accepted,observed,0,0.0282,0.0200,0.0024,0.4296,0.0029,0.4832,161,2.6304
node-local,medium,1219,choose,rejected,stale_view,0,0.0299,0.0216,0.0025,0.3818,0.0033,0.4390,163,2.9599
node-local,medium,1220,wait,rejected,invalid_time,0,0.0343,0.0335,0.0027,0.4150,0.0060,0.4915,165,3.0808
node-local,medium,1221,look,accepted,observed,0,0.0509,0.0408,0.0037,0.4394,0.0033,0.5380,161,3.3275
node-local,medium,1222,look,accepted,observed,0,0.0312,0.0231,0.0025,0.4276,0.0029,0.4873,161,2.6556
node-local,medium,1223,move,accepted,moved,1,0.0253,0.0248,0.0033,0.4307,0.0038,0.4878,189,2.6364
node-local,medium,1224,wait,rejected,invalid_time,0,0.0282,0.0229,0.0027,0.3894,0.0034,0.4465,165,2.6651
node-local,medium,1225,drop,accepted,dropped,1,0.0265,0.0267,0.0034,0.5039,0.0036,0.5641,196,2.7960
node-local,medium,1226,move,accepted,moved,1,0.0293,0.0241,0.0030,0.4509,0.0035,0.5107,191,3.1865
node-local,medium,1227,move,rejected,exit_unavailable,0,0.0357,0.0226,0.0028,0.4090,0.0028,0.4729,169,2.6002
node-local,medium,1228,move,accepted,moved,1,0.0242,0.0243,0.0030,0.5119,0.0050,0.5684,189,2.6384
node-local,medium,1229,look,accepted,observed,0,0.0382,0.0250,0.0030,0.4519,0.0035,0.5217,161,2.7035
node-local,medium,1230,look,accepted,observed,0,0.0379,0.0326,0.0030,0.4669,0.0064,0.5467,161,2.7814
node-local,medium,1231,take,accepted,taken,1,0.0380,0.0326,0.0041,0.5240,0.0065,0.6052,189,3.2161
node-local,medium,1232,drop,accepted,dropped,1,0.0402,0.0290,0.0039,0.5795,0.0048,0.6573,196,2.6172
node-local,medium,1233,wait,rejected,invalid_time,0,0.0319,0.0260,0.0029,0.4651,0.0032,0.5291,165,2.6328
node-local,medium,1234,choose,rejected,invalid_choice,0,0.0322,0.0220,0.0026,0.4174,0.0031,0.4772,167,2.6070
node-local,medium,1235,look,accepted,observed,0,0.0300,0.0199,0.0025,0.3805,0.0027,0.4357,161,2.6586
node-local,medium,1236,drop,replayed,dropped,0,0.0618,0.0155,0.0003,0.0000,0.0018,0.0795,0,2.9603
node-local,medium,1237,move,accepted,moved,1,0.0315,0.0329,0.0036,0.4986,0.0035,0.5701,191,2.6009
node-local,medium,1238,move,accepted,moved,1,0.0265,0.0217,0.0030,0.4414,0.0033,0.4959,187,2.6695
node-local,medium,1239,take,rejected,not_present,0,0.0348,0.0239,0.0025,0.4040,0.0032,0.4684,164,2.6790
node-local,medium,1240,move,accepted,moved,1,0.0353,0.0261,0.0033,0.4816,0.0053,0.5516,189,2.6309
node-local,medium,1241,choose,rejected,stale_view,0,0.0315,0.0237,0.0030,0.4190,0.0032,0.4805,163,2.9499
node-local,medium,1242,move,accepted,moved,1,0.0287,0.0251,0.0032,0.4391,0.0045,0.5007,187,2.7354
node-local,medium,1243,move,accepted,moved,1,0.0699,0.0462,0.0044,0.5582,0.0058,0.6845,189,2.7724
node-local,medium,1244,move,accepted,moved,1,0.0535,0.0360,0.0038,0.5500,0.0050,0.6483,187,2.6689
node-local,medium,1245,move,accepted,moved,1,0.0353,0.0300,0.0033,0.4515,0.0058,0.5258,191,2.6238
node-local,medium,1246,close_choice,rejected,invalid_choice,0,0.0352,0.0248,0.0028,0.4322,0.0040,0.4991,167,2.9331
node-local,medium,1247,activate,rejected,not_eligible,0,0.0368,0.0245,0.0030,0.3911,0.0033,0.4587,165,2.6532
node-local,medium,1248,move,accepted,moved,1,0.0290,0.0258,0.0033,0.4370,0.0043,0.4993,189,2.6863
node-local,medium,1249,wait,rejected,invalid_time,0,0.0454,0.0306,0.0026,0.5028,0.0047,0.5862,165,2.6563
node-local,medium,1250,take,accepted,taken,1,0.0375,0.0295,0.0034,0.4403,0.0037,0.5143,189,2.6266
node-local,medium,1251,wait,rejected,invalid_time,0,0.0353,0.0232,0.0026,0.3924,0.0028,0.4564,165,2.9386
node-local,medium,1252,move,accepted,moved,1,0.0339,0.0257,0.0032,0.4165,0.0037,0.4830,191,2.6260
node-local,medium,1253,look,accepted,observed,0,0.0307,0.0235,0.0031,0.3906,0.0031,0.4509,161,2.6160
node-local,medium,1254,wait,rejected,invalid_time,0,0.0306,0.0234,0.0025,0.3757,0.0028,0.4351,165,2.6779
node-local,medium,1255,look,accepted,observed,0,0.0337,0.0214,0.0027,0.4052,0.0030,0.4661,161,2.6247
node-local,medium,1256,talk,rejected,not_eligible,0,0.0336,0.0210,0.0022,0.4395,0.0033,0.4995,165,2.9262
node-local,medium,1257,move,accepted,moved,1,0.0392,0.0253,0.0034,0.4737,0.0045,0.5462,189,2.6058
node-local,medium,1258,move,accepted,moved,1,0.0304,0.0294,0.0035,0.4670,0.0037,0.5340,191,2.6252
node-local,medium,1259,move,accepted,moved,1,0.0358,0.0251,0.0030,0.4690,0.0045,0.5375,189,2.6517
node-local,medium,1260,look,accepted,observed,0,0.0307,0.0214,0.0025,0.4105,0.0038,0.4690,161,2.6276
node-local,medium,1261,wait,rejected,invalid_time,0,0.0339,0.0251,0.0029,0.4083,0.0033,0.4735,165,2.9322
node-local,medium,1262,move,accepted,moved,1,0.0349,0.0260,0.0031,0.4498,0.0032,0.5171,191,2.5948
node-local,medium,1263,talk,rejected,not_eligible,0,0.0295,0.0225,0.0025,0.5421,0.0032,0.5998,165,2.6124
node-local,medium,1264,look,accepted,observed,0,0.0315,0.0207,0.0026,0.4034,0.0033,0.4615,161,2.6751
node-local,medium,1265,move,accepted,moved,1,0.0350,0.0286,0.0031,0.4423,0.0034,0.5125,189,2.6045
node-local,medium,1266,move,accepted,moved,1,0.0306,0.0225,0.0025,0.4169,0.0034,0.4760,191,2.9369
node-local,medium,1267,look,accepted,observed,0,0.0376,0.0213,0.0028,0.4216,0.0029,0.4862,161,2.5919
node-local,medium,1268,look,accepted,observed,0,0.0285,0.0183,0.0023,0.3782,0.0028,0.4300,161,2.5988
node-local,medium,1269,look,accepted,observed,0,0.0274,0.0188,0.0025,0.3788,0.0030,0.4305,161,2.6721
node-local,medium,1270,move,accepted,moved,1,0.0338,0.0255,0.0037,0.4379,0.0046,0.5055,187,2.6255
node-local,medium,1271,look,accepted,observed,0,0.0334,0.0213,0.0028,0.4228,0.0034,0.4836,161,2.9612
node-local,medium,1272,drop,accepted,dropped,1,0.0379,0.0239,0.0029,0.4552,0.0032,0.5231,194,2.6209
node-local,medium,1273,move,accepted,moved,1,0.0222,0.0222,0.0031,0.3997,0.0034,0.4506,189,2.6228
node-local,medium,1274,look,accepted,observed,0,0.0331,0.0214,0.0025,0.4304,0.0039,0.4914,161,2.6293
node-local,medium,1275,look,accepted,observed,0,0.0372,0.0208,0.0027,0.4046,0.0044,0.4698,161,2.6612
node-local,medium,1276,take,rejected,not_present,0,0.0248,0.0219,0.0023,0.4100,0.0037,0.4627,164,2.9398
node-local,medium,1277,look,accepted,observed,0,0.0384,0.0214,0.0025,0.4150,0.0027,0.4799,161,2.6006
node-local,medium,1278,look,accepted,observed,0,0.0258,0.0179,0.0024,0.3864,0.0036,0.4360,161,2.6053
node-local,medium,1279,look,accepted,observed,0,0.0265,0.0189,0.0025,0.3583,0.0030,0.4092,161,2.6560
node-local,medium,1280,take,rejected,not_present,0,0.0304,0.0209,0.0025,0.3907,0.0033,0.4478,164,2.6922
node-local,medium,1281,move,accepted,moved,1,0.0511,0.0323,0.0033,0.5422,0.0042,0.6330,187,2.9457
node-local,medium,1282,look,accepted,observed,0,0.0359,0.0207,0.0025,0.3771,0.0028,0.4390,161,2.6092
node-local,medium,1283,move,accepted,moved,1,0.0250,0.0225,0.0033,0.4236,0.0035,0.4780,191,2.6095
node-local,medium,1284,wait,accepted,waited,1,0.0222,0.0226,0.0026,0.4400,0.0057,0.4931,185,2.6306
node-local,medium,1285,look,accepted,observed,0,0.0332,0.0224,0.0028,0.4298,0.0035,0.4917,161,2.7287
node-local,medium,1286,move,accepted,moved,1,0.0429,0.0287,0.0033,0.4833,0.0035,0.5617,189,2.9685
node-local,medium,1287,move,accepted,moved,1,0.0396,0.0248,0.0029,0.4553,0.0035,0.5260,191,2.5959
node-local,medium,1288,look,accepted,observed,0,0.0222,0.0193,0.0025,0.3547,0.0028,0.4015,161,2.5943
node-local,medium,1289,move,accepted,moved,1,0.0298,0.0244,0.0028,0.4873,0.0044,0.5488,189,2.6632
node-local,medium,1290,wait,rejected,invalid_time,0,0.0325,0.0238,0.0026,0.3790,0.0029,0.4409,165,2.6229
node-local,medium,1291,look,accepted,observed,0,0.0342,0.0206,0.0025,0.3750,0.0030,0.4354,161,2.9612
node-local,medium,1292,wait,rejected,invalid_time,0,0.0391,0.0243,0.0026,0.4071,0.0028,0.4758,165,2.5888
node-local,medium,1293,move,accepted,moved,1,0.0301,0.0235,0.0034,0.4421,0.0046,0.5037,191,2.6220
node-local,medium,1294,wait,rejected,invalid_time,0,0.0343,0.0257,0.0025,0.3985,0.0032,0.4640,165,2.6132
node-local,medium,1295,look,accepted,observed,0,0.0287,0.0200,0.0025,0.3855,0.0033,0.4400,161,2.6674
node-local,medium,1296,move,accepted,moved,1,0.0388,0.0275,0.0030,0.4728,0.0041,0.5463,189,2.6343
node-local,medium,1297,activate,rejected,not_eligible,0,0.0285,0.0209,0.2936,0.4125,0.0025,0.7580,165,2.5815
node-local,medium,1298,look,accepted,observed,0,0.0262,0.0205,0.0026,0.3706,0.0028,0.4228,161,2.6013
node-local,medium,1299,look,accepted,observed,0,0.0292,0.0191,0.0025,0.3760,0.0029,0.4297,161,2.5913
node-local,medium,1300,talk,rejected,not_eligible,0,0.0253,0.0214,0.0025,0.5780,0.0027,0.6298,165,2.6211
node-local,medium,1301,take,rejected,not_present,0,0.0285,0.0245,0.0024,0.3929,0.0033,0.4517,164,2.6730
node-local,medium,1302,move,accepted,moved,1,0.0323,0.0262,0.0032,0.4268,0.0035,0.4920,191,2.8616
node-local,medium,1303,move,rejected,exit_unavailable,0,0.0324,0.0277,0.0025,0.4143,0.0031,0.4800,169,2.6111
node-local,medium,1304,look,accepted,observed,0,0.0252,0.0193,0.0022,0.4377,0.0028,0.4872,161,2.5932
node-local,medium,1305,wait,rejected,invalid_time,0,0.0225,0.0254,0.0022,0.3778,0.0027,0.4305,165,2.6271
node-local,medium,1306,move,accepted,moved,1,0.0294,0.0230,0.0028,0.4480,0.0049,0.5080,189,2.6427
node-local,medium,1307,activate,rejected,not_eligible,0,0.0340,0.0221,0.0028,0.4081,0.0033,0.4704,165,2.8791
node-local,medium,1308,look,accepted,observed,0,0.0347,0.0211,0.0023,0.3967,0.0027,0.4574,161,2.5836
node-local,medium,1309,look,accepted,observed,0,0.0240,0.0185,0.0022,0.4016,0.0030,0.4493,161,2.6283
node-local,medium,1310,look,accepted,observed,0,0.0232,0.0191,0.0023,0.3560,0.0028,0.4034,161,2.6256
node-local,medium,1311,wait,rejected,invalid_time,0,0.0308,0.0262,0.0025,0.3835,0.0028,0.4457,165,2.6101
node-local,medium,1312,look,accepted,observed,0,0.0278,0.0214,0.0027,0.3823,0.0027,0.4370,161,2.8902
node-local,medium,1313,look,accepted,observed,0,0.0321,0.0203,0.0025,0.4050,0.0030,0.4629,161,2.5955
node-local,medium,1314,wait,rejected,invalid_time,0,0.0283,0.0215,0.0025,0.3532,0.0027,0.4081,165,2.6055
node-local,medium,1315,take,rejected,not_present,0,0.0239,0.0201,0.0025,0.3960,0.0028,0.4452,164,2.6309
node-local,medium,1316,wait,rejected,invalid_time,0,0.0250,0.0203,0.0023,0.3805,0.0031,0.4311,165,2.6232
node-local,medium,1317,look,accepted,observed,0,0.0281,0.0199,0.0023,0.3665,0.0031,0.4199,161,2.8639
node-local,medium,1318,look,accepted,observed,0,0.0332,0.0197,0.0026,0.3893,0.0028,0.4476,161,2.6834
node-local,medium,1319,activate,rejected,not_eligible,0,0.0378,0.0255,0.0025,0.4507,0.0046,0.5212,165,2.6204
node-local,medium,1320,look,accepted,observed,0,0.0302,0.0220,0.0028,0.4088,0.0033,0.4670,161,2.5997
node-local,medium,1321,activate,rejected,not_eligible,0,0.0251,0.0199,0.0027,0.3753,0.0028,0.4258,165,2.6466
node-local,medium,1322,look,accepted,observed,0,0.0230,0.0218,0.0025,0.3795,0.0027,0.4296,161,2.9114
node-local,medium,1323,look,accepted,observed,0,0.0473,0.0255,0.0027,0.4305,0.0030,0.5091,161,2.6597
node-local,medium,1324,move,accepted,moved,1,0.0339,0.0263,0.0034,0.4406,0.0047,0.5090,191,2.6217
node-local,medium,1325,look,accepted,observed,0,0.0343,0.0210,0.0027,0.3991,0.0031,0.4602,161,2.5938
node-local,medium,1326,wait,rejected,invalid_time,0,0.0241,0.0223,0.0024,0.3632,0.0028,0.4148,165,2.6796
node-local,medium,1327,look,accepted,observed,0,0.0339,0.0236,0.0025,0.4090,0.0028,0.4718,161,2.8947
node-local,medium,1328,wait,rejected,invalid_time,0,0.0350,0.0255,0.0024,0.4032,0.0026,0.4686,165,2.6185
node-local,medium,1329,look,accepted,observed,0,0.0282,0.0208,0.0025,0.3948,0.0030,0.4494,161,2.6184
node-local,medium,1330,look,accepted,observed,0,0.0353,0.0190,0.0034,0.4297,0.0028,0.4903,161,2.6495
node-local,medium,1331,look,accepted,observed,0,0.0330,0.0200,0.0023,0.3783,0.0029,0.4365,161,2.6056
node-local,medium,1332,take,rejected,not_present,0,0.0247,0.0210,0.0025,0.3660,0.0030,0.4171,164,2.8734
node-local,medium,1333,move,accepted,moved,1,0.0376,0.0255,0.0033,0.4471,0.0037,0.5172,187,2.6188
node-local,medium,1334,choose,rejected,invalid_choice,0,0.0300,0.0218,0.0030,0.3966,0.0028,0.4542,167,2.6353
node-local,medium,1335,move,rejected,exit_unavailable,0,0.0271,0.0252,0.0028,0.3775,0.0031,0.4358,169,2.6375
node-local,medium,1336,wait,rejected,invalid_time,0,0.0329,0.0207,0.0023,0.3591,0.0027,0.4177,165,2.6200
node-local,medium,1337,move,accepted,moved,1,0.0252,0.0242,0.0029,0.4483,0.0034,0.5040,189,2.9228
node-local,medium,1338,look,accepted,observed,0,0.0352,0.0217,0.0027,0.3952,0.0027,0.4575,161,2.6167
node-local,medium,1339,look,accepted,observed,0,0.0326,0.0194,0.0022,0.3803,0.0027,0.4372,161,2.6293
node-local,medium,1340,move,accepted,moved,1,0.0242,0.0251,0.0029,0.4232,0.0033,0.4788,187,2.6221
node-local,medium,1341,move,accepted,moved,1,0.0327,0.0228,0.0033,0.4167,0.0035,0.4790,189,2.6211
node-local,medium,1342,move,accepted,moved,1,0.0297,0.0207,0.0028,0.4336,0.0033,0.4901,187,2.8995
node-local,medium,1343,look,accepted,observed,0,0.0336,0.0215,0.0024,0.3759,0.0029,0.4363,161,2.6143
node-local,medium,1344,move,accepted,moved,1,0.0256,0.0214,0.0030,0.4146,0.0033,0.4679,189,2.6036
node-local,medium,1345,move,accepted,moved,1,0.0296,0.0218,0.0029,0.4413,0.0035,0.4992,187,2.6509
node-local,medium,1346,move,rejected,exit_unavailable,0,0.0252,0.0197,0.0024,0.4149,0.0027,0.4649,169,2.6438
node-local,medium,1347,wait,rejected,invalid_time,0,0.0310,0.0217,0.0023,0.4235,0.0029,0.4815,165,2.8970
node-local,medium,1348,look,accepted,observed,0,0.0344,0.0206,0.0026,0.3902,0.0027,0.4505,161,2.5788
node-local,medium,1349,move,accepted,moved,1,0.0267,0.0237,0.0034,0.4315,0.0049,0.4902,189,2.6076
node-local,medium,1350,look,accepted,observed,0,0.0288,0.0211,0.0028,0.3965,0.0032,0.4525,161,2.6471
node-local,medium,1351,wait,rejected,invalid_time,0,0.0394,0.0285,0.0028,0.4684,0.0039,0.5430,165,2.6885
node-local,medium,1352,talk,rejected,not_eligible,0,0.0276,0.0225,0.0029,0.3798,0.0033,0.4361,165,2.8920
node-local,medium,1353,wait,rejected,invalid_time,0,0.0295,0.0238,0.0024,0.3810,0.0030,0.4397,165,2.6207
node-local,medium,1354,move,accepted,moved,1,0.0280,0.0247,0.0029,0.4387,0.0046,0.4987,187,2.6742
node-local,medium,1355,move,accepted,moved,1,0.0333,0.0335,0.0039,0.4710,0.0049,0.5466,191,2.6551
node-local,medium,1356,close_choice,rejected,invalid_choice,0,0.0300,0.0240,0.0023,0.3807,0.0030,0.4400,167,2.6597
node-local,medium,1357,talk,rejected,not_eligible,0,0.0306,0.0239,0.0024,0.3848,0.0028,0.4445,165,2.8825
node-local,medium,1358,move,accepted,moved,1,0.0312,0.0258,0.0033,0.4330,0.0034,0.4966,189,2.6480
node-local,medium,1359,choose,rejected,invalid_choice,0,0.0333,0.0255,0.0025,0.4608,0.0063,0.5284,167,2.7737
node-local,medium,1360,move,accepted,moved,1,0.0730,0.0451,0.0044,0.6585,0.0050,0.7860,191,2.6504
node-local,medium,1361,move,accepted,moved,1,0.0390,0.0263,0.0032,0.4718,0.0040,0.5444,187,2.7033
node-local,medium,1362,move,rejected,exit_unavailable,0,0.0381,0.0245,0.0029,0.4147,0.0029,0.4832,169,2.9560
node-local,medium,1363,move,accepted,moved,1,0.0335,0.0249,0.0030,0.4524,0.0033,0.5171,189,2.5908
node-local,medium,1364,move,accepted,moved,1,0.0244,0.0218,0.0028,0.4170,0.0034,0.4695,187,2.6330
node-local,medium,1365,move,rejected,exit_unavailable,0,0.0315,0.0214,0.0027,0.3827,0.0028,0.4412,169,2.6703
node-local,medium,1366,move,accepted,moved,1,0.0350,0.0245,0.0026,0.4343,0.0033,0.4997,189,2.6409
node-local,medium,1367,activate,accepted,activated,1,0.0287,0.0229,0.0030,0.4302,0.0034,0.4882,197,2.9124
node-local,medium,1368,talk,rejected,not_owned,0,0.0318,0.0225,0.0024,0.3942,0.0027,0.4536,162,2.6240
node-local,medium,1369,move,accepted,moved,1,0.0327,0.0288,0.0033,0.4817,0.0035,0.5501,187,2.6279
node-local,medium,1370,activate,rejected,not_eligible,0,0.0282,0.0210,0.0026,0.3823,0.0028,0.4369,165,2.6545
node-local,medium,1371,look,accepted,observed,0,0.0336,0.0207,0.0025,0.3922,0.0030,0.4520,161,2.6422
node-local,medium,1372,look,accepted,observed,0,0.0279,0.0195,0.0027,0.3774,0.0026,0.4301,161,2.9183
node-local,medium,1373,look,accepted,observed,0,0.0327,0.0247,0.0025,0.4320,0.0028,0.4947,161,2.5927
node-local,medium,1374,move,accepted,moved,1,0.0294,0.0238,0.0061,0.4448,0.0053,0.5094,191,2.6437
node-local,medium,1375,look,accepted,observed,0,0.0316,0.0280,0.0309,0.5122,0.0048,0.6075,161,2.6696
node-local,medium,1376,move,accepted,moved,1,0.0543,0.0340,0.0042,0.5174,0.0046,0.6145,189,2.6998
node-local,medium,1377,move,rejected,exit_unavailable,0,0.0365,0.0268,0.0028,0.4488,0.0034,0.5183,169,2.9204
node-local,medium,1378,move,accepted,moved,1,0.0339,0.0268,0.0035,0.4869,0.0066,0.5577,191,2.6230
node-local,medium,1379,wait,rejected,invalid_time,0,0.0366,0.0324,0.0032,0.5881,0.0035,0.6638,165,2.6185
node-local,medium,1380,look,accepted,observed,0,0.0283,0.0223,0.0025,0.4500,0.0041,0.5071,161,2.6057
node-local,medium,1381,look,accepted,observed,0,0.0284,0.0239,0.0026,0.4102,0.0032,0.4683,161,2.6140
node-local,medium,1382,look,accepted,observed,0,0.0255,0.0201,0.0025,0.3810,0.0029,0.4320,161,2.9253
node-local,medium,1383,move,accepted,moved,1,0.0353,0.0266,0.0035,0.4415,0.0033,0.5102,189,2.6033
node-local,medium,1384,take,replayed,not_present,0,0.0513,0.0158,0.0003,0.0001,0.0018,0.0693,0,2.5844
node-local,medium,1385,move,rejected,exit_unavailable,0,0.0205,0.0287,0.0027,0.4763,0.0034,0.5318,169,2.6686
node-local,medium,1386,look,accepted,observed,0,0.0323,0.0210,0.0023,0.4400,0.0028,0.4984,161,2.6140
node-local,medium,1387,take,rejected,not_present,0,0.0287,0.0213,0.0024,0.3886,0.0034,0.4443,164,2.9903
node-local,medium,1388,look,accepted,observed,0,0.0435,0.0281,0.0024,0.4367,0.0040,0.5147,161,2.6118
node-local,medium,1389,look,accepted,observed,0,0.0250,0.0197,0.0023,0.3995,0.0028,0.4493,161,2.6047
node-local,medium,1390,wait,rejected,invalid_time,0,0.0248,0.0230,0.0026,0.3677,0.0027,0.4207,165,2.6747
node-local,medium,1391,look,accepted,observed,0,0.0349,0.0250,0.0024,0.4314,0.0034,0.4971,161,2.6613
node-local,medium,1392,choose,rejected,invalid_choice,0,0.0350,0.0252,0.0023,0.4733,0.0030,0.5388,167,2.9520
node-local,medium,1393,move,accepted,moved,1,0.0356,0.0276,0.0028,0.5064,0.0036,0.5760,191,2.5930
node-local,medium,1394,choose,rejected,invalid_choice,0,0.0256,0.0221,0.0024,0.3980,0.0030,0.4511,167,2.6621
node-local,medium,1395,look,accepted,observed,0,0.0333,0.0223,0.0025,0.3784,0.0030,0.4394,161,2.6675
node-local,medium,1396,move,accepted,moved,1,0.0268,0.0257,0.0028,0.4522,0.0051,0.5127,189,2.6210
node-local,medium,1397,move,accepted,moved,1,0.0332,0.0276,0.0034,0.4590,0.0037,0.5269,191,2.9738
node-local,medium,1398,look,accepted,observed,0,0.0430,0.0234,0.0027,0.4723,0.0032,0.5445,161,2.6290
node-local,medium,1399,move,accepted,moved,1,0.0298,0.0257,0.0031,0.4242,0.0042,0.4869,189,2.6190
node-local,medium,1400,take,rejected,not_present,0,0.0326,0.0218,0.0023,0.3704,0.0030,0.4301,164,2.6191
node-local,medium,1401,take,rejected,not_present,0,0.0333,0.0208,0.0022,0.4294,0.0039,0.4895,164,2.6278
node-local,medium,1402,wait,rejected,invalid_time,0,0.0318,0.0259,0.0032,0.4103,0.0032,0.4743,165,2.9146
node-local,medium,1403,look,accepted,observed,0,0.0345,0.0219,0.0021,0.4012,0.0027,0.4624,161,2.6314
node-local,medium,1404,look,accepted,observed,0,0.0300,0.0198,0.0023,0.3640,0.0033,0.4193,161,2.6007
node-local,medium,1405,look,accepted,observed,0,0.0303,0.0204,0.0023,0.3856,0.0040,0.4425,161,2.6406
node-local,medium,1406,look,accepted,observed,0,0.0238,0.0183,0.0022,0.4206,0.0030,0.4680,161,2.6305
node-local,medium,1407,look,accepted,observed,0,0.0250,0.0193,0.0022,0.3917,0.0029,0.4411,161,2.9393
node-local,medium,1408,wait,rejected,invalid_time,0,0.0359,0.0235,0.0024,0.3952,0.0028,0.4597,165,2.6112
node-local,medium,1409,move,accepted,moved,1,0.0263,0.0249,0.0032,0.4052,0.0034,0.4630,191,2.6086
node-local,medium,1410,move,accepted,moved,1,0.0267,0.0215,0.0030,0.4397,0.0049,0.4959,187,2.6112
node-local,medium,1411,wait,rejected,invalid_time,0,0.0291,0.0213,0.0023,0.3994,0.0035,0.4556,165,2.6890
node-local,medium,1412,move,accepted,moved,1,0.0375,0.0236,0.0027,0.4476,0.0034,0.5148,189,2.9063
node-local,medium,1413,look,accepted,observed,0,0.0305,0.0212,0.0023,0.3890,0.0027,0.4457,161,2.5930
node-local,medium,1414,wait,rejected,invalid_time,0,0.0242,0.0213,0.0024,0.3971,0.0027,0.4477,165,2.6397
node-local,medium,1415,look,accepted,observed,0,0.0313,0.0192,0.0023,0.3715,0.0029,0.4272,161,2.6506
node-local,medium,1416,talk,rejected,not_owned,0,0.0245,0.0214,0.0021,0.3856,0.0030,0.4366,162,2.6161
node-local,medium,1417,move,accepted,moved,1,0.0267,0.0281,0.0030,0.4648,0.0037,0.5264,187,2.9165
node-local,medium,1418,look,accepted,observed,0,0.0345,0.0201,0.0021,0.3880,0.0026,0.4473,161,2.5932
node-local,medium,1419,look,accepted,observed,0,0.0262,0.0183,0.0021,0.3968,0.0028,0.4462,161,2.6656
node-local,medium,1420,look,accepted,observed,0,0.0402,0.0267,0.0025,0.4769,0.0055,0.5517,161,2.6299
node-local,medium,1421,move,accepted,moved,1,0.0312,0.0289,0.0037,0.4755,0.0043,0.5436,189,2.6563
node-local,medium,1422,move,accepted,moved,1,0.0408,0.0245,0.0027,0.4681,0.0042,0.5403,187,3.0147
node-local,medium,1423,move,rejected,exit_unavailable,0,0.0377,0.0314,0.0027,0.4158,0.0035,0.4911,169,2.6082
node-local,medium,1424,move,accepted,moved,1,0.0242,0.0226,0.0028,0.4454,0.0034,0.4984,191,2.6399
node-local,medium,1425,look,accepted,observed,0,0.0341,0.0259,0.0026,0.4299,0.0040,0.4965,161,2.6367
node-local,medium,1426,move,accepted,moved,1,0.0321,0.0273,0.0028,0.4480,0.0035,0.5138,187,2.6995
node-local,medium,1427,move,accepted,moved,1,0.0343,0.0255,0.0026,0.4519,0.0034,0.5177,191,3.0126
node-local,medium,1428,take,rejected,not_present,0,0.0476,0.0285,0.0027,0.4049,0.0030,0.4868,164,2.6292
node-local,medium,1429,look,accepted,observed,0,0.0311,0.0201,0.0023,0.3946,0.0029,0.4510,161,2.6647
node-local,medium,1430,look,accepted,observed,0,0.0468,0.0295,0.0028,0.4370,0.0040,0.5202,161,2.6599
node-local,medium,1431,talk,rejected,not_eligible,0,0.0295,0.0225,0.0023,0.3664,0.0037,0.4243,165,2.5947
node-local,medium,1432,look,accepted,observed,0,0.0265,0.0195,0.0021,0.3708,0.0028,0.4216,161,2.9713
node-local,medium,1433,move,rejected,exit_unavailable,0,0.0487,0.0327,0.0024,0.4800,0.0030,0.5669,169,2.6656
node-local,medium,1434,move,accepted,moved,1,0.0405,0.0275,0.0038,0.4548,0.0037,0.5303,187,2.6379
node-local,medium,1435,move,accepted,moved,1,0.0303,0.0233,0.0032,0.4205,0.0036,0.4808,191,2.6867
node-local,medium,1436,move,accepted,moved,1,0.0300,0.0230,0.0027,0.4309,0.0036,0.4901,187,2.6252
node-local,medium,1437,look,accepted,observed,0,0.0302,0.0211,0.0022,0.3830,0.0028,0.4393,161,3.0003
node-local,medium,1438,move,accepted,moved,1,0.0392,0.0282,0.0034,0.4728,0.0039,0.5476,189,2.6119
node-local,medium,1439,move,rejected,exit_unavailable,0,0.0323,0.0226,0.0025,0.3940,0.0037,0.4552,169,2.6078
node-local,medium,1440,move,accepted,moved,1,0.0273,0.0245,0.0026,0.4391,0.0042,0.4977,187,2.6462
node-local,medium,1441,move,accepted,moved,1,0.0372,0.0262,0.0028,0.4435,0.0041,0.5138,189,2.6372
node-local,medium,1442,look,accepted,observed,0,0.0361,0.0219,0.0037,0.4246,0.0037,0.4900,161,2.9462
node-local,medium,1443,wait,rejected,invalid_time,0,0.0331,0.0262,0.0023,0.4111,0.0033,0.4760,165,2.6073
node-local,medium,1444,move,rejected,exit_unavailable,0,0.0310,0.0238,0.0025,0.3883,0.0028,0.4485,169,2.6106
node-local,medium,1445,talk,rejected,not_owned,0,0.0317,0.0226,0.0025,0.3888,0.0029,0.4485,162,2.6030
node-local,medium,1446,look,accepted,observed,0,0.0285,0.0191,0.0024,0.4029,0.0029,0.4559,161,2.6822
node-local,medium,1447,look,accepted,observed,0,0.0340,0.0197,0.0021,0.4078,0.0028,0.4665,161,2.9248
node-local,medium,1448,look,accepted,observed,0,0.0281,0.0190,0.0023,0.4055,0.0031,0.4581,161,2.5825
node-local,medium,1449,choose,rejected,invalid_choice,0,0.0245,0.0225,0.0024,0.3827,0.0030,0.4351,167,2.6136
node-local,medium,1450,talk,rejected,not_owned,0,0.0289,0.0241,0.0023,0.3799,0.0032,0.4383,162,2.6814
node-local,medium,1451,activate,rejected,not_eligible,0,0.0288,0.0235,0.0022,0.3668,0.0028,0.4240,165,2.6310
node-local,medium,1452,look,accepted,observed,0,0.0274,0.0194,0.0022,0.3872,0.0027,0.4389,161,2.9146
node-local,medium,1453,look,accepted,observed,0,0.0295,0.0202,0.0021,0.3701,0.0028,0.4248,161,2.6358
node-local,medium,1454,move,accepted,moved,1,0.0286,0.0236,0.0030,0.4335,0.0034,0.4920,187,2.5993
node-local,medium,1455,wait,accepted,waited,1,0.0260,0.0228,0.0034,0.4048,0.0037,0.4606,185,2.6522
node-local,medium,1456,drop,rejected,integrity_conflict,0,0.0638,0.0156,0.0004,0.0000,0.0019,0.0817,0,2.6137
node-local,medium,1457,move,accepted,moved,1,0.0240,0.0257,0.0031,0.5283,0.0071,0.5882,189,3.0422
node-local,medium,1458,talk,rejected,not_owned,0,0.0523,0.0340,0.0030,0.4574,0.0040,0.5507,162,2.6629
node-local,medium,1459,look,accepted,observed,0,0.0362,0.0269,0.0035,0.4356,0.0031,0.5053,161,2.6521
node-local,medium,1460,wait,rejected,invalid_time,0,0.0332,0.0254,0.0023,0.3837,0.0029,0.4475,165,2.6115
node-local,medium,1461,move,rejected,exit_unavailable,0,0.0306,0.0231,0.0023,0.4006,0.0031,0.4596,169,2.6443
node-local,medium,1462,take,replayed,not_present,0,0.0577,0.0168,0.0003,0.0001,0.0017,0.0765,0,3.0052
node-local,medium,1463,take,rejected,not_present,0,0.0375,0.0269,0.0027,0.4421,0.0039,0.5130,164,2.5997
node-local,medium,1464,move,accepted,moved,1,0.0296,0.0252,0.0030,0.4260,0.0034,0.4873,187,2.6217
node-local,medium,1465,wait,rejected,invalid_time,0,0.0284,0.0233,0.0025,0.4498,0.0047,0.5088,165,2.6266
node-local,medium,1466,move,accepted,moved,1,0.0344,0.0247,0.0032,0.4475,0.0040,0.5136,189,2.6821
node-local,medium,1467,move,accepted,moved,1,0.0324,0.0228,0.0025,0.4294,0.0043,0.4914,187,2.9390
node-local,medium,1468,choose,rejected,invalid_choice,0,0.0351,0.0257,0.0026,0.4248,0.0031,0.4913,167,2.5932
node-local,medium,1469,talk,rejected,not_eligible,0,0.0302,0.0239,0.0023,0.4608,0.0039,0.5211,165,2.7161
node-local,medium,1470,activate,rejected,not_eligible,0,0.0473,0.0313,0.0029,0.5821,0.0049,0.6685,165,2.7426
node-local,medium,1471,take,accepted,taken,1,0.0542,0.0395,0.0039,0.5048,0.0040,0.6063,189,2.6148
node-local,medium,1472,look,accepted,observed,0,0.0255,0.0205,0.0034,0.3959,0.0031,0.4484,161,2.9453
node-local,medium,1473,look,accepted,observed,0,0.0362,0.0232,0.0028,0.4146,0.0025,0.4794,161,2.5937
node-local,medium,1474,look,accepted,observed,0,0.0253,0.0197,0.0022,0.4123,0.0028,0.4623,161,2.6282
node-local,medium,1475,activate,rejected,not_eligible,0,0.0255,0.0238,0.0025,0.3848,0.0030,0.4396,165,2.6485
node-local,medium,1476,drop,accepted,dropped,1,0.0277,0.0229,0.0029,0.4491,0.0069,0.5094,194,2.6283
node-local,medium,1477,look,accepted,observed,0,0.0345,0.0278,0.0028,0.4043,0.0028,0.4722,161,2.9611
node-local,medium,1478,look,accepted,observed,0,0.0328,0.0216,0.0023,0.4079,0.0027,0.4674,161,2.6469
node-local,medium,1479,drop,replayed,dropped,0,0.0598,0.0168,0.0003,0.0000,0.0020,0.0789,0,2.6536
node-local,medium,1480,move,accepted,moved,1,0.0360,0.0398,0.0033,0.5375,0.0046,0.6212,189,2.6949
node-local,medium,1481,move,accepted,moved,1,0.0359,0.0297,0.0025,0.4332,0.0036,0.5050,187,2.6185
node-local,medium,1482,wait,rejected,invalid_time,0,0.0344,0.0239,0.0023,0.3784,0.0031,0.4420,165,2.9255
node-local,medium,1483,choose,rejected,stale_view,0,0.0323,0.0218,0.0020,0.3740,0.0026,0.4327,163,2.6446
node-local,medium,1484,look,accepted,observed,0,0.0327,0.0232,0.0023,0.3813,0.0029,0.4423,161,2.6080
node-local,medium,1485,move,rejected,exit_unavailable,0,0.0298,0.0255,0.0024,0.3802,0.0031,0.4410,169,2.6598
node-local,medium,1486,wait,rejected,invalid_time,0,0.0303,0.0248,0.0022,0.3680,0.0028,0.4282,165,2.6064
node-local,medium,1487,look,accepted,observed,0,0.0305,0.0197,0.0021,0.4065,0.0030,0.4618,161,2.9265
node-local,medium,1488,move,rejected,exit_unavailable,0,0.0345,0.0253,0.0021,0.4279,0.0025,0.4924,169,2.5869
node-local,medium,1489,move,accepted,moved,1,0.0303,0.0230,0.0032,0.5185,0.0033,0.5783,191,2.6163
node-local,medium,1490,look,accepted,observed,0,0.0288,0.0228,0.0023,0.3720,0.0027,0.4288,161,2.6674
node-local,medium,1491,wait,rejected,invalid_time,0,0.0350,0.0240,0.0021,0.3657,0.0027,0.4295,165,2.6213
node-local,medium,1492,move,accepted,moved,1,0.0349,0.0249,0.0028,0.4525,0.0032,0.5183,187,2.9272
node-local,medium,1493,look,accepted,observed,0,0.0340,0.0219,0.0020,0.4137,0.0026,0.4742,161,2.7274
node-local,medium,1494,take,accepted,taken,1,0.0497,0.0332,0.0038,0.4645,0.0040,0.5553,189,2.7744
node-local,medium,1495,look,accepted,observed,0,0.0684,0.0410,0.0035,0.5247,0.0078,0.6454,161,2.8062
node-local,medium,1496,look,accepted,observed,0,0.0544,0.0396,0.0033,0.4365,0.0050,0.5388,161,2.6523
node-local,medium,1497,move,accepted,moved,1,0.0240,0.0245,0.0030,0.4014,0.0037,0.4565,191,2.9294
node-local,medium,1498,move,accepted,moved,1,0.0300,0.0238,0.0026,0.4280,0.0032,0.4875,187,2.5994
node-local,medium,1499,move,accepted,moved,1,0.0244,0.0238,0.0026,0.4256,0.0032,0.4796,189,2.6280
node-local,medium,1500,move,rejected,exit_unavailable,0,0.0316,0.0243,0.0023,0.3782,0.0031,0.4396,169,2.7271
node-local,medium,1501,take,replayed,not_present,0,0.0768,0.0177,0.0005,0.0001,0.0017,0.0968,0,2.6535
node-local,medium,1502,talk,accepted,choice_opened,1,0.0283,0.0299,0.0038,0.5171,0.0112,0.5902,218,3.1058
node-local,medium,1503,talk,accepted,choice_opened,1,0.0630,0.0394,0.0039,0.5480,0.0049,0.6591,192,2.7120
node-local,medium,1504,look,accepted,observed,0,0.0543,0.0388,0.0030,0.5019,0.0075,0.6054,161,2.6605
node-local,medium,1505,wait,rejected,invalid_time,0,0.0366,0.0316,0.0030,0.3991,0.0033,0.4736,165,2.7090
node-local,medium,1506,move,accepted,moved,1,0.0501,0.0340,0.0041,0.5082,0.0050,0.6013,187,2.6270
node-local,medium,1507,move,accepted,moved,1,0.0322,0.0274,0.0033,0.4977,0.0041,0.5647,189,2.9805
node-local,medium,1508,look,accepted,observed,0,0.0414,0.0269,0.0026,0.4191,0.0027,0.4927,161,2.6253
node-local,medium,1509,look,accepted,observed,0,0.0285,0.0208,0.0023,0.3773,0.0027,0.4316,161,2.6243
node-local,medium,1510,look,accepted,observed,0,0.0312,0.0211,0.0024,0.4109,0.0031,0.4687,161,2.6999
node-local,medium,1511,move,accepted,moved,1,0.0325,0.0276,0.0034,0.4385,0.0045,0.5065,187,2.6456
node-local,medium,1512,take,replayed,taken,0,0.0702,0.0179,0.0003,0.0001,0.0019,0.0905,0,2.9656
node-local,medium,1513,move,accepted,moved,1,0.0315,0.0353,0.0035,0.5295,0.0040,0.6038,189,2.5927
node-local,medium,1514,take,replayed,not_present,0,0.0515,0.0171,0.0003,0.0001,0.0018,0.0707,0,2.5801
node-local,medium,1515,look,accepted,observed,0,0.0221,0.0250,0.0024,0.4457,0.0042,0.4994,161,2.6248
node-local,medium,1516,look,accepted,observed,0,0.0327,0.0275,0.0023,0.4010,0.0033,0.4668,161,2.6852
node-local,medium,1517,move,accepted,moved,1,0.0321,0.0275,0.0030,0.4396,0.0037,0.5059,187,3.1288
node-local,medium,1518,move,accepted,moved,1,0.0449,0.0454,0.0051,0.5388,0.0066,0.6408,189,4.7974
node-local,medium,1519,look,accepted,observed,0,0.0594,0.0370,0.0028,0.4754,0.0033,0.5779,161,2.6210
node-local,medium,1520,look,accepted,observed,0,0.0335,0.0225,0.0023,0.4000,0.0033,0.4617,161,2.6780
node-local,medium,1521,look,accepted,observed,0,0.0268,0.0214,0.0024,0.3763,0.0033,0.4302,161,2.6062
node-local,medium,1522,look,accepted,observed,0,0.0312,0.0228,0.0021,0.4343,0.0034,0.4938,161,2.6132
node-local,medium,1523,move,accepted,moved,1,0.0277,0.0260,0.0030,0.4626,0.0058,0.5249,187,3.0458
node-local,medium,1524,move,accepted,moved,1,0.0426,0.0295,0.0031,0.4700,0.0057,0.5510,189,2.7058
node-local,medium,1525,move,accepted,moved,1,0.0493,0.0284,0.0033,0.4710,0.0042,0.5561,187,2.7389
node-local,medium,1526,drop,accepted,dropped,1,0.0587,0.0357,0.0043,0.5124,0.0039,0.6150,194,2.6800
node-local,medium,1527,move,accepted,moved,1,0.0423,0.0313,0.0029,0.4565,0.0053,0.5383,191,2.6475
node-local,medium,1528,look,accepted,observed,0,0.0357,0.0267,0.0028,0.4133,0.0033,0.4818,161,2.9783
node-local,medium,1529,look,accepted,observed,0,0.0595,0.0346,0.0035,0.4744,0.0044,0.5765,161,2.6180
node-local,medium,1530,wait,rejected,invalid_time,0,0.0285,0.0253,0.0023,0.3795,0.0029,0.4385,165,2.6275
node-local,medium,1531,move,accepted,moved,1,0.0279,0.0285,0.0028,0.4871,0.0036,0.5498,189,2.6197
node-local,medium,1532,look,accepted,observed,0,0.0283,0.0241,0.0023,0.4035,0.0030,0.4612,161,2.6532
node-local,medium,1533,talk,rejected,not_eligible,0,0.0324,0.0261,0.0024,0.3811,0.0030,0.4451,165,2.8925
node-local,medium,1534,look,accepted,observed,0,0.0373,0.0238,0.0024,0.3955,0.0026,0.4616,161,2.5950
node-local,medium,1535,look,accepted,observed,0,0.0254,0.0201,0.0023,0.3568,0.0030,0.4075,161,2.6151
node-local,medium,1536,move,rejected,exit_unavailable,0,0.0306,0.0253,0.0022,0.4248,0.0048,0.4877,169,2.6249
node-local,medium,1537,activate,rejected,not_eligible,0,0.0386,0.0252,0.0025,0.4007,0.0031,0.4702,165,2.6599
node-local,medium,1538,take,rejected,not_present,0,0.0340,0.0224,0.0031,0.3732,0.0028,0.4355,164,2.8672
node-local,medium,1539,move,accepted,moved,1,0.0351,0.0287,0.0032,0.5309,0.0036,0.6014,191,2.5924
node-local,medium,1540,move,accepted,moved,1,0.0311,0.0224,0.0025,0.4166,0.0046,0.4773,189,2.6215
node-local,medium,1541,take,replayed,not_present,0,0.1150,0.0191,0.0003,0.0001,0.0024,0.1368,0,2.6940
node-local,medium,1542,move,accepted,moved,1,0.0434,0.0351,0.0033,0.6007,0.0056,0.6882,191,2.6492
node-local,medium,1543,move,accepted,moved,1,0.0428,0.0381,0.0038,0.4814,0.0051,0.5712,189,2.9338
node-local,medium,1544,move,accepted,moved,1,0.0344,0.0319,0.0034,0.4742,0.0051,0.5490,191,2.6312
node-local,medium,1545,take,rejected,not_present,0,0.0311,0.0265,0.0025,0.4777,0.0037,0.5415,164,2.6210
node-local,medium,1546,activate,rejected,not_eligible,0,0.0320,0.0222,0.0026,0.4013,0.0027,0.4608,165,2.6602
node-local,medium,1547,move,accepted,moved,1,0.0288,0.0298,0.0029,0.4423,0.0038,0.5077,187,2.6521
node-local,medium,1548,look,accepted,observed,0,0.0287,0.0210,0.0022,0.4175,0.0025,0.4719,161,2.8838
node-local,medium,1549,look,accepted,observed,0,0.0323,0.0220,0.0022,0.4205,0.0030,0.4800,161,2.6049
node-local,medium,1550,look,accepted,observed,0,0.0262,0.0190,0.0020,0.3706,0.0029,0.4208,161,2.6100
node-local,medium,1551,move,accepted,moved,1,0.0288,0.0242,0.0029,0.4350,0.0037,0.4946,189,2.6778
node-local,medium,1552,move,accepted,moved,1,0.0256,0.0242,0.0027,0.4960,0.0035,0.5521,187,2.6120
node-local,medium,1553,look,accepted,observed,0,0.0347,0.0195,0.0020,0.4279,0.0028,0.4868,161,2.9216
node-local,medium,1554,move,accepted,moved,1,0.0317,0.0241,0.0027,0.4525,0.0034,0.5143,191,2.6553
node-local,medium,1555,look,accepted,observed,0,0.0284,0.0230,0.0024,0.4106,0.0033,0.4678,161,2.7158
node-local,medium,1556,look,accepted,observed,0,0.0663,0.0411,0.0032,0.6219,0.0068,0.7394,161,2.8175
node-local,medium,1557,talk,rejected,not_eligible,0,0.0738,0.0479,0.0035,0.5867,0.0058,0.7176,165,2.7324
node-local,medium,1558,choose,rejected,not_owned,0,0.0384,0.0339,0.0026,0.4248,0.0029,0.5026,162,2.9114
node-local,medium,1559,move,accepted,moved,1,0.0425,0.0273,0.0033,0.4702,0.0039,0.5473,189,2.5861
node-local,medium,1560,take,rejected,not_present,0,0.0253,0.0234,0.0022,0.3771,0.0028,0.4308,164,2.6429
node-local,medium,1561,move,accepted,moved,1,0.0328,0.0264,0.0031,0.4277,0.0037,0.4937,191,2.6913
node-local,medium,1562,take,rejected,not_present,0,0.0449,0.0296,0.0028,0.4881,0.0047,0.5701,164,2.6610
node-local,medium,1563,activate,rejected,not_eligible,0,0.0408,0.0255,0.0024,0.3959,0.0032,0.4678,165,2.9170
node-local,medium,1564,move,accepted,moved,1,0.0328,0.0262,0.0030,0.4532,0.0035,0.5188,187,2.5947
node-local,medium,1565,look,accepted,observed,0,0.0258,0.0233,0.0022,0.3900,0.0026,0.4439,161,2.6225
node-local,medium,1566,move,accepted,moved,1,0.0269,0.0252,0.0030,0.4562,0.0037,0.5150,189,2.6417
node-local,medium,1567,look,accepted,observed,0,0.0305,0.0251,0.0022,0.4220,0.0055,0.4853,161,2.7387
node-local,medium,1568,look,accepted,observed,0,0.0521,0.0365,0.0029,0.4549,0.0037,0.5502,161,3.0488
node-local,medium,1569,move,accepted,moved,1,0.0518,0.0359,0.0036,0.4980,0.0040,0.5932,187,2.6505
node-local,medium,1570,look,accepted,observed,0,0.0415,0.0307,0.0025,0.4248,0.0043,0.5038,161,2.6605
node-local,medium,1571,take,accepted,taken,1,0.0466,0.0324,0.0039,0.5278,0.0087,0.6194,189,2.8140
node-local,medium,1572,close_choice,accepted,choice_closed,1,0.0487,0.0312,0.0032,0.5442,0.0051,0.6325,202,2.6158
node-local,medium,1573,activate,rejected,not_eligible,0,0.0312,0.0247,0.0022,0.4356,0.0066,0.5003,165,2.9777
node-local,medium,1574,drop,accepted,dropped,1,0.0521,0.0341,0.0035,0.5098,0.0039,0.6033,194,2.6119
node-local,medium,1575,take,accepted,taken,1,0.0338,0.0258,0.0025,0.4302,0.0039,0.4961,189,2.6084
node-local,medium,1576,move,rejected,exit_unavailable,0,0.0268,0.0248,0.0020,0.3902,0.0031,0.4469,169,2.5971
node-local,medium,1577,drop,rejected,integrity_conflict,0,0.0893,0.0150,0.0001,0.0000,0.0017,0.1062,0,2.7325
node-local,medium,1578,move,rejected,exit_unavailable,0,0.0324,0.0314,0.0022,0.4716,0.0034,0.5410,169,2.9038
node-local,medium,1579,wait,rejected,invalid_time,0,0.0354,0.0253,0.0020,0.5845,0.0027,0.6499,165,2.5905
node-local,medium,1580,move,accepted,moved,1,0.0307,0.0240,0.0027,0.4473,0.0036,0.5083,191,2.6053
node-local,medium,1581,look,accepted,observed,0,0.0244,0.0214,0.0020,0.4062,0.0045,0.4585,161,2.6490
node-local,medium,1582,talk,rejected,not_eligible,0,0.0297,0.0235,0.0022,0.4396,0.0080,0.5030,165,2.6679
node-local,medium,1583,activate,rejected,not_eligible,0,0.0406,0.0279,0.0026,0.4473,0.0031,0.5215,165,2.9128
node-local,medium,1584,drop,accepted,dropped,1,0.0323,0.0238,0.0028,0.4447,0.0043,0.5080,198,2.5981
node-local,medium,1585,activate,rejected,not_eligible,0,0.0318,0.0273,0.0024,0.4326,0.0031,0.4972,165,2.6065
node-local,medium,1586,look,accepted,observed,0,0.0291,0.0224,0.0022,0.4043,0.0035,0.4614,161,2.6464
node-local,medium,1587,close_choice,rejected,invalid_choice,0,0.0302,0.0255,0.0020,0.3931,0.0031,0.4540,167,2.6268
node-local,medium,1588,move,rejected,exit_unavailable,0,0.0295,0.0216,0.0020,0.3927,0.0028,0.4486,169,2.9119
node-local,medium,1589,drop,replayed,dropped,0,0.0589,0.0172,0.0000,0.0000,0.0017,0.0779,0,2.5843
node-local,medium,1590,take,accepted,taken,1,0.0218,0.0255,0.0029,0.5255,0.0040,0.5797,189,2.6143
node-local,medium,1591,wait,rejected,invalid_time,0,0.0261,0.0276,0.0022,0.3904,0.0027,0.4490,165,2.6375
node-local,medium,1592,look,accepted,observed,0,0.0313,0.0198,0.0019,0.4000,0.0027,0.4556,161,2.6118
node-local,medium,1593,move,rejected,exit_unavailable,0,0.0227,0.0218,0.0019,0.3808,0.0026,0.4298,169,2.9403
node-local,medium,1594,look,accepted,observed,0,0.0330,0.0210,0.0020,0.5313,0.0025,0.5898,161,2.5938
node-local,medium,1595,look,accepted,observed,0,0.0235,0.0226,0.0019,0.3914,0.0028,0.4423,161,2.6047
node-local,medium,1596,wait,rejected,invalid_time,0,0.0284,0.0229,0.0020,0.3945,0.0026,0.4505,165,2.6508
node-local,medium,1597,wait,rejected,invalid_time,0,0.0296,0.0203,0.0020,0.3816,0.0028,0.4362,165,2.6177
node-local,medium,1598,move,accepted,moved,1,0.0257,0.0238,0.0028,0.4336,0.0037,0.4895,187,2.9825
node-local,medium,1599,move,accepted,moved,1,0.0586,0.0407,0.0029,0.5460,0.0042,0.6524,189,2.6420
node-local,medium,1600,look,accepted,observed,0,0.0334,0.0242,0.0020,0.4003,0.0037,0.4636,161,2.6270
node-local,medium,1601,look,accepted,observed,0,0.0267,0.0232,0.0020,0.3972,0.0032,0.4523,161,2.6181
node-local,medium,1602,choose,rejected,invalid_choice,0,0.0300,0.0234,0.0020,0.3883,0.0030,0.4467,167,2.6138
node-local,medium,1603,talk,accepted,choice_opened,1,0.0240,0.0218,0.0028,0.4604,0.0039,0.5129,218,2.9822
node-local,medium,1604,look,accepted,observed,0,0.0443,0.0272,0.0023,0.4478,0.0032,0.5248,161,2.6587
node-local,medium,1605,wait,rejected,invalid_time,0,0.0367,0.0240,0.0020,0.4120,0.0027,0.4773,165,2.5921
node-local,medium,1606,talk,accepted,choice_opened,1,0.0299,0.0223,0.0025,0.4163,0.0036,0.4745,192,2.6370
node-local,medium,1607,move,rejected,exit_unavailable,0,0.0283,0.0237,0.0019,0.3744,0.0028,0.4311,169,2.6310
node-local,medium,1608,look,accepted,observed,0,0.0335,0.0209,0.0021,0.4028,0.0047,0.4639,161,2.9575
node-local,medium,1609,wait,rejected,invalid_time,0,0.0400,0.0313,0.0022,0.4355,0.0034,0.5124,165,2.6435
node-local,medium,1610,look,accepted,observed,0,0.0280,0.0210,0.0022,0.3969,0.0033,0.4513,161,2.5875
node-local,medium,1611,move,accepted,moved,1,0.0299,0.0248,0.0030,0.4204,0.0033,0.4814,187,2.6133
node-local,medium,1612,move,accepted,moved,1,0.0279,0.0212,0.0024,0.4426,0.0047,0.4988,189,2.6120
node-local,medium,1613,look,accepted,observed,0,0.0368,0.0225,0.0020,0.4267,0.0035,0.4915,161,2.8987
node-local,medium,1614,choose,accepted,resolved_carry,1,0.0327,0.0852,0.0370,0.4920,1.3153,1.9622,458,2.6640
node-local,medium,1615,look,accepted,observed,0,0.0577,0.0465,0.0052,0.4993,0.0041,0.6128,161,2.6191
node-local,medium,1616,drop,accepted,dropped,1,0.0290,0.0262,0.0042,0.4377,0.0035,0.5007,196,2.6219
node-local,medium,1617,choose,rejected,invalid_choice,0,0.0323,0.0231,0.0032,0.4151,0.0030,0.4766,167,2.9230
node-local,medium,1618,look,accepted,observed,0,0.0334,0.0232,0.0032,0.4480,0.0027,0.5105,161,2.6582
node-local,medium,1619,move,accepted,moved,1,0.0365,0.0321,0.0043,0.4430,0.0040,0.5200,187,2.6565
node-local,medium,1620,take,rejected,not_present,0,0.0333,0.0243,0.0032,0.4073,0.0030,0.4711,164,2.6372
node-local,medium,1621,look,accepted,observed,0,0.0255,0.0212,0.0030,0.4117,0.0028,0.4641,161,2.5977
node-local,medium,1622,move,accepted,moved,1,0.0249,0.0261,0.0039,0.3984,0.0035,0.4568,191,3.0145
node-local,medium,1623,move,accepted,moved,1,0.0588,0.0369,0.0037,0.4521,0.0035,0.5550,187,2.6084
node-local,medium,1624,talk,rejected,not_eligible,0,0.0321,0.0265,0.0032,0.3931,0.0026,0.4575,165,2.6475
node-local,medium,1625,move,accepted,moved,1,0.0288,0.0258,0.0036,0.4324,0.0038,0.4945,189,2.6463
node-local,medium,1626,move,accepted,moved,1,0.0363,0.0247,0.0035,0.4165,0.0037,0.4847,187,2.6135
node-local,medium,1627,wait,rejected,invalid_time,0,0.0307,0.0235,0.0031,0.4110,0.0042,0.4725,165,2.9579
node-local,medium,1628,move,rejected,exit_unavailable,0,0.0423,0.0304,0.0035,0.4460,0.0032,0.5254,169,2.6019
node-local,medium,1629,move,accepted,moved,1,0.0274,0.0253,0.0036,0.4132,0.0034,0.4729,191,2.6284
node-local,medium,1630,take,rejected,not_present,0,0.0269,0.0228,0.0030,0.4045,0.0030,0.4601,164,2.6749
node-local,medium,1631,look,accepted,observed,0,0.0429,0.0274,0.0033,0.4346,0.0035,0.5117,161,2.6561
node-local,medium,1632,look,accepted,observed,0,0.0314,0.0207,0.0030,0.4201,0.0024,0.4776,161,2.9140
node-local,medium,1633,wait,rejected,invalid_time,0,0.0377,0.0253,0.0033,0.4152,0.0026,0.4840,165,2.5912
node-local,medium,1634,look,accepted,observed,0,0.0239,0.0204,0.0030,0.3979,0.0024,0.4476,161,2.6476
node-local,medium,1635,choose,rejected,invalid_choice,0,0.0355,0.0301,0.0036,0.4282,0.0034,0.5009,167,2.7147
node-local,medium,1636,look,accepted,observed,0,0.0355,0.0244,0.0031,0.3954,0.0028,0.4612,161,2.6059
node-local,medium,1637,move,rejected,exit_unavailable,0,0.0249,0.0232,0.0030,0.3600,0.0032,0.4142,169,2.8985
node-local,medium,1638,move,accepted,moved,1,0.0303,0.0267,0.0040,0.4170,0.0032,0.4812,187,2.5958
node-local,medium,1639,wait,accepted,waited,1,0.0276,0.0257,0.0036,0.4541,0.0035,0.5146,185,2.6285
node-local,medium,1640,take,rejected,not_present,0,0.0271,0.0253,0.0031,0.3900,0.0033,0.4489,164,2.7028
node-local,medium,1641,move,accepted,moved,1,0.0436,0.0334,0.0039,0.4497,0.0041,0.5347,189,2.6517
node-local,medium,1642,look,accepted,observed,0,0.0328,0.0215,0.0030,0.3965,0.0030,0.4568,161,2.9205
node-local,medium,1643,talk,rejected,not_eligible,0,0.0305,0.0252,0.0032,0.3834,0.0027,0.4449,165,2.5940
node-local,medium,1644,look,accepted,observed,0,0.0286,0.0195,0.0030,0.3870,0.0030,0.4411,161,2.6087
node-local,medium,1645,take,accepted,taken,1,0.0327,0.0265,0.0042,0.4019,0.0037,0.4692,189,2.6512
node-local,medium,1646,talk,rejected,not_eligible,0,0.0284,0.0230,0.0033,0.3954,0.0030,0.4532,165,2.6331
node-local,medium,1647,look,accepted,observed,0,0.0281,0.0213,0.0030,0.3825,0.0029,0.4376,161,2.9424
node-local,medium,1648,look,accepted,observed,0,0.0407,0.0225,0.0030,0.4207,0.0024,0.4892,161,2.5930
node-local,medium,1649,wait,rejected,invalid_time,0,0.0268,0.0237,0.0031,0.3811,0.0027,0.4373,165,2.6305
node-local,medium,1650,move,accepted,moved,1,0.0304,0.0278,0.0042,0.4415,0.0041,0.5080,187,2.6540
node-local,medium,1651,move,accepted,moved,1,0.0337,0.0245,0.0035,0.4380,0.0050,0.5046,189,2.6681
node-local,medium,1652,look,accepted,observed,0,0.0325,0.0253,0.0035,0.4072,0.0032,0.4717,161,2.9258
node-local,medium,1653,drop,accepted,dropped,1,0.0388,0.0265,0.0040,0.4279,0.0034,0.5006,196,2.5990
node-local,medium,1654,look,accepted,observed,0,0.0297,0.0209,0.0031,0.3923,0.0027,0.4488,161,2.5997
node-local,medium,1655,wait,rejected,invalid_time,0,0.0317,0.0222,0.0028,0.3760,0.0026,0.4354,165,2.6790
node-local,medium,1656,take,accepted,taken,1,0.0332,0.0236,0.0036,0.4225,0.0037,0.4867,189,2.6269
node-local,medium,1657,move,accepted,moved,1,0.0253,0.0243,0.0035,0.4524,0.0035,0.5090,187,2.9232
node-local,medium,1658,move,accepted,moved,1,0.0292,0.0248,0.0037,0.4212,0.0034,0.4822,191,2.6015
node-local,medium,1659,wait,rejected,invalid_time,0,0.0262,0.0248,0.0029,0.4148,0.0030,0.4718,165,2.6058
node-local,medium,1660,activate,rejected,not_eligible,0,0.0310,0.0201,0.0030,0.3794,0.0030,0.4365,165,2.6735
node-local,medium,1661,look,accepted,observed,0,0.0280,0.0213,0.0030,0.3868,0.0031,0.4421,161,2.6125
node-local,medium,1662,move,rejected,exit_unavailable,0,0.0243,0.0209,0.0030,0.3957,0.0027,0.4466,169,2.9426
node-local,medium,1663,wait,rejected,invalid_time,0,0.0334,0.0248,0.0030,0.3779,0.0028,0.4419,165,2.6019
node-local,medium,1664,take,replayed,not_present,0,0.0577,0.0143,0.0000,0.0000,0.0017,0.0738,0,2.5959
node-local,medium,1665,close_choice,rejected,invalid_choice,0,0.0210,0.0250,0.0037,0.4417,0.0032,0.4946,167,2.6435
node-local,medium,1666,look,accepted,observed,0,0.0254,0.0228,0.0032,0.5693,0.0027,0.6234,161,2.6227
node-local,medium,1667,look,accepted,observed,0,0.0267,0.0192,0.0064,0.3904,0.0026,0.4454,161,3.0114
node-local,medium,1668,move,accepted,moved,1,0.0452,0.0339,0.0207,0.5397,0.0072,0.6466,189,2.6734
node-local,medium,1669,look,accepted,observed,0,0.0387,0.0328,0.0032,0.4353,0.0031,0.5131,161,2.6405
node-local,medium,1670,drop,accepted,dropped,1,0.0326,0.0247,0.0036,0.4155,0.0036,0.4799,196,2.6031
node-local,medium,1671,talk,rejected,not_eligible,0,0.0295,0.0229,0.0023,0.3994,0.0027,0.4567,165,2.7687
node-local,medium,1672,choose,rejected,stale_view,0,0.0457,0.0258,0.0024,0.4403,0.0035,0.5176,163,2.9870
node-local,medium,1673,look,accepted,observed,0,0.0478,0.0294,0.0026,0.4379,0.0028,0.5204,161,2.6065
node-local,medium,1674,look,accepted,observed,0,0.0232,0.0200,0.0023,0.3621,0.0025,0.4100,161,2.6440
node-local,medium,1675,take,accepted,taken,1,0.0369,0.0313,0.0030,0.4588,0.0040,0.5341,189,2.6455
node-local,medium,1676,move,accepted,moved,1,0.0268,0.0266,0.0025,0.3923,0.0036,0.4518,191,2.6514
node-local,medium,1677,look,accepted,observed,0,0.0398,0.0257,0.0023,0.4114,0.0033,0.4825,161,2.9757
node-local,medium,1678,move,accepted,moved,1,0.0385,0.0293,0.0027,0.4587,0.0036,0.5328,189,2.6250
node-local,medium,1679,look,accepted,observed,0,0.0257,0.0219,0.0023,0.3682,0.0031,0.4211,161,2.5950
node-local,medium,1680,wait,rejected,invalid_time,0,0.0238,0.0229,0.0025,0.3637,0.0027,0.4155,165,2.6298
node-local,medium,1681,look,accepted,observed,0,0.0257,0.0203,0.0024,0.4030,0.0061,0.4576,161,2.7233
node-local,medium,1682,wait,rejected,invalid_time,0,0.0531,0.0369,0.0035,0.4884,0.0036,0.5855,165,2.9626
node-local,medium,1683,look,accepted,observed,0,0.0357,0.0227,0.0023,0.4228,0.0025,0.4858,161,2.6256
node-local,medium,1684,choose,rejected,invalid_choice,0,0.0248,0.0235,0.0021,0.3776,0.0026,0.4305,167,2.6004
node-local,medium,1685,look,accepted,observed,0,0.0242,0.0207,0.0021,0.3825,0.0031,0.4325,161,2.6454
node-local,medium,1686,move,accepted,moved,1,0.0283,0.0284,0.0035,0.4026,0.0034,0.4662,191,2.6123
node-local,medium,1687,drop,rejected,integrity_conflict,0,0.0694,0.0145,0.0001,0.0000,0.0017,0.0858,0,2.9451
node-local,medium,1688,move,accepted,moved,1,0.0273,0.0320,0.0029,0.4974,0.0034,0.5630,187,2.6318
node-local,medium,1689,look,accepted,observed,0,0.0277,0.0215,0.0023,0.6625,0.0027,0.7168,161,2.5989
node-local,medium,1690,wait,rejected,invalid_time,0,0.0319,0.0234,0.0023,0.3821,0.0027,0.4424,165,2.6348
node-local,medium,1691,drop,accepted,dropped,1,0.0311,0.0235,0.0036,0.4889,0.0038,0.5509,194,2.6070
node-local,medium,1692,move,rejected,exit_unavailable,0,0.0261,0.0235,0.0021,0.4003,0.0025,0.4545,169,2.9419
node-local,medium,1693,look,accepted,observed,0,0.0366,0.0228,0.0023,0.3905,0.0024,0.4546,161,2.6077
node-local,medium,1694,move,accepted,moved,1,0.0292,0.0257,0.0029,0.4199,0.0037,0.4813,191,2.6035
node-local,medium,1695,look,accepted,observed,0,0.0229,0.0207,0.0021,0.3882,0.0029,0.4367,161,2.6402
node-local,medium,1696,look,accepted,observed,0,0.0299,0.0204,0.0029,0.4069,0.0028,0.4629,161,2.6063
node-local,medium,1697,activate,rejected,not_eligible,0,0.0287,0.0191,0.0020,0.3902,0.0027,0.4427,165,2.9404
node-local,medium,1698,move,accepted,moved,1,0.0357,0.0253,0.0027,0.4337,0.0032,0.5005,187,2.5813
node-local,medium,1699,move,accepted,moved,1,0.0234,0.0224,0.0025,0.4001,0.0060,0.4543,191,2.6915
node-local,medium,1700,look,accepted,observed,0,0.0458,0.0345,0.0035,0.6291,0.0046,0.7175,161,2.6283
node-local,medium,1701,take,replayed,not_present,0,0.0608,0.0158,0.0001,0.0000,0.0018,0.0785,0,2.6347
node-local,medium,1702,take,rejected,not_present,0,0.0271,0.0257,0.0025,0.4617,0.0034,0.5205,164,2.9763
node-local,medium,1703,look,accepted,observed,0,0.0480,0.0294,0.0026,0.4749,0.0030,0.5579,161,2.6556
node-local,medium,1704,look,accepted,observed,0,0.0326,0.0267,0.0024,0.3857,0.0027,0.4501,161,2.6294
node-local,medium,1705,choose,rejected,invalid_choice,0,0.0255,0.0245,0.0022,0.3937,0.0030,0.4489,167,2.5927
node-local,medium,1706,activate,rejected,not_eligible,0,0.0267,0.0233,0.0024,0.3631,0.0028,0.4184,165,2.6751
node-local,medium,1707,move,rejected,exit_unavailable,0,0.0298,0.0293,0.0020,0.4163,0.0043,0.4816,169,2.9060
node-local,medium,1708,wait,rejected,invalid_time,0,0.0379,0.0307,0.0025,0.4674,0.0031,0.5417,165,2.5891
node-local,medium,1709,move,accepted,moved,1,0.0255,0.0260,0.0030,0.4387,0.0034,0.4967,187,2.6099
node-local,medium,1710,look,accepted,observed,0,0.0296,0.0200,0.0021,0.4152,0.0038,0.4707,161,2.6624
node-local,medium,1711,activate,rejected,not_eligible,0,0.0322,0.0273,0.0024,0.4183,0.0040,0.4842,165,2.6171
node-local,medium,1712,talk,rejected,not_eligible,0,0.0242,0.0246,0.0021,0.3949,0.0027,0.4485,165,2.9163
node-local,medium,1713,look,accepted,observed,0,0.0354,0.0467,0.0022,0.4580,0.0042,0.5465,161,2.7146
node-local,medium,1714,drop,replayed,dropped,0,0.0806,0.0235,0.0001,0.0000,0.0018,0.1060,0,2.6689
node-local,medium,1715,move,accepted,moved,1,0.0263,0.0341,0.0045,0.5521,0.0046,0.6215,189,2.6361
node-local,medium,1716,look,accepted,observed,0,0.0300,0.0247,0.0023,0.3861,0.0028,0.4458,161,2.6190
node-local,medium,1717,activate,rejected,not_eligible,0,0.0315,0.0217,0.0021,0.3860,0.0029,0.4443,165,2.9456
node-local,medium,1718,wait,rejected,invalid_time,0,0.0359,0.0253,0.0025,0.4376,0.0054,0.5066,165,2.6403
node-local,medium,1719,wait,rejected,invalid_time,0,0.0374,0.0302,0.0031,0.6181,0.0032,0.6920,165,2.6017
node-local,medium,1720,wait,rejected,invalid_time,0,0.0296,0.0202,0.0022,0.3857,0.0027,0.4404,165,2.6108
node-local,medium,1721,move,accepted,moved,1,0.0311,0.0257,0.0032,0.4151,0.0034,0.4786,187,2.6536
node-local,medium,1722,look,accepted,observed,0,0.0250,0.0198,0.0021,0.4007,0.0024,0.4501,161,2.9148
node-local,medium,1723,look,accepted,observed,0,0.0277,0.0213,0.0021,0.4157,0.0035,0.4702,161,2.6211
node-local,medium,1724,choose,rejected,invalid_choice,0,0.0353,0.0294,0.0025,0.4060,0.0031,0.4763,167,2.6122
node-local,medium,1725,choose,rejected,stale_view,0,0.0296,0.0197,0.0021,0.3790,0.0026,0.4330,163,2.5979
node-local,medium,1726,move,rejected,exit_unavailable,0,0.0268,0.0254,0.0025,0.4122,0.0027,0.4696,169,2.6877
node-local,medium,1727,activate,rejected,not_eligible,0,0.0296,0.0211,0.0021,0.3886,0.0054,0.4468,165,2.9055
node-local,medium,1728,choose,rejected,invalid_choice,0,0.0259,0.0235,0.0020,0.3914,0.0023,0.4452,167,2.6041
node-local,medium,1729,look,accepted,observed,0,0.0263,0.0188,0.0020,0.3793,0.0039,0.4303,161,2.6278
node-local,medium,1730,look,accepted,observed,0,0.0298,0.0187,0.0020,0.3842,0.0025,0.4371,161,2.6347
node-local,medium,1731,activate,rejected,not_eligible,0,0.0273,0.0229,0.0021,0.4519,0.0027,0.5069,165,2.6418
node-local,medium,1732,look,accepted,observed,0,0.0247,0.0205,0.0023,0.4257,0.0027,0.4758,161,2.9194
node-local,medium,1733,drop,replayed,dropped,0,0.0610,0.0151,0.0001,0.0001,0.0016,0.0779,0,2.5845
node-local,medium,1734,move,accepted,moved,1,0.0189,0.0277,0.0033,0.5109,0.0036,0.5644,191,2.6345
node-local,medium,1735,wait,rejected,invalid_time,0,0.0232,0.0239,0.0022,0.4962,0.0027,0.5482,165,2.6756
node-local,medium,1736,move,accepted,moved,1,0.0306,0.0275,0.0031,0.4263,0.0033,0.4908,187,2.6158
node-local,medium,1737,take,accepted,taken,1,0.0331,0.0211,0.0026,0.4657,0.0045,0.5270,189,3.0335
node-local,medium,1738,wait,rejected,invalid_time,0,0.0453,0.0324,0.0031,0.4435,0.0034,0.5277,165,2.5948
node-local,medium,1739,talk,rejected,not_eligible,0,0.0255,0.0246,0.0022,0.4041,0.0028,0.4592,165,2.6517
node-local,medium,1740,look,accepted,observed,0,0.0293,0.0258,0.0024,0.5525,0.0031,0.6131,161,2.6511
node-local,medium,1741,look,accepted,observed,0,0.0335,0.0222,0.0022,0.4227,0.0045,0.4851,161,2.6265
node-local,medium,1742,move,accepted,moved,1,0.0322,0.0287,0.0039,0.4279,0.0039,0.4967,191,2.9672
node-local,medium,1743,look,accepted,observed,0,0.0406,0.0270,0.0032,0.4421,0.0032,0.5162,161,2.6040
node-local,medium,1744,activate,rejected,not_eligible,0,0.0293,0.0217,0.0020,0.3738,0.0026,0.4295,165,2.6295
node-local,medium,1745,look,accepted,observed,0,0.0359,0.0256,0.0023,0.3879,0.0030,0.4546,161,2.6647
node-local,medium,1746,activate,rejected,not_eligible,0,0.0328,0.0223,0.0020,0.3993,0.0032,0.4597,165,2.6085
node-local,medium,1747,move,accepted,moved,1,0.0306,0.0253,0.0034,0.4762,0.0035,0.5389,189,2.9384
node-local,medium,1748,move,accepted,moved,1,0.0297,0.0264,0.0030,0.4235,0.0034,0.4860,191,2.5967
node-local,medium,1749,move,accepted,moved,1,0.0235,0.0237,0.0026,0.4291,0.0034,0.4823,189,2.6079
node-local,medium,1750,drop,accepted,dropped,1,0.0280,0.0241,0.0032,0.4255,0.0031,0.4840,196,2.6598
node-local,medium,1751,move,accepted,moved,1,0.0353,0.0261,0.0028,0.4308,0.0033,0.4984,191,2.6115
node-local,medium,1752,move,accepted,moved,1,0.0282,0.0249,0.0025,0.4248,0.0033,0.4837,187,2.9258
node-local,medium,1753,choose,rejected,invalid_choice,0,0.0373,0.0267,0.0025,0.4145,0.0026,0.4836,167,2.5997
node-local,medium,1754,look,accepted,observed,0,0.0297,0.0190,0.0024,0.4142,0.0041,0.4695,161,2.6324
node-local,medium,1755,talk,rejected,not_eligible,0,0.0290,0.0271,0.0025,0.4202,0.0033,0.4823,165,2.6183
node-local,medium,1756,move,accepted,moved,1,0.0285,0.0263,0.0026,0.4303,0.0035,0.4912,191,2.6525
node-local,medium,1757,talk,rejected,not_eligible,0,0.0285,0.0211,0.0022,0.3870,0.0027,0.4415,165,3.9963
node-local,medium,1758,look,accepted,observed,0,0.0527,0.0320,0.0026,0.4513,0.0027,0.5414,161,2.6073
node-local,medium,1759,move,accepted,moved,1,0.0222,0.0242,0.0030,0.4695,0.0031,0.5220,187,2.6658
node-local,medium,1760,take,rejected,not_present,0,0.0219,0.0217,0.0024,0.4694,0.0037,0.5190,164,2.6182
node-local,medium,1761,move,rejected,exit_unavailable,0,0.0305,0.0221,0.0023,0.4004,0.0028,0.4580,169,2.6111
node-local,medium,1762,move,accepted,moved,1,0.0304,0.0225,0.0030,0.4440,0.0035,0.5033,191,2.6530
node-local,medium,1763,look,accepted,observed,0,0.0338,0.0226,0.0022,0.3968,0.0027,0.4580,161,3.0872
node-local,medium,1764,look,accepted,observed,0,0.0295,0.0208,0.0083,0.3799,0.0027,0.4411,161,3.0614
node-local,medium,1765,close_choice,rejected,invalid_choice,0,0.0280,0.0246,0.0021,0.3947,0.0024,0.4520,167,3.0791
node-local,medium,1766,wait,rejected,invalid_time,0,0.0309,0.0231,0.0114,0.3842,0.0026,0.4522,165,3.0581
node-local,medium,1767,move,accepted,moved,1,0.0311,0.0295,0.0030,0.4506,0.0050,0.5193,187,3.0541
node-local,medium,1768,take,rejected,not_present,0,0.0257,0.0273,0.0024,0.3963,0.0055,0.4572,164,3.2492
node-local,medium,1769,look,accepted,observed,0,0.0363,0.0212,0.0022,0.3965,0.0026,0.4587,161,2.6809
node-local,medium,1770,move,rejected,exit_unavailable,0,0.0310,0.0247,0.0025,0.3868,0.0026,0.4475,169,2.6157
node-local,medium,1771,take,rejected,not_present,0,0.0306,0.0215,0.0021,0.7077,0.0026,0.7645,164,2.6140
node-local,medium,1772,move,accepted,moved,1,0.0297,0.0249,0.0029,0.4654,0.0048,0.5276,191,2.6354
node-local,medium,1773,look,accepted,observed,0,0.0284,0.0247,0.0027,0.4240,0.0035,0.4832,161,3.1714
node-local,medium,1774,look,accepted,observed,0,0.0464,0.0350,0.0026,0.4438,0.0087,0.5366,161,3.0794
node-local,medium,1775,move,accepted,moved,1,0.0422,0.0370,0.0049,0.4663,0.0038,0.5542,189,3.1558
node-local,medium,1776,wait,rejected,invalid_time,0,0.0469,0.0320,0.0035,0.4271,0.0029,0.5124,165,3.1033
node-local,medium,1777,move,accepted,moved,1,0.0338,0.0334,0.0030,0.4233,0.0053,0.4988,191,3.0446
node-local,medium,1778,look,accepted,observed,0,0.0422,0.0245,0.0024,0.4535,0.0053,0.5280,161,3.2606
node-local,medium,1779,move,accepted,moved,1,0.0323,0.0288,0.0035,0.4595,0.0037,0.5278,189,2.7024
node-local,medium,1780,look,accepted,observed,0,0.0370,0.0283,0.0027,0.4375,0.0033,0.5088,161,2.7781
node-local,medium,1781,wait,rejected,invalid_time,0,0.0865,0.0522,0.0037,0.5651,0.0055,0.7130,165,2.6465
node-local,medium,1782,take,accepted,taken,1,0.0303,0.0283,0.0043,0.4301,0.0036,0.4966,189,2.6174
node-local,medium,1783,look,accepted,observed,0,0.0273,0.0230,0.0024,0.3853,0.0030,0.4410,161,2.7948
node-local,medium,1784,look,accepted,observed,0,0.0351,0.0236,0.0024,0.4273,0.0058,0.4943,161,2.7584
node-local,medium,1785,move,accepted,moved,1,0.0338,0.0325,0.0038,0.4863,0.0041,0.5605,191,2.7070
node-local,medium,1786,talk,rejected,not_eligible,0,0.0291,0.0226,0.0024,0.4060,0.0025,0.4625,165,2.8985
node-local,medium,1787,move,accepted,moved,1,0.0333,0.0299,0.0031,0.4487,0.0035,0.5184,189,3.0220
node-local,medium,1788,drop,accepted,dropped,1,0.0293,0.0244,0.0032,0.4553,0.0033,0.5155,196,3.1079
node-local,medium,1789,wait,rejected,invalid_time,0,0.0320,0.0267,0.0023,0.4272,0.0026,0.4908,165,2.6310
node-local,medium,1790,choose,rejected,stale_view,0,0.0313,0.0206,0.0021,0.4090,0.0042,0.4672,163,2.6169
node-local,medium,1791,activate,rejected,not_eligible,0,0.0344,0.0275,0.0026,0.4160,0.0028,0.4833,165,2.6024
node-local,medium,1792,talk,rejected,not_eligible,0,0.0369,0.0244,0.0023,0.4099,0.0037,0.4772,165,2.6205
node-local,medium,1793,move,accepted,moved,1,0.0308,0.0257,0.0032,0.4531,0.0037,0.5165,191,2.7655
node-local,medium,1794,wait,rejected,invalid_time,0,0.0327,0.0261,0.0025,0.3869,0.0027,0.4508,165,2.7241
node-local,medium,1795,move,rejected,exit_unavailable,0,0.0335,0.0232,0.0022,0.3923,0.0030,0.4542,169,2.6818
node-local,medium,1796,move,accepted,moved,1,0.0296,0.0239,0.0030,0.4224,0.0033,0.4823,187,3.0300
node-local,medium,1797,close_choice,rejected,invalid_choice,0,0.0341,0.0261,0.0056,0.4511,0.0030,0.5199,167,2.9654
node-local,medium,1798,take,rejected,not_present,0,0.0309,0.0221,0.0021,0.3817,0.0029,0.4396,164,3.1111
node-local,medium,1799,look,accepted,observed,0,0.0294,0.0217,0.0024,0.4138,0.0031,0.4703,161,2.6747
node-local,medium,1800,look,accepted,observed,0,0.0421,0.0296,0.0026,0.4802,0.0057,0.5603,161,2.7010
node-local,medium,1801,look,accepted,observed,0,0.0502,0.0346,0.0028,0.4567,0.0042,0.5485,161,2.6067
node-local,medium,1802,drop,replayed,dropped,0,0.0549,0.0151,0.0001,0.0000,0.0017,0.0718,0,2.6588
node-local,medium,1803,move,rejected,exit_unavailable,0,0.0301,0.0299,0.0027,0.5010,0.0034,0.5670,169,2.9921
node-local,medium,1804,look,accepted,observed,0,0.0735,0.0460,0.0038,0.6009,0.0072,0.7314,161,2.9645
node-local,medium,1805,take,rejected,not_present,0,0.1111,0.0731,0.0063,0.6239,0.0054,0.8197,164,3.0010
node-local,medium,1806,look,accepted,observed,0,0.0835,0.0595,0.0047,0.6848,0.0101,0.8426,161,3.0526
node-local,medium,1807,look,accepted,observed,0,0.0985,0.0617,0.0045,0.6433,0.0080,0.8160,161,2.9832
node-local,medium,1808,drop,rejected,integrity_conflict,0,0.1307,0.0296,0.0004,0.0003,0.0025,0.1635,0,3.6080
node-local,medium,1809,look,accepted,observed,0,0.0630,0.0601,0.0047,0.6354,0.0068,0.7700,161,2.9061
node-local,medium,1810,wait,rejected,invalid_time,0,0.0524,0.0402,0.0029,0.4767,0.0038,0.5761,165,2.6154
node-local,medium,1811,look,accepted,observed,0,0.0350,0.0269,0.0027,0.5335,0.0052,0.6032,161,2.7607
node-local,medium,1812,move,rejected,exit_unavailable,0,0.0474,0.0344,0.0025,0.4385,0.0035,0.5263,169,2.6197
node-local,medium,1813,move,accepted,moved,1,0.0293,0.0254,0.0038,0.4576,0.0038,0.5199,189,2.6035
node-local,medium,1814,move,rejected,exit_unavailable,0,0.0318,0.0208,0.0025,0.4331,0.0055,0.4937,169,2.8416
node-local,medium,1815,choose,rejected,invalid_choice,0,0.0928,0.0538,0.0042,0.5940,0.0061,0.7510,167,2.8504
node-local,medium,1816,talk,rejected,not_eligible,0,0.0809,0.0443,0.0033,0.5457,0.0046,0.6788,165,2.7916
node-local,medium,1817,move,accepted,moved,1,0.0621,0.0469,0.0043,0.6153,0.0062,0.7348,187,2.7734
node-local,medium,1818,wait,rejected,invalid_time,0,0.0779,0.0454,0.0034,0.5456,0.0057,0.6780,165,3.4142
node-local,medium,1819,look,accepted,observed,0,0.0614,0.0340,0.0029,0.4470,0.0034,0.5487,161,2.6072
node-local,medium,1820,wait,accepted,waited,1,0.0235,0.0241,0.0032,0.5278,0.0038,0.5825,185,2.6099
node-local,medium,1821,move,rejected,exit_unavailable,0,0.0320,0.0251,0.0024,0.3806,0.0028,0.4428,169,2.6462
node-local,medium,1822,look,accepted,observed,0,0.0323,0.0210,0.0022,0.5825,0.0030,0.6409,161,2.6092
node-local,medium,1823,move,accepted,moved,1,0.0296,0.0257,0.0032,0.4430,0.0035,0.5050,191,2.6109
node-local,medium,1824,look,accepted,observed,0,0.0315,0.0222,0.0023,0.3832,0.0028,0.4420,161,2.6589
node-local,medium,1825,move,accepted,moved,1,0.0265,0.0235,0.0029,0.4460,0.0056,0.5045,187,2.6860
node-local,medium,1826,look,accepted,observed,0,0.0436,0.0344,0.0031,0.4399,0.0045,0.5255,161,2.6592
node-local,medium,1827,wait,rejected,invalid_time,0,0.0301,0.0280,0.0024,0.4669,0.0030,0.5303,165,2.6312
node-local,medium,1828,look,accepted,observed,0,0.0330,0.0209,0.0023,0.4205,0.0040,0.4807,161,3.1477
node-local,medium,1829,talk,rejected,not_eligible,0,0.0320,0.0233,0.0021,0.4200,0.0027,0.4800,165,2.6317
node-local,medium,1830,move,accepted,moved,1,0.0258,0.0240,0.0037,0.4382,0.0035,0.4953,189,2.6185
node-local,medium,1831,move,accepted,moved,1,0.0315,0.0250,0.0027,0.4275,0.0039,0.4906,187,2.6969
node-local,medium,1832,choose,rejected,invalid_choice,0,0.0353,0.0246,0.0021,0.4411,0.0029,0.5060,167,2.6197
node-local,medium,1833,take,rejected,not_present,0,0.0218,0.0210,0.0022,0.3938,0.0026,0.4414,164,2.6117
node-local,medium,1834,move,accepted,moved,1,0.0255,0.0242,0.0031,0.4189,0.0034,0.4751,191,2.7308
node-local,medium,1835,look,accepted,observed,0,0.0255,0.0215,0.0022,0.4738,0.0027,0.5257,161,2.6765
node-local,medium,1836,move,accepted,moved,1,0.0444,0.0288,0.0048,0.4725,0.0037,0.5542,189,2.6147
node-local,medium,1837,move,rejected,exit_unavailable,0,0.0314,0.0225,0.0022,0.3852,0.0025,0.4438,169,2.6074
node-local,medium,1838,choose,rejected,invalid_choice,0,0.0288,0.0228,0.0022,0.4392,0.0027,0.4958,167,3.1462
node-local,medium,1839,look,accepted,observed,0,0.0292,0.0250,0.0024,0.4383,0.0043,0.4993,161,2.6473
node-local,medium,1840,take,accepted,taken,1,0.0490,0.0370,0.0055,0.5075,0.0053,0.6043,189,2.6887
node-local,medium,1841,move,accepted,moved,1,0.0366,0.0310,0.0032,0.5320,0.0036,0.6064,191,2.6087
node-local,medium,1842,move,accepted,moved,1,0.0274,0.0219,0.0025,0.4806,0.0037,0.5361,189,2.6550
node-local,medium,1843,move,accepted,moved,1,0.0308,0.0227,0.0027,0.5193,0.0034,0.5789,191,2.6176
node-local,medium,1844,look,accepted,observed,0,0.0239,0.0210,0.0024,0.4039,0.0028,0.4540,161,2.6580
node-local,medium,1845,activate,rejected,not_eligible,0,0.0342,0.0237,0.0022,0.4103,0.0030,0.4733,165,2.7223
node-local,medium,1846,look,accepted,observed,0,0.0367,0.0225,0.0022,0.4315,0.0048,0.4976,161,2.6138
node-local,medium,1847,activate,rejected,not_eligible,0,0.0280,0.0198,0.0023,0.3865,0.0029,0.4395,165,2.5918
node-local,medium,1848,choose,rejected,stale_view,0,0.0242,0.0195,0.0023,0.3875,0.0031,0.4366,163,3.0996
node-local,medium,1849,look,accepted,observed,0,0.0382,0.0260,0.0025,0.7206,0.0035,0.7908,161,2.6390
node-local,medium,1850,activate,rejected,not_eligible,0,0.0303,0.0217,0.0023,0.5356,0.0040,0.5938,165,2.7661
node-local,medium,1851,drop,accepted,dropped,1,0.0562,0.0403,0.0044,0.5218,0.0049,0.6276,198,2.6618
node-local,medium,1852,talk,rejected,not_eligible,0,0.0338,0.0243,0.0023,0.4919,0.0032,0.5555,165,2.6116
node-local,medium,1853,look,accepted,observed,0,0.0237,0.0195,0.0021,0.3789,0.0028,0.4270,161,2.6017
node-local,medium,1854,talk,rejected,not_eligible,0,0.0239,0.0208,0.0023,0.4801,0.0028,0.5300,165,2.6321
node-local,medium,1855,wait,rejected,invalid_time,0,0.0316,0.0254,0.0021,0.3751,0.0032,0.4375,165,2.5908
node-local,medium,1856,look,accepted,observed,0,0.0275,0.0228,0.0025,0.4867,0.0080,0.5474,161,2.9755
node-local,medium,1857,look,accepted,observed,0,0.0726,0.0392,0.0035,0.5170,0.0040,0.6362,161,2.6692
node-local,medium,1858,look,accepted,observed,0,0.0482,0.0374,0.0033,0.4239,0.0035,0.5162,161,3.2167
node-local,medium,1859,look,accepted,observed,0,0.0455,0.0342,0.0032,0.4429,0.0030,0.5289,161,2.6674
node-local,medium,1860,move,accepted,moved,1,0.0400,0.0370,0.0077,0.4834,0.0049,0.5730,189,2.6098
node-local,medium,1861,talk,rejected,not_eligible,0,0.0297,0.0261,0.0024,0.3726,0.0040,0.4347,165,2.6276
node-local,medium,1862,move,accepted,moved,1,0.0296,0.0260,0.0032,0.4175,0.0034,0.4798,191,2.6128
node-local,medium,1863,look,accepted,observed,0,0.0244,0.0198,0.0022,0.3852,0.0027,0.4344,161,2.7101
node-local,medium,1864,take,replayed,taken,0,0.0694,0.0222,0.0000,0.0000,0.0017,0.0933,0,2.7972
node-local,medium,1865,move,accepted,moved,1,0.0600,0.0493,0.0041,0.5093,0.0048,0.6274,189,2.7665
node-local,medium,1866,take,rejected,not_present,0,0.0500,0.0352,0.0027,0.4299,0.0035,0.5213,164,2.6936
node-local,medium,1867,look,accepted,observed,0,0.0233,0.0193,0.0022,0.3993,0.0032,0.4473,161,2.6946
node-local,medium,1868,activate,rejected,not_eligible,0,0.0466,0.0327,0.0029,0.4472,0.0040,0.5335,165,3.2459
node-local,medium,1869,look,accepted,observed,0,0.0520,0.0270,0.0022,0.4397,0.0027,0.5238,161,2.5939
node-local,medium,1870,drop,rejected,integrity_conflict,0,0.0553,0.0140,0.0001,0.0000,0.0016,0.0710,0,2.6694
node-local,medium,1871,look,accepted,observed,0,0.0263,0.0285,0.0024,0.4693,0.0037,0.5302,161,2.6887
node-local,medium,1872,talk,rejected,not_eligible,0,0.0263,0.0229,0.0022,0.4284,0.0030,0.4828,165,2.6858
node-local,medium,1873,move,accepted,moved,1,0.0360,0.0309,0.0035,0.4195,0.0040,0.4939,191,2.6002
node-local,medium,1874,move,accepted,moved,1,0.0263,0.0221,0.0030,0.3927,0.0035,0.4477,187,2.6413
node-local,medium,1875,move,accepted,moved,1,0.0264,0.0244,0.0028,0.4147,0.0032,0.4715,191,2.7015
node-local,medium,1876,talk,rejected,not_eligible,0,0.0421,0.0267,0.0026,0.4160,0.0031,0.4905,165,2.6654
node-local,medium,1877,move,accepted,moved,1,0.0388,0.0316,0.0028,0.4198,0.0037,0.4968,189,2.6396
node-local,medium,1878,look,accepted,observed,0,0.0306,0.0208,0.0024,0.4271,0.0030,0.4839,161,3.0852
node-local,medium,1879,move,accepted,moved,1,0.0317,0.0257,0.0029,0.3975,0.0033,0.4611,191,2.5930
node-local,medium,1880,move,accepted,moved,1,0.0247,0.0247,0.0029,0.3828,0.0035,0.4387,189,2.6018
node-local,medium,1881,move,accepted,moved,1,0.0267,0.0241,0.0028,0.3875,0.0030,0.4441,191,2.6781
node-local,medium,1882,wait,rejected,invalid_time,0,0.0402,0.0314,0.0024,0.4125,0.0035,0.4900,165,2.6650
node-local,medium,1883,look,accepted,observed,0,0.0287,0.0223,0.0023,0.3908,0.0027,0.4468,161,2.6269
node-local,medium,1884,move,rejected,exit_unavailable,0,0.0318,0.0227,0.0021,0.4008,0.0027,0.4600,169,2.6000
node-local,medium,1885,move,accepted,moved,1,0.0287,0.0232,0.0029,0.4347,0.0034,0.4929,189,2.6400
node-local,medium,1886,look,accepted,observed,0,0.0240,0.0215,0.0021,0.3803,0.0027,0.4307,161,2.6417
node-local,medium,1887,wait,rejected,invalid_time,0,0.0299,0.0243,0.0022,0.4024,0.0030,0.4619,165,2.5997
node-local,medium,1888,look,accepted,observed,0,0.0248,0.0197,0.0022,0.3876,0.0028,0.4371,161,3.1098
node-local,medium,1889,move,accepted,moved,1,0.0395,0.0276,0.0032,0.4319,0.0031,0.5053,191,2.5935
node-local,medium,1890,look,accepted,observed,0,0.0251,0.0206,0.0022,0.3768,0.0025,0.4272,161,2.6065
node-local,medium,1891,move,accepted,moved,1,0.0272,0.0255,0.0033,0.4036,0.0035,0.4631,187,2.6748
node-local,medium,1892,move,accepted,moved,1,0.0375,0.0318,0.0026,0.3875,0.0036,0.4630,189,2.6189
node-local,medium,1893,wait,rejected,invalid_time,0,0.0319,0.0217,0.0021,0.3919,0.0040,0.4516,165,2.6211
node-local,medium,1894,look,accepted,observed,0,0.0295,0.0201,0.0023,0.3687,0.0025,0.4231,161,2.6072
node-local,medium,1895,choose,rejected,invalid_choice,0,0.0267,0.0232,0.0021,0.3716,0.0028,0.4264,167,2.6595
node-local,medium,1896,look,accepted,observed,0,0.0284,0.0184,0.0021,0.4210,0.0055,0.4753,161,2.6407
node-local,medium,1897,activate,rejected,not_eligible,0,0.0362,0.0268,0.0029,0.4534,0.0035,0.5229,165,2.6189
node-local,medium,1898,move,rejected,exit_unavailable,0,0.0347,0.0216,0.0024,0.3878,0.0026,0.4491,169,3.0911
node-local,medium,1899,move,rejected,exit_unavailable,0,0.0378,0.0270,0.0024,0.3926,0.0025,0.4623,169,2.6374
node-local,medium,1900,move,accepted,moved,1,0.0295,0.0237,0.0032,0.3945,0.0032,0.4541,187,2.6035
node-local,medium,1901,move,accepted,moved,1,0.0327,0.0256,0.0029,0.4007,0.0036,0.4655,191,2.6755
node-local,medium,1902,move,accepted,moved,1,0.0261,0.0217,0.0027,0.4131,0.0037,0.4674,189,2.6274
node-local,medium,1903,move,accepted,moved,1,0.0256,0.0218,0.0025,0.4052,0.0033,0.4583,191,2.6377
node-local,medium,1904,look,accepted,observed,0,0.0272,0.0195,0.0032,0.3673,0.0028,0.4200,161,2.6342
node-local,medium,1905,take,accepted,taken,1,0.0289,0.0233,0.0030,0.3938,0.0033,0.4523,189,2.6597
node-local,medium,1906,look,accepted,observed,0,0.0279,0.0194,0.0021,0.3810,0.0027,0.4331,161,2.6065
node-local,medium,1907,talk,rejected,not_eligible,0,0.0272,0.0206,0.0021,0.3760,0.0027,0.4287,165,2.6314
node-local,medium,1908,look,accepted,observed,0,0.0285,0.0192,0.0023,0.3893,0.0027,0.4420,161,3.1033
node-local,medium,1909,look,accepted,observed,0,0.0311,0.0204,0.0025,0.3892,0.0025,0.4456,161,2.6373
node-local,medium,1910,move,accepted,moved,1,0.0340,0.0297,0.0033,0.4920,0.0043,0.5633,189,2.6468
node-local,medium,1911,move,accepted,moved,1,0.0289,0.0248,0.0025,0.4272,0.0035,0.4869,191,2.6442
node-local,medium,1912,look,accepted,observed,0,0.0279,0.0196,0.0023,0.3799,0.0026,0.4323,161,2.6600
node-local,medium,1913,move,accepted,moved,1,0.0374,0.0279,0.0029,0.4374,0.0032,0.5088,187,2.6519
node-local,medium,1914,move,accepted,moved,1,0.0298,0.0279,0.0031,0.4148,0.0034,0.4791,189,2.6172
node-local,medium,1915,drop,rejected,integrity_conflict,0,0.0605,0.0138,0.0000,0.0000,0.0017,0.0762,0,2.6435
node-local,medium,1916,look,accepted,observed,0,0.0243,0.0228,0.0027,0.4263,0.0030,0.4791,161,2.6080
node-local,medium,1917,move,accepted,moved,1,0.0326,0.0269,0.0030,0.4451,0.0036,0.5112,187,2.6192
node-local,medium,1918,look,accepted,observed,0,0.0270,0.0203,0.0023,0.3886,0.0030,0.4413,161,3.1472
node-local,medium,1919,choose,rejected,invalid_choice,0,0.0331,0.0248,0.0025,0.3954,0.0030,0.4587,167,2.5880
node-local,medium,1920,wait,rejected,invalid_time,0,0.0242,0.0233,0.0022,0.3934,0.0029,0.4460,165,2.6255
node-local,medium,1921,move,accepted,moved,1,0.0318,0.0317,0.0033,0.4058,0.0034,0.4760,191,2.6553
node-local,medium,1922,look,accepted,observed,0,0.0295,0.0199,0.0023,0.3835,0.0026,0.4377,161,2.6103
node-local,medium,1923,look,accepted,observed,0,0.0279,0.0198,0.0022,0.3692,0.0026,0.4217,161,2.6271
node-local,medium,1924,look,accepted,observed,0,0.0254,0.0205,0.0021,0.3475,0.0029,0.3985,161,2.6025
node-local,medium,1925,wait,rejected,invalid_time,0,0.0252,0.0217,0.0020,0.4404,0.0025,0.4919,165,2.6520
node-local,medium,1926,look,accepted,observed,0,0.0248,0.0199,0.0020,0.3748,0.0025,0.4240,161,2.6285
node-local,medium,1927,wait,rejected,invalid_time,0,0.0279,0.0223,0.0022,0.3720,0.0028,0.4272,165,2.6291
node-local,medium,1928,move,accepted,moved,1,0.0291,0.0243,0.0030,0.4177,0.0033,0.4775,187,3.1401
node-local,medium,1929,move,accepted,moved,1,0.0470,0.0316,0.0040,0.4511,0.0038,0.5375,191,2.6062
node-local,medium,1930,look,accepted,observed,0,0.0270,0.0202,0.0022,0.4047,0.0025,0.4565,161,2.6057
node-local,medium,1931,wait,rejected,invalid_time,0,0.0240,0.0240,0.0022,0.3756,0.0026,0.4285,165,2.6260
node-local,medium,1932,look,accepted,observed,0,0.0289,0.0195,0.0022,0.3780,0.0029,0.4315,161,2.6525
node-local,medium,1933,move,accepted,moved,1,0.0283,0.0256,0.0031,0.4077,0.0037,0.4684,187,2.6085
node-local,medium,1934,talk,rejected,not_eligible,0,0.0235,0.0212,0.0022,0.4075,0.0047,0.4591,165,2.6291
node-local,medium,1935,talk,rejected,not_eligible,0,0.0350,0.0249,0.0027,0.4135,0.0032,0.4794,165,2.6045
node-local,medium,1936,move,accepted,moved,1,0.0321,0.0236,0.0027,0.4106,0.0035,0.4725,191,2.6983
node-local,medium,1937,move,accepted,moved,1,0.0294,0.0259,0.0030,0.3857,0.0035,0.4474,187,2.6031
node-local,medium,1938,move,rejected,exit_unavailable,0,0.0261,0.0204,0.0022,0.3781,0.0028,0.4297,169,3.1139
node-local,medium,1939,drop,accepted,dropped,1,0.0320,0.0238,0.0033,0.4197,0.0031,0.4819,194,2.6087
node-local,medium,1940,wait,rejected,invalid_time,0,0.0222,0.0214,0.0023,0.3920,0.0026,0.4404,165,2.5947
node-local,medium,1941,talk,rejected,not_eligible,0,0.0253,0.0207,0.0022,0.3860,0.0029,0.4372,165,2.6455
node-local,medium,1942,move,accepted,moved,1,0.0280,0.0228,0.0031,0.4083,0.0035,0.4657,189,2.6865
node-local,medium,1943,choose,rejected,invalid_choice,0,0.0348,0.0273,0.0023,0.4252,0.0030,0.4927,167,2.5995
node-local,medium,1944,look,accepted,observed,0,0.0307,0.0202,0.0021,0.3993,0.0028,0.4552,161,2.6405
node-local,medium,1945,move,rejected,exit_unavailable,0,0.0340,0.0250,0.0023,0.4559,0.0032,0.5205,169,2.6766
node-local,medium,1946,look,accepted,observed,0,0.0308,0.0211,0.0021,0.4205,0.0030,0.4774,161,2.6191
node-local,medium,1947,look,accepted,observed,0,0.0326,0.0190,0.0022,0.3945,0.0025,0.4507,161,2.6143
node-local,medium,1948,take,rejected,not_present,0,0.0233,0.0227,0.0023,0.3663,0.0029,0.4176,164,3.2699
node-local,medium,1949,look,accepted,observed,0,0.0432,0.0256,0.0023,0.4088,0.0025,0.4823,161,2.6164
node-local,medium,1950,move,accepted,moved,1,0.0275,0.0245,0.0033,0.4093,0.0032,0.4678,187,2.6025
node-local,medium,1951,look,accepted,observed,0,0.0237,0.0195,0.0021,0.3717,0.0027,0.4196,161,2.6399
node-local,medium,1952,activate,rejected,not_eligible,0,0.0348,0.0220,0.0022,0.3962,0.0028,0.4581,165,2.6365
node-local,medium,1953,move,accepted,moved,1,0.0347,0.0256,0.0032,0.4157,0.0039,0.4832,189,2.6088
node-local,medium,1954,look,accepted,observed,0,0.0328,0.0200,0.0022,0.3670,0.0029,0.4249,161,2.5976
node-local,medium,1955,look,accepted,observed,0,0.0255,0.0192,0.0022,0.3577,0.0029,0.4075,161,2.6697
node-local,medium,1956,look,accepted,observed,0,0.0301,0.0197,0.0021,0.3903,0.0026,0.4448,161,2.6387
node-local,medium,1957,look,accepted,observed,0,0.0346,0.0205,0.0021,0.3868,0.0026,0.4467,161,2.6087
node-local,medium,1958,look,accepted,observed,0,0.0261,0.0193,0.0020,0.3815,0.0026,0.4315,161,3.1449
node-local,medium,1959,look,accepted,observed,0,0.0333,0.0219,0.0022,0.4028,0.0026,0.4629,161,2.6067
node-local,medium,1960,look,accepted,observed,0,0.0258,0.0215,0.0024,0.3755,0.0027,0.4279,161,2.6169
node-local,medium,1961,move,accepted,moved,1,0.0292,0.0238,0.0029,0.4071,0.0036,0.4666,187,2.6424
node-local,medium,1962,drop,replayed,dropped,0,0.0866,0.0155,0.0000,0.0000,0.0020,0.1042,0,2.6326
node-local,medium,1963,activate,rejected,not_eligible,0,0.0237,0.0262,0.0023,0.4446,0.0030,0.4997,165,2.6140
node-local,medium,1964,look,accepted,observed,0,0.0315,0.0205,0.0022,0.3787,0.0025,0.4355,161,2.6191
node-local,medium,1965,move,accepted,moved,1,0.0300,0.0243,0.0033,0.4020,0.0037,0.4633,191,2.6467
node-local,medium,1966,look,accepted,observed,0,0.0259,0.0197,0.0022,0.3900,0.0029,0.4406,161,2.6047
node-local,medium,1967,activate,rejected,not_eligible,0,0.0293,0.0191,0.0021,0.3716,0.0030,0.4250,165,2.6110
node-local,medium,1968,move,accepted,moved,1,0.0292,0.0234,0.0030,0.4370,0.0032,0.4956,189,2.6371
node-local,medium,1969,wait,rejected,invalid_time,0,0.0269,0.0228,0.0022,0.3919,0.0030,0.4467,165,3.0698
node-local,medium,1970,look,accepted,observed,0,0.0358,0.0255,0.0022,0.3989,0.0028,0.4652,161,2.5970
node-local,medium,1971,close_choice,rejected,invalid_choice,0,0.0249,0.0215,0.0022,0.3749,0.0032,0.4267,167,2.6344
node-local,medium,1972,move,accepted,moved,1,0.0272,0.0242,0.0031,0.4232,0.0033,0.4810,191,2.6388
node-local,medium,1973,look,accepted,observed,0,0.0277,0.0194,0.0020,0.3720,0.0028,0.4240,161,2.6048
node-local,medium,1974,activate,rejected,not_eligible,0,0.0309,0.0195,0.0022,0.3880,0.0030,0.4436,165,2.6183
node-local,medium,1975,move,accepted,moved,1,0.0297,0.0226,0.0031,0.3967,0.0032,0.4552,189,2.6620
node-local,medium,1976,move,accepted,moved,1,0.0285,0.0222,0.0027,0.4138,0.0035,0.4706,191,2.6174
node-local,medium,1977,move,accepted,moved,1,0.0256,0.0232,0.0029,0.4705,0.0035,0.5257,189,2.6128
node-local,medium,1978,move,accepted,moved,1,0.0289,0.0217,0.0025,0.4016,0.0034,0.4581,191,2.6084
node-local,medium,1979,drop,replayed,dropped,0,0.0570,0.0146,0.0001,0.0001,0.0020,0.0737,0,3.0893
node-local,medium,1980,move,accepted,moved,1,0.0318,0.0292,0.0037,0.5021,0.0040,0.5708,187,2.6568
node-local,medium,1981,look,accepted,observed,0,0.0368,0.0251,0.0025,0.4312,0.0034,0.4991,161,2.5965
node-local,medium,1982,move,accepted,moved,1,0.0285,0.0292,0.0036,0.4262,0.0040,0.4915,191,2.7587
node-local,medium,1983,look,accepted,observed,0,0.0443,0.0278,0.0027,0.4225,0.0030,0.5003,161,2.6069
node-local,medium,1984,drop,replayed,dropped,0,0.0504,0.0142,0.0000,0.0000,0.0019,0.0665,0,2.5873
node-local,medium,1985,look,accepted,observed,0,0.0224,0.0238,0.0024,0.5795,0.0033,0.6313,161,2.7500
node-local,medium,1986,move,accepted,moved,1,0.0401,0.0343,0.0037,0.4186,0.0053,0.5021,187,2.5988
node-local,medium,1987,take,accepted,taken,1,0.0244,0.0216,0.0031,0.3796,0.0033,0.4320,189,2.6658
node-local,medium,1988,look,accepted,observed,0,0.0452,0.0245,0.0027,0.4764,0.0054,0.5541,161,2.6427
node-local,medium,1989,move,accepted,moved,1,0.0378,0.0305,0.0040,0.4683,0.0042,0.5448,189,3.1165
node-local,medium,1990,move,accepted,moved,1,0.0357,0.0260,0.0037,0.4028,0.0034,0.4716,187,2.6185
node-local,medium,1991,look,accepted,observed,0,0.0252,0.0224,0.0024,0.3711,0.0030,0.4240,161,2.6132
node-local,medium,1992,move,accepted,moved,1,0.0249,0.0242,0.0032,0.3844,0.0037,0.4404,189,2.7158
node-local,medium,1993,move,accepted,moved,1,0.0448,0.0293,0.0029,0.4141,0.0038,0.4950,187,2.6552
node-local,medium,1994,look,accepted,observed,0,0.0326,0.0222,0.0023,0.3799,0.0027,0.4397,161,2.6154
node-local,medium,1995,look,accepted,observed,0,0.0316,0.0196,0.0023,0.3981,0.0026,0.4542,161,2.6597
node-local,medium,1996,wait,rejected,invalid_time,0,0.0390,0.0223,0.0021,0.3919,0.0027,0.4581,165,2.7163
node-local,medium,1997,look,accepted,observed,0,0.0448,0.0315,0.0023,0.4103,0.0030,0.4920,161,2.6532
node-local,medium,1998,wait,rejected,invalid_time,0,0.0332,0.0269,0.0024,0.3987,0.0033,0.4646,165,2.6526
node-local,medium,1999,talk,rejected,not_eligible,0,0.0358,0.0250,0.0023,0.3930,0.0032,0.4592,165,3.1180
node-local,medium,2000,move,accepted,moved,1,0.0378,0.0256,0.0031,0.4071,0.0035,0.4772,189,2.6117
node-local,medium,2001,look,accepted,observed,0,0.0266,0.0219,0.0022,0.5038,0.0027,0.5573,161,2.6553
node-local,medium,2002,move,accepted,moved,1,0.0284,0.0245,0.0032,0.4124,0.0034,0.4719,187,2.6535
node-local,medium,2003,move,accepted,moved,1,0.0301,0.0255,0.0026,0.3992,0.0031,0.4605,191,2.6078
node-local,medium,2004,move,accepted,moved,1,0.0261,0.0224,0.0027,0.4372,0.0035,0.4918,189,2.6096
node-local,medium,2005,wait,accepted,waited,1,0.0260,0.0238,0.0026,0.4014,0.0033,0.4571,185,2.6538
node-local,medium,2006,close_choice,rejected,invalid_choice,0,0.0323,0.0247,0.0021,0.5696,0.0029,0.6316,167,2.6370
node-local,medium,2007,move,accepted,moved,1,0.0277,0.0275,0.0030,0.3990,0.0033,0.4605,191,2.6148
node-local,medium,2008,activate,rejected,not_eligible,0,0.0297,0.0246,0.0021,0.3785,0.0027,0.4376,165,2.6253
node-local,medium,2009,move,accepted,moved,1,0.0292,0.0255,0.0030,0.4030,0.0035,0.4641,187,3.0825
node-local,medium,2010,move,rejected,exit_unavailable,0,0.0330,0.0242,0.0024,0.4028,0.0027,0.4651,169,2.5908
node-local,medium,2011,move,accepted,moved,1,0.0257,0.0232,0.0029,0.4237,0.0035,0.4790,189,2.6100
node-local,medium,2012,look,accepted,observed,0,0.0327,0.0214,0.0022,0.4169,0.0041,0.4772,161,2.7116
node-local,medium,2013,wait,rejected,invalid_time,0,0.0419,0.0306,0.0023,0.4172,0.0032,0.4953,165,2.6542
node-local,medium,2014,move,accepted,moved,1,0.0376,0.0287,0.0033,0.4570,0.0036,0.5302,187,2.6400
node-local,medium,2015,look,accepted,observed,0,0.0377,0.0225,0.0024,0.3969,0.0030,0.4626,161,2.6389
node-local,medium,2016,wait,rejected,invalid_time,0,0.0266,0.0228,0.0020,0.3551,0.0029,0.4094,165,2.5910
node-local,medium,2017,drop,accepted,dropped,1,0.0269,0.0228,0.0033,0.4679,0.0036,0.5244,194,2.6893
node-local,medium,2018,take,accepted,taken,1,0.0323,0.0233,0.0026,0.4094,0.0034,0.4711,189,2.6563
node-local,medium,2019,look,accepted,observed,0,0.0342,0.0216,0.0023,0.3806,0.0027,0.4414,161,3.1277
node-local,medium,2020,move,accepted,moved,1,0.0427,0.0249,0.0028,0.4270,0.0033,0.5007,189,2.5974
node-local,medium,2021,activate,rejected,not_eligible,0,0.0276,0.0196,0.0023,0.3664,0.0025,0.4185,165,2.6117
node-local,medium,2022,look,accepted,observed,0,0.0313,0.0201,0.0022,0.3833,0.0030,0.4399,161,2.6563
node-local,medium,2023,look,accepted,observed,0,0.0281,0.0205,0.0022,0.3758,0.0029,0.4296,161,2.6217
node-local,medium,2024,look,accepted,observed,0,0.0304,0.0212,0.0020,0.4606,0.0051,0.5194,161,2.6359
node-local,medium,2025,move,accepted,moved,1,0.0379,0.0293,0.0040,0.4528,0.0042,0.5282,187,2.6261
node-local,medium,2026,choose,rejected,stale_view,0,0.0271,0.0209,0.0021,0.7615,0.0028,0.8144,163,2.6494
node-local,medium,2027,look,accepted,observed,0,0.0319,0.0229,0.0022,0.3751,0.0029,0.4350,161,2.6130
node-local,medium,2028,move,accepted,moved,1,0.0306,0.0235,0.0031,0.4169,0.0035,0.4777,189,2.6169
node-local,medium,2029,drop,accepted,dropped,1,0.0285,0.0229,0.0030,0.4094,0.0037,0.4675,196,3.1357
node-local,medium,2030,move,accepted,moved,1,0.0355,0.0249,0.0032,0.4259,0.0032,0.4928,187,2.5968
node-local,medium,2031,look,accepted,observed,0,0.0223,0.0209,0.0022,0.4943,0.0026,0.5423,161,2.6088
node-local,medium,2032,take,rejected,not_present,0,0.0292,0.0210,0.0020,0.3568,0.0026,0.4116,164,2.6261
node-local,medium,2033,activate,rejected,not_eligible,0,0.0256,0.0196,0.0020,0.3553,0.0027,0.4052,165,2.6179
node-local,medium,2034,move,accepted,moved,1,0.0236,0.0229,0.0030,0.3781,0.0033,0.4309,189,2.6350
node-local,medium,2035,move,accepted,moved,1,0.0261,0.0227,0.0030,0.3882,0.0032,0.4433,187,2.6367
node-local,medium,2036,wait,rejected,invalid_time,0,0.0255,0.0215,0.0022,0.3646,0.0028,0.4166,165,2.6114
node-local,medium,2037,move,accepted,moved,1,0.0262,0.0255,0.0030,0.4096,0.0048,0.4692,191,2.6478
node-local,medium,2038,move,accepted,moved,1,0.0295,0.0216,0.0024,0.3910,0.0033,0.4478,187,2.6185
node-local,medium,2039,look,accepted,observed,0,0.0260,0.0220,0.0023,0.4909,0.0034,0.5447,161,3.1313
node-local,medium,2040,move,accepted,moved,1,0.0350,0.0225,0.0027,0.4307,0.0033,0.4942,189,2.5973
node-local,medium,2041,move,accepted,moved,1,0.0399,0.0234,0.0026,0.3703,0.0034,0.4396,187,2.6210
node-local,medium,2042,look,accepted,observed,0,0.0274,0.0196,0.0024,0.4046,0.0027,0.4567,161,2.6406
node-local,medium,2043,move,accepted,moved,1,0.0284,0.0230,0.0029,0.4181,0.0034,0.4758,191,2.6026
node-local,medium,2044,move,accepted,moved,1,0.0265,0.0221,0.0026,0.3919,0.0034,0.4465,187,2.6510
node-local,medium,2045,move,accepted,moved,1,0.0235,0.0213,0.0025,0.4926,0.0036,0.5435,191,2.6660
node-local,medium,2046,look,accepted,observed,0,0.0304,0.0206,0.0021,0.3703,0.0030,0.4264,161,2.6385
node-local,medium,2047,move,accepted,moved,1,0.0290,0.0226,0.0036,0.4056,0.0034,0.4642,189,2.6250
node-local,medium,2048,look,accepted,observed,0,0.0277,0.0187,0.0021,0.3643,0.0026,0.4154,161,2.6436
node-local,medium,2049,look,accepted,observed,0,0.0246,0.0199,0.0022,0.5095,0.0027,0.5588,161,3.1819
node-local,medium,2050,take,rejected,not_present,0,0.0514,0.0321,0.0024,0.5481,0.0031,0.6372,164,2.6588
node-local,medium,2051,move,accepted,moved,1,0.0345,0.0313,0.0032,0.4139,0.0040,0.4870,191,2.6271
node-local,medium,2052,talk,rejected,not_eligible,0,0.0310,0.0230,0.0021,0.5165,0.0027,0.5753,165,2.6412
node-local,medium,2053,move,rejected,exit_unavailable,0,0.0265,0.0227,0.0022,0.3494,0.0026,0.4035,169,2.6184
node-local,medium,2054,look,accepted,observed,0,0.0408,0.0279,0.0023,0.4027,0.0027,0.4763,161,2.6416
node-local,medium,2055,look,accepted,observed,0,0.0338,0.0210,0.0022,0.4847,0.0029,0.5446,161,2.6690
node-local,medium,2056,move,accepted,moved,1,0.0332,0.0253,0.0031,0.4157,0.0036,0.4809,187,2.6138
node-local,medium,2057,move,accepted,moved,1,0.0266,0.0242,0.0038,0.3982,0.0033,0.4561,191,2.6402
node-local,medium,2058,look,accepted,observed,0,0.0255,0.0201,0.0020,0.4003,0.0028,0.4507,161,2.6211
node-local,medium,2059,talk,rejected,not_eligible,0,0.0257,0.0228,0.0021,0.4695,0.0027,0.5228,165,3.1537
node-local,medium,2060,look,accepted,observed,0,0.0328,0.0236,0.0022,0.4954,0.0028,0.5568,161,2.6455
node-local,medium,2061,drop,replayed,dropped,0,0.0570,0.0158,0.0001,0.0001,0.0019,0.0749,0,2.6044
node-local,medium,2062,move,rejected,exit_unavailable,0,0.0257,0.0269,0.0024,0.4508,0.0030,0.5087,169,2.6542
node-local,medium,2063,talk,rejected,not_eligible,0,0.0330,0.0217,0.0023,0.4878,0.0028,0.5476,165,2.6348
node-local,medium,2064,look,accepted,observed,0,0.0267,0.0200,0.0021,0.3733,0.0028,0.4250,161,2.5986
node-local,medium,2065,move,accepted,moved,1,0.0246,0.0248,0.0035,0.3917,0.0037,0.4483,189,2.6769
node-local,medium,2066,move,rejected,exit_unavailable,0,0.0316,0.0233,0.0023,0.4615,0.0027,0.5214,169,2.6005
node-local,medium,2067,activate,rejected,not_eligible,0,0.0242,0.0198,0.0030,0.4529,0.0031,0.5029,165,2.6132
node-local,medium,2068,move,accepted,moved,1,0.0225,0.0231,0.0031,0.4098,0.0036,0.4621,191,2.6121
node-local,medium,2069,choose,rejected,invalid_choice,0,0.0229,0.0229,0.0022,0.3751,0.0028,0.4258,167,3.0999
node-local,medium,2070,move,accepted,moved,1,0.0321,0.0229,0.0031,0.4163,0.0031,0.4775,187,2.6133
node-local,medium,2071,take,rejected,not_present,0,0.0233,0.0232,0.0021,0.5025,0.0030,0.5540,164,2.6288
node-local,medium,2072,wait,rejected,invalid_time,0,0.0296,0.0228,0.0023,0.5116,0.0027,0.5691,165,2.6314
node-local,medium,2073,look,accepted,observed,0,0.0290,0.0202,0.0022,0.3793,0.0025,0.4332,161,2.6031
node-local,medium,2074,look,accepted,observed,0,0.0240,0.0205,0.0020,0.3564,0.0028,0.4058,161,2.6141
node-local,medium,2075,move,accepted,moved,1,0.0297,0.0237,0.0030,0.4087,0.0032,0.4684,191,2.6060
node-local,medium,2076,move,accepted,moved,1,0.0279,0.0220,0.0029,0.4160,0.0039,0.4726,187,2.6873
node-local,medium,2077,look,accepted,observed,0,0.0342,0.0271,0.0023,0.4216,0.0033,0.4887,161,2.6514
node-local,medium,2078,move,accepted,moved,1,0.0332,0.0239,0.0030,0.3992,0.0036,0.4630,189,2.6078
node-local,medium,2079,talk,rejected,not_eligible,0,0.0291,0.0219,0.0025,0.3787,0.0030,0.4353,165,3.1212
node-local,medium,2080,look,accepted,observed,0,0.0321,0.0248,0.0023,0.5258,0.0026,0.5876,161,2.5900
node-local,medium,2081,look,accepted,observed,0,0.0213,0.0192,0.0021,0.3855,0.0026,0.4308,161,2.6278
node-local,medium,2082,wait,rejected,invalid_time,0,0.0313,0.0323,0.0024,0.5580,0.0033,0.6274,165,2.6933
node-local,medium,2083,talk,rejected,not_eligible,0,0.0323,0.0269,0.0022,0.4842,0.0043,0.5499,165,2.6067
node-local,medium,2084,move,accepted,moved,1,0.0239,0.0228,0.0032,0.4275,0.0033,0.4807,187,2.6083
node-local,medium,2085,activate,rejected,not_eligible,0,0.0276,0.0206,0.0021,0.4725,0.0032,0.5260,165,2.6200
node-local,medium,2086,talk,rejected,not_eligible,0,0.0303,0.0227,0.0022,0.4700,0.0027,0.5280,165,2.7000
node-local,medium,2087,wait,rejected,invalid_time,0,0.0464,0.0330,0.0023,0.4480,0.0035,0.5333,165,2.6850
node-local,medium,2088,move,accepted,moved,1,0.0394,0.0351,0.0040,0.4160,0.0037,0.4983,191,2.6110
node-local,medium,2089,look,accepted,observed,0,0.0313,0.0215,0.0022,0.4199,0.0027,0.4776,161,3.0867
node-local,medium,2090,wait,rejected,invalid_time,0,0.0340,0.0240,0.0022,0.3820,0.0026,0.4449,165,2.5827
node-local,medium,2091,wait,rejected,invalid_time,0,0.0242,0.0215,0.0022,0.4946,0.0025,0.5449,165,2.6098
node-local,medium,2092,activate,rejected,not_eligible,0,0.0438,0.0330,0.0026,0.4095,0.0030,0.4920,165,2.7135
node-local,medium,2093,look,accepted,observed,0,0.0366,0.0245,0.0023,0.5245,0.0030,0.5909,161,2.6798
node-local,medium,2094,take,rejected,not_present,0,0.0514,0.0382,0.0027,0.4926,0.0050,0.5899,164,2.6683
node-local,medium,2095,look,accepted,observed,0,0.0428,0.0287,0.0025,0.4981,0.0034,0.5755,161,2.6088
node-local,medium,2096,wait,rejected,invalid_time,0,0.0278,0.0216,0.0022,0.3920,0.0027,0.4464,165,2.6587
node-local,medium,2097,look,accepted,observed,0,0.0300,0.0197,0.0020,0.3966,0.0026,0.4508,161,2.6643
node-local,medium,2098,take,rejected,not_present,0,0.0318,0.0215,0.0023,0.3951,0.0027,0.4534,164,2.6001
node-local,medium,2099,activate,rejected,not_eligible,0,0.0292,0.0194,0.0024,0.3947,0.0029,0.4486,165,3.1145
node-local,medium,2100,move,accepted,moved,1,0.0354,0.0248,0.0032,0.4580,0.0031,0.5245,187,2.6236
node-local,medium,2101,look,accepted,observed,0,0.0381,0.0285,0.0027,0.4812,0.0061,0.5566,161,2.7632
node-local,medium,2102,move,rejected,exit_unavailable,0,0.0750,0.0454,0.0040,0.5051,0.0035,0.6329,169,2.6378
node-local,medium,2103,move,accepted,moved,1,0.0278,0.0255,0.0030,0.3941,0.0048,0.4552,191,2.6667
node-local,medium,2104,talk,rejected,not_eligible,0,0.0480,0.0276,0.0025,0.5054,0.0032,0.5867,165,2.6510
node-local,medium,2105,move,accepted,moved,1,0.0371,0.0261,0.0032,0.3984,0.0033,0.4681,187,2.6058
node-local,medium,2106,move,accepted,moved,1,0.0258,0.0230,0.0030,0.3815,0.0034,0.4367,191,2.6253
node-local,medium,2107,move,accepted,moved,1,0.0300,0.0260,0.0029,0.3856,0.0034,0.4480,187,2.6609
node-local,medium,2108,look,accepted,observed,0,0.0300,0.0227,0.0024,0.5430,0.0027,0.6008,161,2.5972
node-local,medium,2109,move,accepted,moved,1,0.0302,0.0226,0.0028,0.4028,0.0032,0.4617,191,3.0874
node-local,medium,2110,talk,rejected,not_eligible,0,0.0378,0.0226,0.0023,0.4716,0.0034,0.5377,165,2.6012
node-local,medium,2111,activate,rejected,not_eligible,0,0.0291,0.0200,0.0020,0.5040,0.0026,0.5577,165,2.6013
node-local,medium,2112,look,accepted,observed,0,0.0250,0.0197,0.0022,0.5181,0.0031,0.5682,161,2.6338
node-local,medium,2113,look,accepted,observed,0,0.0261,0.0200,0.0020,0.3900,0.0027,0.4408,161,2.6380
node-local,medium,2114,move,accepted,moved,1,0.0300,0.0243,0.0031,0.4060,0.0033,0.4667,189,2.6263
node-local,medium,2115,look,accepted,observed,0,0.0363,0.0212,0.0022,0.4473,0.0028,0.5098,161,2.6081
node-local,medium,2116,move,accepted,moved,1,0.0276,0.0225,0.0042,0.3894,0.0033,0.4469,191,2.6610
node-local,medium,2117,look,accepted,observed,0,0.0341,0.0245,0.0031,0.5449,0.0112,0.6178,161,2.7264
node-local,medium,2118,move,rejected,exit_unavailable,0,0.0559,0.0452,0.0033,0.4693,0.0035,0.5772,169,2.7356
node-local,medium,2119,look,accepted,observed,0,0.0620,0.0369,0.0030,0.6075,0.0045,0.7139,161,3.4066
node-local,medium,2120,look,accepted,observed,0,0.0698,0.0412,0.0034,0.5285,0.0032,0.6460,161,2.6261
node-local,medium,2121,look,accepted,observed,0,0.0271,0.0199,0.0023,0.3817,0.0027,0.4337,161,2.6073
node-local,medium,2122,look,accepted,observed,0,0.0249,0.0193,0.0022,0.4362,0.0030,0.4855,161,2.6563
node-local,medium,2123,look,accepted,observed,0,0.0372,0.0300,0.0023,0.4380,0.0038,0.5114,161,2.7412
node-local,medium,2124,move,accepted,moved,1,0.0366,0.0366,0.0039,0.5055,0.0044,0.5870,189,2.6319
node-local,medium,2125,wait,rejected,invalid_time,0,0.0313,0.0242,0.0023,0.4373,0.0027,0.4978,165,2.6501
node-local,medium,2126,move,rejected,exit_unavailable,0,0.0263,0.0232,0.0032,0.4253,0.0031,0.4812,169,2.6617
node-local,medium,2127,move,rejected,exit_unavailable,0,0.0270,0.0237,0.0021,0.4357,0.0031,0.4917,169,2.6182
node-local,medium,2128,look,accepted,observed,0,0.0302,0.0201,0.0022,0.3783,0.0025,0.4333,161,2.6377
node-local,medium,2129,look,accepted,observed,0,0.0308,0.0201,0.0023,0.3747,0.0026,0.4305,161,3.1144
node-local,medium,2130,activate,rejected,not_eligible,0,0.0337,0.0205,0.0023,0.4088,0.0027,0.4680,165,2.6022
node-local,medium,2131,move,accepted,moved,1,0.0290,0.0240,0.0032,0.4214,0.0032,0.4810,191,2.6030
node-local,medium,2132,move,accepted,moved,1,0.0250,0.0237,0.0028,0.4274,0.0037,0.4826,189,2.6351
node-local,medium,2133,move,accepted,moved,1,0.0332,0.0225,0.0028,0.4135,0.0031,0.4752,191,2.6222
node-local,medium,2134,move,accepted,moved,1,0.0262,0.0243,0.0028,0.4330,0.0035,0.4898,189,2.6437
node-local,medium,2135,look,accepted,observed,0,0.0284,0.0208,0.0022,0.4201,0.0028,0.4744,161,2.6154
node-local,medium,2136,wait,rejected,invalid_time,0,0.0284,0.0220,0.0026,0.4053,0.0027,0.4610,165,2.6611
node-local,medium,2137,wait,rejected,invalid_time,0,0.0304,0.0199,0.0021,0.3871,0.0029,0.4423,165,2.6254
node-local,medium,2138,move,accepted,moved,1,0.0326,0.0240,0.0030,0.4333,0.0031,0.4960,191,2.6120
node-local,medium,2139,look,accepted,observed,0,0.0314,0.0203,0.0023,0.3752,0.0030,0.4321,161,3.1664
node-local,medium,2140,look,accepted,observed,0,0.0316,0.0229,0.0023,0.3963,0.0026,0.4557,161,2.5955
node-local,medium,2141,take,rejected,not_present,0,0.0240,0.0207,0.0024,0.3805,0.0029,0.4305,164,2.5955
node-local,medium,2142,move,accepted,moved,1,0.0240,0.0233,0.0032,0.4042,0.0035,0.4581,187,2.6482
node-local,medium,2143,move,accepted,moved,1,0.0261,0.0218,0.0027,0.4200,0.0035,0.4740,189,2.6153
node-local,medium,2144,look,accepted,observed,0,0.0239,0.0193,0.0029,0.3743,0.0028,0.4232,161,2.6392
node-local,medium,2145,choose,rejected,invalid_choice,0,0.0248,0.0220,0.0021,0.3791,0.0032,0.4312,167,2.6197
node-local,medium,2146,look,accepted,observed,0,0.0229,0.0195,0.0021,0.3803,0.0027,0.4275,161,2.6604
node-local,medium,2147,move,accepted,moved,1,0.0255,0.0237,0.0032,0.4349,0.0032,0.4905,187,2.6895
node-local,medium,2148,look,accepted,observed,0,0.0257,0.0186,0.0021,0.3798,0.0026,0.4288,161,2.6010
node-local,medium,2149,drop,replayed,dropped,0,0.0587,0.0143,0.0001,0.0000,0.0018,0.0749,0,3.1377
node-local,medium,2150,move,accepted,moved,1,0.0382,0.0437,0.0045,0.5269,0.0038,0.6172,191,2.6186
node-local,medium,2151,close_choice,rejected,invalid_choice,0,0.0314,0.0236,0.0026,0.3810,0.0026,0.4412,167,2.6822
node-local,medium,2152,move,accepted,moved,1,0.0245,0.0245,0.0030,0.4459,0.0034,0.5013,187,2.6108
node-local,medium,2153,look,accepted,observed,0,0.0282,0.0207,0.0021,0.3874,0.0026,0.4410,161,2.6456
node-local,medium,2154,move,accepted,moved,1,0.0296,0.0240,0.0030,0.4227,0.0034,0.4827,191,2.6212
node-local,medium,2155,take,rejected,not_present,0,0.0349,0.0247,0.0025,0.4484,0.0029,0.5134,164,2.6319
node-local,medium,2156,take,rejected,not_present,0,0.0298,0.0287,0.0025,0.4455,0.0035,0.5100,164,2.7168
node-local,medium,2157,talk,rejected,not_eligible,0,0.0416,0.0263,0.0025,0.4255,0.0027,0.4987,165,2.6353
node-local,medium,2158,move,accepted,moved,1,0.0328,0.0240,0.0029,0.4373,0.0031,0.5002,189,2.6168
node-local,medium,2159,move,accepted,moved,1,0.0246,0.0224,0.0026,0.4354,0.0032,0.4882,191,3.1365
node-local,medium,2160,move,accepted,moved,1,0.0333,0.0252,0.0031,0.4820,0.0030,0.5465,187,2.6600
node-local,medium,2161,look,accepted,observed,0,0.0302,0.0252,0.0025,0.3735,0.0026,0.4340,161,2.6292
node-local,medium,2162,look,accepted,observed,0,0.0228,0.0187,0.0022,0.3810,0.0031,0.4278,161,2.6427
node-local,medium,2163,look,accepted,observed,0,0.0247,0.0210,0.0022,0.5351,0.0027,0.5857,161,2.5949
node-local,medium,2164,look,accepted,observed,0,0.0271,0.0202,0.0022,0.3611,0.0028,0.4133,161,2.6282
node-local,medium,2165,take,rejected,not_present,0,0.0258,0.0225,0.0022,0.3804,0.0032,0.4340,164,2.6285
node-local,medium,2166,wait,rejected,invalid_time,0,0.0255,0.0238,0.0021,0.3783,0.0026,0.4322,165,2.6722
node-local,medium,2167,move,accepted,moved,1,0.0315,0.0248,0.0032,0.4365,0.0032,0.4992,191,2.6210
node-local,medium,2168,talk,rejected,not_eligible,0,0.0247,0.0211,0.0020,0.3716,0.0029,0.4223,165,2.6185
node-local,medium,2169,look,accepted,observed,0,0.0283,0.0197,0.0020,0.3702,0.0027,0.4229,161,2.6470
node-local,medium,2170,look,accepted,observed,0,0.0336,0.0199,0.0020,0.4074,0.0028,0.4658,161,3.0879
node-local,medium,2171,move,accepted,moved,1,0.0360,0.0251,0.0034,0.4435,0.0030,0.5110,187,2.6083
node-local,medium,2172,look,accepted,observed,0,0.0246,0.0199,0.0022,0.3786,0.0031,0.4283,161,2.6222
node-local,medium,2173,look,accepted,observed,0,0.0330,0.0206,0.0021,0.3527,0.0026,0.4109,161,2.6295
node-local,medium,2174,move,accepted,moved,1,0.0252,0.0233,0.0030,0.4131,0.0032,0.4677,189,2.6098
node-local,medium,2175,look,accepted,observed,0,0.0326,0.0203,0.0021,0.3840,0.0027,0.4417,161,2.6232
node-local,medium,2176,take,accepted,taken,1,0.0313,0.0235,0.0030,0.4375,0.0034,0.4987,189,2.6714
node-local,medium,2177,look,accepted,observed,0,0.0313,0.0211,0.0022,0.3987,0.0026,0.4559,161,2.6190
node-local,medium,2178,look,accepted,observed,0,0.0282,0.0186,0.0021,0.4061,0.0025,0.4575,161,2.5976
node-local,medium,2179,look,accepted,observed,0,0.0265,0.0189,0.0020,0.4230,0.0023,0.4727,161,2.5924
node-local,medium,2180,move,rejected,exit_unavailable,0,0.0301,0.0219,0.0021,0.3767,0.0026,0.4334,169,3.2415
node-local,medium,2181,move,accepted,moved,1,0.0577,0.0449,0.0044,0.5605,0.0107,0.6782,187,2.8773
node-local,medium,2182,choose,rejected,invalid_choice,0,0.0654,0.0434,0.0039,0.5163,0.0040,0.6330,167,2.6355
node-local,medium,2183,look,accepted,observed,0,0.0275,0.0235,0.0026,0.3789,0.0029,0.4353,161,2.5982
node-local,medium,2184,move,accepted,moved,1,0.0230,0.0253,0.0037,0.4131,0.0048,0.4700,191,2.6307
node-local,medium,2185,drop,accepted,dropped,1,0.0259,0.0218,0.0026,0.4131,0.0034,0.4668,198,2.6003
node-local,medium,2186,move,accepted,moved,1,0.0256,0.0235,0.0025,0.3993,0.0038,0.4546,187,2.6540
node-local,medium,2187,look,accepted,observed,0,0.0390,0.0292,0.0025,0.4141,0.0041,0.4889,161,2.6888
node-local,medium,2188,move,accepted,moved,1,0.0386,0.0317,0.0034,0.5146,0.0080,0.5962,189,2.7442
node-local,medium,2189,move,accepted,moved,1,0.0628,0.0494,0.0054,0.5227,0.0049,0.6452,187,2.6138
node-local,medium,2190,look,accepted,observed,0,0.0296,0.0225,0.0022,0.5818,0.0036,0.6397,161,3.1501
node-local,medium,2191,talk,rejected,not_eligible,0,0.0445,0.0250,0.0023,0.4235,0.0029,0.4983,165,2.6681
node-local,medium,2192,talk,rejected,not_eligible,0,0.0431,0.0260,0.0025,0.4198,0.0031,0.4946,165,2.6706
node-local,medium,2193,drop,replayed,dropped,0,0.0630,0.0165,0.0001,0.0001,0.0020,0.0818,0,2.6299
node-local,medium,2194,move,accepted,moved,1,0.0319,0.0295,0.0036,0.4798,0.0040,0.5488,189,2.5950
node-local,medium,2195,talk,rejected,not_eligible,0,0.0260,0.0228,0.0035,0.3669,0.0029,0.4220,165,2.6306
node-local,medium,2196,look,accepted,observed,0,0.0361,0.0208,0.0022,0.3795,0.0027,0.4412,161,2.6769
node-local,medium,2197,look,accepted,observed,0,0.0369,0.0215,0.0023,0.3814,0.0025,0.4446,161,2.6171
node-local,medium,2198,talk,rejected,not_eligible,0,0.0320,0.0201,0.0021,0.3868,0.0028,0.4438,165,2.6311
node-local,medium,2199,look,accepted,observed,0,0.0261,0.0219,0.0022,0.3755,0.0025,0.4282,161,2.6313
node-local,medium,2200,move,accepted,moved,1,0.0303,0.0250,0.0032,0.4598,0.0039,0.5221,187,3.1211
node-local,medium,2201,look,accepted,observed,0,0.0359,0.0227,0.0023,0.4148,0.0028,0.4785,161,2.6011
node-local,medium,2202,move,rejected,exit_unavailable,0,0.0317,0.0240,0.0024,0.3921,0.0036,0.4538,169,2.6275
node-local,medium,2203,move,accepted,moved,1,0.0258,0.0250,0.0033,0.4065,0.0035,0.4642,191,2.6775
node-local,medium,2204,look,accepted,observed,0,0.0265,0.0215,0.0021,0.3792,0.0027,0.4319,161,2.6189
node-local,medium,2205,move,accepted,moved,1,0.0272,0.0231,0.0028,0.4240,0.0037,0.4809,189,2.6007
node-local,medium,2206,look,accepted,observed,0,0.0263,0.0202,0.0022,0.4027,0.0026,0.4540,161,2.6376
node-local,medium,2207,move,accepted,moved,1,0.0324,0.0255,0.0029,0.4338,0.0037,0.4982,191,2.6337
node-local,medium,2208,look,accepted,observed,0,0.0315,0.0209,0.0022,0.4013,0.0029,0.4588,161,2.6100
node-local,medium,2209,look,accepted,observed,0,0.0287,0.0193,0.0020,0.4107,0.0030,0.4637,161,2.6309
node-local,medium,2210,look,accepted,observed,0,0.0275,0.0196,0.0021,0.3718,0.0027,0.4237,161,3.0773
node-local,medium,2211,move,accepted,moved,1,0.0342,0.0250,0.0032,0.4290,0.0035,0.4948,187,2.5913
node-local,medium,2212,look,accepted,observed,0,0.0222,0.0205,0.0022,0.3727,0.0026,0.4202,161,2.6372
node-local,medium,2213,talk,rejected,not_eligible,0,0.0260,0.0242,0.0022,0.3858,0.0030,0.4412,165,2.6531
node-local,medium,2214,move,accepted,moved,1,0.0296,0.0263,0.0031,0.4216,0.0034,0.4840,189,2.6414
node-local,medium,2215,look,accepted,observed,0,0.0282,0.0203,0.0022,0.3957,0.0026,0.4490,161,2.6166
node-local,medium,2216,activate,rejected,not_eligible,0,0.0330,0.0207,0.0022,0.3810,0.0027,0.4397,165,2.6578
node-local,medium,2217,look,accepted,observed,0,0.0364,0.0203,0.0021,0.3664,0.0026,0.4278,161,2.6046
node-local,medium,2218,talk,rejected,not_eligible,0,0.0270,0.0201,0.0021,0.3719,0.0024,0.4235,165,2.6330
node-local,medium,2219,wait,accepted,waited,1,0.0252,0.0247,0.0031,0.4855,0.0036,0.5421,185,2.6238
node-local,medium,2220,activate,rejected,not_eligible,0,0.0259,0.0234,0.0025,0.3855,0.0030,0.4402,165,3.1440
node-local,medium,2221,choose,rejected,stale_view,0,0.0369,0.0232,0.0022,0.4207,0.0026,0.4856,163,2.5895
node-local,medium,2222,look,accepted,observed,0,0.0272,0.0210,0.0020,0.3744,0.0026,0.4272,161,2.6165
node-local,medium,2223,look,accepted,observed,0,0.0300,0.0201,0.0023,0.3796,0.0025,0.4345,161,2.6854
node-local,medium,2224,talk,rejected,not_eligible,0,0.0268,0.0242,0.0021,0.3947,0.0029,0.4507,165,2.5993
node-local,medium,2225,move,accepted,moved,1,0.0267,0.0240,0.0031,0.4415,0.0037,0.4991,187,2.6289
node-local,medium,2226,look,accepted,observed,0,0.0427,0.0254,0.0026,0.4811,0.0057,0.5575,161,2.6858
node-local,medium,2227,move,accepted,moved,1,0.0483,0.0339,0.0041,0.4802,0.0042,0.5707,191,2.6695
node-local,medium,2228,look,accepted,observed,0,0.0323,0.0220,0.0023,0.3914,0.0025,0.4505,161,2.6476
node-local,medium,2229,look,accepted,observed,0,0.0383,0.0232,0.0024,0.4054,0.0028,0.4721,161,2.6570
node-local,medium,2230,take,accepted,taken,1,0.0325,0.0262,0.0035,0.4425,0.0032,0.5079,189,3.1277
node-local,medium,2231,talk,rejected,not_eligible,0,0.0306,0.0221,0.0021,0.4116,0.0026,0.4690,165,2.6003
node-local,medium,2232,wait,rejected,invalid_time,0,0.0252,0.0239,0.0021,0.3645,0.0028,0.4186,165,2.6350
node-local,medium,2233,close_choice,rejected,invalid_choice,0,0.0323,0.0239,0.0027,0.5580,0.0028,0.6196,167,2.6685
node-local,medium,2234,move,accepted,moved,1,0.0345,0.0245,0.0032,0.4154,0.0035,0.4810,189,2.6087
node-local,medium,2235,wait,rejected,invalid_time,0,0.0302,0.0224,0.0021,0.3865,0.0026,0.4439,165,2.6131
node-local,medium,2236,wait,rejected,invalid_time,0,0.0318,0.0206,0.0020,0.3853,0.0026,0.4423,165,2.6642
node-local,medium,2237,move,accepted,moved,1,0.0300,0.0245,0.0032,0.4114,0.0037,0.4727,191,2.6228
node-local,medium,2238,move,accepted,moved,1,0.0327,0.0230,0.0025,0.4283,0.0035,0.4900,187,2.6430
node-local,medium,2239,choose,rejected,invalid_choice,0,0.0329,0.0267,0.0022,0.3874,0.0027,0.4519,167,2.6321
node-local,medium,2240,wait,rejected,invalid_time,0,0.0285,0.0224,0.0021,0.4047,0.0029,0.4607,165,3.1344
node-local,medium,2241,take,replayed,not_present,0,0.0563,0.0163,0.0001,0.0000,0.0017,0.0745,0,2.5824
node-local,medium,2242,drop,accepted,dropped,1,0.0208,0.0260,0.0037,0.5424,0.0083,0.6013,194,2.6390
node-local,medium,2243,look,accepted,observed,0,0.0426,0.0327,0.0032,0.4367,0.0031,0.5184,161,2.6108
node-local,medium,2244,take,accepted,taken,1,0.0304,0.0221,0.0030,0.4648,0.0031,0.5235,189,2.6707
node-local,medium,2245,move,accepted,moved,1,0.0332,0.0244,0.0027,0.4452,0.0035,0.5090,191,2.6008
node-local,medium,2246,look,accepted,observed,0,0.0273,0.0197,0.0021,0.3775,0.0027,0.4294,161,2.6187
node-local,medium,2247,drop,replayed,dropped,0,0.0557,0.0148,0.0001,0.0000,0.0018,0.0724,0,2.6605
node-local,medium,2248,choose,rejected,stale_view,0,0.0214,0.0222,0.0023,0.4596,0.0032,0.5087,163,2.6170
node-local,medium,2249,look,accepted,observed,0,0.0224,0.0210,0.0022,0.3620,0.0027,0.4103,161,2.6149
node-local,medium,2250,look,accepted,observed,0,0.0266,0.0212,0.0024,0.3797,0.0025,0.4325,161,3.1205
node-local,medium,2251,look,accepted,observed,0,0.0329,0.0214,0.0028,0.5780,0.0025,0.6376,161,2.5922
node-local,medium,2252,talk,rejected,not_eligible,0,0.0278,0.0220,0.0023,0.3908,0.0025,0.4454,165,2.6576
node-local,medium,2253,look,accepted,observed,0,0.0300,0.0230,0.0022,0.5426,0.0026,0.6005,161,2.6610
node-local,medium,2254,look,accepted,observed,0,0.0274,0.0186,0.0020,0.4088,0.0028,0.4597,161,2.6048
node-local,medium,2255,look,accepted,observed,0,0.0235,0.0208,0.0019,0.3777,0.0028,0.4267,161,2.6178
node-local,medium,2256,move,accepted,moved,1,0.0233,0.0246,0.0034,0.4267,0.0032,0.4812,187,2.6457
node-local,medium,2257,look,accepted,observed,0,0.0282,0.0198,0.0021,0.4046,0.0027,0.4574,161,2.6160
node-local,medium,2258,move,accepted,moved,1,0.0305,0.0232,0.0032,0.4477,0.0033,0.5079,191,2.6381
node-local,medium,2259,move,accepted,moved,1,0.0222,0.0217,0.0025,0.4403,0.0031,0.4899,187,2.6182
node-local,medium,2260,move,accepted,moved,1,0.0310,0.0263,0.0029,0.4215,0.0040,0.4856,191,3.1699
node-local,medium,2261,look,accepted,observed,0,0.0390,0.0215,0.0023,0.4544,0.0026,0.5197,161,2.6135
node-local,medium,2262,drop,accepted,dropped,1,0.0243,0.0227,0.0029,0.4275,0.0035,0.4808,198,2.6290
node-local,medium,2263,take,accepted,taken,1,0.0259,0.0227,0.0028,0.4156,0.0049,0.4720,189,2.7117
node-local,medium,2264,move,accepted,moved,1,0.0463,0.0314,0.0028,0.4479,0.0037,0.5321,187,2.6130
node-local,medium,2265,move,accepted,moved,1,0.0289,0.0215,0.0025,0.4264,0.0030,0.4824,189,2.6525
node-local,medium,2266,move,accepted,moved,1,0.0426,0.0271,0.0028,0.4497,0.0035,0.5257,187,2.6929
node-local,medium,2267,move,accepted,moved,1,0.0428,0.0238,0.0029,0.4392,0.0033,0.5120,191,2.6107
node-local,medium,2268,look,accepted,observed,0,0.0248,0.0188,0.0022,0.3592,0.0025,0.4075,161,2.6000
node-local,medium,2269,drop,rejected,integrity_conflict,0,0.0546,0.0151,0.0002,0.0000,0.0019,0.0719,0,2.6382
node-local,medium,2270,move,accepted,moved,1,0.0208,0.0273,0.0032,0.4755,0.0037,0.5304,189,3.1477
node-local,medium,2271,wait,rejected,invalid_time,0,0.0450,0.0250,0.0023,0.3991,0.0027,0.4741,165,2.6078
node-local,medium,2272,look,accepted,observed,0,0.0269,0.0197,0.0022,0.4005,0.0025,0.4518,161,2.6110
node-local,medium,2273,look,accepted,observed,0,0.0273,0.0196,0.0020,0.5407,0.0029,0.5925,161,2.6389
node-local,medium,2274,look,accepted,observed,0,0.0270,0.0200,0.0023,0.5136,0.0026,0.5653,161,2.6450
node-local,medium,2275,move,accepted,moved,1,0.0253,0.0241,0.0030,0.4422,0.0036,0.4981,191,2.6350
node-local,medium,2276,move,accepted,moved,1,0.0280,0.0242,0.0029,0.4042,0.0032,0.4625,189,2.6317
node-local,medium,2277,drop,accepted,dropped,1,0.0317,0.0212,0.0029,0.4179,0.0034,0.4770,196,2.6587
node-local,medium,2278,choose,rejected,invalid_choice,0,0.0269,0.0234,0.0023,0.4055,0.0027,0.4607,167,2.6051
node-local,medium,2279,move,accepted,moved,1,0.0237,0.0225,0.0031,0.4745,0.0039,0.5277,191,2.6530
node-local,medium,2280,move,accepted,moved,1,0.0319,0.0241,0.0027,0.4125,0.0037,0.4749,187,3.1383
node-local,medium,2281,look,accepted,observed,0,0.0348,0.0213,0.0024,0.4114,0.0026,0.4725,161,2.6263
node-local,medium,2282,activate,rejected,not_eligible,0,0.0230,0.0203,0.0022,0.3865,0.0026,0.4346,165,2.6143
node-local,medium,2283,look,accepted,observed,0,0.0270,0.0207,0.0023,0.3745,0.0029,0.4275,161,2.6666
node-local,medium,2284,move,accepted,moved,1,0.0258,0.0234,0.0033,0.4392,0.0032,0.4949,191,2.6088
node-local,medium,2285,choose,rejected,invalid_choice,0,0.0270,0.0255,0.0020,0.4165,0.0031,0.4743,167,2.6244
node-local,medium,2286,look,accepted,observed,0,0.0302,0.0188,0.0023,0.3877,0.0029,0.4418,161,2.6330
node-local,medium,2287,look,accepted,observed,0,0.0246,0.0189,0.0020,0.3931,0.0030,0.4417,161,2.6612
node-local,medium,2288,move,rejected,exit_unavailable,0,0.0248,0.0220,0.0021,0.3880,0.0024,0.4391,169,2.6220
node-local,medium,2289,move,accepted,moved,1,0.0221,0.0226,0.0033,0.4041,0.0035,0.4556,187,2.6088
node-local,medium,2290,move,rejected,exit_unavailable,0,0.0229,0.0218,0.0022,0.3835,0.0028,0.4333,169,3.1008
node-local,medium,2291,move,accepted,moved,1,0.0305,0.0233,0.0030,0.4305,0.0031,0.4904,191,2.5988
node-local,medium,2292,move,accepted,moved,1,0.0247,0.0239,0.0027,0.4129,0.0033,0.4675,187,2.5951
node-local,medium,2293,move,accepted,moved,1,0.0242,0.0232,0.0026,0.4063,0.0033,0.4596,189,2.6381
node-local,medium,2294,move,accepted,moved,1,0.0335,0.0216,0.0025,0.4210,0.0032,0.4818,187,2.6022
node-local,medium,2295,move,accepted,moved,1,0.0291,0.0211,0.0024,0.4044,0.0033,0.4603,191,2.6065
node-local,medium,2296,choose,rejected,invalid_choice,0,0.0264,0.0229,0.0024,0.6575,0.0059,0.7150,167,2.6618
node-local,medium,2297,look,accepted,observed,0,0.0430,0.0301,0.0032,0.4580,0.0037,0.5381,161,2.7208
node-local,medium,2298,close_choice,rejected,invalid_choice,0,0.0490,0.0364,0.0026,0.4246,0.0032,0.5158,167,2.6880
node-local,medium,2299,choose,rejected,stale_view,0,0.0251,0.0205,0.0020,0.4696,0.0030,0.5203,163,2.6255
node-local,medium,2300,move,accepted,moved,1,0.0284,0.0266,0.0030,0.4163,0.0033,0.4777,187,3.2093
node-local,medium,2301,wait,rejected,invalid_time,0,0.0403,0.0300,0.0024,0.4483,0.0047,0.5256,165,2.7018
node-local,medium,2302,look,accepted,observed,0,0.0472,0.0351,0.0032,0.4783,0.0032,0.5670,161,2.6638
node-local,medium,2303,look,accepted,observed,0,0.0435,0.0275,0.0028,0.4210,0.0034,0.4982,161,2.6202
node-local,medium,2304,move,rejected,exit_unavailable,0,0.0327,0.0234,0.0022,0.3747,0.0028,0.4357,169,2.6602
node-local,medium,2305,move,accepted,moved,1,0.0272,0.0235,0.0033,0.4088,0.0035,0.4664,189,2.6036
node-local,medium,2306,look,accepted,observed,0,0.0266,0.0212,0.0024,0.3739,0.0028,0.4268,161,2.6159
node-local,medium,2307,take,rejected,not_present,0,0.0287,0.0220,0.0023,0.3719,0.0027,0.4275,164,2.6515
node-local,medium,2308,move,accepted,moved,1,0.0449,0.0351,0.0039,0.4767,0.0035,0.5641,187,2.6792
node-local,medium,2309,close_choice,rejected,invalid_choice,0,0.0320,0.0251,0.0024,1.6644,0.0046,1.7284,167,2.6344
node-local,medium,2310,move,accepted,moved,1,0.0294,0.0265,0.0033,4.8007,0.0048,4.8648,189,3.1350
node-local,medium,2311,talk,rejected,not_eligible,0,0.0492,0.0388,0.0035,0.4567,0.0042,0.5524,165,2.6596
node-local,medium,2312,look,accepted,observed,0,0.0286,0.0240,0.0022,0.5168,0.0027,0.5744,161,2.6455
node-local,medium,2313,move,accepted,moved,1,0.0326,0.0263,0.0037,0.4252,0.0037,0.4915,187,2.6563
node-local,medium,2314,talk,rejected,not_eligible,0,0.0307,0.0228,0.0026,0.4050,0.0028,0.4639,165,2.7101
node-local,medium,2315,take,rejected,not_present,0,0.0312,0.0233,0.0021,0.4034,0.0029,0.4629,164,2.6236
node-local,medium,2316,move,accepted,moved,1,0.0329,0.0245,0.0033,0.4530,0.0035,0.5172,191,2.6388
node-local,medium,2317,activate,rejected,not_eligible,0,0.0301,0.0210,0.0025,0.3971,0.0029,0.4536,165,2.6501
node-local,medium,2318,take,rejected,not_present,0,0.0250,0.0245,0.0022,0.4016,0.0029,0.4561,164,2.6314
node-local,medium,2319,activate,rejected,not_eligible,0,0.0278,0.0199,0.0020,0.3630,0.0027,0.4154,165,2.6144
node-local,medium,2320,wait,rejected,invalid_time,0,0.0228,0.0216,0.0022,0.3659,0.0028,0.4153,165,3.1460
node-local,medium,2321,look,accepted,observed,0,0.0362,0.0212,0.0023,0.4213,0.0025,0.4835,161,2.6197
node-local,medium,2322,take,rejected,not_present,0,0.0263,0.0205,0.0021,0.3772,0.0028,0.4290,164,2.6080
node-local,medium,2323,move,accepted,moved,1,0.0290,0.0234,0.0033,0.4163,0.0032,0.4752,187,2.6322
node-local,medium,2324,close_choice,rejected,invalid_choice,0,0.0220,0.0225,0.0025,0.3986,0.0027,0.4482,167,2.6115
node-local,medium,2325,move,accepted,moved,1,0.0271,0.0215,0.0028,0.4672,0.0032,0.5218,189,2.6239
node-local,medium,2326,look,accepted,observed,0,0.0300,0.0201,0.0021,0.5066,0.0030,0.5618,161,2.6255
node-local,medium,2327,wait,rejected,invalid_time,0,0.0274,0.0238,0.0020,0.3759,0.0025,0.4317,165,2.6734
node-local,medium,2328,move,accepted,moved,1,0.0316,0.0228,0.0029,0.5304,0.0032,0.5908,187,2.6359
node-local,medium,2329,take,rejected,not_present,0,0.0285,0.0214,0.0021,0.3822,0.0025,0.4367,164,2.6064
node-local,medium,2330,look,accepted,observed,0,0.0235,0.0190,0.0022,0.3626,0.0025,0.4098,161,3.1404
node-local,medium,2331,take,rejected,not_present,0,0.0372,0.0218,0.0023,0.3960,0.0027,0.4600,164,2.6913
node-local,medium,2332,look,accepted,observed,0,0.0398,0.0304,0.0027,0.6084,0.0035,0.6848,161,2.6469
node-local,medium,2333,move,rejected,exit_unavailable,0,0.0332,0.0257,0.0025,0.3900,0.0029,0.4543,169,2.6733
node-local,medium,2334,look,accepted,observed,0,0.0314,0.0193,0.0020,0.3875,0.0025,0.4427,161,2.6091
node-local,medium,2335,wait,rejected,invalid_time,0,0.0243,0.0228,0.0020,0.3593,0.0027,0.4110,165,2.6165
node-local,medium,2336,move,accepted,moved,1,0.0334,0.0302,0.0038,0.4815,0.0042,0.5530,189,2.6457
node-local,medium,2337,take,rejected,not_present,0,0.0302,0.0211,0.0032,0.3938,0.0029,0.4511,164,2.6821
node-local,medium,2338,wait,rejected,invalid_time,0,0.0318,0.0224,0.0020,0.3761,0.0031,0.4354,165,2.6187
node-local,medium,2339,talk,rejected,not_eligible,0,0.0299,0.0207,0.0023,0.3807,0.0030,0.4365,165,2.6362
node-local,medium,2340,talk,rejected,not_eligible,0,0.0278,0.0200,0.0023,0.3915,0.0025,0.4441,165,3.1326
node-local,medium,2341,look,accepted,observed,0,0.0391,0.0226,0.0023,0.3945,0.0025,0.4611,161,2.6154
node-local,medium,2342,move,accepted,moved,1,0.0260,0.0245,0.0032,0.4108,0.0031,0.4677,187,2.6230
node-local,medium,2343,move,accepted,moved,1,0.0284,0.0212,0.0030,0.4139,0.0037,0.4703,191,2.6542
node-local,medium,2344,move,accepted,moved,1,0.0252,0.0229,0.0028,0.4327,0.0031,0.4868,189,2.6197
node-local,medium,2345,look,accepted,observed,0,0.0267,0.0208,0.0022,0.3794,0.0028,0.4318,161,2.6073
node-local,medium,2346,move,accepted,moved,1,0.0291,0.0243,0.0028,0.4227,0.0032,0.4822,191,2.6080
node-local,medium,2347,look,accepted,observed,0,0.0288,0.0198,0.0021,0.3735,0.0027,0.4268,161,2.6905
node-local,medium,2348,look,accepted,observed,0,0.0340,0.0214,0.0021,0.4180,0.0026,0.4781,161,2.6107
node-local,medium,2349,activate,rejected,not_eligible,0,0.0290,0.0202,0.0021,0.4335,0.0029,0.4878,165,2.6045
node-local,medium,2350,choose,rejected,stale_view,0,0.0269,0.0186,0.0022,0.3886,0.0026,0.4389,163,3.1184
node-local,medium,2351,look,accepted,observed,0,0.0383,0.0252,0.0021,0.4219,0.0025,0.4900,161,2.5970
node-local,medium,2352,look,accepted,observed,0,0.0237,0.0180,0.0020,0.3955,0.0026,0.4417,161,2.6338
node-local,medium,2353,choose,rejected,invalid_choice,0,0.0290,0.0246,0.0020,0.3735,0.0028,0.4320,167,2.6542
node-local,medium,2354,move,accepted,moved,1,0.0268,0.0238,0.0034,0.4435,0.0034,0.5009,189,2.6028
node-local,medium,2355,wait,rejected,invalid_time,0,0.0295,0.0226,0.0019,0.3800,0.0028,0.4368,165,2.6505
node-local,medium,2356,look,accepted,observed,0,0.0290,0.0204,0.0020,0.3877,0.0030,0.4421,161,2.6059
node-local,medium,2357,move,accepted,moved,1,0.0317,0.0233,0.0030,0.4321,0.0034,0.4935,191,2.6438
node-local,medium,2358,wait,rejected,invalid_time,0,0.0309,0.0221,0.0020,0.3796,0.0028,0.4374,165,2.6485
node-local,medium,2359,look,accepted,observed,0,0.0285,0.0195,0.0021,0.3916,0.0028,0.4445,161,2.6325
node-local,medium,2360,look,accepted,observed,0,0.0258,0.0210,0.0020,0.3672,0.0025,0.4186,161,3.1265
node-local,medium,2361,look,accepted,observed,0,0.0350,0.0219,0.0022,0.4035,0.0026,0.4651,161,2.5954
node-local,medium,2362,wait,accepted,waited,1,0.0236,0.0244,0.0035,0.4405,0.0037,0.4958,201,2.6143
node-local,medium,2363,talk,rejected,not_eligible,0,0.0265,0.0206,0.0021,0.5415,0.0029,0.5937,165,2.7422
node-local,medium,2364,drop,replayed,dropped,0,0.0803,0.0194,0.0001,0.0000,0.0019,0.1017,0,2.5999
node-local,medium,2365,look,accepted,observed,0,0.0248,0.0235,0.0026,0.5347,0.0035,0.5891,161,2.6053
node-local,medium,2366,look,accepted,observed,0,0.0241,0.0197,0.0022,0.3736,0.0026,0.4223,161,2.6057
node-local,medium,2367,move,accepted,moved,1,0.0248,0.0241,0.0034,0.4297,0.0036,0.4856,187,2.6623
node-local,medium,2368,take,rejected,not_present,0,0.0245,0.0215,0.0021,0.3990,0.0025,0.4496,164,2.6144
node-local,medium,2369,look,accepted,observed,0,0.0246,0.0193,0.0021,0.4525,0.0054,0.5040,161,2.6992
node-local,medium,2370,look,accepted,observed,0,0.0415,0.0334,0.0034,0.4489,0.0037,0.5309,161,2.6365
node-local,medium,2371,choose,rejected,stale_view,0,0.0268,0.0204,0.0022,0.4063,0.0028,0.4585,163,3.0961
node-local,medium,2372,take,replayed,not_present,0,0.0578,0.0157,0.0000,0.0001,0.0018,0.0754,0,2.6080
node-local,medium,2373,look,accepted,observed,0,0.0334,0.0315,0.0027,0.5331,0.0043,0.6050,161,2.6264
node-local,medium,2374,talk,rejected,not_eligible,0,0.0263,0.0235,0.0023,0.3710,0.0026,0.4256,165,2.7379
node-local,medium,2375,move,accepted,moved,1,0.0480,0.0337,0.0037,0.4790,0.0037,0.5682,191,2.6180
node-local,medium,2376,wait,rejected,invalid_time,0,0.0318,0.0221,0.0021,0.3865,0.0029,0.4453,165,2.5973
node-local,medium,2377,take,rejected,not_present,0,0.0261,0.0215,0.0022,0.4399,0.0028,0.4925,164,2.6658
node-local,medium,2378,look,accepted,observed,0,0.0393,0.0217,0.0020,0.4378,0.0055,0.5064,161,2.6703
node-local,medium,2379,talk,rejected,not_eligible,0,0.0495,0.0296,0.0026,0.4225,0.0052,0.5093,165,2.6757
node-local,medium,2380,look,accepted,observed,0,0.0483,0.0261,0.0023,0.4253,0.0028,0.5048,161,2.6467
node-local,medium,2381,move,rejected,exit_unavailable,0,0.0273,0.0271,0.0022,0.4038,0.0031,0.4635,169,3.0747
node-local,medium,2382,move,accepted,moved,1,0.0316,0.0270,0.0033,0.4382,0.0034,0.5035,187,2.5913
node-local,medium,2383,choose,rejected,stale_view,0,0.0234,0.0180,0.0022,0.3630,0.0029,0.4094,163,2.5943
node-local,medium,2384,move,accepted,moved,1,0.0237,0.0261,0.0030,0.4199,0.0034,0.4761,189,2.7060
node-local,medium,2385,choose,rejected,invalid_choice,0,0.0383,0.0281,0.0023,0.3918,0.0040,0.4646,167,2.7911
node-local,medium,2386,wait,rejected,invalid_time,0,0.0294,0.0248,0.0021,0.4202,0.0028,0.4793,165,2.6181
node-local,medium,2387,talk,rejected,not_eligible,0,0.0323,0.0238,0.0022,0.3981,0.0025,0.4589,165,2.6535
node-local,medium,2388,wait,rejected,invalid_time,0,0.0332,0.0238,0.0020,0.3811,0.0027,0.4429,165,2.6110
node-local,medium,2389,look,accepted,observed,0,0.0289,0.0225,0.0023,0.3867,0.0026,0.4430,161,2.6164
node-local,medium,2390,choose,rejected,invalid_choice,0,0.0285,0.0229,0.0020,0.3904,0.0030,0.4469,167,2.6503
node-local,medium,2391,look,accepted,observed,0,0.0262,0.0213,0.0022,0.3878,0.0029,0.4405,161,3.1034
node-local,medium,2392,look,accepted,observed,0,0.0397,0.0252,0.0022,0.4073,0.0027,0.4772,161,2.6055
node-local,medium,2393,activate,rejected,not_eligible,0,0.0300,0.0221,0.0023,0.3680,0.0031,0.4255,165,2.6255
node-local,medium,2394,wait,rejected,invalid_time,0,0.0259,0.0227,0.0022,0.3663,0.0029,0.4200,165,2.6473
node-local,medium,2395,talk,rejected,not_eligible,0,0.0347,0.0229,0.0022,0.3934,0.0028,0.4560,165,2.6366
node-local,medium,2396,look,accepted,observed,0,0.0270,0.0202,0.0022,0.4007,0.0027,0.4527,161,2.6004
node-local,medium,2397,move,accepted,moved,1,0.0272,0.0234,0.0031,0.4030,0.0036,0.4602,187,2.6671
node-local,medium,2398,move,accepted,moved,1,0.0307,0.0230,0.0025,0.4356,0.0035,0.4952,191,2.6276
node-local,medium,2399,choose,rejected,stale_view,0,0.0284,0.0190,0.0020,0.4277,0.0033,0.4803,163,2.6223
node-local,medium,2400,move,accepted,moved,1,0.0273,0.0244,0.0030,0.4042,0.0033,0.4621,187,2.6560
node-local,medium,2401,move,accepted,moved,1,0.0387,0.0298,0.0032,0.4928,0.0049,0.5694,189,3.1784
node-local,medium,2402,move,rejected,exit_unavailable,0,0.0556,0.0337,0.0026,0.5185,0.0067,0.6172,169,2.7772
node-local,medium,2403,take,rejected,not_present,0,0.0769,0.0491,0.0037,0.5254,0.0047,0.6598,164,2.8481
node-local,medium,2404,move,accepted,moved,1,0.0599,0.0450,0.0049,0.5463,0.0053,0.6614,187,2.6685
node-local,medium,2405,talk,rejected,not_eligible,0,0.0452,0.0327,0.0030,0.4232,0.0037,0.5078,165,2.8100
node-local,medium,2406,move,accepted,moved,1,0.1032,0.0623,0.0059,0.6004,0.0047,0.7765,189,2.6761
node-local,medium,2407,look,accepted,observed,0,0.0406,0.0290,0.0022,0.4146,0.0030,0.4893,161,2.8184
node-local,medium,2408,look,accepted,observed,0,0.0540,0.0326,0.0046,0.4358,0.0032,0.5303,161,2.6067
node-local,medium,2409,move,accepted,moved,1,0.0277,0.0251,0.0033,0.4172,0.0032,0.4765,187,2.6503
node-local,medium,2410,move,accepted,moved,1,0.0301,0.0257,0.0035,0.4154,0.0036,0.4783,189,2.6855
node-local,medium,2411,move,accepted,moved,1,0.0333,0.0259,0.0028,0.4176,0.0032,0.4828,187,3.0830
node-local,medium,2412,move,accepted,moved,1,0.0322,0.0235,0.0028,0.4850,0.0032,0.5467,191,2.5947
node-local,medium,2413,talk,rejected,not_eligible,0,0.0294,0.0238,0.0023,0.4147,0.0031,0.4733,165,2.6172
node-local,medium,2414,look,accepted,observed,0,0.0271,0.0210,0.0021,0.3867,0.0027,0.4397,161,2.6393
node-local,medium,2415,talk,rejected,not_eligible,0,0.0258,0.0217,0.0021,0.4025,0.0027,0.4548,165,2.6199
node-local,medium,2416,take,rejected,not_present,0,0.0289,0.0225,0.0024,0.3864,0.0027,0.4429,164,2.6305
node-local,medium,2417,move,rejected,exit_unavailable,0,0.0282,0.0218,0.0023,0.3655,0.0028,0.4206,169,2.6563
node-local,medium,2418,talk,rejected,not_eligible,0,0.0293,0.0203,0.0020,0.4008,0.0028,0.4552,165,2.6062
node-local,medium,2419,take,rejected,not_present,0,0.0308,0.0210,0.0023,0.4033,0.0028,0.4603,164,2.6033
node-local,medium,2420,look,accepted,observed,0,0.0267,0.0198,0.0020,0.3924,0.0029,0.4439,161,2.6097
node-local,medium,2421,move,accepted,moved,1,0.0306,0.0243,0.0035,0.4156,0.0047,0.4787,187,3.1660
node-local,medium,2422,look,accepted,observed,0,0.0299,0.0230,0.0020,0.4208,0.0037,0.4795,161,2.6015
node-local,medium,2423,look,accepted,observed,0,0.0298,0.0216,0.0023,0.3839,0.0029,0.4405,161,2.5975
node-local,medium,2424,move,rejected,exit_unavailable,0,0.0265,0.0248,0.0021,0.3925,0.0025,0.4485,169,2.6463
node-local,medium,2425,look,accepted,observed,0,0.0269,0.0190,0.0021,0.3710,0.0028,0.4218,161,2.5993
node-local,medium,2426,take,rejected,not_present,0,0.0271,0.0214,0.0021,0.3692,0.0027,0.4226,164,2.6798
node-local,medium,2427,look,accepted,observed,0,0.0362,0.0282,0.0025,0.3869,0.0031,0.4569,161,2.7040
node-local,medium,2428,move,accepted,moved,1,0.0273,0.0260,0.0031,0.4258,0.0039,0.4859,189,2.6159
node-local,medium,2429,move,rejected,exit_unavailable,0,0.0284,0.0205,0.0023,0.3545,0.0025,0.4082,169,2.6487
node-local,medium,2430,move,accepted,moved,1,0.0267,0.0221,0.0030,0.4553,0.0033,0.5104,187,2.6802
node-local,medium,2431,activate,rejected,not_eligible,0,0.0587,0.0415,0.0030,0.4919,0.0039,0.5989,165,3.1389
node-local,medium,2432,look,accepted,observed,0,0.0310,0.0214,0.0023,0.4413,0.0025,0.4985,161,2.7154
node-local,medium,2433,look,accepted,observed,0,0.0600,0.0411,0.0028,0.7195,0.0048,0.8282,161,2.7496
node-local,medium,2434,look,accepted,observed,0,0.0548,0.0345,0.0027,0.4868,0.0033,0.5822,161,2.6383
node-local,medium,2435,move,accepted,moved,1,0.0271,0.0245,0.0031,0.4420,0.0035,0.5001,191,2.6171
node-local,medium,2436,move,accepted,moved,1,0.0262,0.0228,0.0027,0.4192,0.0033,0.4743,187,2.6348
node-local,medium,2437,look,accepted,observed,0,0.0299,0.0191,0.0021,0.3870,0.0025,0.4406,161,2.6456
node-local,medium,2438,take,replayed,not_present,0,0.0707,0.0146,0.0001,0.0001,0.0019,0.0873,0,2.6141
node-local,medium,2439,move,accepted,moved,1,0.0227,0.0281,0.0038,0.5035,0.0038,0.5620,189,2.7332
node-local,medium,2440,move,accepted,moved,1,0.0484,0.0309,0.0033,0.4666,0.0036,0.5528,187,2.6207
node-local,medium,2441,choose,rejected,invalid_choice,0,0.0327,0.0263,0.0027,0.4075,0.0028,0.4720,167,3.1163
node-local,medium,2442,move,accepted,moved,1,0.0352,0.0242,0.0035,0.5838,0.0039,0.6506,189,2.6436
node-local,medium,2443,look,accepted,observed,0,0.0283,0.0246,0.0025,0.4282,0.0035,0.4871,161,2.6035
node-local,medium,2444,look,accepted,observed,0,0.0322,0.0228,0.0022,0.3918,0.0027,0.4518,161,2.6570
node-local,medium,2445,take,replayed,not_present,0,0.0536,0.0150,0.0000,0.0000,0.0020,0.0707,0,2.5805
node-local,medium,2446,take,rejected,not_present,0,0.0212,0.0260,0.0025,0.6448,0.0042,0.6986,164,2.6180
node-local,medium,2447,talk,rejected,not_eligible,0,0.0326,0.0214,0.0022,0.5120,0.0029,0.5710,165,2.6518
node-local,medium,2448,close_choice,rejected,invalid_choice,0,0.0318,0.0218,0.0021,0.5187,0.0027,0.5770,167,2.6005
node-local,medium,2449,move,accepted,moved,1,0.0262,0.0237,0.0034,0.4284,0.0032,0.4849,187,2.6462
node-local,medium,2450,move,accepted,moved,1,0.0297,0.0250,0.0027,0.4025,0.0032,0.4631,191,2.6079
node-local,medium,2451,talk,rejected,not_eligible,0,0.0272,0.0205,0.0021,0.4024,0.0027,0.4549,165,3.1040
node-local,medium,2452,choose,rejected,stale_view,0,0.0374,0.0219,0.0024,0.4436,0.0026,0.5079,163,2.6187
node-local,medium,2453,activate,rejected,not_eligible,0,0.0294,0.0217,0.0022,0.3998,0.0028,0.4559,165,2.6068
node-local,medium,2454,move,accepted,moved,1,0.0252,0.0250,0.0032,0.3911,0.0032,0.4478,187,2.6473
node-local,medium,2455,move,accepted,moved,1,0.0230,0.0226,0.0034,0.3921,0.0032,0.4444,189,2.6183
node-local,medium,2456,wait,rejected,invalid_time,0,0.0236,0.0236,0.0020,0.4051,0.0029,0.4572,165,2.6105
node-local,medium,2457,talk,rejected,not_eligible,0,0.0240,0.0205,0.0021,0.3718,0.0026,0.4210,165,2.6509
node-local,medium,2458,move,accepted,moved,1,0.0292,0.0252,0.0036,0.4225,0.0033,0.4837,187,2.6238
node-local,medium,2459,look,accepted,observed,0,0.0281,0.0199,0.0023,0.3830,0.0025,0.4358,161,2.6077
node-local,medium,2460,look,accepted,observed,0,0.0294,0.0185,0.0020,0.3824,0.0026,0.4350,161,2.6402
node-local,medium,2461,move,accepted,moved,1,0.0236,0.0236,0.0032,0.3965,0.0036,0.4505,189,3.1403
node-local,medium,2462,look,accepted,observed,0,0.0348,0.0196,0.0022,0.4288,0.0027,0.4881,161,2.6009
node-local,medium,2463,move,accepted,moved,1,0.0265,0.0225,0.0030,0.4002,0.0033,0.4555,187,2.6273
node-local,medium,2464,take,rejected,not_present,0,0.0265,0.0211,0.0023,0.3982,0.0031,0.4511,164,2.6494
node-local,medium,2465,choose,rejected,invalid_choice,0,0.0271,0.0232,0.0022,0.4251,0.0028,0.4803,167,2.6530
node-local,medium,2466,move,accepted,moved,1,0.0303,0.0257,0.0029,0.4329,0.0035,0.4952,189,2.6555
node-local,medium,2467,move,accepted,moved,1,0.0287,0.0212,0.0033,0.4051,0.0036,0.4618,187,2.6489
node-local,medium,2468,take,rejected,not_present,0,0.0264,0.0203,0.0021,0.3984,0.0027,0.4499,164,2.6247
node-local,medium,2469,move,accepted,moved,1,0.0264,0.0218,0.0028,0.4048,0.0031,0.4589,189,2.5998
node-local,medium,2470,move,accepted,moved,1,0.0235,0.0212,0.0027,0.4240,0.0031,0.4744,187,2.6166
node-local,medium,2471,look,accepted,observed,0,0.0263,0.0200,0.0023,0.3984,0.0026,0.4496,161,3.1651
node-local,medium,2472,move,rejected,exit_unavailable,0,0.0439,0.0311,0.0027,0.4358,0.0028,0.5163,169,2.5972
node-local,medium,2473,look,accepted,observed,0,0.0264,0.0200,0.0023,0.3787,0.0023,0.4297,161,2.6453
node-local,medium,2474,activate,rejected,not_eligible,0,0.0358,0.0277,0.0024,0.4572,0.0032,0.5262,165,2.7029
node-local,medium,2475,look,accepted,observed,0,0.0332,0.0224,0.0021,0.3873,0.0030,0.4480,161,2.6055
node-local,medium,2476,look,accepted,observed,0,0.0262,0.0192,0.0019,0.5625,0.0026,0.6125,161,2.6177
node-local,medium,2477,move,accepted,moved,1,0.0271,0.0249,0.0031,0.3898,0.0037,0.4487,191,2.6469
node-local,medium,2478,look,accepted,observed,0,0.0339,0.0212,0.0022,0.3893,0.0027,0.4494,161,2.6576
node-local,medium,2479,move,accepted,moved,1,0.0285,0.0247,0.0031,0.4132,0.0038,0.4733,187,2.6037
node-local,medium,2480,take,rejected,not_present,0,0.0244,0.0218,0.0021,0.3864,0.0025,0.4372,164,2.6057
node-local,medium,2481,look,accepted,observed,0,0.0295,0.0185,0.0023,0.3661,0.0026,0.4190,161,3.1370
node-local,medium,2482,move,accepted,moved,1,0.0328,0.0247,0.0033,0.4113,0.0033,0.4754,189,2.6160
node-local,medium,2483,look,accepted,observed,0,0.0311,0.0198,0.0024,0.3764,0.0028,0.4325,161,2.5958
node-local,medium,2484,move,accepted,moved,1,0.0232,0.0229,0.0030,0.4133,0.0033,0.4657,187,2.6690
node-local,medium,2485,choose,rejected,invalid_choice,0,0.0276,0.0263,0.0023,0.3833,0.0025,0.4420,167,2.6120
node-local,medium,2486,look,accepted,observed,0,0.0299,0.0191,0.0021,0.3943,0.0027,0.4480,161,2.6143
node-local,medium,2487,move,accepted,moved,1,0.0297,0.0228,0.0032,0.4111,0.0034,0.4703,189,2.6287
node-local,medium,2488,move,rejected,exit_unavailable,0,0.0279,0.0197,0.0020,0.3931,0.0028,0.4455,169,2.6567
node-local,medium,2489,look,accepted,observed,0,0.0262,0.0188,0.0020,0.3827,0.0029,0.4326,161,2.6310
node-local,medium,2490,move,accepted,moved,1,0.0264,0.0237,0.0031,0.4271,0.0044,0.4847,187,2.6218
node-local,medium,2491,look,accepted,observed,0,0.0267,0.0211,0.0022,0.3811,0.0025,0.4336,161,3.0800
node-local,medium,2492,move,accepted,moved,1,0.0345,0.0232,0.0028,0.4114,0.0030,0.4750,191,2.6031
node-local,medium,2493,talk,rejected,not_eligible,0,0.0207,0.0203,0.0020,0.3864,0.0025,0.4320,165,2.6010
node-local,medium,2494,take,rejected,not_present,0,0.0218,0.0211,0.0020,0.5734,0.0032,0.6215,164,2.7853
node-local,medium,2495,look,accepted,observed,0,0.0553,0.0365,0.0028,0.5769,0.0093,0.6807,161,2.7712
node-local,medium,2496,move,accepted,moved,1,0.0632,0.0481,0.0051,0.5359,0.0044,0.6567,189,2.6174
node-local,medium,2497,wait,rejected,invalid_time,0,0.0259,0.0215,0.0020,0.4362,0.0027,0.4883,165,2.6617
node-local,medium,2498,look,accepted,observed,0,0.0267,0.0228,0.0020,0.3950,0.0025,0.4490,161,2.6172
node-local,medium,2499,choose,rejected,stale_view,0,0.0303,0.0190,0.0022,0.3820,0.0027,0.4362,163,2.6551
node-local,medium,2500,move,accepted,moved,1,0.0321,0.0254,0.0029,0.4245,0.0033,0.4882,191,2.6686
node-local,medium,2501,move,accepted,moved,1,0.0291,0.0260,0.0032,0.4089,0.0032,0.4705,187,3.1248
node-local,medium,2502,move,accepted,moved,1,0.0365,0.0240,0.0030,0.4419,0.0030,0.5084,191,2.5820
node-local,medium,2503,move,accepted,moved,1,0.0251,0.0230,0.0024,0.3925,0.0036,0.4467,189,2.6121
node-local,medium,2504,wait,rejected,invalid_time,0,0.0305,0.0262,0.0022,0.4561,0.0044,0.5194,165,2.6840
node-local,medium,2505,take,replayed,not_present,0,0.0604,0.0160,0.0000,0.0000,0.0020,0.0785,0,2.6222
node-local,medium,2506,look,accepted,observed,0,0.0263,0.0263,0.0030,0.4739,0.0033,0.5329,161,2.6152
node-local,medium,2507,look,accepted,observed,0,0.0335,0.0193,0.0024,0.3951,0.0027,0.4530,161,2.6033
node-local,medium,2508,move,accepted,moved,1,0.0266,0.0243,0.0029,0.4186,0.0036,0.4760,191,2.6926
node-local,medium,2509,move,accepted,moved,1,0.0423,0.0336,0.0030,0.4572,0.0037,0.5398,189,2.6391
node-local,medium,2510,take,accepted,taken,1,0.0338,0.0223,0.0027,0.4089,0.0033,0.4710,189,2.6594
node-local,medium,2511,look,accepted,observed,0,0.0385,0.0248,0.0023,0.4412,0.0030,0.5100,161,3.1702
node-local,medium,2512,look,accepted,observed,0,0.0394,0.0227,0.0022,0.4206,0.0023,0.4872,161,2.5888
node-local,medium,2513,look,accepted,observed,0,0.0256,0.0196,0.0020,0.3654,0.0026,0.4153,161,2.6019
node-local,medium,2514,look,accepted,observed,0,0.0276,0.0232,0.0025,0.3895,0.0032,0.4460,161,2.6218
node-local,medium,2515,wait,rejected,invalid_time,0,0.0270,0.0248,0.0020,0.3702,0.0029,0.4269,165,2.6357
node-local,medium,2516,look,accepted,observed,0,0.0418,0.0294,0.0023,0.4810,0.0030,0.5575,161,2.6785
node-local,medium,2517,wait,rejected,invalid_time,0,0.0340,0.0240,0.0022,0.4138,0.0027,0.4768,165,2.6242
node-local,medium,2518,look,accepted,observed,0,0.0337,0.0188,0.0022,0.3864,0.0027,0.4438,161,2.6631
node-local,medium,2519,look,accepted,observed,0,0.0340,0.0182,0.0022,0.3904,0.0027,0.4475,161,2.6329
node-local,medium,2520,wait,rejected,invalid_time,0,0.0293,0.0220,0.0020,0.3920,0.0029,0.4481,165,2.6004
node-local,medium,2521,choose,rejected,invalid_choice,0,0.0292,0.0216,0.0020,0.5575,0.0029,0.6133,167,3.1282
node-local,medium,2522,look,accepted,observed,0,0.0408,0.0227,0.0024,0.4103,0.0026,0.4787,161,2.5969
node-local,medium,2523,choose,rejected,invalid_choice,0,0.0312,0.0227,0.0022,0.5142,0.0025,0.5728,167,2.6052
node-local,medium,2524,move,rejected,exit_unavailable,0,0.0322,0.0224,0.0022,0.4758,0.0040,0.5366,169,2.6595
node-local,medium,2525,activate,rejected,not_eligible,0,0.0333,0.0239,0.0022,0.3933,0.0028,0.4555,165,2.6238
node-local,medium,2526,move,accepted,moved,1,0.0288,0.0270,0.0039,0.3934,0.0036,0.4567,191,2.6342
node-local,medium,2527,move,accepted,moved,1,0.0316,0.0237,0.0029,0.4212,0.0037,0.4830,187,2.6166
node-local,medium,2528,move,accepted,moved,1,0.0267,0.0246,0.0025,0.4130,0.0033,0.4701,189,2.6595
node-local,medium,2529,move,accepted,moved,1,0.0263,0.0263,0.0027,0.4877,0.0034,0.5464,187,2.6176
node-local,medium,2530,move,accepted,moved,1,0.0236,0.0210,0.0025,0.3779,0.0034,0.4284,189,2.6143
node-local,medium,2531,look,accepted,observed,0,0.0243,0.0196,0.0030,0.3981,0.0030,0.4479,161,3.1270
node-local,medium,2532,look,accepted,observed,0,0.0379,0.0204,0.0022,0.3921,0.0025,0.4552,161,2.5950
node-local,medium,2533,move,accepted,moved,1,0.0262,0.0252,0.0030,0.3849,0.0030,0.4423,187,2.6218
node-local,medium,2534,activate,rejected,not_eligible,0,0.0260,0.0208,0.0020,0.3855,0.0028,0.4371,165,2.6873
node-local,medium,2535,move,accepted,moved,1,0.0312,0.0235,0.0031,0.4168,0.0035,0.4782,189,2.6356
node-local,medium,2536,look,accepted,observed,0,0.0315,0.0209,0.0020,0.4022,0.0030,0.4596,161,2.6410
node-local,medium,2537,move,rejected,exit_unavailable,0,0.0322,0.0234,0.0023,0.3981,0.0026,0.4585,169,2.6041
node-local,medium,2538,look,accepted,observed,0,0.0276,0.0177,0.0021,0.5416,0.0026,0.5917,161,2.6540
node-local,medium,2539,look,accepted,observed,0,0.0241,0.0198,0.0022,0.4450,0.0027,0.4937,161,2.6225
node-local,medium,2540,look,accepted,observed,0,0.0313,0.0216,0.0021,0.3970,0.0026,0.4545,161,2.6194
node-local,medium,2541,activate,rejected,not_eligible,0,0.0387,0.0272,0.0021,0.5071,0.0041,0.5791,165,3.1859
node-local,medium,2542,talk,rejected,not_eligible,0,0.0379,0.0274,0.0035,0.4322,0.0026,0.5037,165,2.6537
node-local,medium,2543,look,accepted,observed,0,0.0338,0.0274,0.0023,0.4185,0.0030,0.4850,161,2.6200
node-local,medium,2544,wait,accepted,waited,1,0.0315,0.0277,0.0033,0.4116,0.0035,0.4775,185,2.6453
node-local,medium,2545,look,accepted,observed,0,0.0262,0.0410,0.0024,0.4240,0.0049,0.4986,161,2.6573
node-local,medium,2546,look,accepted,observed,0,0.0563,0.0410,0.0047,0.5063,0.0045,0.6128,161,2.6421
node-local,medium,2547,drop,accepted,dropped,1,0.0290,0.0232,0.0032,0.4798,0.0035,0.5387,196,2.6285
node-local,medium,2548,wait,rejected,invalid_time,0,0.0351,0.0237,0.0022,0.3747,0.0029,0.4386,165,2.6161
node-local,medium,2549,move,accepted,moved,1,0.0272,0.0237,0.0029,0.4109,0.0035,0.4682,187,2.6708
node-local,medium,2550,wait,rejected,invalid_time,0,0.0277,0.0235,0.0022,0.3903,0.0026,0.4462,165,2.6099
node-local,medium,2551,wait,rejected,invalid_time,0,0.0275,0.0205,0.0021,0.3820,0.0027,0.4347,165,3.1219
node-local,medium,2552,wait,rejected,invalid_time,0,0.0333,0.0285,0.0024,0.4537,0.0025,0.5203,165,2.6351
node-local,medium,2553,look,accepted,observed,0,0.0250,0.0210,0.0023,0.3920,0.0026,0.4429,161,2.5967
node-local,medium,2554,move,accepted,moved,1,0.0307,0.0272,0.0041,0.3965,0.0038,0.4623,189,2.6578
node-local,medium,2555,activate,rejected,not_eligible,0,0.0326,0.0237,0.0022,0.4164,0.0028,0.4777,165,2.5996
node-local,medium,2556,wait,rejected,invalid_time,0,0.0257,0.0223,0.0019,0.4381,0.0029,0.4910,165,2.6483
node-local,medium,2557,move,accepted,moved,1,0.0267,0.0234,0.0032,0.4125,0.0037,0.4695,187,2.6528
node-local,medium,2558,move,accepted,moved,1,0.0263,0.0225,0.0027,0.4082,0.0033,0.4631,191,2.6618
node-local,medium,2559,move,rejected,exit_unavailable,0,0.0304,0.0215,0.0021,0.4233,0.0029,0.4802,169,2.6251
node-local,medium,2560,look,accepted,observed,0,0.0270,0.0205,0.0022,0.4151,0.0029,0.4677,161,2.6005
node-local,medium,2561,look,accepted,observed,0,0.0234,0.0190,0.0023,0.3830,0.0025,0.4302,161,3.2145
node-local,medium,2562,look,accepted,observed,0,0.0544,0.0333,0.0034,0.5455,0.0033,0.6399,161,2.6098
node-local,medium,2563,move,rejected,exit_unavailable,0,0.0314,0.0229,0.0024,0.4017,0.0028,0.4611,169,2.6163
node-local,medium,2564,look,accepted,observed,0,0.0295,0.0181,0.0022,0.4430,0.0039,0.4966,161,2.6289
node-local,medium,2565,take,rejected,not_present,0,0.0260,0.0209,0.0022,0.4549,0.0030,0.5071,164,2.6293
node-local,medium,2566,move,accepted,moved,1,0.0290,0.0223,0.0034,0.4322,0.0033,0.4902,189,2.6313
node-local,medium,2567,move,accepted,moved,1,0.0288,0.0218,0.0025,0.3900,0.0032,0.4464,191,2.6970
node-local,medium,2568,wait,rejected,invalid_time,0,0.0659,0.0404,0.0033,0.5127,0.0026,0.6248,165,2.6609
node-local,medium,2569,activate,rejected,not_eligible,0,0.0311,0.0258,0.0026,0.4227,0.0035,0.4858,165,2.6534
node-local,medium,2570,take,rejected,not_present,0,0.0315,0.0223,0.0022,0.4159,0.0026,0.4745,164,2.6066
node-local,medium,2571,move,accepted,moved,1,0.0246,0.0236,0.0033,0.3946,0.0038,0.4500,189,2.6052
node-local,medium,2572,drop,rejected,integrity_conflict,0,0.0521,0.0148,0.0000,0.0001,0.0015,0.0685,0,3.1208
node-local,medium,2573,move,accepted,moved,1,0.0324,0.0329,0.0035,0.4779,0.0032,0.5498,191,2.6178
node-local,medium,2574,wait,rejected,invalid_time,0,0.0343,0.0238,0.0023,0.3890,0.0028,0.4522,165,2.6162
node-local,medium,2575,look,accepted,observed,0,0.0317,0.0201,0.0022,0.4021,0.0025,0.4586,161,2.6387
node-local,medium,2576,move,accepted,moved,1,0.0283,0.0259,0.0028,0.4482,0.0036,0.5088,189,2.6153
node-local,medium,2577,look,accepted,observed,0,0.0280,0.0195,0.0024,0.3849,0.0026,0.4374,161,2.6114
node-local,medium,2578,look,accepted,observed,0,0.0246,0.0191,0.0022,0.3853,0.0025,0.4336,161,2.6963
node-local,medium,2579,take,rejected,not_present,0,0.0440,0.0259,0.0024,0.4210,0.0033,0.4967,164,2.6030
node-local,medium,2580,look,accepted,observed,0,0.0316,0.0176,0.0020,0.5644,0.0029,0.6185,161,2.6108
node-local,medium,2581,drop,replayed,dropped,0,0.0589,0.0154,0.0000,0.0001,0.0016,0.0761,0,2.6033
node-local,medium,2582,look,accepted,observed,0,0.0257,0.0214,0.0026,0.6144,0.0037,0.6678,161,3.0751
node-local,medium,2583,move,rejected,exit_unavailable,0,0.0367,0.0240,0.0026,0.4079,0.0027,0.4739,169,2.6253
node-local,medium,2584,choose,rejected,invalid_choice,0,0.0291,0.0234,0.0021,0.3702,0.0029,0.4277,167,2.6255
node-local,medium,2585,look,accepted,observed,0,0.0282,0.0200,0.0023,0.3958,0.0024,0.4487,161,2.6484
node-local,medium,2586,look,accepted,observed,0,0.0287,0.0188,0.0021,0.4227,0.0025,0.4748,161,2.6014
node-local,medium,2587,look,accepted,observed,0,0.0263,0.0180,0.0022,0.3869,0.0025,0.4358,161,2.6031
node-local,medium,2588,move,accepted,moved,1,0.0295,0.0235,0.0034,0.4456,0.0035,0.5055,191,2.6425
node-local,medium,2589,talk,rejected,not_eligible,0,0.0274,0.0217,0.0020,0.4128,0.0026,0.4665,165,2.6456
node-local,medium,2590,talk,rejected,not_eligible,0,0.0256,0.0230,0.0025,0.3866,0.0025,0.4403,165,2.6142
node-local,medium,2591,take,rejected,not_present,0,0.0234,0.0203,0.0020,0.3820,0.0026,0.4303,164,2.5965
node-local,medium,2592,take,rejected,not_present,0,0.0298,0.0210,0.0022,0.3949,0.0024,0.4503,164,3.1064
node-local,medium,2593,look,accepted,observed,0,0.0372,0.0198,0.0020,0.4001,0.0023,0.4615,161,2.5919
node-local,medium,2594,activate,rejected,not_eligible,0,0.0221,0.0212,0.0022,0.3983,0.0027,0.4465,165,2.6347
node-local,medium,2595,move,accepted,moved,1,0.0256,0.0238,0.0035,0.4172,0.0035,0.4735,189,2.6234
node-local,medium,2596,move,accepted,moved,1,0.0265,0.0222,0.0027,0.4142,0.0034,0.4689,191,2.6210
node-local,medium,2597,look,accepted,observed,0,0.0224,0.0174,0.0020,0.3820,0.0028,0.4265,161,2.5995
node-local,medium,2598,move,accepted,moved,1,0.0273,0.0221,0.0030,0.4212,0.0034,0.4770,187,2.6547
node-local,medium,2599,talk,rejected,not_eligible,0,0.0303,0.0210,0.0020,0.3872,0.0027,0.4433,165,2.6118
node-local,medium,2600,move,accepted,moved,1,0.0275,0.0222,0.0030,0.4678,0.0033,0.5239,189,2.6494
node-local,medium,2601,look,accepted,observed,0,0.0267,0.0213,0.0020,0.5918,0.0029,0.6447,161,2.6039
node-local,medium,2602,move,accepted,moved,1,0.0243,0.0218,0.0031,0.4172,0.0036,0.4701,187,3.0871
node-local,medium,2603,look,accepted,observed,0,0.0356,0.0205,0.0022,0.4136,0.0025,0.4744,161,2.6072
node-local,medium,2604,move,rejected,exit_unavailable,0,0.0319,0.0216,0.0021,0.3906,0.0028,0.4491,169,2.6026
node-local,medium,2605,move,accepted,moved,1,0.0242,0.0220,0.0031,0.4298,0.0031,0.4822,189,2.6741
node-local,medium,2606,activate,rejected,not_eligible,0,0.0233,0.0200,0.0020,0.4215,0.0025,0.4694,165,2.6070
node-local,medium,2607,look,accepted,observed,0,0.0295,0.0208,0.0030,0.4040,0.0028,0.4601,161,2.6119
node-local,medium,2608,look,accepted,observed,0,0.0326,0.0191,0.0020,0.4737,0.0029,0.5303,161,2.6510
node-local,medium,2609,take,accepted,taken,1,0.0293,0.0217,0.0031,0.4150,0.0032,0.4725,189,2.6078
node-local,medium,2610,wait,rejected,invalid_time,0,0.0250,0.0238,0.0021,0.3892,0.0028,0.4428,165,2.6501
node-local,medium,2611,look,accepted,observed,0,0.0408,0.0259,0.0023,0.5251,0.0067,0.6008,161,2.6819
node-local,medium,2612,move,rejected,exit_unavailable,0,0.0439,0.0339,0.0035,0.4823,0.0042,0.5678,169,3.1139
node-local,medium,2613,look,accepted,observed,0,0.0360,0.0242,0.0032,0.4267,0.0027,0.4928,161,2.6110
node-local,medium,2614,activate,rejected,not_eligible,0,0.0307,0.0217,0.0023,0.4073,0.0027,0.4648,165,2.6484
node-local,medium,2615,look,accepted,observed,0,0.0319,0.0216,0.0024,0.4409,0.0032,0.5001,161,2.6719
node-local,medium,2616,choose,rejected,invalid_choice,0,0.0446,0.0345,0.0025,0.4975,0.0037,0.5828,167,2.6683
node-local,medium,2617,look,accepted,observed,0,0.0314,0.0234,0.0023,0.4181,0.0028,0.4781,161,2.6184
node-local,medium,2618,wait,rejected,invalid_time,0,0.0277,0.0254,0.0022,0.3936,0.0028,0.4516,165,2.6312
node-local,medium,2619,move,accepted,moved,1,0.0273,0.0235,0.0034,0.4359,0.0036,0.4937,187,2.6353
node-local,medium,2620,look,accepted,observed,0,0.0375,0.0255,0.0026,0.3956,0.0029,0.4641,161,2.6126
node-local,medium,2621,drop,accepted,dropped,1,0.0283,0.0220,0.0032,0.4243,0.0034,0.4811,194,2.7155
node-local,medium,2622,move,accepted,moved,1,0.0496,0.0379,0.0039,0.4775,0.0050,0.5740,191,3.2290
node-local,medium,2623,look,accepted,observed,0,0.0601,0.0330,0.0027,0.4736,0.0029,0.5723,161,2.6122
node-local,medium,2624,move,accepted,moved,1,0.0249,0.0233,0.0031,0.4097,0.0037,0.4648,189,2.6367
node-local,medium,2625,choose,rejected,stale_view,0,0.0380,0.0284,0.0026,0.4338,0.0035,0.5063,163,2.6415
node-local,medium,2626,take,rejected,not_present,0,0.0311,0.0255,0.0023,0.4020,0.0027,0.4637,164,2.6543
node-local,medium,2627,move,accepted,moved,1,0.0302,0.0247,0.0033,0.4473,0.0033,0.5089,191,2.6047
node-local,medium,2628,move,accepted,moved,1,0.0334,0.0254,0.0030,0.4108,0.0035,0.4760,187,2.6741
node-local,medium,2629,wait,rejected,invalid_time,0,0.0323,0.0247,0.0022,0.3863,0.0028,0.4483,165,2.6084
node-local,medium,2630,take,replayed,taken,0,0.0574,0.0168,0.0001,0.0000,0.0019,0.0762,0,2.5864
node-local,medium,2631,look,accepted,observed,0,0.0244,0.0243,0.0025,0.4565,0.0037,0.5113,161,2.6456
node-local,medium,2632,move,accepted,moved,1,0.0333,0.0291,0.0034,0.4638,0.0039,0.5335,191,3.2050
node-local,medium,2633,take,rejected,not_present,0,0.0338,0.0257,0.0023,0.3981,0.0026,0.4626,164,2.5960
node-local,medium,2634,wait,rejected,invalid_time,0,0.0316,0.0250,0.0021,0.3943,0.0025,0.4555,165,2.6030
node-local,medium,2635,talk,rejected,not_eligible,0,0.0307,0.0240,0.0024,0.3920,0.0028,0.4518,165,2.6396
node-local,medium,2636,take,rejected,not_present,0,0.0245,0.0217,0.0020,0.3871,0.0028,0.4381,164,2.6250
node-local,medium,2637,wait,rejected,invalid_time,0,0.0315,0.0250,0.0022,0.4054,0.0028,0.4670,165,2.6101
node-local,medium,2638,talk,rejected,not_eligible,0,0.0309,0.0210,0.0022,0.4005,0.0029,0.4575,165,2.6235
node-local,medium,2639,choose,rejected,invalid_choice,0,0.0279,0.0227,0.0020,0.4450,0.0032,0.5009,167,2.5899
node-local,medium,2640,look,accepted,observed,0,0.0260,0.0198,0.0020,0.3863,0.0026,0.4367,161,2.6065
node-local,medium,2641,look,accepted,observed,0,0.0290,0.0195,0.0022,0.4054,0.0024,0.4584,161,2.6014
node-local,medium,2642,look,accepted,observed,0,0.0278,0.0189,0.0022,0.3805,0.0028,0.4321,161,3.1086
node-local,medium,2643,move,accepted,moved,1,0.0348,0.0245,0.0035,0.4940,0.0033,0.5600,187,2.5932
node-local,medium,2644,wait,rejected,invalid_time,0,0.0284,0.0218,0.0021,0.4622,0.0030,0.5175,165,2.6668
node-local,medium,2645,look,accepted,observed,0,0.0275,0.0198,0.0021,0.3834,0.0027,0.4355,161,2.6384
node-local,medium,2646,move,accepted,moved,1,0.0269,0.0222,0.0034,0.4156,0.0033,0.4715,189,2.6325
node-local,medium,2647,move,accepted,moved,1,0.0318,0.0222,0.0024,0.4164,0.0039,0.4768,187,2.6762
node-local,medium,2648,look,accepted,observed,0,0.0415,0.0261,0.0024,0.4557,0.0035,0.5292,161,2.6535
node-local,medium,2649,move,accepted,moved,1,0.0300,0.0233,0.0030,0.4338,0.0033,0.4935,191,2.6170
node-local,medium,2650,look,accepted,observed,0,0.0294,0.0193,0.0023,0.3875,0.0024,0.4408,161,2.6184
node-local,medium,2651,wait,rejected,invalid_time,0,0.0279,0.0222,0.0025,0.4038,0.0026,0.4591,165,2.6083
node-local,medium,2652,drop,rejected,integrity_conflict,0,0.0563,0.0137,0.0001,0.0001,0.0016,0.0719,0,3.1569
node-local,medium,2653,move,accepted,moved,1,0.0363,0.0377,0.0042,0.5100,0.0034,0.5916,187,2.6512
node-local,medium,2654,move,rejected,exit_unavailable,0,0.0290,0.0256,0.0033,0.4070,0.0029,0.4678,169,2.6148
node-local,medium,2655,move,rejected,exit_unavailable,0,0.0258,0.0212,0.0023,0.4092,0.0026,0.4612,169,2.6528
node-local,medium,2656,activate,rejected,not_eligible,0,0.0271,0.0224,0.0023,0.4081,0.0026,0.4624,165,2.6442
node-local,medium,2657,choose,rejected,invalid_choice,0,0.0287,0.0235,0.0020,0.3873,0.0030,0.4446,167,2.6102
node-local,medium,2658,take,accepted,taken,1,0.0257,0.0206,0.0037,0.4619,0.0033,0.5153,189,2.6491
node-local,medium,2659,drop,accepted,dropped,1,0.0270,0.0232,0.0032,0.3925,0.0034,0.4493,194,2.6193
node-local,medium,2660,take,accepted,taken,1,0.0292,0.0208,0.0029,0.4052,0.0032,0.4613,189,2.6480
node-local,medium,2661,look,accepted,observed,0,0.0291,0.0195,0.0023,0.4500,0.0027,0.5037,161,2.6210
node-local,medium,2662,drop,accepted,dropped,1,0.0305,0.0239,0.0035,0.4102,0.0038,0.4719,194,3.0974
node-local,medium,2663,wait,rejected,invalid_time,0,0.0369,0.0247,0.0024,0.4568,0.0030,0.5238,165,2.6479
node-local,medium,2664,activate,rejected,not_eligible,0,0.0328,0.0235,0.0023,0.5776,0.0028,0.6390,165,2.6047
node-local,medium,2665,look,accepted,observed,0,0.0285,0.0203,0.0022,0.3891,0.0024,0.4425,161,2.6253
node-local,medium,2666,choose,rejected,invalid_choice,0,0.0296,0.0216,0.0023,0.3987,0.0027,0.4549,167,2.6088
node-local,medium,2667,talk,rejected,not_eligible,0,0.0290,0.0206,0.0021,0.4012,0.0030,0.4560,165,2.5984
node-local,medium,2668,wait,rejected,invalid_time,0,0.0253,0.0228,0.0021,0.3857,0.0027,0.4386,165,2.6402
node-local,medium,2669,wait,rejected,invalid_time,0,0.0300,0.0251,0.0020,0.3781,0.0027,0.4379,165,2.6206
node-local,medium,2670,look,accepted,observed,0,0.0245,0.0196,0.0024,0.3816,0.0025,0.4305,161,2.6131
node-local,medium,2671,move,accepted,moved,1,0.0245,0.0247,0.0035,0.4259,0.0033,0.4819,191,2.6077
node-local,medium,2672,look,accepted,observed,0,0.0288,0.0185,0.0023,0.3922,0.0026,0.4445,161,3.0957
node-local,medium,2673,close_choice,rejected,invalid_choice,0,0.0355,0.0217,0.0025,0.4231,0.0032,0.4860,167,2.5945
node-local,medium,2674,move,accepted,moved,1,0.0282,0.0238,0.0035,0.4315,0.0033,0.4902,187,2.6287
node-local,medium,2675,look,accepted,observed,0,0.0227,0.0204,0.0023,0.4084,0.0027,0.4565,161,2.6226
node-local,medium,2676,look,accepted,observed,0,0.0273,0.0182,0.0020,0.4435,0.0027,0.4937,161,2.6366
node-local,medium,2677,look,accepted,observed,0,0.0241,0.0183,0.0021,0.3887,0.0026,0.4358,161,2.6078
node-local,medium,2678,move,accepted,moved,1,0.0235,0.0229,0.0030,0.4085,0.0034,0.4614,189,2.6071
node-local,medium,2679,choose,rejected,stale_view,0,0.0252,0.0186,0.0021,0.4240,0.0025,0.4723,163,2.6534
node-local,medium,2680,move,accepted,moved,1,0.0315,0.0235,0.0031,0.4260,0.0042,0.4883,187,2.6169
node-local,medium,2681,take,replayed,not_present,0,0.0516,0.0152,0.0000,0.0000,0.0017,0.0686,0,2.6725
node-local,medium,2682,look,accepted,observed,0,0.0332,0.0250,0.0027,0.4757,0.0033,0.5399,161,3.0775
node-local,medium,2683,talk,rejected,not_eligible,0,0.0321,0.0256,0.0023,0.4190,0.0028,0.4818,165,2.5990
node-local,medium,2684,move,accepted,moved,1,0.0247,0.0230,0.0028,0.4140,0.0036,0.4682,191,2.6523
node-local,medium,2685,take,rejected,not_present,0,0.0330,0.0255,0.0026,0.4404,0.0029,0.5043,164,2.7395
node-local,medium,2686,close_choice,rejected,invalid_choice,0,0.0468,0.0310,0.0026,0.4485,0.0030,0.5318,167,2.6469
node-local,medium,2687,look,accepted,observed,0,0.0283,0.0196,0.0022,0.3953,0.0025,0.4479,161,2.6057
node-local,medium,2688,look,accepted,observed,0,0.0280,0.0196,0.0023,0.3903,0.0028,0.4430,161,2.6331
node-local,medium,2689,take,rejected,not_present,0,0.0260,0.0227,0.0020,0.3970,0.0030,0.4508,164,2.6457
node-local,medium,2690,take,rejected,not_present,0,0.0330,0.0260,0.0025,0.4313,0.0030,0.4958,164,2.6728
node-local,medium,2691,choose,rejected,invalid_choice,0,0.0366,0.0275,0.0025,0.4236,0.0029,0.4931,167,2.6138
node-local,medium,2692,take,rejected,not_present,0,0.0309,0.0217,0.0021,0.3980,0.0024,0.4551,164,3.0870
node-local,medium,2693,move,rejected,exit_unavailable,0,0.0329,0.0236,0.0024,0.5722,0.0025,0.6337,169,2.5826
node-local,medium,2694,look,accepted,observed,0,0.0234,0.0198,0.0023,0.3826,0.0025,0.4305,161,2.6055
node-local,medium,2695,look,accepted,observed,0,0.0391,0.0250,0.0023,0.4477,0.0030,0.5171,161,2.7040
node-local,medium,2696,move,accepted,moved,1,0.0345,0.0325,0.0037,0.4968,0.0032,0.5709,189,2.6111
node-local,medium,2697,look,accepted,observed,0,0.0306,0.0196,0.0022,0.3988,0.0025,0.4538,161,2.6184
node-local,medium,2698,talk,rejected,not_eligible,0,0.0290,0.0228,0.0021,0.3798,0.0031,0.4368,165,2.6086
node-local,medium,2699,look,accepted,observed,0,0.0313,0.0196,0.0020,0.4092,0.0024,0.4645,161,2.6410
node-local,medium,2700,take,rejected,not_present,0,0.0290,0.0209,0.0021,0.4174,0.0025,0.4719,164,2.6325
node-local,medium,2701,wait,rejected,invalid_time,0,0.0291,0.0471,0.0025,0.4131,0.0032,0.4950,165,2.6322
node-local,medium,2702,move,accepted,moved,1,0.0308,0.0252,0.0032,0.4508,0.0033,0.5133,191,3.0679
node-local,medium,2703,look,accepted,observed,0,0.0362,0.0207,0.0023,0.4452,0.0025,0.5070,161,2.5915
node-local,medium,2704,choose,rejected,invalid_choice,0,0.0263,0.0240,0.0024,0.3821,0.0028,0.4376,167,2.6110
node-local,medium,2705,activate,rejected,not_eligible,0,0.0292,0.0210,0.0021,0.4414,0.0028,0.4965,165,2.7575
node-local,medium,2706,look,accepted,observed,0,0.0535,0.0341,0.0029,0.5485,0.0061,0.6450,161,2.7015
node-local,medium,2707,move,accepted,moved,1,0.0486,0.0383,0.0047,0.4893,0.0046,0.5854,187,2.6059
node-local,medium,2708,look,accepted,observed,0,0.0340,0.0247,0.0024,0.4637,0.0034,0.5282,161,2.6381
node-local,medium,2709,activate,rejected,not_eligible,0,0.0258,0.0209,0.0024,0.4101,0.0027,0.4619,165,2.6160
node-local,medium,2710,talk,rejected,not_eligible,0,0.0273,0.0213,0.0021,0.3964,0.0027,0.4499,165,2.6549
node-local,medium,2711,move,accepted,moved,1,0.0233,0.0247,0.0242,0.4449,0.0042,0.5213,191,2.6115
node-local,medium,2712,look,accepted,observed,0,0.0314,0.0201,0.0023,0.4098,0.0029,0.4665,161,3.1295
node-local,medium,2713,activate,rejected,not_eligible,0,0.0308,0.0201,0.0024,0.4134,0.0024,0.4691,165,2.5986
node-local,medium,2714,move,rejected,exit_unavailable,0,0.0221,0.0221,0.0022,0.3806,0.0026,0.4296,169,2.5943
node-local,medium,2715,move,accepted,moved,1,0.0268,0.0250,0.0032,0.4121,0.0035,0.4706,187,2.6647
node-local,medium,2716,look,accepted,observed,0,0.0337,0.0200,0.0021,0.4087,0.0029,0.4674,161,2.6045
node-local,medium,2717,take,accepted,taken,1,0.0248,0.0214,0.0031,0.4254,0.0034,0.4781,189,2.6825
node-local,medium,2718,look,accepted,observed,0,0.0408,0.0258,0.0027,0.4541,0.0033,0.5268,161,2.6086
node-local,medium,2719,move,rejected,exit_unavailable,0,0.0307,0.0223,0.0021,0.4141,0.0029,0.4721,169,2.6582
node-local,medium,2720,look,accepted,observed,0,0.0269,0.0200,0.0022,0.4045,0.0026,0.4561,161,2.6138
node-local,medium,2721,activate,rejected,not_eligible,0,0.0296,0.0212,0.0023,0.3875,0.0026,0.4432,165,2.6780
node-local,medium,2722,look,accepted,observed,0,0.0408,0.0231,0.0027,0.4445,0.0038,0.5150,161,3.1473
node-local,medium,2723,look,accepted,observed,0,0.0660,0.0349,0.0038,0.5177,0.0030,0.6255,161,2.7642
node-local,medium,2724,wait,accepted,waited,1,0.0565,0.0362,0.0040,0.4967,0.0040,0.5973,185,2.6080
node-local,medium,2725,look,accepted,observed,0,0.0251,0.0196,0.0023,0.3797,0.0028,0.4295,161,2.6580
node-local,medium,2726,move,accepted,moved,1,0.0375,0.0319,0.0033,0.4622,0.0034,0.5384,191,2.6894
node-local,medium,2727,move,accepted,moved,1,0.0321,0.0257,0.0026,0.4255,0.0037,0.4897,187,2.6118
node-local,medium,2728,look,accepted,observed,0,0.0310,0.0222,0.0022,0.4063,0.0026,0.4643,161,2.6217
node-local,medium,2729,move,accepted,moved,1,0.0252,0.0233,0.0026,0.4192,0.0036,0.4739,189,2.6534
node-local,medium,2730,take,replayed,not_present,0,0.0626,0.0156,0.0001,0.0000,0.0018,0.0802,0,2.6005
node-local,medium,2731,move,accepted,moved,1,0.0219,0.0272,0.0031,0.5235,0.0041,0.5798,187,2.6282
node-local,medium,2732,look,accepted,observed,0,0.0286,0.0211,0.0023,0.4200,0.0026,0.4746,161,3.1413
node-local,medium,2733,choose,rejected,invalid_choice,0,0.0342,0.0250,0.0025,0.4198,0.0033,0.4848,167,2.6126
node-local,medium,2734,look,accepted,observed,0,0.0227,0.0199,0.0022,0.4039,0.0027,0.4515,161,2.5943
node-local,medium,2735,look,accepted,observed,0,0.0323,0.0205,0.0021,0.3923,0.0027,0.4499,161,2.6415
node-local,medium,2736,move,accepted,moved,1,0.0297,0.0244,0.0032,0.4219,0.0035,0.4826,191,2.6036
node-local,medium,2737,drop,accepted,dropped,1,0.0292,0.0216,0.0026,0.4314,0.0034,0.4883,198,2.6128
node-local,medium,2738,move,accepted,moved,1,0.0324,0.0232,0.0027,0.4033,0.0036,0.4652,189,2.6257
node-local,medium,2739,take,rejected,not_present,0,0.0260,0.0226,0.0023,0.4090,0.0033,0.4631,164,2.6341
node-local,medium,2740,talk,rejected,not_eligible,0,0.0270,0.0205,0.0022,0.4158,0.0029,0.4685,165,2.6120
node-local,medium,2741,take,rejected,not_present,0,0.0255,0.0202,0.0023,0.4013,0.0026,0.4519,164,2.6066
node-local,medium,2742,look,accepted,observed,0,0.0236,0.0191,0.0022,0.4776,0.0030,0.5255,161,3.1072
node-local,medium,2743,drop,rejected,integrity_conflict,0,0.0638,0.0160,0.0003,0.0002,0.0017,0.0819,0,2.6664
node-local,medium,2744,look,accepted,observed,0,0.0300,0.0299,0.0026,0.4482,0.0039,0.5145,161,2.6469
node-local,medium,2745,look,accepted,observed,0,0.0271,0.0228,0.0023,0.4047,0.0028,0.4597,161,2.6644
node-local,medium,2746,move,accepted,moved,1,0.0272,0.0230,0.0030,0.4287,0.0033,0.4851,191,2.6247
node-local,medium,2747,wait,rejected,invalid_time,0,0.0398,0.0369,0.0028,0.5462,0.0048,0.6304,165,2.6605
node-local,medium,2748,move,accepted,moved,1,0.0381,0.0307,0.0039,0.4508,0.0033,0.5268,187,2.6125
node-local,medium,2749,move,accepted,moved,1,0.0244,0.0215,0.0026,0.3990,0.0033,0.4508,191,2.6817
node-local,medium,2750,move,accepted,moved,1,0.0473,0.0358,0.0029,0.5369,0.0041,0.6270,187,2.7964
node-local,medium,2751,look,accepted,observed,0,0.0602,0.0373,0.0032,0.5165,0.0037,0.6208,161,2.6135
node-local,medium,2752,look,accepted,observed,0,0.0233,0.0195,0.0020,0.4072,0.0025,0.4545,161,3.1461
node-local,medium,2753,look,accepted,observed,0,0.0393,0.0214,0.0023,0.4550,0.0035,0.5215,161,2.5983
node-local,medium,2754,look,accepted,observed,0,0.0237,0.0181,0.0022,0.4123,0.0027,0.4591,161,2.6017
node-local,medium,2755,move,rejected,exit_unavailable,0,0.0289,0.0225,0.0022,0.4144,0.0026,0.4706,169,2.6635
node-local,medium,2756,take,rejected,not_present,0,0.0339,0.0224,0.0022,0.4169,0.0031,0.4786,164,2.7146
node-local,medium,2757,look,accepted,observed,0,0.0472,0.0267,0.0025,0.4652,0.0035,0.5451,161,2.6118
node-local,medium,2758,move,accepted,moved,1,0.0397,0.0325,0.0034,0.4368,0.0040,0.5163,189,2.7333
node-local,medium,2759,wait,rejected,invalid_time,0,0.0560,0.0352,0.0036,0.5306,0.0030,0.6285,165,2.6327
node-local,medium,2760,move,accepted,moved,1,0.0316,0.0233,0.0030,0.4615,0.0032,0.5226,187,2.6022
node-local,medium,2761,talk,rejected,not_eligible,0,0.0277,0.0228,0.0022,0.4045,0.0028,0.4599,165,2.6883
node-local,medium,2762,look,accepted,observed,0,0.0441,0.0310,0.0029,0.4565,0.0036,0.5382,161,3.1255
node-local,medium,2763,move,accepted,moved,1,0.0418,0.0279,0.0035,0.4681,0.0037,0.5450,189,2.6505
node-local,medium,2764,move,rejected,exit_unavailable,0,0.0312,0.0271,0.0028,0.4273,0.0030,0.4913,169,2.6059
node-local,medium,2765,look,accepted,observed,0,0.0242,0.0209,0.0022,0.3927,0.0028,0.4428,161,2.6250
node-local,medium,2766,move,rejected,exit_unavailable,0,0.0246,0.0240,0.0022,0.4025,0.0027,0.4561,169,2.6128
node-local,medium,2767,wait,rejected,invalid_time,0,0.0255,0.0236,0.0022,0.3944,0.0026,0.4482,165,2.6269
node-local,medium,2768,move,accepted,moved,1,0.0284,0.0246,0.0029,0.4437,0.0037,0.5032,187,2.6317
node-local,medium,2769,activate,rejected,not_eligible,0,0.0287,0.0215,0.0022,0.4033,0.0027,0.4584,165,2.6331
node-local,medium,2770,look,accepted,observed,0,0.0280,0.0194,0.0022,0.4015,0.0026,0.4537,161,2.6171
node-local,medium,2771,wait,rejected,invalid_time,0,0.0332,0.0225,0.0023,0.4161,0.0026,0.4767,165,2.6306
node-local,medium,2772,look,accepted,observed,0,0.0294,0.0196,0.0022,0.4165,0.0027,0.4703,161,2.6792
node-local,medium,2773,talk,rejected,not_eligible,0,0.0305,0.0217,0.0021,0.4257,0.0042,0.4843,165,3.0811
node-local,medium,2774,look,accepted,observed,0,0.0395,0.0216,0.0021,0.4692,0.0027,0.5351,161,2.6105
node-local,medium,2775,look,accepted,observed,0,0.0275,0.0208,0.0023,0.3944,0.0028,0.4478,161,2.6112
node-local,medium,2776,look,accepted,observed,0,0.0323,0.0197,0.0022,0.4209,0.0025,0.4777,161,2.6526
node-local,medium,2777,take,rejected,not_present,0,0.0316,0.0251,0.0030,0.4588,0.0027,0.5213,164,2.6308
node-local,medium,2778,move,rejected,exit_unavailable,0,0.0230,0.0232,0.0024,0.4282,0.0029,0.4797,169,2.6270
node-local,medium,2779,talk,rejected,not_eligible,0,0.0329,0.0216,0.0024,0.4195,0.0026,0.4791,165,2.6351
node-local,medium,2780,activate,rejected,not_eligible,0,0.0365,0.0202,0.0021,0.4107,0.0028,0.4723,165,2.6027
node-local,medium,2781,move,accepted,moved,1,0.0262,0.0218,0.0032,0.4377,0.0034,0.4923,191,2.6267
node-local,medium,2782,choose,rejected,invalid_choice,0,0.0273,0.0242,0.0021,0.4076,0.0025,0.4637,167,2.6555
node-local,medium,2783,talk,rejected,not_eligible,0,0.0358,0.0232,0.0024,0.4733,0.0027,0.5375,165,3.0962
node-local,medium,2784,activate,rejected,not_eligible,0,0.0315,0.0218,0.0021,0.4535,0.0026,0.5115,165,2.6160
node-local,medium,2785,wait,rejected,invalid_time,0,0.0234,0.0207,0.0022,0.4049,0.0028,0.4540,165,2.6073
node-local,medium,2786,look,accepted,observed,0,0.0295,0.0209,0.0021,0.5746,0.0028,0.6298,161,2.6743
node-local,medium,2787,move,accepted,moved,1,0.0281,0.0230,0.0029,0.4330,0.0034,0.4904,189,2.6096
node-local,medium,2788,move,accepted,moved,1,0.0360,0.0290,0.0030,0.5453,0.0093,0.6226,191,2.6701
node-local,medium,2789,move,rejected,exit_unavailable,0,0.0440,0.0344,0.0032,0.5103,0.0035,0.5953,169,2.6642
node-local,medium,2790,activate,rejected,not_eligible,0,0.0425,0.0226,0.0023,0.5818,0.0037,0.6530,165,2.6928
node-local,medium,2791,take,replayed,not_present,0,0.0667,0.0164,0.0001,0.0001,0.0020,0.0853,0,2.6028
node-local,medium,2792,drop,replayed,dropped,0,0.0333,0.0144,0.0001,0.0000,0.0016,0.0495,0,2.5863
node-local,medium,2793,wait,rejected,invalid_time,0,0.0208,0.0277,0.0029,0.5045,0.0032,0.5590,165,3.2662
node-local,medium,2794,take,accepted,taken,1,0.0342,0.0252,0.0032,0.4532,0.0032,0.5189,189,2.6218
node-local,medium,2795,look,accepted,observed,0,0.0267,0.0207,0.0021,0.4063,0.0029,0.4588,161,2.6123
node-local,medium,2796,wait,rejected,invalid_time,0,0.0337,0.0211,0.0021,0.4020,0.0028,0.4617,165,2.6196
node-local,medium,2797,look,accepted,observed,0,0.0272,0.0318,0.0021,0.4136,0.0030,0.4777,161,2.6085
node-local,medium,2798,look,accepted,observed,0,0.0290,0.0220,0.0021,0.3990,0.0031,0.4552,161,2.6254
node-local,medium,2799,look,accepted,observed,0,0.0273,0.0181,0.0021,0.4198,0.0027,0.4700,161,2.6424
node-local,medium,2800,look,accepted,observed,0,0.0317,0.0216,0.0022,0.4029,0.0030,0.4614,161,2.5948
node-local,medium,2801,move,accepted,moved,1,0.0258,0.0229,0.0030,0.4333,0.0033,0.4884,187,2.6137
node-local,medium,2802,drop,accepted,dropped,1,0.0279,0.0215,0.0025,0.4281,0.0033,0.4833,194,2.6063
node-local,medium,2803,move,accepted,moved,1,0.0289,0.0221,0.0027,0.4352,0.0033,0.4922,191,3.0823
node-local,medium,2804,look,accepted,observed,0,0.0339,0.0219,0.0024,0.4725,0.0028,0.5335,161,2.5966
node-local,medium,2805,talk,rejected,not_eligible,0,0.0279,0.0217,0.0021,0.4090,0.0024,0.4631,165,2.6206
node-local,medium,2806,wait,rejected,invalid_time,0,0.0299,0.0235,0.0022,0.4706,0.0024,0.5287,165,2.6315
node-local,medium,2807,look,accepted,observed,0,0.0297,0.0195,0.0021,0.4033,0.0028,0.4573,161,2.5865
node-local,medium,2808,wait,rejected,invalid_time,0,0.0236,0.0202,0.0022,0.4037,0.0025,0.4522,165,2.6279
node-local,medium,2809,close_choice,rejected,invalid_choice,0,0.0254,0.0214,0.0021,0.4007,0.0030,0.4525,167,2.6905
node-local,medium,2810,activate,rejected,not_eligible,0,0.0336,0.0355,0.0026,0.4625,0.0039,0.5380,165,2.7680
node-local,medium,2811,wait,rejected,invalid_time,0,0.0643,0.0409,0.0028,0.5108,0.0051,0.6239,165,2.6921
node-local,medium,2812,wait,rejected,invalid_time,0,0.0375,0.0235,0.0023,0.6248,0.0026,0.6907,165,2.6214
node-local,medium,2813,talk,rejected,not_eligible,0,0.0240,0.0202,0.0023,0.4159,0.0026,0.4650,165,3.0894
node-local,medium,2814,look,accepted,observed,0,0.0280,0.0204,0.0020,0.4193,0.0025,0.4722,161,2.6212
node-local,medium,2815,talk,rejected,not_eligible,0,0.0263,0.0214,0.0022,0.4038,0.0025,0.4563,165,2.6558
node-local,medium,2816,take,rejected,not_present,0,0.0358,0.0257,0.0023,0.4786,0.0066,0.5490,164,2.6575
node-local,medium,2817,take,rejected,not_present,0,0.0502,0.0316,0.0033,0.5043,0.0035,0.5930,164,2.6430
node-local,medium,2818,move,accepted,moved,1,0.0241,0.0228,0.0031,0.4127,0.0035,0.4662,187,2.6005
node-local,medium,2819,move,accepted,moved,1,0.0264,0.0217,0.0026,0.4430,0.0034,0.4972,191,2.6733
node-local,medium,2820,activate,rejected,not_eligible,0,0.0364,0.0217,0.0021,0.4205,0.0030,0.4838,165,2.6550
node-local,medium,2821,move,accepted,moved,1,0.0324,0.0269,0.0032,0.5008,0.0036,0.5670,189,2.6195
node-local,medium,2822,look,accepted,observed,0,0.0244,0.0210,0.0021,0.4889,0.0032,0.5396,161,2.6415
node-local,medium,2823,move,accepted,moved,1,0.0287,0.0235,0.0028,0.5094,0.0035,0.5679,191,3.0783
node-local,medium,2824,look,accepted,observed,0,0.0335,0.0210,0.0024,0.4358,0.0026,0.4953,161,2.6192
node-local,medium,2825,look,accepted,observed,0,0.0373,0.0259,0.0023,0.4945,0.0043,0.5644,161,2.6748
node-local,medium,2826,move,accepted,moved,1,0.0398,0.0315,0.0035,0.4809,0.0034,0.5591,187,2.6847
node-local,medium,2827,move,accepted,moved,1,0.0342,0.0244,0.0027,0.4497,0.0034,0.5144,189,2.6183
node-local,medium,2828,move,accepted,moved,1,0.0239,0.0218,0.0025,0.4560,0.0033,0.5074,187,2.6000
node-local,medium,2829,look,accepted,observed,0,0.0269,0.0204,0.0021,0.3999,0.0027,0.4521,161,2.6211
node-local,medium,2830,activate,rejected,not_eligible,0,0.0296,0.0209,0.0021,0.3993,0.0028,0.4547,165,2.6330
node-local,medium,2831,move,rejected,exit_unavailable,0,0.0460,0.0279,0.0028,0.4475,0.0039,0.5281,169,2.6429
node-local,medium,2832,look,accepted,observed,0,0.0345,0.0290,0.0024,0.4627,0.0036,0.5322,161,2.6298
node-local,medium,2833,look,accepted,observed,0,0.0278,0.0211,0.0022,0.3995,0.0028,0.4534,161,3.1054
node-local,medium,2834,move,accepted,moved,1,0.0331,0.0257,0.0029,0.4601,0.0030,0.5249,189,2.5995
node-local,medium,2835,move,accepted,moved,1,0.0220,0.0223,0.0036,0.4095,0.0033,0.4607,187,2.6468
node-local,medium,2836,move,accepted,moved,1,0.0275,0.0234,0.0028,0.4138,0.0035,0.4710,191,2.6683
node-local,medium,2837,move,accepted,moved,1,0.0284,0.0232,0.0027,0.5075,0.0033,0.5650,187,2.6178
node-local,medium,2838,move,accepted,moved,1,0.0230,0.0208,0.0028,0.4722,0.0033,0.5222,191,2.6260
node-local,medium,2839,move,accepted,moved,1,0.0346,0.0219,0.0025,0.4391,0.0035,0.5017,187,2.6479
node-local,medium,2840,look,accepted,observed,0,0.0263,0.0203,0.0022,0.4100,0.0028,0.4616,161,2.5963
node-local,medium,2841,take,accepted,taken,1,0.0267,0.0230,0.0030,0.4508,0.0042,0.5076,189,2.6537
node-local,medium,2842,move,accepted,moved,1,0.0323,0.0240,0.0025,0.4395,0.0032,0.5015,189,2.6291
node-local,medium,2843,look,accepted,observed,0,0.0279,0.0196,0.0024,0.4056,0.0029,0.4584,161,3.1494
node-local,medium,2844,take,replayed,taken,0,0.0670,0.0163,0.0001,0.0000,0.0020,0.0855,0,2.5868
node-local,medium,2845,move,rejected,exit_unavailable,0,0.0184,0.0271,0.0023,0.4786,0.0032,0.5297,169,2.6174
node-local,medium,2846,move,rejected,exit_unavailable,0,0.0310,0.0202,0.0020,0.4160,0.0028,0.4719,169,2.6637
node-local,medium,2847,drop,accepted,dropped,1,0.0251,0.0232,0.0033,0.4324,0.0032,0.4872,196,2.6133
node-local,medium,2848,move,accepted,moved,1,0.0276,0.0210,0.0025,0.4866,0.0035,0.5412,187,2.6007
node-local,medium,2849,wait,rejected,invalid_time,0,0.0233,0.0220,0.0021,0.4092,0.0028,0.4594,165,2.6762
node-local,medium,2850,close_choice,rejected,invalid_choice,0,0.0293,0.0217,0.0021,0.4230,0.0028,0.4789,167,2.6036
node-local,medium,2851,move,accepted,moved,1,0.0272,0.0221,0.0027,0.4412,0.0032,0.4963,189,2.6396
node-local,medium,2852,take,accepted,taken,1,0.0235,0.0210,0.0026,0.4154,0.0032,0.4658,189,2.6199
node-local,medium,2853,drop,accepted,dropped,1,0.0218,0.0211,0.0026,0.4342,0.0030,0.4826,196,3.1720
node-local,medium,2854,look,accepted,observed,0,0.0348,0.0223,0.0023,0.4395,0.0025,0.5015,161,2.5981
node-local,medium,2855,move,rejected,exit_unavailable,0,0.0218,0.0213,0.0022,0.3934,0.0026,0.4414,169,2.6154
node-local,medium,2856,activate,rejected,not_eligible,0,0.0265,0.0221,0.0020,0.4870,0.0028,0.5404,165,2.6376
node-local,medium,2857,talk,rejected,not_eligible,0,0.0246,0.0209,0.0021,0.4122,0.0027,0.4625,165,2.6443
node-local,medium,2858,choose,rejected,invalid_choice,0,0.0248,0.0210,0.0021,0.4147,0.0029,0.4655,167,2.6203
node-local,medium,2859,take,accepted,taken,1,0.0275,0.0199,0.0032,0.4309,0.0035,0.4850,189,2.6340
node-local,medium,2860,look,accepted,observed,0,0.0249,0.0196,0.0020,0.4432,0.0025,0.4922,161,2.6270
node-local,medium,2861,move,accepted,moved,1,0.0295,0.0224,0.0029,0.4492,0.0032,0.5073,187,2.6314
node-local,medium,2862,talk,rejected,not_eligible,0,0.0232,0.0198,0.0028,0.4496,0.0027,0.4980,165,2.6886
node-local,medium,2863,activate,rejected,not_eligible,0,0.0390,0.0278,0.0032,0.4632,0.0032,0.5365,165,3.1064
node-local,medium,2864,move,accepted,moved,1,0.0299,0.0248,0.0030,0.4175,0.0033,0.4785,191,2.6035
node-local,medium,2865,talk,rejected,not_eligible,0,0.0234,0.0208,0.0022,0.4232,0.0029,0.4725,165,2.6225
node-local,medium,2866,look,accepted,observed,0,0.0305,0.0194,0.0022,0.4225,0.0024,0.4770,161,2.6592
node-local,medium,2867,look,accepted,observed,0,0.0230,0.0198,0.0023,0.4499,0.0027,0.4976,161,2.6238
node-local,medium,2868,look,accepted,observed,0,0.0368,0.0264,0.0025,0.4421,0.0031,0.5108,161,2.6326
node-local,medium,2869,talk,rejected,not_eligible,0,0.0290,0.0236,0.0022,0.4284,0.0029,0.4862,165,2.6174
node-local,medium,2870,move,accepted,moved,1,0.0263,0.0227,0.0029,0.4654,0.0034,0.5207,187,2.6017
node-local,medium,2871,talk,rejected,not_eligible,0,0.0273,0.0203,0.0023,0.3923,0.0026,0.4448,165,2.6455
node-local,medium,2872,look,accepted,observed,0,0.0294,0.0238,0.0024,0.4490,0.0033,0.5078,161,2.6238
node-local,medium,2873,look,accepted,observed,0,0.0290,0.0194,0.0022,0.4204,0.0025,0.4736,161,3.1069
node-local,medium,2874,drop,accepted,dropped,1,0.0357,0.0244,0.0033,0.5699,0.0032,0.6365,194,2.6258
node-local,medium,2875,wait,rejected,invalid_time,0,0.0246,0.0222,0.0022,0.4382,0.0028,0.4899,165,2.6202
node-local,medium,2876,take,accepted,taken,1,0.0242,0.0229,0.0027,0.4806,0.0037,0.5341,189,2.6657
node-local,medium,2877,wait,rejected,invalid_time,0,0.0325,0.0210,0.0021,0.4225,0.0025,0.4807,165,2.6224
node-local,medium,2878,look,accepted,observed,0,0.0237,0.0184,0.0020,0.4012,0.0028,0.4481,161,2.6531
node-local,medium,2879,look,accepted,observed,0,0.0253,0.0195,0.0023,0.4138,0.0025,0.4632,161,2.5987
node-local,medium,2880,wait,rejected,invalid_time,0,0.0250,0.0224,0.0020,0.4283,0.0025,0.4803,165,2.6258
node-local,medium,2881,look,accepted,observed,0,0.0278,0.0191,0.0021,0.4403,0.0031,0.4924,161,2.6007
node-local,medium,2882,wait,rejected,invalid_time,0,0.0304,0.0197,0.0020,0.4737,0.0028,0.5287,165,2.6238
node-local,medium,2883,move,accepted,moved,1,0.0245,0.0233,0.0030,0.4200,0.0034,0.4742,189,3.1146
node-local,medium,2884,look,accepted,observed,0,0.0400,0.0241,0.0023,0.4513,0.0027,0.5204,161,2.6366
node-local,medium,2885,look,accepted,observed,0,0.0226,0.0188,0.0020,0.3957,0.0030,0.4422,161,2.6317
node-local,medium,2886,move,accepted,moved,1,0.0251,0.0236,0.0030,0.4551,0.0034,0.5102,187,2.6459
node-local,medium,2887,wait,rejected,invalid_time,0,0.0248,0.0210,0.0021,0.4008,0.0026,0.4514,165,2.5961
node-local,medium,2888,move,accepted,moved,1,0.0229,0.0217,0.0025,0.4140,0.0037,0.4648,189,2.6372
node-local,medium,2889,drop,accepted,dropped,1,0.0320,0.0235,0.0029,0.4381,0.0033,0.4998,196,2.6136
node-local,medium,2890,look,accepted,observed,0,0.0291,0.0187,0.0020,0.4088,0.0027,0.4613,161,2.6493
node-local,medium,2891,look,accepted,observed,0,0.0270,0.0190,0.0022,0.4367,0.0030,0.4880,161,2.6045
node-local,medium,2892,look,accepted,observed,0,0.0236,0.0196,0.0020,0.4617,0.0025,0.5095,161,2.6386
node-local,medium,2893,move,accepted,moved,1,0.0276,0.0228,0.0029,0.4501,0.0031,0.5064,187,3.0844
node-local,medium,2894,choose,rejected,invalid_choice,0,0.0293,0.0240,0.0022,0.4379,0.0027,0.4960,167,2.6435
node-local,medium,2895,move,accepted,moved,1,0.0328,0.0237,0.0031,0.4597,0.0034,0.5227,189,2.6118
node-local,medium,2896,move,accepted,moved,1,0.0315,0.0207,0.0028,0.4642,0.0036,0.5228,187,2.6318
node-local,medium,2897,wait,rejected,invalid_time,0,0.0258,0.0225,0.0021,0.4317,0.0025,0.4845,165,2.6003
node-local,medium,2898,move,accepted,moved,1,0.0252,0.0236,0.0027,0.4313,0.0032,0.4860,191,2.6206
node-local,medium,2899,activate,rejected,not_eligible,0,0.0260,0.0215,0.0023,0.4576,0.0038,0.5112,165,2.6447
node-local,medium,2900,move,accepted,moved,1,0.0302,0.0221,0.0029,0.4408,0.0035,0.4995,189,2.6635
node-local,medium,2901,look,accepted,observed,0,0.0296,0.0195,0.0021,0.4161,0.0031,0.4704,161,2.6298
node-local,medium,2902,look,accepted,observed,0,0.0249,0.0193,0.0020,0.4260,0.0027,0.4750,161,2.6170
node-local,medium,2903,move,accepted,moved,1,0.0314,0.0230,0.0030,0.4305,0.0038,0.4917,191,3.0793
node-local,medium,2904,look,accepted,observed,0,0.0326,0.0199,0.0023,0.4428,0.0025,0.5001,161,2.6357
node-local,medium,2905,choose,rejected,invalid_choice,0,0.0253,0.0268,0.0023,0.4085,0.0031,0.4661,167,2.6141
node-local,medium,2906,look,accepted,observed,0,0.0275,0.0182,0.0022,0.4202,0.0026,0.4707,161,2.6385
node-local,medium,2907,look,accepted,observed,0,0.0235,0.0194,0.0021,0.4162,0.0027,0.4639,161,2.5995
node-local,medium,2908,look,accepted,observed,0,0.0243,0.0184,0.0022,0.4202,0.0030,0.4680,161,2.6129
node-local,medium,2909,take,rejected,not_present,0,0.0324,0.0214,0.0021,0.4162,0.0029,0.4750,164,2.6132
node-local,medium,2910,move,accepted,moved,1,0.0280,0.0237,0.0032,0.4330,0.0035,0.4914,187,2.6622
node-local,medium,2911,move,accepted,moved,1,0.0286,0.0223,0.0026,0.4363,0.0037,0.4935,191,2.6060
node-local,medium,2912,choose,rejected,stale_view,0,0.0252,0.0188,0.0026,0.4075,0.0040,0.4581,163,2.6120
node-local,medium,2913,move,accepted,moved,1,0.0283,0.0232,0.0026,0.4859,0.0035,0.5435,189,3.1180
node-local,medium,2914,move,rejected,exit_unavailable,0,0.0327,0.0221,0.0021,0.4450,0.0025,0.5043,169,2.5972
node-local,medium,2915,look,accepted,observed,0,0.0290,0.0187,0.0022,0.4237,0.0025,0.4762,161,2.6374
node-local,medium,2916,choose,rejected,invalid_choice,0,0.0304,0.0244,0.0021,0.4735,0.0030,0.5334,167,2.6416
node-local,medium,2917,drop,replayed,dropped,0,0.0574,0.0159,0.0001,0.0000,0.0018,0.0752,0,2.6414
node-local,medium,2918,take,rejected,not_present,0,0.0273,0.0252,0.0025,0.4901,0.0034,0.5484,164,2.6089
node-local,medium,2919,look,accepted,observed,0,0.0314,0.0195,0.0023,0.3953,0.0030,0.4515,161,2.6115
node-local,medium,2920,move,accepted,moved,1,0.0250,0.0231,0.0029,0.4114,0.0038,0.4662,191,2.6807
node-local,medium,2921,talk,rejected,not_eligible,0,0.0297,0.0212,0.0023,0.4063,0.0027,0.4622,165,2.6410
node-local,medium,2922,choose,rejected,invalid_choice,0,0.0347,0.0214,0.0023,0.5762,0.0028,0.6374,167,2.6053
node-local,medium,2923,choose,rejected,invalid_choice,0,0.0277,0.0218,0.0023,0.4229,0.0029,0.4776,167,3.0782
node-local,medium,2924,look,accepted,observed,0,0.0339,0.0245,0.0023,0.4451,0.0026,0.5084,161,2.6041
node-local,medium,2925,look,accepted,observed,0,0.0292,0.0177,0.0021,0.3976,0.0027,0.4493,161,2.6374
node-local,medium,2926,look,accepted,observed,0,0.0291,0.0193,0.0020,0.4064,0.0030,0.4598,161,2.7228
node-local,medium,2927,look,accepted,observed,0,0.0453,0.0296,0.0025,0.4493,0.0031,0.5298,161,2.6023
node-local,medium,2928,move,accepted,moved,1,0.0245,0.0225,0.0032,0.4216,0.0033,0.4750,187,2.6053
node-local,medium,2929,move,accepted,moved,1,0.0238,0.0220,0.0025,0.4012,0.0032,0.4528,191,2.6032
node-local,medium,2930,take,rejected,not_present,0,0.0231,0.0212,0.0023,0.4181,0.0026,0.4672,164,2.6604
node-local,medium,2931,look,accepted,observed,0,0.0260,0.0210,0.0022,0.4061,0.0040,0.4592,161,2.7541
node-local,medium,2932,look,accepted,observed,0,0.0735,0.0427,0.0039,0.5231,0.0037,0.6469,161,2.6326
node-local,medium,2933,look,accepted,observed,0,0.0318,0.0190,0.0023,0.4225,0.0025,0.4780,161,3.0960
node-local,medium,2934,move,accepted,moved,1,0.0335,0.0251,0.0034,0.4184,0.0033,0.4837,189,2.6238
node-local,medium,2935,look,accepted,observed,0,0.0344,0.0278,0.0023,0.4319,0.0028,0.4992,161,2.6043
node-local,medium,2936,activate,rejected,not_eligible,0,0.0240,0.0210,0.0021,0.4165,0.0031,0.4666,165,2.7191
node-local,medium,2937,close_choice,rejected,invalid_choice,0,0.0502,0.0343,0.0028,0.5228,0.0084,0.6185,167,2.7219
node-local,medium,2938,wait,accepted,waited,1,0.0830,0.0481,0.0046,0.5976,0.0053,0.7386,185,2.6590
node-local,medium,2939,look,accepted,observed,0,0.0338,0.0279,0.0038,0.4800,0.0038,0.5493,161,2.6025
node-local,medium,2940,move,accepted,moved,1,0.0290,0.0232,0.0032,0.4144,0.0034,0.4731,191,2.6170
node-local,medium,2941,activate,rejected,not_eligible,0,0.0357,0.0250,0.0029,0.4547,0.0031,0.5214,165,2.7254
node-local,medium,2942,take,rejected,not_present,0,0.0447,0.0337,0.0027,0.4722,0.0046,0.5578,164,2.7675
node-local,medium,2943,activate,rejected,not_eligible,0,0.0429,0.0308,0.0027,0.5005,0.0068,0.5837,165,3.3069
node-local,medium,2944,move,accepted,moved,1,0.0560,0.0432,0.0044,0.5199,0.0040,0.6275,187,2.7123
node-local,medium,2945,look,accepted,observed,0,0.0420,0.0369,0.0034,0.4571,0.0040,0.5434,161,2.6625
node-local,medium,2946,move,accepted,moved,1,0.0335,0.0310,0.0035,0.5210,0.0062,0.5952,191,2.6390
node-local,medium,2947,move,accepted,moved,1,0.0320,0.0284,0.0033,0.4492,0.0036,0.5165,189,2.6003
node-local,medium,2948,wait,rejected,invalid_time,0,0.0257,0.0262,0.0025,0.4248,0.0028,0.4821,165,2.6150
node-local,medium,2949,look,accepted,observed,0,0.0286,0.0246,0.0036,0.4120,0.0033,0.4720,161,2.7501
node-local,medium,2950,wait,rejected,invalid_time,0,0.0662,0.0405,0.0027,0.5715,0.0044,0.6853,165,2.6972
node-local,medium,2951,take,rejected,not_present,0,0.0458,0.0324,0.0030,0.4995,0.0034,0.5840,164,2.6659
node-local,medium,2952,take,rejected,not_present,0,0.0394,0.0247,0.0027,0.5153,0.0067,0.5888,164,2.6666
node-local,medium,2953,look,accepted,observed,0,0.0467,0.0301,0.0030,0.5422,0.0033,0.6254,161,3.1371
node-local,medium,2954,move,rejected,exit_unavailable,0,0.0373,0.0263,0.0026,0.4323,0.0025,0.5011,169,2.6056
node-local,medium,2955,talk,rejected,not_eligible,0,0.0378,0.0294,0.0023,0.4448,0.0035,0.5178,165,2.6309
node-local,medium,2956,look,accepted,observed,0,0.0301,0.0222,0.0022,0.4335,0.0030,0.4911,161,2.6646
node-local,medium,2957,move,accepted,moved,1,0.0338,0.0265,0.0030,0.4433,0.0037,0.5103,191,2.6071
node-local,medium,2958,wait,rejected,invalid_time,0,0.0263,0.0229,0.0020,0.4205,0.0030,0.4748,165,2.6270
node-local,medium,2959,move,accepted,moved,1,0.0350,0.0267,0.0031,0.4300,0.0034,0.4982,187,2.6054
node-local,medium,2960,talk,rejected,not_eligible,0,0.0283,0.0217,0.0021,0.4240,0.0028,0.4789,165,2.6672
node-local,medium,2961,wait,rejected,invalid_time,0,0.0355,0.0229,0.0035,0.4302,0.0030,0.4950,165,2.6535
node-local,medium,2962,look,accepted,observed,0,0.0344,0.0227,0.0022,0.4458,0.0029,0.5079,161,2.6033
node-local,medium,2963,move,accepted,moved,1,0.0311,0.0248,0.0031,0.4176,0.0037,0.4803,191,3.1180
node-local,medium,2964,move,accepted,moved,1,0.0417,0.0250,0.0030,0.4620,0.0035,0.5350,189,2.5983
node-local,medium,2965,choose,rejected,invalid_choice,0,0.0245,0.0222,0.0022,0.4182,0.0030,0.4700,167,2.6082
node-local,medium,2966,look,accepted,observed,0,0.0372,0.0300,0.0027,0.6304,0.0038,0.7041,161,2.7149
node-local,medium,2967,look,accepted,observed,0,0.0475,0.0310,0.0028,0.4789,0.0032,0.5635,161,2.6484
node-local,medium,2968,wait,rejected,invalid_time,0,0.0307,0.0255,0.0021,0.4317,0.0026,0.4927,165,2.6156
node-local,medium,2969,move,accepted,moved,1,0.0325,0.0235,0.0030,0.4264,0.0037,0.4892,191,2.5890
node-local,medium,2970,look,accepted,observed,0,0.0274,0.0212,0.0020,0.4193,0.0031,0.4730,161,2.6917
node-local,medium,2971,look,accepted,observed,0,0.0417,0.0219,0.0021,0.4462,0.0029,0.5148,161,2.6225
node-local,medium,2972,talk,rejected,not_eligible,0,0.0329,0.0205,0.0024,0.4302,0.0028,0.4888,165,2.6373
node-local,medium,2973,move,rejected,exit_unavailable,0,0.0336,0.0225,0.0023,0.4000,0.0027,0.4611,169,2.6689
node-local,medium,2974,move,accepted,moved,1,0.0397,0.0233,0.0031,0.4358,0.0036,0.5055,189,3.0763
node-local,medium,2975,choose,rejected,stale_view,0,0.0410,0.0272,0.0022,0.4591,0.0027,0.5321,163,2.6002
node-local,medium,2976,look,accepted,observed,0,0.0281,0.0248,0.0023,0.4014,0.0030,0.4596,161,2.6294
node-local,medium,2977,move,accepted,moved,1,0.0274,0.0260,0.0030,0.5022,0.0035,0.5620,191,2.6491
node-local,medium,2978,move,accepted,moved,1,0.0323,0.0237,0.0026,0.4117,0.0034,0.4737,187,2.6135
node-local,medium,2979,take,rejected,not_present,0,0.0257,0.0227,0.0024,0.4230,0.0027,0.4766,164,2.6083
node-local,medium,2980,look,accepted,observed,0,0.0317,0.0212,0.0023,0.4372,0.0025,0.4949,161,2.6831
node-local,medium,2981,move,rejected,exit_unavailable,0,0.0391,0.0247,0.0023,0.4715,0.0027,0.5404,169,2.6141
node-local,medium,2982,move,accepted,moved,1,0.0350,0.0235,0.0031,0.4247,0.0033,0.4895,189,2.7215
node-local,medium,2983,take,accepted,taken,1,0.0460,0.0311,0.0028,0.4827,0.0035,0.5662,189,2.6382
node-local,medium,2984,drop,rejected,integrity_conflict,0,0.0580,0.0157,0.0002,0.0001,0.0017,0.0756,0,3.0692
node-local,medium,2985,look,accepted,observed,0,0.0304,0.0330,0.0027,0.4934,0.0029,0.5624,161,2.5965
node-local,medium,2986,wait,rejected,invalid_time,0,0.0244,0.0516,0.0039,0.5344,0.0079,0.6222,165,2.7229
node-local,medium,2987,talk,rejected,not_eligible,0,0.0622,0.0369,0.0220,0.6085,0.0038,0.7335,165,2.7140
node-local,medium,2988,look,accepted,observed,0,0.0440,0.0328,0.0033,0.4990,0.0035,0.5826,161,2.6619
node-local,medium,2989,talk,rejected,not_eligible,0,0.0322,0.0290,0.0022,0.5194,0.0060,0.5887,165,2.6313
node-local,medium,2990,drop,accepted,dropped,1,0.0353,0.0316,0.0035,0.4640,0.0040,0.5385,196,2.6655
node-local,medium,2991,move,accepted,moved,1,0.0363,0.0265,0.0027,0.4328,0.0038,0.5022,187,2.6231
node-local,medium,2992,wait,rejected,invalid_time,0,0.0275,0.0253,0.0023,0.4780,0.0027,0.5358,165,2.6371
node-local,medium,2993,take,rejected,not_present,0,0.0305,0.0250,0.0023,0.4495,0.0030,0.5101,164,2.6515
node-local,medium,2994,choose,rejected,invalid_choice,0,0.0338,0.0255,0.0020,0.4416,0.0026,0.5055,167,3.1002
node-local,medium,2995,move,rejected,exit_unavailable,0,0.0380,0.0256,0.0022,0.4487,0.0027,0.5171,169,2.6088
node-local,medium,2996,move,accepted,moved,1,0.0282,0.0234,0.0027,0.4305,0.0032,0.4879,191,2.6039
node-local,medium,2997,take,rejected,not_present,0,0.0305,0.0217,0.0020,0.4520,0.0033,0.5094,164,2.7002
node-local,medium,2998,move,accepted,moved,1,0.0462,0.0370,0.0034,0.5350,0.0071,0.6286,189,2.6534
node-local,medium,2999,look,accepted,observed,0,0.0367,0.0248,0.0025,0.4635,0.0035,0.5310,161,2.6200
node-local,stress,1000,move,accepted,moved,1,0.0117,0.0166,0.0022,0.3549,0.0027,0.3880,190,10.2402
node-local,stress,1001,move,accepted,moved,1,0.0656,0.0379,0.0037,0.5474,0.0043,0.6590,188,12.5010
node-local,stress,1002,move,accepted,moved,1,0.0660,0.0392,0.0037,0.5749,0.0055,0.6892,190,10.1652
node-local,stress,1003,wait,rejected,invalid_time,0,0.0719,0.0406,0.0032,0.5629,0.0042,0.6827,164,10.5867
node-local,stress,1004,move,accepted,moved,1,0.0656,0.0365,0.0034,0.5049,0.0037,0.6141,186,10.1997
node-local,stress,1005,move,accepted,moved,1,0.0662,0.0398,0.0036,0.5232,0.0040,0.6368,188,10.2370
node-local,stress,1006,choose,rejected,invalid_choice,0,0.0819,0.0416,0.0037,0.6480,0.0063,0.7816,166,10.8594
node-local,stress,1007,move,accepted,moved,1,0.0795,0.0463,0.0055,0.6295,0.0077,0.7686,186,10.2191
node-local,stress,1008,look,accepted,observed,0,0.0788,0.0397,0.0035,0.5610,0.0047,0.6877,160,10.1495
node-local,stress,1009,take,rejected,not_present,0,0.0687,0.0413,0.0031,0.5371,0.0037,0.6540,163,10.5135
node-local,stress,1010,move,accepted,moved,1,0.0595,0.0398,0.0040,0.5536,0.0045,0.6613,190,10.1590
node-local,stress,1011,choose,rejected,invalid_choice,0,0.0652,0.0397,0.0032,0.5494,0.0036,0.6611,166,10.4778
node-local,stress,1012,look,accepted,observed,0,0.0597,0.0336,0.0030,0.5805,0.0043,0.6810,160,10.1209
node-local,stress,1013,talk,rejected,not_eligible,0,0.0667,0.0452,0.0033,0.5430,0.0050,0.6631,164,10.2052
node-local,stress,1014,look,accepted,observed,0,0.0641,0.0367,0.0031,0.5295,0.0038,0.6372,160,10.5036
node-local,stress,1015,move,accepted,moved,1,0.0752,0.0408,0.0038,0.5149,0.0050,0.6397,188,10.0705
node-local,stress,1016,wait,rejected,invalid_time,0,0.0675,0.0409,0.0032,0.5857,0.0041,0.7015,164,10.5872
node-local,stress,1017,look,accepted,observed,0,0.0660,0.0314,0.0034,0.5077,0.0028,0.6112,160,10.1315
node-local,stress,1018,move,accepted,moved,1,0.0593,0.0384,0.0037,0.4974,0.0045,0.6033,190,10.2210
node-local,stress,1019,take,accepted,taken,1,0.0682,0.0398,0.0038,0.5239,0.0040,0.6397,188,10.5535
node-local,stress,1020,look,accepted,observed,0,0.0598,0.0380,0.0032,0.5305,0.0037,0.6353,160,10.1159
node-local,stress,1021,look,accepted,observed,0,0.0585,0.0346,0.0029,0.5200,0.0033,0.6193,160,10.1684
node-local,stress,1022,drop,accepted,dropped,1,0.0639,0.0352,0.0043,0.5277,0.0038,0.6349,197,10.4350
node-local,stress,1023,activate,rejected,stale_view,0,0.0561,0.0297,0.0028,0.5058,0.0039,0.5983,162,10.1576
node-local,stress,1024,move,accepted,moved,1,0.0596,0.0401,0.0041,0.5856,0.0048,0.6942,186,10.5481
node-local,stress,1025,look,accepted,observed,0,0.0577,0.0340,0.0029,0.5857,0.0044,0.6848,160,10.0801
node-local,stress,1026,move,rejected,exit_unavailable,0,0.0640,0.0440,0.0033,0.5052,0.0043,0.6208,168,10.2371
node-local,stress,1027,move,accepted,moved,1,0.0552,0.0370,0.0034,0.4790,0.0038,0.5783,188,10.7020
node-local,stress,1028,move,accepted,moved,1,0.0679,0.0451,0.0042,0.5790,0.0049,0.7010,186,10.2432
node-local,stress,1029,look,accepted,observed,0,0.0692,0.0388,0.0032,0.5793,0.0043,0.6947,160,10.1002
node-local,stress,1030,move,accepted,moved,1,0.0683,0.0397,0.0036,0.5590,0.0051,0.6757,188,10.5005
node-local,stress,1031,look,accepted,observed,0,0.0764,0.0382,0.0032,0.5642,0.0043,0.6863,160,10.0750
node-local,stress,1032,take,rejected,not_present,0,0.0697,0.0398,0.0032,0.5288,0.0039,0.6455,163,10.5093
node-local,stress,1033,take,rejected,not_present,0,0.0647,0.0338,0.0030,0.5255,0.0032,0.6302,163,10.0819
node-local,stress,1034,talk,rejected,not_eligible,0,0.0632,0.0376,0.0031,0.5611,0.0085,0.6735,165,10.1598
node-local,stress,1035,take,rejected,not_present,0,0.0705,0.0393,0.0029,0.5387,0.0041,0.6555,164,10.4745
node-local,stress,1036,look,accepted,observed,0,0.0683,0.0377,0.0031,0.5298,0.0041,0.6430,161,10.1771
node-local,stress,1037,move,accepted,moved,1,0.0547,0.0375,0.0036,0.5034,0.0041,0.6034,187,10.5435
node-local,stress,1038,talk,rejected,not_eligible,0,0.0560,0.0320,0.0030,0.5940,0.0043,0.6893,165,10.1609
node-local,stress,1039,move,accepted,moved,1,0.0625,0.0436,0.0069,0.5404,0.0053,0.6587,191,10.1740
node-local,stress,1040,activate,rejected,not_eligible,0,0.0612,0.0389,0.0031,0.5467,0.0048,0.6547,165,10.5042
node-local,stress,1041,talk,rejected,not_eligible,0,0.0583,0.0375,0.0034,0.5034,0.0048,0.6073,165,10.1295
node-local,stress,1042,look,accepted,observed,0,0.0585,0.0349,0.0030,0.5793,0.0050,0.6806,161,10.1702
node-local,stress,1043,move,rejected,exit_unavailable,0,0.0706,0.0401,0.0030,0.5300,0.0049,0.6487,169,10.4627
node-local,stress,1044,take,replayed,not_present,0,0.0941,0.0243,0.0004,0.0001,0.0021,0.1210,0,10.2708
node-local,stress,1045,activate,rejected,not_eligible,0,0.0500,0.0416,0.0033,0.6277,0.0075,0.7301,165,10.5365
node-local,stress,1046,look,accepted,observed,0,0.0661,0.0406,0.0036,0.5740,0.0061,0.6904,161,10.0498
node-local,stress,1047,look,accepted,observed,0,0.0725,0.0454,0.0035,0.5538,0.0038,0.6790,161,10.2174
node-local,stress,1048,move,accepted,moved,1,0.0572,0.0410,0.0045,0.5525,0.0053,0.6605,189,11.9714
node-local,stress,1049,activate,rejected,not_eligible,0,0.0985,0.2193,0.0954,1.1757,0.0097,1.5985,165,10.9351
node-local,stress,1050,move,accepted,moved,1,0.0863,0.0651,0.0067,0.7581,0.0098,0.9260,191,10.9485
node-local,stress,1051,look,accepted,observed,0,0.0840,0.0444,0.0041,0.7090,0.0041,0.8455,161,10.6954
node-local,stress,1052,wait,rejected,invalid_time,0,0.0905,0.0569,0.0040,0.6885,0.0085,0.8485,165,10.4441
node-local,stress,1053,choose,rejected,invalid_choice,0,0.0900,0.0530,0.0042,0.8203,0.0129,0.9803,167,11.5875
node-local,stress,1054,wait,rejected,invalid_time,0,0.1002,0.0571,0.0048,0.7537,0.0090,0.9247,165,11.1043
node-local,stress,1055,look,accepted,observed,0,0.0841,0.0547,0.0049,0.7053,0.0074,0.8563,161,12.1687
node-local,stress,1056,wait,rejected,invalid_time,0,0.0805,0.0492,0.0039,0.6613,0.0068,0.8017,165,11.2758
node-local,stress,1057,take,accepted,taken,1,0.1078,0.0691,0.0085,0.7756,0.0167,0.9777,189,23.7416
node-local,stress,1058,move,accepted,moved,1,0.0933,0.0609,1.1586,0.9946,0.0209,2.3283,187,11.5553
node-local,stress,1059,move,accepted,moved,1,0.0927,0.0618,0.0083,0.7480,0.0057,0.9166,191,11.5125
node-local,stress,1060,look,accepted,observed,0,0.0789,0.0530,0.0051,0.7819,0.0053,0.9241,161,11.6191
node-local,stress,1061,talk,rejected,not_eligible,0,0.1134,0.0549,0.0042,0.8531,0.0092,1.0348,165,13.1983
node-local,stress,1062,wait,rejected,invalid_time,0,0.1052,0.0627,0.0044,0.7978,0.0071,0.9772,165,10.5185
node-local,stress,1063,take,replayed,not_present,0,0.1054,0.0304,0.0003,0.0001,0.0025,0.1386,0,10.1526
node-local,stress,1064,move,accepted,moved,1,0.0743,0.0567,0.0105,0.7751,0.0087,0.9253,187,10.6255
node-local,stress,1065,choose,rejected,invalid_choice,0,0.0673,0.0477,0.0037,0.5306,0.0061,0.6555,167,10.3498
node-local,stress,1066,move,accepted,moved,1,0.0862,0.0590,0.0056,0.6039,0.0069,0.7617,191,10.4919
node-local,stress,1067,move,accepted,moved,1,0.0823,0.0481,0.0043,0.6655,0.0056,0.8058,187,10.1185
node-local,stress,1068,drop,replayed,dropped,0,0.1193,0.0305,0.0002,0.0002,0.0026,0.1528,0,10.1181
node-local,stress,1069,look,accepted,observed,0,0.0572,0.0457,0.0040,0.6158,0.0060,0.7287,161,10.4836
node-local,stress,1070,move,accepted,moved,1,0.0641,0.0433,0.0044,0.6163,0.0055,0.7335,191,10.1077
node-local,stress,1071,move,accepted,moved,1,0.0735,0.0467,0.0038,0.6974,0.0055,0.8269,187,10.6622
node-local,stress,1072,talk,rejected,not_eligible,0,0.0622,0.0396,0.0033,0.5656,0.0042,0.6750,165,10.1374
node-local,stress,1073,activate,rejected,not_eligible,0,0.0611,0.0376,0.0032,0.6722,0.0052,0.7794,165,10.1338
node-local,stress,1074,move,accepted,moved,1,0.0699,0.0452,0.0041,0.6445,0.0048,0.7685,191,10.7379
node-local,stress,1075,look,accepted,observed,0,0.0688,0.0360,0.0030,0.5712,0.0038,0.6828,161,10.1772
node-local,stress,1076,move,accepted,moved,1,0.0698,0.0431,0.0045,0.6370,0.0046,0.7590,189,10.1987
node-local,stress,1077,move,accepted,moved,1,0.0659,0.0400,0.0039,0.5870,0.0068,0.7035,191,10.4961
node-local,stress,1078,move,accepted,moved,1,0.0808,0.0472,0.0043,0.6021,0.0053,0.7397,187,10.7552
node-local,stress,1079,move,accepted,moved,1,0.0727,0.0492,0.0044,0.5972,0.0092,0.7327,189,10.6835
node-local,stress,1080,move,accepted,moved,1,0.0647,0.0392,0.0036,0.5444,0.0052,0.6571,187,10.1722
node-local,stress,1081,talk,rejected,not_eligible,0,0.0725,0.0468,0.0033,0.5385,0.0037,0.6648,165,10.1703
node-local,stress,1082,look,accepted,observed,0,0.0688,0.0398,0.0036,0.5204,0.0040,0.6365,161,10.5256
node-local,stress,1083,choose,rejected,stale_view,0,0.0660,0.0393,0.0030,0.5932,0.0050,0.7065,163,10.1566
node-local,stress,1084,activate,rejected,not_eligible,0,0.0728,0.0422,0.0034,0.5466,0.0050,0.6699,165,10.5352
node-local,stress,1085,wait,rejected,invalid_time,0,0.0617,0.0358,0.0030,0.5295,0.0033,0.6334,165,10.1533
node-local,stress,1086,move,rejected,exit_unavailable,0,0.0753,0.0457,0.0035,0.5212,0.0035,0.6493,169,10.2420
node-local,stress,1087,activate,rejected,not_eligible,0,0.0638,0.0358,0.0033,0.5420,0.0047,0.6496,165,10.5901
node-local,stress,1088,look,accepted,observed,0,0.0669,0.0392,0.0032,0.5238,0.0048,0.6377,161,10.1508
node-local,stress,1089,move,accepted,moved,1,0.0722,0.0446,0.0045,0.5530,0.0045,0.6787,191,10.1214
node-local,stress,1090,move,accepted,moved,1,0.0732,0.0421,0.0039,0.5372,0.0045,0.6608,187,10.5030
node-local,stress,1091,close_choice,rejected,invalid_choice,0,0.0686,0.0401,0.0033,0.5675,0.0036,0.6832,167,10.2861
node-local,stress,1092,look,accepted,observed,0,0.0672,0.0378,0.0032,0.5482,0.0048,0.6612,161,15.0378
node-local,stress,1093,activate,rejected,not_eligible,0,0.0660,0.0422,0.0034,0.6315,0.0044,0.7475,165,10.3909
node-local,stress,1094,move,accepted,moved,1,0.0603,0.0411,0.0042,0.5749,0.0068,0.6872,189,10.2841
node-local,stress,1095,look,accepted,observed,0,0.0821,0.0496,0.0035,0.5487,0.0053,0.6892,161,10.7651
node-local,stress,1096,look,accepted,observed,0,0.0587,0.0385,0.0030,0.5191,0.0037,0.6231,161,10.1672
node-local,stress,1097,move,accepted,moved,1,0.0667,0.0400,0.0041,0.5218,0.0047,0.6374,187,10.1873
node-local,stress,1098,look,accepted,observed,0,0.0731,0.0392,0.0030,0.5923,0.0058,0.7134,161,10.5599
node-local,stress,1099,choose,rejected,invalid_choice,0,0.0757,0.0493,0.0036,0.5957,0.0045,0.7288,167,10.1262
node-local,stress,1100,activate,rejected,not_eligible,0,0.0606,0.0373,0.0030,0.5294,0.0043,0.6348,165,10.4273
node-local,stress,1101,look,accepted,observed,0,0.0684,0.0357,0.0029,0.5448,0.0034,0.6552,161,10.1093
node-local,stress,1102,move,accepted,moved,1,0.0604,0.0398,0.0039,0.5288,0.0042,0.6371,191,10.4223
node-local,stress,1103,move,accepted,moved,1,0.0683,0.0432,0.0035,0.5548,0.0073,0.6770,189,10.5708
node-local,stress,1104,look,accepted,observed,0,0.0622,0.0393,0.0034,0.5040,0.0041,0.6131,161,10.2666
node-local,stress,1105,drop,accepted,dropped,1,0.0715,0.0492,0.0041,0.5175,0.0045,0.6468,196,10.6020
node-local,stress,1106,look,accepted,observed,0,0.0651,0.0369,0.0033,0.5878,0.0058,0.6988,161,10.1205
node-local,stress,1107,move,accepted,moved,1,0.0748,0.0555,0.0045,0.5750,0.0051,0.7149,191,10.2440
node-local,stress,1108,move,accepted,moved,1,0.0672,0.0408,0.0041,0.6489,0.0061,0.7671,189,10.5498
node-local,stress,1109,wait,accepted,waited,1,0.0683,0.0457,0.0041,0.5663,0.0053,0.6896,185,10.1647
node-local,stress,1110,move,rejected,exit_unavailable,0,0.0740,0.0448,0.0035,0.5418,0.0048,0.6689,169,10.1470
node-local,stress,1111,move,accepted,moved,1,0.0680,0.0423,0.0040,0.5412,0.0044,0.6599,191,10.4479
node-local,stress,1112,look,accepted,observed,0,0.0708,0.0401,0.0031,0.5270,0.0041,0.6451,161,10.2249
node-local,stress,1113,look,accepted,observed,0,0.0696,0.0402,0.0032,0.5103,0.0039,0.6273,161,10.4913
node-local,stress,1114,look,accepted,observed,0,0.0613,0.0357,0.0030,0.5215,0.0036,0.6250,161,10.2185
node-local,stress,1115,look,accepted,observed,0,0.0595,0.0343,0.0030,0.5310,0.0039,0.6316,161,10.2336
node-local,stress,1116,move,accepted,moved,1,0.0562,0.0382,0.0038,0.5193,0.0045,0.6220,187,10.6155
node-local,stress,1117,look,accepted,observed,0,0.0616,0.0360,0.0034,0.4920,0.0036,0.5966,161,10.1975
node-local,stress,1118,move,accepted,moved,1,0.0713,0.0405,0.0047,0.5256,0.0045,0.6465,191,10.1532
node-local,stress,1119,look,accepted,observed,0,0.0559,0.0335,0.0031,0.5203,0.0035,0.6164,161,10.5302
node-local,stress,1120,look,accepted,observed,0,0.0571,0.0338,0.0031,0.4838,0.0038,0.5817,161,10.1090
node-local,stress,1121,move,rejected,exit_unavailable,0,0.0555,0.0386,0.0032,0.5181,0.0048,0.6202,169,10.5135
node-local,stress,1122,activate,rejected,not_eligible,0,0.0572,0.0348,0.0032,0.5551,0.0042,0.6545,165,10.1393
node-local,stress,1123,wait,rejected,invalid_time,0,0.0674,0.0423,0.0031,0.5333,0.0037,0.6497,165,10.1298
node-local,stress,1124,look,accepted,observed,0,0.0814,0.0470,0.0035,0.5430,0.0041,0.6790,161,10.6589
node-local,stress,1125,move,accepted,moved,1,0.0591,0.0378,0.0041,0.5100,0.0045,0.6155,187,10.1832
node-local,stress,1126,move,accepted,moved,1,0.0674,0.0404,0.0037,0.5235,0.0039,0.6388,191,10.5107
node-local,stress,1127,choose,rejected,stale_view,0,0.0749,0.0344,0.0032,0.5618,0.0034,0.6777,163,10.1148
node-local,stress,1128,choose,rejected,invalid_choice,0,0.0716,0.0442,0.0034,0.5388,0.0038,0.6619,167,10.2992
node-local,stress,1129,look,accepted,observed,0,0.0550,0.0323,0.0031,0.4725,0.0037,0.5665,161,10.5616
node-local,stress,1130,take,rejected,not_present,0,0.0750,0.0486,0.0041,0.5735,0.0043,0.7055,164,10.1642
node-local,stress,1131,choose,rejected,invalid_choice,0,0.0692,0.0406,0.0032,0.5856,0.0072,0.7058,167,10.1331
node-local,stress,1132,look,accepted,observed,0,0.0803,0.0490,0.0043,0.6092,0.0040,0.7468,161,10.4435
node-local,stress,1133,move,accepted,moved,1,0.0680,0.0428,0.0040,0.5389,0.0044,0.6579,189,10.1440
node-local,stress,1134,move,rejected,exit_unavailable,0,0.0523,0.0410,0.0032,0.6827,0.0038,0.7829,169,10.4869
node-local,stress,1135,look,accepted,observed,0,0.0538,0.0318,0.0030,0.5067,0.0035,0.5987,161,10.1904
node-local,stress,1136,activate,rejected,not_eligible,0,0.0622,0.0383,0.0031,0.5112,0.0039,0.6187,165,10.2051
node-local,stress,1137,look,accepted,observed,0,0.0511,0.0333,0.0032,0.4654,0.0036,0.5566,161,10.5584
node-local,stress,1138,look,accepted,observed,0,0.0888,0.0523,0.0037,0.5717,0.0046,0.7211,161,10.1285
node-local,stress,1139,move,accepted,moved,1,0.0712,0.0444,0.0038,0.5282,0.0049,0.6525,191,10.5960
node-local,stress,1140,move,accepted,moved,1,0.0761,0.0431,0.0037,0.5670,0.0035,0.6934,187,10.1045
node-local,stress,1141,choose,rejected,invalid_choice,0,0.0595,0.0403,0.0031,0.6138,0.0045,0.7212,167,10.0901
node-local,stress,1142,look,accepted,observed,0,0.0697,0.0392,0.0030,0.5528,0.0042,0.6689,161,10.4775
node-local,stress,1143,move,accepted,moved,1,0.0556,0.0363,0.0035,0.5243,0.0040,0.6237,191,10.1794
node-local,stress,1144,look,accepted,observed,0,0.0556,0.0390,0.0031,0.5539,0.0039,0.6555,161,10.2698
node-local,stress,1145,take,rejected,not_present,0,0.0674,0.0420,0.0029,0.5869,0.0043,0.7035,164,10.4793
node-local,stress,1146,look,accepted,observed,0,0.0999,0.0501,0.0063,0.7571,0.0054,0.9188,161,10.1919
node-local,stress,1147,wait,rejected,invalid_time,0,0.0780,0.0522,0.0035,0.7251,0.0060,0.8648,165,10.5980
node-local,stress,1148,choose,rejected,invalid_choice,0,0.0708,0.0425,0.0030,0.5375,0.0037,0.6575,167,10.1228
node-local,stress,1149,move,accepted,moved,1,0.0723,0.0440,0.0048,0.5252,0.0042,0.6504,189,10.1463
node-local,stress,1150,take,accepted,taken,1,0.0669,0.0447,0.0042,0.5752,0.0056,0.6966,189,10.4753
node-local,stress,1151,move,accepted,moved,1,0.0694,0.0521,0.0044,0.5763,0.0068,0.7090,191,10.9839
node-local,stress,1152,drop,accepted,dropped,1,0.0960,0.0543,0.0051,0.6230,0.0052,0.7836,198,10.1878
node-local,stress,1153,look,accepted,observed,0,0.0660,0.0397,0.0033,0.5277,0.0035,0.6402,161,10.4892
node-local,stress,1154,move,accepted,moved,1,0.0698,0.0497,0.0044,0.5486,0.0043,0.6768,189,10.0882
node-local,stress,1155,look,accepted,observed,0,0.0640,0.0391,0.0030,0.5376,0.0038,0.6475,161,10.5845
node-local,stress,1156,move,accepted,moved,1,0.0698,0.0415,0.0039,0.5970,0.0050,0.7172,191,10.1598
node-local,stress,1157,look,accepted,observed,0,0.0652,0.0367,0.0031,0.5432,0.0042,0.6525,161,10.1538
node-local,stress,1158,move,rejected,exit_unavailable,0,0.0637,0.0377,0.0033,0.5248,0.0041,0.6336,169,10.6143
node-local,stress,1159,look,accepted,observed,0,0.0648,0.0368,0.0032,0.5202,0.0039,0.6289,161,10.1319
node-local,stress,1160,move,accepted,moved,1,0.0818,0.0501,0.0071,0.5707,0.0048,0.7144,187,10.5528
node-local,stress,1161,move,accepted,moved,1,0.0748,0.0435,0.0049,0.6123,0.0051,0.7406,189,10.1833
node-local,stress,1162,talk,rejected,not_eligible,0,0.0773,0.0455,0.0035,0.5366,0.0049,0.6677,165,10.2700
node-local,stress,1163,look,accepted,observed,0,0.0727,0.0382,0.0032,0.5523,0.0042,0.6707,161,10.5098
node-local,stress,1164,look,accepted,observed,0,0.0608,0.0356,0.0031,0.5198,0.0038,0.6231,161,10.0714
node-local,stress,1165,look,accepted,observed,0,0.0627,0.0333,0.0030,0.6120,0.0053,0.7163,161,10.1290
node-local,stress,1166,look,accepted,observed,0,0.0779,0.0426,0.0033,0.5404,0.0045,0.6687,161,10.5182
node-local,stress,1167,move,rejected,exit_unavailable,0,0.0673,0.0394,0.0035,0.5789,0.0032,0.6924,169,10.2150
node-local,stress,1168,look,accepted,observed,0,0.0700,0.0392,0.0037,0.5242,0.0040,0.6410,161,10.4703
node-local,stress,1169,wait,rejected,invalid_time,0,0.0569,0.0371,0.0028,0.5066,0.0038,0.6073,165,10.4586
node-local,stress,1170,move,accepted,moved,1,0.0533,0.0372,0.0036,0.5356,0.0053,0.6351,187,10.2350
node-local,stress,1171,look,accepted,observed,0,0.0708,0.0367,0.0034,0.5278,0.0042,0.6429,161,10.5883
node-local,stress,1172,take,rejected,not_present,0,0.0811,0.0508,0.0043,0.6050,0.0045,0.7457,164,10.1924
node-local,stress,1173,move,accepted,moved,1,0.0663,0.0391,0.0038,0.5053,0.0041,0.6185,191,10.5556
node-local,stress,1174,activate,rejected,not_eligible,0,0.0542,0.0323,0.0030,0.4935,0.0032,0.5863,165,10.2086
node-local,stress,1175,wait,rejected,invalid_time,0,0.0656,0.0430,0.0030,0.5277,0.0037,0.6430,165,10.2703
node-local,stress,1176,take,accepted,taken,1,0.0679,0.0396,0.0035,0.5380,0.0047,0.6537,189,10.5092
node-local,stress,1177,activate,rejected,not_eligible,0,0.0560,0.0384,0.0033,0.5170,0.0037,0.6184,165,10.1107
node-local,stress,1178,wait,rejected,invalid_time,0,0.0567,0.0396,0.0030,0.5089,0.0034,0.6116,165,10.1906
node-local,stress,1179,move,accepted,moved,1,0.0677,0.0400,0.0039,0.5752,0.0051,0.6919,187,10.4895
node-local,stress,1180,move,accepted,moved,1,0.0805,0.0535,0.0065,0.5966,0.0058,0.7429,189,10.1508
node-local,stress,1181,choose,rejected,invalid_choice,0,0.0792,0.0449,0.0035,0.5452,0.0048,0.6776,167,10.4845
node-local,stress,1182,wait,rejected,invalid_time,0,0.0604,0.0335,0.0042,0.5258,0.0034,0.6273,165,10.0745
node-local,stress,1183,look,accepted,observed,0,0.0667,0.0384,0.0033,0.5520,0.0039,0.6643,161,10.2455
node-local,stress,1184,look,accepted,observed,0,0.0571,0.0339,0.0030,0.5853,0.0066,0.6859,161,10.5429
node-local,stress,1185,move,accepted,moved,1,0.0658,0.0441,0.0045,0.5313,0.0048,0.6505,187,10.1210
node-local,stress,1186,activate,rejected,not_eligible,0,0.0674,0.0385,0.0030,0.5565,0.0040,0.6694,165,10.2141
node-local,stress,1187,close_choice,rejected,invalid_choice,0,0.0581,0.0418,0.0028,0.5601,0.0038,0.6667,167,10.5992
node-local,stress,1188,move,accepted,moved,1,0.0695,0.0385,0.0037,0.6268,0.0066,0.7451,191,10.1580
node-local,stress,1189,close_choice,rejected,invalid_choice,0,0.0707,0.0440,0.0036,0.5805,0.0049,0.7037,167,10.5505
node-local,stress,1190,look,accepted,observed,0,0.0673,0.0403,0.0034,0.5172,0.0039,0.6320,161,10.1282
node-local,stress,1191,move,rejected,exit_unavailable,0,0.0602,0.0380,0.0032,0.5061,0.0035,0.6110,169,10.1218
node-local,stress,1192,look,accepted,observed,0,0.0581,0.0338,0.0032,0.4777,0.0038,0.5765,161,10.5026
node-local,stress,1193,look,accepted,observed,0,0.0692,0.0362,0.0029,0.5738,0.0045,0.6866,161,10.0814
node-local,stress,1194,wait,rejected,invalid_time,0,0.0686,0.0440,0.0030,0.5290,0.0035,0.6482,165,10.4907
node-local,stress,1195,move,accepted,moved,1,0.0791,0.0380,0.0037,0.5705,0.0042,0.6956,187,10.1535
node-local,stress,1196,choose,rejected,invalid_choice,0,0.0652,0.0443,0.0030,0.5168,0.0040,0.6333,167,10.1688
node-local,stress,1197,talk,rejected,not_eligible,0,0.0507,0.0360,0.0030,0.5014,0.0040,0.5952,165,10.4635
node-local,stress,1198,move,rejected,exit_unavailable,0,0.0668,0.0418,0.0058,0.5340,0.0040,0.6524,169,10.1597
node-local,stress,1199,look,accepted,observed,0,0.0676,0.0380,0.0030,0.5278,0.0040,0.6404,161,10.1545
node-local,stress,1200,talk,rejected,not_eligible,0,0.0677,0.0381,0.0032,0.5570,0.0035,0.6696,165,10.4207
node-local,stress,1201,look,accepted,observed,0,0.0667,0.0385,0.0030,0.5469,0.0039,0.6591,161,10.0899
node-local,stress,1202,drop,accepted,dropped,1,0.0602,0.0401,0.0040,0.5294,0.0039,0.6376,194,10.4715
node-local,stress,1203,look,accepted,observed,0,0.0615,0.0308,0.0029,0.4875,0.0031,0.5857,161,10.1654
node-local,stress,1204,move,accepted,moved,1,0.0665,0.0417,0.0038,0.5489,0.0043,0.6652,189,10.2213
node-local,stress,1205,look,accepted,observed,0,0.0540,0.0323,0.0032,0.4862,0.0036,0.5794,161,10.6130
node-local,stress,1206,move,accepted,moved,1,0.0564,0.0382,0.0036,0.5643,0.0042,0.6666,187,10.9184
node-local,stress,1207,move,accepted,moved,1,0.0730,0.0420,0.0036,0.6848,0.0093,0.8126,189,11.0409
node-local,stress,1208,look,accepted,observed,0,0.0594,0.0318,0.0031,0.6155,0.0034,0.7131,161,10.5420
node-local,stress,1209,move,accepted,moved,1,0.0765,0.0496,0.0048,0.5720,0.0083,0.7113,187,10.5283
node-local,stress,1210,take,accepted,taken,1,0.0789,0.0480,0.0051,0.6005,0.0047,0.7373,189,10.6215
node-local,stress,1211,choose,rejected,invalid_choice,0,0.0595,0.0382,0.0029,0.5754,0.0037,0.6797,167,10.1095
node-local,stress,1212,look,accepted,observed,0,0.0557,0.0334,0.0031,0.5017,0.0037,0.5977,161,10.1742
node-local,stress,1213,move,accepted,moved,1,0.0563,0.0381,0.0036,0.7025,0.0093,0.8098,189,10.6147
node-local,stress,1214,move,rejected,exit_unavailable,0,0.0704,0.0383,0.0030,0.5169,0.0037,0.6323,169,10.1358
node-local,stress,1215,move,accepted,moved,1,0.0530,0.0363,0.0038,0.4829,0.0041,0.5802,187,10.6459
node-local,stress,1216,look,accepted,observed,0,0.0596,0.0362,0.0029,0.5485,0.0031,0.6504,161,10.2196
node-local,stress,1217,move,accepted,moved,1,0.0743,0.0487,0.0054,0.5955,0.0050,0.7289,191,10.2301
node-local,stress,1218,look,accepted,observed,0,0.0590,0.0369,0.0034,0.4829,0.0036,0.5859,161,10.6300
node-local,stress,1219,choose,rejected,stale_view,0,0.0858,0.0408,0.0037,0.5611,0.0042,0.6958,163,10.1325
node-local,stress,1220,wait,rejected,invalid_time,0,0.0581,0.0411,0.0055,0.7430,0.0039,0.8516,165,10.1201
node-local,stress,1221,look,accepted,observed,0,0.0678,0.0344,0.0036,0.5311,0.0040,0.6408,161,10.5235
node-local,stress,1222,look,accepted,observed,0,0.0775,0.0365,0.0030,0.5478,0.0034,0.6683,161,10.1036
node-local,stress,1223,move,accepted,moved,1,0.0559,0.0394,0.0040,0.5058,0.0042,0.6093,189,10.4963
node-local,stress,1224,wait,rejected,invalid_time,0,0.0487,0.0380,0.0031,0.4885,0.0037,0.5821,165,10.0953
node-local,stress,1225,drop,accepted,dropped,1,0.0582,0.0359,0.0038,0.5691,0.0045,0.6715,196,10.1613
node-local,stress,1226,move,accepted,moved,1,0.0596,0.0442,0.0036,0.5423,0.0043,0.6540,191,10.6467
node-local,stress,1227,move,rejected,exit_unavailable,0,0.0711,0.0425,0.0032,0.6234,0.0073,0.7475,169,10.1494
node-local,stress,1228,move,accepted,moved,1,0.0544,0.0368,0.0034,0.5893,0.0045,0.6884,189,10.4801
node-local,stress,1229,look,accepted,observed,0,0.0632,0.0298,0.0033,0.5359,0.0035,0.6357,161,10.1340
node-local,stress,1230,look,accepted,observed,0,0.0695,0.0390,0.0029,0.5310,0.0042,0.6468,161,10.1610
node-local,stress,1231,take,accepted,taken,1,0.0681,0.0386,0.0036,0.6087,0.0044,0.7234,189,10.4111
node-local,stress,1232,drop,accepted,dropped,1,0.0593,0.0366,0.0041,0.5723,0.0037,0.6761,196,10.0910
node-local,stress,1233,wait,rejected,invalid_time,0,0.0642,0.0389,0.0029,0.5580,0.0036,0.6677,165,10.1791
node-local,stress,1234,choose,rejected,invalid_choice,0,0.0575,0.0390,0.0028,0.5160,0.0038,0.6192,167,10.4393
node-local,stress,1235,look,accepted,observed,0,0.0712,0.0367,0.0032,0.5543,0.0038,0.6692,161,10.3369
node-local,stress,1236,drop,replayed,dropped,0,0.1377,0.0239,0.0005,0.0001,0.0019,0.1642,0,10.5791
node-local,stress,1237,move,accepted,moved,1,0.0852,0.0713,0.0054,0.7279,0.0062,0.8960,191,10.2025
node-local,stress,1238,move,accepted,moved,1,0.0794,0.0472,0.0042,0.6227,0.0060,0.7594,187,10.1746
node-local,stress,1239,take,rejected,not_present,0,0.0706,0.0458,0.0035,0.5992,0.0048,0.7240,164,10.5627
node-local,stress,1240,move,accepted,moved,1,0.0757,0.0452,0.0040,0.6395,0.0059,0.7702,189,10.1503
node-local,stress,1241,choose,rejected,stale_view,0,0.0654,0.0373,0.0032,0.5830,0.0085,0.6973,163,10.5225
node-local,stress,1242,move,accepted,moved,1,0.0778,0.0383,0.0039,0.5654,0.0042,0.6896,187,10.1595
node-local,stress,1243,move,accepted,moved,1,0.0665,0.0488,0.0041,0.5519,0.0040,0.6753,189,10.3666
node-local,stress,1244,move,accepted,moved,1,0.0692,0.0490,0.0038,0.5835,0.0041,0.7096,187,10.5265
node-local,stress,1245,move,accepted,moved,1,0.0689,0.0408,0.0038,0.5830,0.0072,0.7037,191,10.1039
node-local,stress,1246,close_choice,rejected,invalid_choice,0,0.0826,0.0535,0.0040,0.6285,0.0061,0.7747,167,10.2401
node-local,stress,1247,activate,rejected,not_eligible,0,0.0695,0.0457,0.0035,0.5775,0.0041,0.7003,165,10.4740
node-local,stress,1248,move,accepted,moved,1,0.0766,0.0427,0.0038,0.5651,0.0064,0.6946,189,10.1564
node-local,stress,1249,wait,rejected,invalid_time,0,0.0700,0.0455,0.0037,0.7108,0.0050,0.8349,165,10.5527
node-local,stress,1250,take,accepted,taken,1,0.0716,0.0396,0.0039,0.5850,0.0043,0.7045,189,10.1370
node-local,stress,1251,wait,rejected,invalid_time,0,0.0798,0.0474,0.0032,0.6185,0.0050,0.7540,165,10.1519
node-local,stress,1252,move,accepted,moved,1,0.0832,0.0482,0.0040,0.5622,0.0056,0.7032,191,10.5839
node-local,stress,1253,look,accepted,observed,0,0.0600,0.0382,0.0032,0.5333,0.0038,0.6385,161,10.1755
node-local,stress,1254,wait,rejected,invalid_time,0,0.0596,0.0427,0.0030,0.5792,0.0040,0.6885,165,10.1572
node-local,stress,1255,look,accepted,observed,0,0.0619,0.0405,0.0030,0.6623,0.0058,0.7736,161,10.4255
node-local,stress,1256,talk,rejected,not_eligible,0,0.0640,0.0411,0.0035,0.4677,0.0049,0.5813,165,10.0925
node-local,stress,1257,move,accepted,moved,1,0.0742,0.0451,0.0037,0.5392,0.0045,0.6669,189,10.5621
node-local,stress,1258,move,accepted,moved,1,0.0709,0.0414,0.0037,0.5439,0.0041,0.6640,191,10.1406
node-local,stress,1259,move,accepted,moved,1,0.0639,0.0399,0.0035,0.5171,0.0040,0.6283,189,10.1412
node-local,stress,1260,look,accepted,observed,0,0.0617,0.0355,0.0031,0.4635,0.0037,0.5675,161,10.8565
node-local,stress,1261,wait,rejected,invalid_time,0,0.0722,0.0408,0.0035,0.6609,0.0042,0.7815,165,10.2274
node-local,stress,1262,move,accepted,moved,1,0.0642,0.0427,0.0039,0.5058,0.0040,0.6205,191,10.5045
node-local,stress,1263,talk,rejected,not_eligible,0,0.0684,0.0340,0.0030,0.4836,0.0033,0.5923,165,10.1104
node-local,stress,1264,look,accepted,observed,0,0.0592,0.0353,0.0032,0.5051,0.0042,0.6070,161,10.2068
node-local,stress,1265,move,accepted,moved,1,0.0589,0.0490,0.0040,0.5292,0.0045,0.6457,189,10.5873
node-local,stress,1266,move,accepted,moved,1,0.0622,0.0392,0.0037,0.4950,0.0065,0.6066,191,10.2271
node-local,stress,1267,look,accepted,observed,0,0.0703,0.0329,0.0030,0.6278,0.0041,0.7381,161,10.2183
node-local,stress,1268,look,accepted,observed,0,0.0543,0.0352,0.0031,0.4762,0.0035,0.5722,161,10.5675
node-local,stress,1269,look,accepted,observed,0,0.0662,0.0379,0.0030,0.4970,0.0037,0.6077,161,10.1963
node-local,stress,1270,move,accepted,moved,1,0.0580,0.0384,0.0036,0.4760,0.0045,0.5805,187,10.4797
node-local,stress,1271,look,accepted,observed,0,0.0524,0.0325,0.0035,0.5752,0.0033,0.6669,161,10.1644
node-local,stress,1272,drop,accepted,dropped,1,0.0669,0.0405,0.0039,0.5345,0.0066,0.6524,194,10.1692
node-local,stress,1273,move,accepted,moved,1,0.0640,0.0395,0.0040,0.5840,0.0090,0.7004,189,10.5676
node-local,stress,1274,look,accepted,observed,0,0.0931,0.0473,0.0038,0.6347,0.0050,0.7840,161,10.1323
node-local,stress,1275,look,accepted,observed,0,0.0733,0.0452,0.0033,0.6438,0.0047,0.7703,161,10.5251
node-local,stress,1276,take,rejected,not_present,0,0.0702,0.0516,0.0035,0.5310,0.0046,0.6608,164,10.0937
node-local,stress,1277,look,accepted,observed,0,0.0695,0.0358,0.0030,0.4958,0.0036,0.6078,161,10.1923
node-local,stress,1278,look,accepted,observed,0,0.0688,0.0348,0.0031,0.5643,0.0045,0.6755,161,10.5333
node-local,stress,1279,look,accepted,observed,0,0.0561,0.0326,0.0028,0.4574,0.0039,0.5528,161,10.1607
node-local,stress,1280,take,rejected,not_present,0,0.0573,0.0365,0.0032,0.4945,0.0035,0.5949,164,10.2063
node-local,stress,1281,move,accepted,moved,1,0.0665,0.0413,0.0037,0.5398,0.0043,0.6556,187,10.4670
node-local,stress,1282,look,accepted,observed,0,0.0691,0.0368,0.0030,0.5679,0.0043,0.6812,161,10.1035
node-local,stress,1283,move,accepted,moved,1,0.0603,0.0410,0.0040,0.5310,0.0046,0.6410,191,10.4902
node-local,stress,1284,wait,accepted,waited,1,0.0748,0.0395,0.0039,0.5751,0.0045,0.6978,185,10.0817
node-local,stress,1285,look,accepted,observed,0,0.0660,0.0397,0.0031,0.5069,0.0034,0.6190,161,10.1061
node-local,stress,1286,move,accepted,moved,1,0.0640,0.0405,0.0034,0.5805,0.0058,0.6943,189,10.5028
node-local,stress,1287,move,accepted,moved,1,0.0581,0.0400,0.0035,0.5142,0.0041,0.6200,191,10.1218
node-local,stress,1288,look,accepted,observed,0,0.0484,0.0348,0.0046,0.5138,0.0040,0.6057,161,10.1873
node-local,stress,1289,move,accepted,moved,1,0.0635,0.0370,0.0037,0.5505,0.0060,0.6608,189,10.5179
node-local,stress,1290,wait,rejected,invalid_time,0,0.0585,0.0387,0.0031,0.4908,0.0050,0.5961,165,10.1496
node-local,stress,1291,look,accepted,observed,0,0.0569,0.0345,0.0031,0.5258,0.0045,0.6248,161,10.4630
node-local,stress,1292,wait,rejected,invalid_time,0,0.0675,0.0361,0.0029,0.5301,0.0037,0.6402,165,10.1131
node-local,stress,1293,move,accepted,moved,1,0.0635,0.0415,0.0039,0.5499,0.0063,0.6653,191,10.1513
node-local,stress,1294,wait,rejected,invalid_time,0,0.0798,0.0467,0.0035,0.5496,0.0082,0.6878,165,10.5149
node-local,stress,1295,look,accepted,observed,0,0.0587,0.0341,0.0032,0.5278,0.0058,0.6296,161,10.1912
node-local,stress,1296,move,accepted,moved,1,0.0673,0.0493,0.0047,0.5519,0.0054,0.6786,189,10.5580
node-local,stress,1297,activate,rejected,not_eligible,0,0.0562,0.0340,0.0028,0.4707,0.0032,0.5669,165,10.2547
node-local,stress,1298,look,accepted,observed,0,0.0622,0.0343,0.0034,0.4864,0.0037,0.5898,161,10.2920
node-local,stress,1299,look,accepted,observed,0,0.0577,0.0346,0.0030,0.4587,0.0036,0.5576,161,10.5385
node-local,stress,1300,talk,rejected,not_eligible,0,0.0575,0.0372,0.0028,0.5010,0.0034,0.6020,165,10.1432
node-local,stress,1301,take,rejected,not_present,0,0.0669,0.0401,0.0031,0.5035,0.0042,0.6179,164,10.2000
node-local,stress,1302,move,accepted,moved,1,0.0666,0.0413,0.0039,0.5317,0.0048,0.6483,191,10.5434
node-local,stress,1303,move,rejected,exit_unavailable,0,0.0632,0.0431,0.0030,0.5622,0.0061,0.6777,169,10.2066
node-local,stress,1304,look,accepted,observed,0,0.0759,0.0420,0.0036,0.5982,0.0049,0.7246,161,10.4708
node-local,stress,1305,wait,rejected,invalid_time,0,0.0580,0.0351,0.0030,0.5236,0.0040,0.6237,165,10.2206
node-local,stress,1306,move,accepted,moved,1,0.0678,0.0411,0.0039,0.5447,0.0045,0.6620,189,10.1803
node-local,stress,1307,activate,rejected,not_eligible,0,0.0640,0.0365,0.0033,0.4868,0.0038,0.5944,165,10.5699
node-local,stress,1308,look,accepted,observed,0,0.0585,0.0359,0.0031,0.4911,0.0039,0.5925,161,10.2330
node-local,stress,1309,look,accepted,observed,0,0.0483,0.0320,0.0028,0.5521,0.0074,0.6427,161,10.5796
node-local,stress,1310,look,accepted,observed,0,0.0785,0.0410,0.0039,0.5295,0.0033,0.6562,161,10.0675
node-local,stress,1311,wait,rejected,invalid_time,0,0.0572,0.0387,0.0031,0.4611,0.0037,0.5639,165,10.0963
node-local,stress,1312,look,accepted,observed,0,0.0671,0.0391,0.0030,0.5090,0.0035,0.6218,161,10.4925
node-local,stress,1313,look,accepted,observed,0,0.0585,0.0340,0.0031,0.4702,0.0032,0.5690,161,10.2110
node-local,stress,1314,wait,rejected,invalid_time,0,0.0560,0.0397,0.0032,0.4431,0.0036,0.5456,165,10.1694
node-local,stress,1315,take,rejected,not_present,0,0.0692,0.0490,0.0030,0.4606,0.0037,0.5855,164,10.5376
node-local,stress,1316,wait,rejected,invalid_time,0,0.0550,0.0378,0.0030,0.4661,0.0033,0.5652,165,10.1142
node-local,stress,1317,look,accepted,observed,0,0.0635,0.0363,0.0027,0.5762,0.0058,0.6845,161,10.6319
node-local,stress,1318,look,accepted,observed,0,0.0796,0.0419,0.0038,0.5719,0.0036,0.7007,161,10.1401
node-local,stress,1319,activate,rejected,not_eligible,0,0.0684,0.0429,0.0032,0.5789,0.0050,0.6984,165,10.2225
node-local,stress,1320,look,accepted,observed,0,0.0669,0.0358,0.0037,0.4696,0.0035,0.5796,161,10.5844
node-local,stress,1321,activate,rejected,not_eligible,0,0.0668,0.0372,0.0030,0.4970,0.0034,0.6073,165,10.1493
node-local,stress,1322,look,accepted,observed,0,0.0619,0.0347,0.0031,0.4805,0.0035,0.5837,161,10.1276
node-local,stress,1323,look,accepted,observed,0,0.0676,0.0388,0.0032,0.5131,0.0036,0.6264,161,10.5717
node-local,stress,1324,move,accepted,moved,1,0.0563,0.0389,0.0042,0.5241,0.0051,0.6285,191,10.1380
node-local,stress,1325,look,accepted,observed,0,0.0571,0.0338,0.0030,0.6693,0.0052,0.7683,161,10.5082
node-local,stress,1326,wait,rejected,invalid_time,0,0.0647,0.0390,0.0029,0.6009,0.0062,0.7137,165,10.2616
node-local,stress,1327,look,accepted,observed,0,0.0781,0.0469,0.0037,0.5883,0.0046,0.7216,161,10.1462
node-local,stress,1328,wait,rejected,invalid_time,0,0.0665,0.0434,0.0029,0.5418,0.0037,0.6585,165,10.6398
node-local,stress,1329,look,accepted,observed,0,0.0590,0.0346,0.0030,0.4603,0.0035,0.5605,161,10.0539
node-local,stress,1330,look,accepted,observed,0,0.0572,0.0332,0.0030,0.5296,0.0069,0.6300,161,10.6250
node-local,stress,1331,look,accepted,observed,0,0.0789,0.0385,0.0030,0.6277,0.0037,0.7518,161,10.1434
node-local,stress,1332,take,rejected,not_present,0,0.0815,0.0419,0.0034,0.5359,0.0043,0.6670,164,10.1393
node-local,stress,1333,move,accepted,moved,1,0.0666,0.0409,0.0037,0.5498,0.0041,0.6650,187,10.5681
node-local,stress,1334,choose,rejected,invalid_choice,0,0.0680,0.0398,0.0030,0.5289,0.0032,0.6430,167,10.3725
node-local,stress,1335,move,rejected,exit_unavailable,0,0.0657,0.0383,0.0031,0.5854,0.0061,0.6985,169,10.1914
node-local,stress,1336,wait,rejected,invalid_time,0,0.0704,0.0533,0.0033,0.5721,0.0045,0.7037,165,10.3981
node-local,stress,1337,move,accepted,moved,1,0.0718,0.0405,0.0039,0.5403,0.0043,0.6608,189,10.0953
node-local,stress,1338,look,accepted,observed,0,0.0692,0.0407,0.0030,0.5152,0.0038,0.6318,161,10.4857
node-local,stress,1339,look,accepted,observed,0,0.0615,0.0334,0.0029,0.4903,0.0030,0.5910,161,10.2303
node-local,stress,1340,move,accepted,moved,1,0.0681,0.0399,0.0034,0.5467,0.0042,0.6623,187,10.2584
node-local,stress,1341,move,accepted,moved,1,0.0602,0.0385,0.0045,0.5168,0.0041,0.6240,189,10.5050
node-local,stress,1342,move,accepted,moved,1,0.0710,0.0472,0.0043,0.5688,0.0048,0.6961,187,10.1459
node-local,stress,1343,look,accepted,observed,0,0.0698,0.0335,0.0030,0.4956,0.0036,0.6055,161,10.5262
node-local,stress,1344,move,accepted,moved,1,0.0604,0.0349,0.0037,0.6041,0.0046,0.7077,189,10.2318
node-local,stress,1345,move,accepted,moved,1,0.0741,0.0567,0.0040,0.5873,0.0058,0.7280,187,10.0931
node-local,stress,1346,move,rejected,exit_unavailable,0,0.0786,0.0446,0.0032,0.5432,0.0042,0.6739,169,10.5541
node-local,stress,1347,wait,rejected,invalid_time,0,0.0642,0.0397,0.0031,0.5323,0.0043,0.6437,165,10.0797
node-local,stress,1348,look,accepted,observed,0,0.0635,0.0387,0.0032,0.5249,0.0033,0.6337,161,10.2227
node-local,stress,1349,move,accepted,moved,1,0.0500,0.0353,0.0037,0.5611,0.0060,0.6562,189,10.5367
node-local,stress,1350,look,accepted,observed,0,0.0601,0.0400,0.0032,0.5645,0.0057,0.6735,161,10.1716
node-local,stress,1351,wait,rejected,invalid_time,0,0.0755,0.0484,0.0034,0.5267,0.0045,0.6585,165,10.7689
node-local,stress,1352,talk,rejected,not_eligible,0,0.0526,0.0356,0.0031,0.4582,0.0033,0.5529,165,10.2254
node-local,stress,1353,wait,rejected,invalid_time,0,0.0526,0.0370,0.0030,0.4697,0.0035,0.5657,165,10.1583
node-local,stress,1354,move,accepted,moved,1,0.0587,0.0391,0.0039,0.5641,0.0062,0.6720,187,10.7095
node-local,stress,1355,move,accepted,moved,1,0.0918,0.0512,0.0052,0.6071,0.0050,0.7605,191,10.1242
node-local,stress,1356,close_choice,rejected,invalid_choice,0,0.0771,0.0471,0.0053,0.5278,0.0042,0.6616,167,10.1559
node-local,stress,1357,talk,rejected,not_eligible,0,0.0669,0.0396,0.0030,0.4949,0.0035,0.6079,165,10.4763
node-local,stress,1358,move,accepted,moved,1,0.0593,0.0440,0.0037,0.5081,0.0042,0.6193,189,10.0947
node-local,stress,1359,choose,rejected,invalid_choice,0,0.0604,0.0385,0.0030,0.5744,0.0041,0.6804,167,10.4594
node-local,stress,1360,move,accepted,moved,1,0.0624,0.0380,0.0035,0.6266,0.0041,0.7345,191,10.2114
node-local,stress,1361,move,accepted,moved,1,0.0525,0.0377,0.0036,0.5325,0.0045,0.6308,187,10.2800
node-local,stress,1362,move,rejected,exit_unavailable,0,0.0664,0.0404,0.0030,0.5073,0.0035,0.6206,169,10.4960
node-local,stress,1363,move,accepted,moved,1,0.0684,0.0405,0.0041,0.5187,0.0043,0.6359,189,10.1066
node-local,stress,1364,move,accepted,moved,1,0.0678,0.0403,0.0035,0.5353,0.0044,0.6513,187,10.5489
node-local,stress,1365,move,rejected,exit_unavailable,0,0.0702,0.0336,0.0030,0.5090,0.0028,0.6186,169,10.0944
node-local,stress,1366,move,accepted,moved,1,0.0620,0.0410,0.0036,0.5160,0.0042,0.6267,189,10.1781
node-local,stress,1367,activate,accepted,activated,1,0.0659,0.0409,0.0037,0.5178,0.0042,0.6325,197,10.5253
node-local,stress,1368,talk,rejected,not_owned,0,0.0570,0.0358,0.0030,0.4808,0.0031,0.5797,162,10.1760
node-local,stress,1369,move,accepted,moved,1,0.0527,0.0379,0.0036,0.5937,0.0042,0.6921,187,10.2033
node-local,stress,1370,activate,rejected,not_eligible,0,0.0542,0.0345,0.0033,0.4744,0.0040,0.5704,165,10.4907
node-local,stress,1371,look,accepted,observed,0,0.0599,0.0394,0.0033,0.5081,0.0034,0.6141,161,10.1433
node-local,stress,1372,look,accepted,observed,0,0.0579,0.0343,0.0034,0.5333,0.0051,0.6339,161,10.4580
node-local,stress,1373,look,accepted,observed,0,0.0631,0.0308,0.0028,0.4907,0.0032,0.5906,161,10.0362
node-local,stress,1374,move,accepted,moved,1,0.0633,0.0438,0.0038,0.5581,0.0065,0.6755,191,10.0799
node-local,stress,1375,look,accepted,observed,0,0.0766,0.0449,0.0070,0.5839,0.0042,0.7165,161,10.5204
node-local,stress,1376,move,accepted,moved,1,0.0720,0.0463,0.0380,0.6023,0.0060,0.7646,189,10.2452
node-local,stress,1377,move,rejected,exit_unavailable,0,0.0647,0.0434,0.0031,0.5950,0.0066,0.7128,169,10.5468
node-local,stress,1378,move,accepted,moved,1,0.0691,0.0372,0.0033,0.5624,0.0044,0.6764,191,10.1449
node-local,stress,1379,wait,rejected,invalid_time,0,0.0720,0.0517,0.0032,0.5337,0.0039,0.6644,165,10.2356
node-local,stress,1380,look,accepted,observed,0,0.0674,0.0356,0.0026,0.5379,0.0039,0.6474,161,10.5430
node-local,stress,1381,look,accepted,observed,0,0.0615,0.0374,0.0027,0.4774,0.0034,0.5823,161,10.1970
node-local,stress,1382,look,accepted,observed,0,0.0689,0.0374,0.0025,0.5069,0.0035,0.6191,161,10.1415
node-local,stress,1383,move,accepted,moved,1,0.0614,0.0443,0.0032,0.5379,0.0042,0.6510,189,10.4870
node-local,stress,1384,take,replayed,not_present,0,0.1354,0.0263,0.0003,0.0002,0.0022,0.1643,0,10.1532
node-local,stress,1385,move,rejected,exit_unavailable,0,0.0493,0.0454,0.0030,0.5820,0.0066,0.6863,169,10.6898
node-local,stress,1386,look,accepted,observed,0,0.0686,0.0417,0.0030,0.5414,0.0042,0.6588,161,10.1803
node-local,stress,1387,take,rejected,not_present,0,0.0640,0.0432,0.0030,0.5079,0.0053,0.6234,164,10.2339
node-local,stress,1388,look,accepted,observed,0,0.0656,0.0363,0.0023,0.5211,0.0036,0.6289,161,10.5955
node-local,stress,1389,look,accepted,observed,0,0.0751,0.0453,0.0025,0.5933,0.0044,0.7206,161,10.0748
node-local,stress,1390,wait,rejected,invalid_time,0,0.0717,0.0451,0.0026,0.5648,0.0050,0.6893,165,10.4413
node-local,stress,1391,look,accepted,observed,0,0.0695,0.0392,0.0031,0.5482,0.0033,0.6632,161,10.5363
node-local,stress,1392,choose,rejected,invalid_choice,0,0.0684,0.0446,0.0026,0.6135,0.0060,0.7350,167,10.1482
node-local,stress,1393,move,accepted,moved,1,0.0691,0.0403,0.0030,0.6489,0.0045,0.7658,191,10.5172
node-local,stress,1394,choose,rejected,invalid_choice,0,0.0670,0.0410,0.0025,0.5103,0.0036,0.6244,167,10.0593
node-local,stress,1395,look,accepted,observed,0,0.0570,0.0363,0.0027,0.4998,0.0040,0.5997,161,10.1377
node-local,stress,1396,move,accepted,moved,1,0.0653,0.0417,0.0029,0.5235,0.0042,0.6375,189,10.5998
node-local,stress,1397,move,accepted,moved,1,0.0544,0.0389,0.0029,0.5091,0.0071,0.6123,191,10.1272
node-local,stress,1398,look,accepted,observed,0,0.0754,0.0426,0.0030,0.5537,0.0046,0.6792,161,10.5192
node-local,stress,1399,move,accepted,moved,1,0.0732,0.0457,0.0036,0.5812,0.0043,0.7080,189,10.2783
node-local,stress,1400,take,rejected,not_present,0,0.0544,0.0386,0.0025,0.6197,0.0050,0.7202,164,10.1801
node-local,stress,1401,take,rejected,not_present,0,0.0590,0.0362,0.0027,0.4689,0.0042,0.5711,164,10.5182
node-local,stress,1402,wait,rejected,invalid_time,0,0.0656,0.0401,0.0025,0.5010,0.0037,0.6130,165,10.1332
node-local,stress,1403,look,accepted,observed,0,0.0640,0.0371,0.0027,0.5189,0.0040,0.6267,161,10.1822
node-local,stress,1404,look,accepted,observed,0,0.0681,0.0366,0.0025,0.5843,0.0064,0.6980,161,10.4766
node-local,stress,1405,look,accepted,observed,0,0.0726,0.0455,0.0030,0.5635,0.0052,0.6897,161,10.1166
node-local,stress,1406,look,accepted,observed,0,0.0663,0.0438,0.0026,0.5543,0.0042,0.6712,161,10.4802
node-local,stress,1407,look,accepted,observed,0,0.0620,0.0341,0.0024,0.5223,0.0033,0.6240,161,10.1360
node-local,stress,1408,wait,rejected,invalid_time,0,0.0673,0.0433,0.0027,0.5117,0.0034,0.6285,165,10.1914
node-local,stress,1409,move,accepted,moved,1,0.0632,0.0393,0.0031,0.6347,0.0058,0.7461,191,10.5294
node-local,stress,1410,move,accepted,moved,1,0.0649,0.0467,0.0055,0.5658,0.0048,0.6877,187,10.1410
node-local,stress,1411,wait,rejected,invalid_time,0,0.0650,0.0435,0.0025,0.5119,0.0037,0.6266,165,10.5385
node-local,stress,1412,move,accepted,moved,1,0.0641,0.0376,0.0030,0.5256,0.0033,0.6336,189,10.1376
node-local,stress,1413,look,accepted,observed,0,0.0572,0.0361,0.0026,0.4786,0.0042,0.5787,161,10.2218
node-local,stress,1414,wait,rejected,invalid_time,0,0.0653,0.0393,0.0025,0.5202,0.0035,0.6308,165,10.5165
node-local,stress,1415,look,accepted,observed,0,0.0627,0.0367,0.0023,0.5350,0.0037,0.6404,161,10.1521
node-local,stress,1416,talk,rejected,not_owned,0,0.0671,0.0383,0.0025,0.5085,0.0039,0.6203,162,10.1677
node-local,stress,1417,move,accepted,moved,1,0.0685,0.0409,0.0029,0.5424,0.0044,0.6590,187,10.5711
node-local,stress,1418,look,accepted,observed,0,0.0523,0.0327,0.0025,0.4456,0.0035,0.5365,161,10.1374
node-local,stress,1419,look,accepted,observed,0,0.0588,0.0359,0.0023,0.5361,0.0040,0.6372,161,10.5522
node-local,stress,1420,look,accepted,observed,0,0.0761,0.0360,0.0025,0.5628,0.0036,0.6810,161,10.0759
node-local,stress,1421,move,accepted,moved,1,0.0680,0.0432,0.0029,0.5576,0.0042,0.6760,189,10.1383
node-local,stress,1422,move,accepted,moved,1,0.0603,0.0378,0.0028,0.4836,0.0044,0.5889,187,10.5972
node-local,stress,1423,move,rejected,exit_unavailable,0,0.0595,0.0402,0.0025,0.4765,0.0039,0.5825,169,10.1128
node-local,stress,1424,move,accepted,moved,1,0.0684,0.0427,0.0028,0.5452,0.0067,0.6659,191,10.4294
node-local,stress,1425,look,accepted,observed,0,0.0547,0.0373,0.0025,0.4513,0.0040,0.5497,161,10.4108
node-local,stress,1426,move,accepted,moved,1,0.0603,0.0452,0.0030,0.5122,0.0043,0.6250,187,10.0839
node-local,stress,1427,move,accepted,moved,1,0.0677,0.0428,0.0030,0.5085,0.0044,0.6262,191,10.4765
node-local,stress,1428,take,rejected,not_present,0,0.0702,0.0489,0.0030,0.5547,0.0039,0.6808,164,10.0562
node-local,stress,1429,look,accepted,observed,0,0.0615,0.0406,0.0024,0.5417,0.0065,0.6528,161,10.1024
node-local,stress,1430,look,accepted,observed,0,0.0787,0.0421,0.0029,0.5699,0.0040,0.6975,161,10.5367
node-local,stress,1431,talk,rejected,not_eligible,0,0.0575,0.0361,0.0027,0.4671,0.0036,0.5670,165,10.1681
node-local,stress,1432,look,accepted,observed,0,0.0691,0.0374,0.0026,0.5185,0.0045,0.6320,161,10.5823
node-local,stress,1433,move,rejected,exit_unavailable,0,0.0713,0.0441,0.0030,0.5691,0.0033,0.6908,169,10.1260
node-local,stress,1434,move,accepted,moved,1,0.0573,0.0390,0.0029,0.5268,0.0043,0.6302,187,10.1279
node-local,stress,1435,move,accepted,moved,1,0.0624,0.0437,0.0030,0.5299,0.0042,0.6431,191,10.5473
node-local,stress,1436,move,accepted,moved,1,0.0715,0.0415,0.0030,0.5990,0.0066,0.7215,187,10.2758
node-local,stress,1437,look,accepted,observed,0,0.0675,0.0445,0.0027,0.4987,0.0046,0.6180,161,10.1590
node-local,stress,1438,move,accepted,moved,1,0.0556,0.0377,0.0031,0.5233,0.0043,0.6240,189,10.4343
node-local,stress,1439,move,rejected,exit_unavailable,0,0.0609,0.0389,0.0025,0.4809,0.0044,0.5875,169,10.1347
node-local,stress,1440,move,accepted,moved,1,0.0555,0.0384,0.0032,0.6037,0.0059,0.7067,187,10.4758
node-local,stress,1441,move,accepted,moved,1,0.0751,0.0439,0.0035,0.5556,0.0048,0.6830,189,10.2823
node-local,stress,1442,look,accepted,observed,0,0.0543,0.0381,0.0024,0.4630,0.0037,0.5614,161,10.4442
node-local,stress,1443,wait,rejected,invalid_time,0,0.0632,0.0413,0.0024,0.5228,0.0038,0.6334,165,10.6518
node-local,stress,1444,move,rejected,exit_unavailable,0,0.0944,0.0506,0.0034,0.5616,0.0040,0.7140,169,10.1318
node-local,stress,1445,talk,rejected,not_owned,0,0.0614,0.0389,0.0030,0.5528,0.0045,0.6606,162,10.6150
node-local,stress,1446,look,accepted,observed,0,0.0811,0.0400,0.0025,0.5426,0.0032,0.6694,161,10.1335
node-local,stress,1447,look,accepted,observed,0,0.0695,0.0437,0.0024,0.5105,0.0042,0.6303,161,10.1270
node-local,stress,1448,look,accepted,observed,0,0.0696,0.0424,0.0024,0.5102,0.0038,0.6284,161,10.5039
node-local,stress,1449,choose,rejected,invalid_choice,0,0.0649,0.0381,0.0023,0.4707,0.0033,0.5793,167,10.1092
node-local,stress,1450,talk,rejected,not_owned,0,0.0675,0.0444,0.0027,0.5795,0.0053,0.6995,162,10.2677
node-local,stress,1451,activate,rejected,not_eligible,0,0.0653,0.0449,0.0029,0.5564,0.0048,0.6743,165,10.5315
node-local,stress,1452,look,accepted,observed,0,0.0562,0.0374,0.0027,0.4754,0.0041,0.5758,161,10.1579
node-local,stress,1453,look,accepted,observed,0,0.0673,0.0359,0.0024,0.5506,0.0056,0.6619,161,10.5312
node-local,stress,1454,move,accepted,moved,1,0.0750,0.0445,0.0034,0.5642,0.0046,0.6917,187,10.0828
node-local,stress,1455,wait,accepted,waited,1,0.0670,0.0397,0.0027,0.5562,0.0041,0.6698,185,10.0920
node-local,stress,1456,drop,rejected,integrity_conflict,0,0.1062,0.0241,0.0003,0.0001,0.0019,0.1326,0,10.5329
node-local,stress,1457,move,accepted,moved,1,0.0642,0.0480,0.0028,0.6048,0.0062,0.7260,189,10.1063
node-local,stress,1458,talk,rejected,not_owned,0,0.0779,0.0453,0.0029,0.5975,0.0048,0.7283,162,10.1399
node-local,stress,1459,look,accepted,observed,0,0.0710,0.0394,0.0026,0.5077,0.0043,0.6250,161,10.4412
node-local,stress,1460,wait,rejected,invalid_time,0,0.0568,0.0386,0.0026,0.4712,0.0039,0.5731,165,10.1468
node-local,stress,1461,move,rejected,exit_unavailable,0,0.0686,0.0464,0.0025,0.5554,0.0042,0.6770,169,10.5814
node-local,stress,1462,take,replayed,not_present,0,0.0979,0.0249,0.0003,0.0001,0.0020,0.1253,0,10.0954
node-local,stress,1463,take,rejected,not_present,0,0.0499,0.0408,0.0022,0.5179,0.0050,0.6158,164,10.2344
node-local,stress,1464,move,accepted,moved,1,0.0586,0.0377,0.0031,0.5876,0.0057,0.6928,187,10.5121
node-local,stress,1465,wait,rejected,invalid_time,0,0.0681,0.0429,0.0027,0.5655,0.0056,0.6848,165,10.1050
node-local,stress,1466,move,accepted,moved,1,0.0725,0.0469,0.0033,0.5796,0.0052,0.7075,189,10.4940
node-local,stress,1467,move,accepted,moved,1,0.0639,0.0387,0.0028,0.5196,0.0041,0.6292,187,10.0148
node-local,stress,1468,choose,rejected,invalid_choice,0,0.0546,0.0409,0.0025,0.4650,0.0036,0.5666,167,10.0254
node-local,stress,1469,talk,rejected,not_eligible,0,0.0525,0.0354,0.0025,0.4632,0.0041,0.5577,165,10.4054
node-local,stress,1470,activate,rejected,not_eligible,0,0.0547,0.0344,0.0024,0.4794,0.0033,0.5742,165,10.0946
node-local,stress,1471,take,accepted,taken,1,0.0668,0.0420,0.0037,0.5526,0.0052,0.6703,189,10.3336
node-local,stress,1472,look,accepted,observed,0,0.0550,0.0342,0.0026,0.4875,0.0033,0.5825,161,10.5119
node-local,stress,1473,look,accepted,observed,0,0.0558,0.0344,0.0022,0.4756,0.0034,0.5714,161,10.1544
node-local,stress,1474,look,accepted,observed,0,0.0746,0.0350,0.0023,0.5861,0.0045,0.7025,161,10.4650
node-local,stress,1475,activate,rejected,not_eligible,0,0.0678,0.0313,0.0022,0.5265,0.0032,0.6309,165,10.1169
node-local,stress,1476,drop,accepted,dropped,1,0.0618,0.0431,0.0031,0.5305,0.0063,0.6448,194,10.2089
node-local,stress,1477,look,accepted,observed,0,0.0707,0.0444,0.0027,0.5390,0.0047,0.6615,161,10.5478
node-local,stress,1478,look,accepted,observed,0,0.0677,0.0487,0.0028,0.5660,0.0077,0.6928,161,10.3003
node-local,stress,1479,drop,replayed,dropped,0,0.1237,0.0268,0.0004,0.0002,0.0029,0.1540,0,10.5965
node-local,stress,1480,move,accepted,moved,1,0.0680,0.0536,0.0033,0.6290,0.0049,0.7589,189,10.1460
node-local,stress,1481,move,accepted,moved,1,0.0785,0.0477,0.0031,0.6062,0.0058,0.7413,187,10.2123
node-local,stress,1482,wait,rejected,invalid_time,0,0.0649,0.0435,0.0027,0.6237,0.0065,0.7413,165,11.0354
node-local,stress,1483,choose,rejected,stale_view,0,0.0752,0.0432,0.0030,0.6888,0.0070,0.8173,163,10.1947
node-local,stress,1484,look,accepted,observed,0,0.0733,0.0428,0.0027,0.5702,0.0054,0.6943,161,10.1309
node-local,stress,1485,move,rejected,exit_unavailable,0,0.0694,0.0451,0.0028,0.5300,0.0038,0.6510,169,10.4456
node-local,stress,1486,wait,rejected,invalid_time,0,0.0675,0.0455,0.0024,0.4832,0.0037,0.6022,165,10.1254
node-local,stress,1487,look,accepted,observed,0,0.0673,0.0378,0.0027,0.5207,0.0037,0.6323,161,10.5548
node-local,stress,1488,move,rejected,exit_unavailable,0,0.0551,0.0372,0.0024,0.6052,0.0058,0.7056,169,10.1336
node-local,stress,1489,move,accepted,moved,1,0.0708,0.0538,0.0039,0.6831,0.0048,0.8162,191,10.1104
node-local,stress,1490,look,accepted,observed,0,0.0650,0.0422,0.0024,0.5150,0.0035,0.6280,161,10.4712
node-local,stress,1491,wait,rejected,invalid_time,0,0.0623,0.0430,0.0026,0.5152,0.0043,0.6273,165,10.1892
node-local,stress,1492,move,accepted,moved,1,0.0695,0.0460,0.0030,0.6084,0.0051,0.7321,187,10.2619
node-local,stress,1493,look,accepted,observed,0,0.0527,0.0374,0.0026,0.5528,0.0058,0.6512,161,10.4735
node-local,stress,1494,take,accepted,taken,1,0.0835,0.0481,0.0041,0.5819,0.0055,0.7231,189,10.1688
node-local,stress,1495,look,accepted,observed,0,0.0660,0.0392,0.0025,0.5072,0.0050,0.6199,161,10.5480
node-local,stress,1496,look,accepted,observed,0,0.0805,0.0482,0.0032,0.5592,0.0039,0.6951,161,10.1162
node-local,stress,1497,move,accepted,moved,1,0.0675,0.0472,0.0034,0.5585,0.0042,0.6807,191,10.1316
node-local,stress,1498,move,accepted,moved,1,0.0680,0.0396,0.0032,0.6044,0.0062,0.7213,187,10.5540
node-local,stress,1499,move,accepted,moved,1,0.0767,0.0469,0.0035,0.5565,0.0052,0.6888,189,10.0896
node-local,stress,1500,move,rejected,exit_unavailable,0,0.0566,0.0375,0.0027,0.4835,0.0033,0.5835,169,10.5041
node-local,stress,1501,take,replayed,not_present,0,0.0942,0.0218,0.0003,0.0002,0.0020,0.1185,0,10.1498
node-local,stress,1502,talk,accepted,choice_opened,1,0.0635,0.0490,0.0035,0.5834,0.0068,0.7061,218,10.1225
node-local,stress,1503,talk,accepted,choice_opened,1,0.0774,0.0384,0.0027,0.5915,0.0052,0.7152,192,10.5686
node-local,stress,1504,look,accepted,observed,0,0.0606,0.0362,0.0023,0.4633,0.0060,0.5685,161,10.1710
node-local,stress,1505,wait,rejected,invalid_time,0,0.0608,0.0411,0.0023,0.5118,0.0040,0.6200,165,10.1042
node-local,stress,1506,move,accepted,moved,1,0.0672,0.0438,0.0033,0.5960,0.0068,0.7171,187,10.5268
node-local,stress,1507,move,accepted,moved,1,0.0749,0.0467,0.0030,0.6673,0.0058,0.7977,189,10.1906
node-local,stress,1508,look,accepted,observed,0,0.0715,0.0440,0.0029,0.5021,0.0045,0.6251,161,10.3577
node-local,stress,1509,look,accepted,observed,0,0.0582,0.0334,0.0024,0.5248,0.0039,0.6227,161,10.1569
node-local,stress,1510,look,accepted,observed,0,0.0540,0.0333,0.0047,0.4416,0.0037,0.5373,161,10.1013
node-local,stress,1511,move,accepted,moved,1,0.0601,0.0379,0.0030,0.5947,0.0060,0.7018,187,10.4153
node-local,stress,1512,take,replayed,taken,0,0.1044,0.0249,0.0004,0.0001,0.0022,0.1320,0,10.1219
node-local,stress,1513,move,accepted,moved,1,0.0503,0.0499,0.0035,0.5732,0.0059,0.6828,189,10.5387
node-local,stress,1514,take,replayed,not_present,0,0.1082,0.0249,0.0002,0.0005,0.0026,0.1364,0,10.2053
node-local,stress,1515,look,accepted,observed,0,0.0581,0.0493,0.0031,0.5602,0.0050,0.6757,161,10.2345
node-local,stress,1516,look,accepted,observed,0,0.0572,0.0330,0.0028,0.4769,0.0039,0.5738,161,10.4891
node-local,stress,1517,move,accepted,moved,1,0.0652,0.0414,0.0035,0.5403,0.0041,0.6546,187,10.3377
node-local,stress,1518,move,accepted,moved,1,0.0566,0.0364,0.0027,0.5227,0.0044,0.6227,189,10.1073
node-local,stress,1519,look,accepted,observed,0,0.0564,0.0337,0.0024,0.4832,0.0039,0.5795,161,10.4151
node-local,stress,1520,look,accepted,observed,0,0.0615,0.0344,0.0026,0.4746,0.0036,0.5767,161,10.1413
node-local,stress,1521,look,accepted,observed,0,0.0551,0.0333,0.0024,0.4739,0.0038,0.5684,161,10.4090
node-local,stress,1522,look,accepted,observed,0,0.0538,0.0323,0.0027,0.5069,0.0034,0.5991,161,10.3692
node-local,stress,1523,move,accepted,moved,1,0.0527,0.0410,0.0036,0.6672,0.0069,0.7715,187,10.2306
node-local,stress,1524,move,accepted,moved,1,0.0674,0.0455,0.0035,0.5522,0.0055,0.6740,189,10.6176
node-local,stress,1525,move,accepted,moved,1,0.0613,0.0469,0.0034,0.5161,0.0053,0.6329,187,10.1585
node-local,stress,1526,drop,accepted,dropped,1,0.0615,0.0387,0.0032,0.5001,0.0044,0.6078,194,10.1652
node-local,stress,1527,move,accepted,moved,1,0.0610,0.0392,0.0030,0.4941,0.0041,0.6015,191,10.4912
node-local,stress,1528,look,accepted,observed,0,0.0555,0.0362,0.0024,0.4869,0.0035,0.5845,161,10.1048
node-local,stress,1529,look,accepted,observed,0,0.0567,0.0347,0.0048,0.4725,0.0039,0.5726,161,10.4513
node-local,stress,1530,wait,rejected,invalid_time,0,0.0525,0.0375,0.0023,0.4670,0.0039,0.5632,165,10.1690
node-local,stress,1531,move,accepted,moved,1,0.0509,0.0392,0.0033,0.6685,0.0042,0.7661,189,10.1351
node-local,stress,1532,look,accepted,observed,0,0.0534,0.0345,0.0024,0.5007,0.0040,0.5950,161,10.5183
node-local,stress,1533,talk,rejected,not_eligible,0,0.0633,0.0444,0.0028,0.4927,0.0045,0.6078,165,10.3258
node-local,stress,1534,look,accepted,observed,0,0.0569,0.0365,0.0025,0.5442,0.0050,0.6451,161,10.7772
node-local,stress,1535,look,accepted,observed,0,0.0716,0.0380,0.0023,0.5135,0.0033,0.6287,161,10.1942
node-local,stress,1536,move,rejected,exit_unavailable,0,0.0544,0.0365,0.0024,0.5539,0.0077,0.6550,169,10.1483
node-local,stress,1537,activate,rejected,not_eligible,0,0.0816,0.0481,0.0035,0.5213,0.0045,0.6590,165,10.5798
node-local,stress,1538,take,rejected,not_present,0,0.0712,0.0415,0.0027,0.4960,0.0035,0.6149,164,10.1402
node-local,stress,1539,move,accepted,moved,1,0.0660,0.0430,0.0032,0.5970,0.0042,0.7135,191,10.1785
node-local,stress,1540,move,accepted,moved,1,0.0631,0.0408,0.0030,0.5159,0.0045,0.6272,189,10.4653
node-local,stress,1541,take,replayed,not_present,0,0.0945,0.0222,0.0002,0.0001,0.0021,0.1192,0,10.0648
node-local,stress,1542,move,accepted,moved,1,0.0538,0.0470,0.0029,0.6275,0.0057,0.7369,191,10.5582
node-local,stress,1543,move,accepted,moved,1,0.0551,0.0351,0.0031,0.5829,0.0045,0.6807,189,10.1271
node-local,stress,1544,move,accepted,moved,1,0.0757,0.0503,0.0035,0.6349,0.0053,0.7697,191,10.1944
node-local,stress,1545,take,rejected,not_present,0,0.0655,0.0357,0.0025,0.5827,0.0057,0.6920,164,10.6215
node-local,stress,1546,activate,rejected,not_eligible,0,0.0717,0.0466,0.0029,0.5685,0.0057,0.6955,165,10.1476
node-local,stress,1547,move,accepted,moved,1,0.0573,0.0412,0.0033,0.4886,0.0050,0.5954,187,10.5442
node-local,stress,1548,look,accepted,observed,0,0.0611,0.0380,0.0028,0.5225,0.0035,0.6279,161,10.1284
node-local,stress,1549,look,accepted,observed,0,0.0674,0.0430,0.0026,0.5404,0.0037,0.6571,161,10.1057
node-local,stress,1550,look,accepted,observed,0,0.0650,0.0403,0.0024,0.5448,0.0039,0.6564,161,10.4985
node-local,stress,1551,move,accepted,moved,1,0.0620,0.0401,0.0030,0.5318,0.0040,0.6410,189,10.0692
node-local,stress,1552,move,accepted,moved,1,0.0556,0.0390,0.0029,0.5945,0.0048,0.6968,187,10.2012
node-local,stress,1553,look,accepted,observed,0,0.0624,0.0359,0.0024,0.5181,0.0040,0.6229,161,10.6100
node-local,stress,1554,move,accepted,moved,1,0.0637,0.0443,0.0027,0.5601,0.0098,0.6807,191,10.1636
node-local,stress,1555,look,accepted,observed,0,0.0763,0.0449,0.0028,0.5570,0.0044,0.6854,161,10.5552
node-local,stress,1556,look,accepted,observed,0,0.0657,0.0357,0.0023,0.5587,0.0041,0.6665,161,10.1253
node-local,stress,1557,talk,rejected,not_eligible,0,0.0677,0.0400,0.0027,0.5507,0.0042,0.6652,165,10.1230
node-local,stress,1558,choose,rejected,not_owned,0,0.0684,0.0436,0.0025,0.5912,0.0053,0.7110,162,10.5708
node-local,stress,1559,move,accepted,moved,1,0.0654,0.0390,0.0032,0.5080,0.0042,0.6198,189,10.2005
node-local,stress,1560,take,rejected,not_present,0,0.0594,0.0386,0.0026,0.4886,0.0043,0.5935,164,10.1292
node-local,stress,1561,move,accepted,moved,1,0.0627,0.0363,0.0032,0.5577,0.0043,0.6642,191,10.5244
node-local,stress,1562,take,rejected,not_present,0,0.0631,0.0439,0.0045,0.5303,0.0040,0.6460,164,10.1401
node-local,stress,1563,activate,rejected,not_eligible,0,0.0605,0.0378,0.0025,0.5126,0.0038,0.6173,165,10.4453
node-local,stress,1564,move,accepted,moved,1,0.0707,0.0433,0.0029,0.5032,0.0041,0.6243,187,10.2361
node-local,stress,1565,look,accepted,observed,0,0.0692,0.0370,0.0027,0.4996,0.0038,0.6124,161,10.3159
node-local,stress,1566,move,accepted,moved,1,0.0608,0.0401,0.0035,0.5887,0.0083,0.7015,189,10.5570
node-local,stress,1567,look,accepted,observed,0,0.0850,0.0458,0.0033,0.5675,0.0045,0.7061,161,10.0945
node-local,stress,1568,look,accepted,observed,0,0.0595,0.0365,0.0026,0.4795,0.0045,0.5826,161,10.7409
node-local,stress,1569,move,accepted,moved,1,0.0545,0.0346,0.0029,0.5467,0.0068,0.6455,187,10.1016
node-local,stress,1570,look,accepted,observed,0,0.0779,0.0467,0.0032,0.5323,0.0045,0.6645,161,10.2315
node-local,stress,1571,take,accepted,taken,1,0.0576,0.0372,0.0030,0.5452,0.0043,0.6474,189,10.5734
node-local,stress,1572,close_choice,accepted,choice_closed,1,0.0616,0.0389,0.0029,0.5348,0.0045,0.6428,202,10.1561
node-local,stress,1573,activate,rejected,not_eligible,0,0.0620,0.0380,0.0025,0.5136,0.0038,0.6198,165,10.3728
node-local,stress,1574,drop,accepted,dropped,1,0.0600,0.0368,0.0031,0.5427,0.0069,0.6495,194,10.5593
node-local,stress,1575,take,accepted,taken,1,0.0750,0.0539,0.0040,0.5191,0.0057,0.6577,189,10.1122
node-local,stress,1576,move,rejected,exit_unavailable,0,0.0616,0.0405,0.0028,0.5021,0.0040,0.6109,169,10.4828
node-local,stress,1577,drop,rejected,integrity_conflict,0,0.1045,0.0220,0.0003,0.0002,0.0018,0.1287,0,10.0837
node-local,stress,1578,move,rejected,exit_unavailable,0,0.0485,0.0446,0.0029,0.5799,0.0063,0.6821,169,10.1646
node-local,stress,1579,wait,rejected,invalid_time,0,0.0720,0.0479,0.0028,0.5171,0.0045,0.6443,165,10.6071
node-local,stress,1580,move,accepted,moved,1,0.0537,0.0430,0.0036,0.4929,0.0063,0.5996,191,10.1923
node-local,stress,1581,look,accepted,observed,0,0.0655,0.0390,0.0027,0.5219,0.0038,0.6328,161,10.5863
node-local,stress,1582,talk,rejected,not_eligible,0,0.0638,0.0423,0.0026,0.5370,0.0032,0.6490,165,10.1914
node-local,stress,1583,activate,rejected,not_eligible,0,0.0652,0.0441,0.0028,0.5315,0.0037,0.6473,165,10.1920
node-local,stress,1584,drop,accepted,dropped,1,0.0538,0.0402,0.0031,0.5349,0.0039,0.6359,198,10.6046
node-local,stress,1585,activate,rejected,not_eligible,0,0.0571,0.0361,0.0023,0.4992,0.0037,0.5985,165,10.1475
node-local,stress,1586,look,accepted,observed,0,0.0684,0.0401,0.0025,0.5129,0.0034,0.6273,161,10.1489
node-local,stress,1587,close_choice,rejected,invalid_choice,0,0.0730,0.0429,0.0027,0.5348,0.0044,0.6578,167,10.5109
node-local,stress,1588,move,rejected,exit_unavailable,0,0.0823,0.0472,0.0029,0.5412,0.0042,0.6779,169,10.1532
node-local,stress,1589,drop,replayed,dropped,0,0.0940,0.0220,0.0003,0.0002,0.0018,0.1184,0,10.5222
node-local,stress,1590,take,accepted,taken,1,0.0515,0.0422,0.0028,0.6034,0.0065,0.7064,189,10.1787
node-local,stress,1591,wait,rejected,invalid_time,0,0.0826,0.0485,0.0030,0.6137,0.0058,0.7536,165,10.1962
node-local,stress,1592,look,accepted,observed,0,0.0622,0.0414,0.0031,0.5068,0.0042,0.6176,161,10.5702
node-local,stress,1593,move,rejected,exit_unavailable,0,0.0581,0.0398,0.0025,0.4790,0.0039,0.5833,169,10.2052
node-local,stress,1594,look,accepted,observed,0,0.0618,0.0357,0.0026,0.4876,0.0060,0.5937,161,10.2348
node-local,stress,1595,look,accepted,observed,0,0.0652,0.0347,0.0025,0.5769,0.0047,0.6839,161,10.5059
node-local,stress,1596,wait,rejected,invalid_time,0,0.0692,0.0415,0.0025,0.4993,0.0035,0.6160,165,10.1670
node-local,stress,1597,wait,rejected,invalid_time,0,0.0671,0.0349,0.0025,0.5187,0.0034,0.6266,165,10.4638
node-local,stress,1598,move,accepted,moved,1,0.0789,0.0456,0.0034,0.5662,0.0050,0.6991,187,10.1321
node-local,stress,1599,move,accepted,moved,1,0.0703,0.0405,0.0032,0.5438,0.0044,0.6622,189,10.1615
node-local,stress,1600,look,accepted,observed,0,0.0674,0.0360,0.0026,0.5118,0.0034,0.6213,161,10.6409
node-local,stress,1601,look,accepted,observed,0,0.0681,0.0408,0.0026,0.5246,0.0050,0.6411,161,10.2406
node-local,stress,1602,choose,rejected,invalid_choice,0,0.0766,0.0445,0.0031,0.5199,0.0037,0.6477,167,14.8415
node-local,stress,1603,talk,accepted,choice_opened,1,0.0616,0.0354,0.0039,0.6013,0.0060,0.7082,218,10.3503
node-local,stress,1604,look,accepted,observed,0,0.0663,0.0372,0.0028,0.6246,0.0056,0.7366,161,10.3510
node-local,stress,1605,wait,rejected,invalid_time,0,0.0836,0.0513,0.0031,0.6272,0.0053,0.7705,165,10.6267
node-local,stress,1606,talk,accepted,choice_opened,1,0.0785,0.0492,0.0034,0.6351,0.0056,0.7719,192,10.4610
node-local,stress,1607,move,rejected,exit_unavailable,0,0.0884,0.0545,0.0030,0.6421,0.0094,0.7972,169,10.2305
node-local,stress,1608,look,accepted,observed,0,0.0937,0.0469,0.0033,0.5766,0.0065,0.7271,161,10.5093
node-local,stress,1609,wait,rejected,invalid_time,0,0.0642,0.0443,0.0030,0.5349,0.0045,0.6509,165,10.1541
node-local,stress,1610,look,accepted,observed,0,0.0690,0.0407,0.0026,0.5235,0.0042,0.6400,161,10.5417
node-local,stress,1611,move,accepted,moved,1,0.0680,0.0368,0.0034,0.5425,0.0041,0.6548,187,10.1355
node-local,stress,1612,move,accepted,moved,1,0.0552,0.0389,0.0031,0.4872,0.0046,0.5890,189,10.1692
node-local,stress,1613,look,accepted,observed,0,0.0671,0.0385,0.0026,0.5321,0.0038,0.6441,161,10.8134
node-local,stress,1614,choose,accepted,resolved_carry,1,0.0683,0.0604,0.0636,0.5621,5.0559,5.8103,458,10.1587
node-local,stress,1615,look,accepted,observed,0,0.0560,0.0381,0.0028,0.5727,0.0063,0.6758,161,10.6337
node-local,stress,1616,drop,accepted,dropped,1,0.0718,0.0479,0.0031,0.5845,0.0055,0.7128,196,10.1541
node-local,stress,1617,choose,rejected,invalid_choice,0,0.0820,0.0466,0.0030,0.5588,0.0052,0.6955,167,10.1800
node-local,stress,1618,look,accepted,observed,0,0.0676,0.0385,0.0025,0.5091,0.0038,0.6216,161,10.6235
node-local,stress,1619,move,accepted,moved,1,0.0694,0.0386,0.0032,0.4980,0.0043,0.6135,187,10.1407
node-local,stress,1620,take,rejected,not_present,0,0.0678,0.0385,0.0026,0.4939,0.0038,0.6065,164,10.5322
node-local,stress,1621,look,accepted,observed,0,0.0555,0.0306,0.0024,0.5056,0.0033,0.5974,161,10.1005
node-local,stress,1622,move,accepted,moved,1,0.0658,0.0434,0.0028,0.5858,0.0062,0.7040,191,10.1437
node-local,stress,1623,move,accepted,moved,1,0.0805,0.0482,0.0029,0.5278,0.0093,0.6688,187,10.6321
node-local,stress,1624,talk,rejected,not_eligible,0,0.0650,0.0420,0.0026,0.5110,0.0040,0.6246,165,10.4683
node-local,stress,1625,move,accepted,moved,1,0.0726,0.0451,0.0032,0.4917,0.0044,0.6170,189,10.3253
node-local,stress,1626,move,accepted,moved,1,0.0677,0.0429,0.0031,0.5531,0.0069,0.6737,187,10.5957
node-local,stress,1627,wait,rejected,invalid_time,0,0.0832,0.0518,0.0027,0.5752,0.0073,0.7204,165,10.2172
node-local,stress,1628,move,rejected,exit_unavailable,0,0.0799,0.0470,0.0032,0.5663,0.0045,0.7010,169,10.4677
node-local,stress,1629,move,accepted,moved,1,0.0705,0.0451,0.0027,0.5563,0.0040,0.6786,191,10.1594
node-local,stress,1630,take,rejected,not_present,0,0.0590,0.0415,0.0028,0.5235,0.0038,0.6306,164,10.1694
node-local,stress,1631,look,accepted,observed,0,0.0617,0.0370,0.0030,0.5712,0.0065,0.6795,161,10.4582
node-local,stress,1632,look,accepted,observed,0,0.0663,0.0421,0.0027,0.4943,0.0043,0.6097,161,10.1218
node-local,stress,1633,wait,rejected,invalid_time,0,0.0665,0.0441,0.0024,0.5491,0.0041,0.6662,165,10.5144
node-local,stress,1634,look,accepted,observed,0,0.0616,0.0358,0.0025,0.5490,0.0036,0.6525,161,10.1865
node-local,stress,1635,choose,rejected,invalid_choice,0,0.0695,0.0450,0.0027,0.5297,0.0041,0.6510,167,10.1766
node-local,stress,1636,look,accepted,observed,0,0.0630,0.0349,0.0024,0.5467,0.0051,0.6522,161,10.5447
node-local,stress,1637,move,rejected,exit_unavailable,0,0.0627,0.0446,0.0025,0.5168,0.0043,0.6308,169,10.1203
node-local,stress,1638,move,accepted,moved,1,0.0565,0.0403,0.0036,0.4838,0.0044,0.5886,187,10.1281
node-local,stress,1639,wait,accepted,waited,1,0.0657,0.0413,0.0030,0.6100,0.0043,0.7243,185,10.4753
node-local,stress,1640,take,rejected,not_present,0,0.0652,0.0397,0.0026,0.4992,0.0036,0.6103,164,10.1423
node-local,stress,1641,move,accepted,moved,1,0.0540,0.0411,0.0033,0.5240,0.0046,0.6269,189,10.4322
node-local,stress,1642,look,accepted,observed,0,0.0655,0.0333,0.0025,0.5538,0.0034,0.6584,161,10.1070
node-local,stress,1643,talk,rejected,not_eligible,0,0.0632,0.0418,0.0027,0.5307,0.0050,0.6434,165,10.2169
node-local,stress,1644,look,accepted,observed,0,0.0565,0.0378,0.0026,0.5169,0.0049,0.6187,161,10.4445
node-local,stress,1645,take,accepted,taken,1,0.0575,0.0408,0.0033,0.5112,0.0047,0.6175,189,10.3008
node-local,stress,1646,talk,rejected,not_eligible,0,0.0528,0.0371,0.0028,0.5168,0.0073,0.6168,165,11.0069
node-local,stress,1647,look,accepted,observed,0,0.0639,0.0434,0.0032,0.5793,0.0039,0.6937,161,10.4232
node-local,stress,1648,look,accepted,observed,0,0.0653,0.0464,0.0030,0.5090,0.0049,0.6286,161,10.4739
node-local,stress,1649,wait,rejected,invalid_time,0,0.0541,0.0451,0.0025,0.6145,0.0078,0.7241,165,10.8213
node-local,stress,1650,move,accepted,moved,1,0.0825,0.0560,0.0043,0.6286,0.0076,0.7791,187,10.1452
node-local,stress,1651,move,accepted,moved,1,0.0887,0.0523,0.0040,0.5265,0.0046,0.6760,189,10.1808
node-local,stress,1652,look,accepted,observed,0,0.0738,0.0465,0.0030,0.5571,0.0044,0.6848,161,10.6818
node-local,stress,1653,drop,accepted,dropped,1,0.0870,0.0440,0.0037,0.5744,0.0040,0.7130,196,10.1242
node-local,stress,1654,look,accepted,observed,0,0.0708,0.0382,0.0027,0.5535,0.0036,0.6687,161,10.5822
node-local,stress,1655,wait,rejected,invalid_time,0,0.0688,0.0420,0.0027,0.5236,0.0035,0.6406,165,10.2897
node-local,stress,1656,take,accepted,taken,1,0.0770,0.0451,0.0035,0.5655,0.0093,0.7005,189,10.2013
node-local,stress,1657,move,accepted,moved,1,0.0943,0.0507,0.0038,0.5900,0.0049,0.7438,187,10.6183
node-local,stress,1658,move,accepted,moved,1,0.0822,0.0507,0.0043,0.5943,0.0071,0.7387,191,10.3373
node-local,stress,1659,wait,rejected,invalid_time,0,0.0701,0.0505,0.0031,0.5804,0.0055,0.7095,165,10.2095
node-local,stress,1660,activate,rejected,not_eligible,0,0.0779,0.0436,0.0029,0.5489,0.0038,0.6771,165,10.5351
node-local,stress,1661,look,accepted,observed,0,0.0760,0.0423,0.0027,0.6250,0.0055,0.7515,161,10.2249
node-local,stress,1662,move,rejected,exit_unavailable,0,0.0797,0.0453,0.0030,0.5629,0.0043,0.6953,169,10.4928
node-local,stress,1663,wait,rejected,invalid_time,0,0.0625,0.0432,0.0025,0.5583,0.0041,0.6706,165,10.2371
node-local,stress,1664,take,replayed,not_present,0,0.1311,0.0299,0.0004,0.0003,0.0023,0.1640,0,10.3122
node-local,stress,1665,close_choice,rejected,invalid_choice,0,0.0543,0.0506,0.0023,0.6068,0.0078,0.7217,167,10.5833
node-local,stress,1666,look,accepted,observed,0,0.0801,0.0484,0.0032,0.5859,0.0050,0.7226,161,10.1564
node-local,stress,1667,look,accepted,observed,0,0.0755,0.0439,0.0029,0.5484,0.0042,0.6748,161,10.5112
node-local,stress,1668,move,accepted,moved,1,0.0692,0.0390,0.0037,0.5324,0.0041,0.6484,189,10.1447
node-local,stress,1669,look,accepted,observed,0,0.0692,0.0387,0.0027,0.5244,0.0040,0.6391,161,10.1813
node-local,stress,1670,drop,accepted,dropped,1,0.0552,0.0406,0.0032,0.5225,0.0047,0.6262,196,10.5373
node-local,stress,1671,talk,rejected,not_eligible,0,0.0695,0.0437,0.0025,0.5083,0.0042,0.6282,165,10.1683
node-local,stress,1672,choose,rejected,stale_view,0,0.0653,0.0382,0.0027,0.5441,0.0043,0.6547,163,10.1400
node-local,stress,1673,look,accepted,observed,0,0.0653,0.0457,0.0035,0.5413,0.0040,0.6599,161,10.4979
node-local,stress,1674,look,accepted,observed,0,0.0596,0.0390,0.0026,0.5460,0.0042,0.6515,161,10.1525
node-local,stress,1675,take,accepted,taken,1,0.0658,0.0442,0.0033,0.5214,0.0049,0.6397,189,10.5018
node-local,stress,1676,move,accepted,moved,1,0.0654,0.0400,0.0028,0.5305,0.0040,0.6427,191,10.1222
node-local,stress,1677,look,accepted,observed,0,0.0601,0.0360,0.0025,0.4743,0.0039,0.5768,161,10.1962
node-local,stress,1678,move,accepted,moved,1,0.0676,0.0424,0.0033,0.5034,0.0047,0.6214,189,10.4927
node-local,stress,1679,look,accepted,observed,0,0.0598,0.0403,0.0029,0.4978,0.0048,0.6056,161,10.1260
node-local,stress,1680,wait,rejected,invalid_time,0,0.0658,0.0465,0.0027,0.5515,0.0049,0.6714,165,10.4933
node-local,stress,1681,look,accepted,observed,0,0.0772,0.0408,0.0028,0.5642,0.0034,0.6884,161,10.1515
node-local,stress,1682,wait,rejected,invalid_time,0,0.0563,0.0405,0.0025,0.4961,0.0036,0.5990,165,10.1753
node-local,stress,1683,look,accepted,observed,0,0.0534,0.0363,0.0025,0.5340,0.0040,0.6302,161,10.4845
node-local,stress,1684,choose,rejected,invalid_choice,0,0.0575,0.0453,0.0026,0.4677,0.0034,0.5764,167,10.0397
node-local,stress,1685,look,accepted,observed,0,0.0567,0.0348,0.0024,0.4537,0.0037,0.5513,161,10.1852
node-local,stress,1686,move,accepted,moved,1,0.0546,0.0391,0.0035,0.5021,0.0050,0.6043,191,10.4646
node-local,stress,1687,drop,rejected,integrity_conflict,0,0.1387,0.0369,0.0006,0.0002,0.0029,0.1793,0,10.1719
node-local,stress,1688,move,accepted,moved,1,0.0647,0.0470,0.0029,0.5937,0.0074,0.7158,187,10.5460
node-local,stress,1689,look,accepted,observed,0,0.0739,0.0431,0.0028,0.5936,0.0053,0.7186,161,10.0748
node-local,stress,1690,wait,rejected,invalid_time,0,0.0645,0.0444,0.0027,0.5461,0.0047,0.6624,165,10.2113
node-local,stress,1691,drop,accepted,dropped,1,0.0619,0.0389,0.0029,0.6118,0.0059,0.7213,194,10.4742
node-local,stress,1692,move,rejected,exit_unavailable,0,0.0806,0.0474,0.0028,0.5189,0.0043,0.6540,169,10.1252
node-local,stress,1693,look,accepted,observed,0,0.0682,0.0377,0.0026,0.5353,0.0035,0.6474,161,10.5416
node-local,stress,1694,move,accepted,moved,1,0.0685,0.0423,0.0030,0.5226,0.0037,0.6401,191,10.1503
node-local,stress,1695,look,accepted,observed,0,0.0700,0.0349,0.0026,0.5415,0.0047,0.6536,161,10.1655
node-local,stress,1696,look,accepted,observed,0,0.0571,0.0366,0.0025,0.4766,0.0036,0.5764,161,10.5598
node-local,stress,1697,activate,rejected,not_eligible,0,0.0591,0.0374,0.0024,0.4918,0.0036,0.5943,165,10.3834
node-local,stress,1698,move,accepted,moved,1,0.0723,0.0484,0.0042,0.5797,0.0066,0.7112,187,10.2455
node-local,stress,1699,move,accepted,moved,1,0.0662,0.0397,0.0029,0.5635,0.0075,0.6797,191,10.4893
node-local,stress,1700,look,accepted,observed,0,0.0681,0.0377,0.0023,0.5733,0.0046,0.6860,161,10.0781
node-local,stress,1701,take,replayed,not_present,0,0.0990,0.0236,0.0003,0.0001,0.0020,0.1250,0,10.4786
node-local,stress,1702,take,rejected,not_present,0,0.0472,0.0391,0.0025,0.5615,0.0143,0.6645,164,10.1345
node-local,stress,1703,look,accepted,observed,0,0.0620,0.0375,0.0024,0.5742,0.0047,0.6807,161,10.1768
node-local,stress,1704,look,accepted,observed,0,0.0595,0.0365,0.0026,0.5569,0.0053,0.6608,161,10.5623
node-local,stress,1705,choose,rejected,invalid_choice,0,0.0813,0.0515,0.0032,0.5584,0.0043,0.6988,167,10.1200
node-local,stress,1706,activate,rejected,not_eligible,0,0.0749,0.0393,0.0025,0.5652,0.0076,0.6895,165,10.1540
node-local,stress,1707,move,rejected,exit_unavailable,0,0.0760,0.0491,0.0030,0.5995,0.0060,0.7335,169,10.6840
node-local,stress,1708,wait,rejected,invalid_time,0,0.0808,0.0487,0.0029,0.5334,0.0052,0.6709,165,10.1402
node-local,stress,1709,move,accepted,moved,1,0.0590,0.0440,0.0035,0.5160,0.0048,0.6271,187,10.6322
node-local,stress,1710,look,accepted,observed,0,0.0573,0.0360,0.0027,0.5059,0.0038,0.6058,161,10.1552
node-local,stress,1711,activate,rejected,not_eligible,0,0.0550,0.0360,0.0024,0.4758,0.0040,0.5733,165,10.2373
node-local,stress,1712,talk,rejected,not_eligible,0,0.0690,0.0414,0.0025,0.5348,0.0041,0.6518,165,10.5090
node-local,stress,1713,look,accepted,observed,0,0.0596,0.0367,0.0025,0.5347,0.0047,0.6382,161,10.2649
node-local,stress,1714,drop,replayed,dropped,0,0.0960,0.0228,0.0002,0.0002,0.0022,0.1214,0,10.6355
node-local,stress,1715,move,accepted,moved,1,0.0834,0.0743,0.0039,0.6347,0.0050,0.8013,189,10.5301
node-local,stress,1716,look,accepted,observed,0,0.0687,0.0437,0.0025,0.5453,0.0042,0.6644,161,10.3332
node-local,stress,1717,activate,rejected,not_eligible,0,0.0593,0.0356,0.0028,0.5771,0.0057,0.6805,165,10.6112
node-local,stress,1718,wait,rejected,invalid_time,0,0.0847,0.0534,0.0030,0.6373,0.0070,0.7854,165,10.2510
node-local,stress,1719,wait,rejected,invalid_time,0,0.0853,0.0515,0.0035,0.5943,0.0048,0.7395,165,10.2167
node-local,stress,1720,wait,rejected,invalid_time,0,0.0763,0.0485,0.0028,0.5312,0.0045,0.6632,165,10.5303
node-local,stress,1721,move,accepted,moved,1,0.0725,0.0445,0.0034,0.5245,0.0047,0.6497,187,10.1429
node-local,stress,1722,look,accepted,observed,0,0.0678,0.0374,0.0027,0.5336,0.0040,0.6455,161,10.4934
node-local,stress,1723,look,accepted,observed,0,0.0619,0.0324,0.0025,0.5190,0.0035,0.6192,161,10.1123
node-local,stress,1724,choose,rejected,invalid_choice,0,0.0587,0.0449,0.0027,0.5072,0.0040,0.6175,167,10.2105
node-local,stress,1725,choose,rejected,stale_view,0,0.0636,0.0376,0.0021,0.5054,0.0038,0.6126,163,10.6015
node-local,stress,1726,move,rejected,exit_unavailable,0,0.0826,0.0561,0.0036,0.5730,0.0063,0.7217,169,10.1411
node-local,stress,1727,activate,rejected,not_eligible,0,0.0847,0.0525,0.0037,0.5531,0.0051,0.6992,165,10.5184
node-local,stress,1728,choose,rejected,invalid_choice,0,0.0597,0.0340,0.0025,0.5354,0.0039,0.6355,167,10.2360
node-local,stress,1729,look,accepted,observed,0,0.0827,0.0459,0.0029,0.5428,0.0046,0.6788,161,10.1737
node-local,stress,1730,look,accepted,observed,0,0.0720,0.0392,0.0025,0.5228,0.0050,0.6415,161,10.5537
node-local,stress,1731,activate,rejected,not_eligible,0,0.0680,0.0393,0.0026,0.5607,0.0035,0.6741,165,10.1538
node-local,stress,1732,look,accepted,observed,0,0.0728,0.0430,0.0047,0.5637,0.0043,0.6885,161,10.1499
node-local,stress,1733,drop,replayed,dropped,0,0.1076,0.0255,0.0002,0.0002,0.0018,0.1352,0,10.5429
node-local,stress,1734,move,accepted,moved,1,0.0581,0.0526,0.0036,0.5315,0.0060,0.6518,191,10.1439
node-local,stress,1735,wait,rejected,invalid_time,0,0.0690,0.0448,0.0023,0.5951,0.0054,0.7165,165,10.6210
node-local,stress,1736,move,accepted,moved,1,0.0683,0.0408,0.0030,0.5820,0.0052,0.6993,187,10.1999
node-local,stress,1737,take,accepted,taken,1,0.0673,0.0415,0.0034,0.5063,0.0055,0.6239,189,10.2893
node-local,stress,1738,wait,rejected,invalid_time,0,0.0590,0.0418,0.0021,0.5318,0.0053,0.6400,165,10.6213
node-local,stress,1739,talk,rejected,not_eligible,0,0.0728,0.0467,0.0023,0.5231,0.0037,0.6486,165,10.3268
node-local,stress,1740,look,accepted,observed,0,0.0668,0.0438,0.0029,0.5947,0.0065,0.7148,161,10.1532
node-local,stress,1741,look,accepted,observed,0,0.0801,0.0433,0.0029,0.6205,0.0048,0.7516,161,10.4570
node-local,stress,1742,move,accepted,moved,1,0.0753,0.0464,0.0037,0.5771,0.0068,0.7093,191,10.1389
node-local,stress,1743,look,accepted,observed,0,0.0763,0.0441,0.0030,0.5512,0.0040,0.6785,161,10.5027
node-local,stress,1744,activate,rejected,not_eligible,0,0.0635,0.0383,0.0023,0.5145,0.0033,0.6219,165,10.1322
node-local,stress,1745,look,accepted,observed,0,0.0703,0.0433,0.0029,0.5441,0.0043,0.6647,161,10.1961
node-local,stress,1746,activate,rejected,not_eligible,0,0.0685,0.0380,0.0026,0.5490,0.0058,0.6639,165,10.6823
node-local,stress,1747,move,accepted,moved,1,0.0548,0.0436,0.0033,0.4747,0.0065,0.5829,189,10.1682
node-local,stress,1748,move,accepted,moved,1,0.0836,0.0560,0.0042,0.5395,0.0051,0.6882,191,10.5653
node-local,stress,1749,move,accepted,moved,1,0.0646,0.0380,0.0030,0.5270,0.0044,0.6370,189,10.2174
node-local,stress,1750,drop,accepted,dropped,1,0.0634,0.0427,0.0032,0.5117,0.0035,0.6245,196,10.1167
node-local,stress,1751,move,accepted,moved,1,0.0615,0.0425,0.0033,0.5468,0.0063,0.6604,191,10.7141
node-local,stress,1752,move,accepted,moved,1,0.0804,0.0545,0.0033,0.5168,0.0053,0.6603,187,10.2245
node-local,stress,1753,choose,rejected,invalid_choice,0,0.0642,0.0432,0.0032,8.4831,0.0065,8.6002,167,10.5937
node-local,stress,1754,look,accepted,observed,0,0.0621,0.0436,0.0029,1.9192,0.0049,2.0326,161,10.9705
node-local,stress,1755,talk,rejected,not_eligible,0,0.0697,0.0485,0.0028,0.5185,0.0038,0.6432,165,10.4471
node-local,stress,1756,move,accepted,moved,1,0.0700,0.0424,0.0032,0.5438,0.0044,0.6637,191,10.5877
node-local,stress,1757,talk,rejected,not_eligible,0,0.0587,0.0364,0.0028,0.4605,0.0037,0.5620,165,10.1848
node-local,stress,1758,look,accepted,observed,0,0.0573,0.0382,0.0028,0.4558,0.0038,0.5578,161,10.1904
node-local,stress,1759,move,accepted,moved,1,0.0709,0.0437,0.0029,0.5823,0.0048,0.7045,187,10.4783
node-local,stress,1760,take,rejected,not_present,0,0.0724,0.0426,0.0027,0.5281,0.0044,0.6503,164,10.1162
node-local,stress,1761,move,rejected,exit_unavailable,0,0.0600,0.0417,0.0027,0.4841,0.0041,0.5926,169,10.4664
node-local,stress,1762,move,accepted,moved,1,0.0565,0.0338,0.0030,0.4919,0.0036,0.5888,191,10.1322
node-local,stress,1763,look,accepted,observed,0,0.0668,0.0404,0.0025,0.5507,0.0048,0.6651,161,10.2416
node-local,stress,1764,look,accepted,observed,0,0.0566,0.0370,0.0030,0.5020,0.0041,0.6026,161,10.5164
node-local,stress,1765,close_choice,rejected,invalid_choice,0,0.0688,0.0375,0.0025,0.5472,0.0068,0.6626,167,10.2563
node-local,stress,1766,wait,rejected,invalid_time,0,0.0772,0.0479,0.0027,0.5439,0.0046,0.6764,165,10.2648
node-local,stress,1767,move,accepted,moved,1,0.0648,0.0448,0.0030,0.5320,0.0047,0.6493,187,10.4935
node-local,stress,1768,take,rejected,not_present,0,0.0655,0.0403,0.0026,0.5373,0.0084,0.6541,164,10.1394
node-local,stress,1769,look,accepted,observed,0,0.0809,0.0472,0.0032,0.5624,0.0049,0.6986,161,10.4697
node-local,stress,1770,move,rejected,exit_unavailable,0,0.0651,0.0411,0.0024,0.5081,0.0035,0.6202,169,10.1292
node-local,stress,1771,take,rejected,not_present,0,0.0597,0.0363,0.0028,0.5213,0.0041,0.6242,164,10.1694
node-local,stress,1772,move,accepted,moved,1,0.0655,0.0427,0.0033,0.5364,0.0047,0.6527,191,10.7095
node-local,stress,1773,look,accepted,observed,0,0.0675,0.0453,0.0026,0.5452,0.0043,0.6650,161,10.1451
node-local,stress,1774,look,accepted,observed,0,0.0691,0.0384,0.0026,0.5135,0.0040,0.6276,161,10.1476
node-local,stress,1775,move,accepted,moved,1,0.0639,0.0418,0.0032,0.5510,0.0045,0.6644,189,10.5825
node-local,stress,1776,wait,rejected,invalid_time,0,0.0622,0.0382,0.0023,0.5058,0.0042,0.6128,165,10.1816
node-local,stress,1777,move,accepted,moved,1,0.0575,0.0392,0.0030,0.4962,0.0043,0.6002,191,10.5356
node-local,stress,1778,look,accepted,observed,0,0.0728,0.0366,0.0025,0.5172,0.0032,0.6323,161,10.1143
node-local,stress,1779,move,accepted,moved,1,0.0577,0.0418,0.0026,0.5065,0.0047,0.6133,189,10.1667
node-local,stress,1780,look,accepted,observed,0,0.0685,0.0413,0.0025,0.5181,0.0040,0.6344,161,10.5499
node-local,stress,1781,wait,rejected,invalid_time,0,0.0527,0.0365,0.0023,0.5240,0.0036,0.6191,165,10.1030
node-local,stress,1782,take,accepted,taken,1,0.0670,0.0454,0.0030,0.5839,0.0068,0.7061,189,10.5720
node-local,stress,1783,look,accepted,observed,0,0.0658,0.0300,0.0026,0.4978,0.0030,0.5992,161,10.1166
node-local,stress,1784,look,accepted,observed,0,0.0626,0.0371,0.0025,0.5138,0.0039,0.6199,161,10.1447
node-local,stress,1785,move,accepted,moved,1,0.0675,0.0378,0.0030,0.5341,0.0046,0.6470,191,10.6960
node-local,stress,1786,talk,rejected,not_eligible,0,0.0552,0.0375,0.0023,0.5733,0.0080,0.6762,165,10.2226
node-local,stress,1787,move,accepted,moved,1,0.0602,0.0402,0.0059,0.4895,0.0085,0.6043,189,10.4767
node-local,stress,1788,drop,accepted,dropped,1,0.0646,0.0422,0.0033,0.5098,0.0046,0.6245,196,10.5324
node-local,stress,1789,wait,rejected,invalid_time,0,0.0680,0.0419,0.0023,0.5229,0.0041,0.6392,165,10.1502
node-local,stress,1790,choose,rejected,stale_view,0,0.0705,0.0403,0.0025,0.5049,0.0037,0.6220,163,10.4855
node-local,stress,1791,activate,rejected,not_eligible,0,0.0678,0.0375,0.0025,0.5785,0.0056,0.6918,165,10.2213
node-local,stress,1792,talk,rejected,not_eligible,0,0.0765,0.0441,0.0029,0.5388,0.0043,0.6667,165,10.0684
node-local,stress,1793,move,accepted,moved,1,0.0627,0.0421,0.0035,0.5102,0.0047,0.6231,191,10.4797
node-local,stress,1794,wait,rejected,invalid_time,0,0.0682,0.0395,0.0024,0.5002,0.0041,0.6144,165,10.1376
node-local,stress,1795,move,rejected,exit_unavailable,0,0.0679,0.0421,0.0028,0.5170,0.0044,0.6341,169,10.5277
node-local,stress,1796,move,accepted,moved,1,0.0711,0.0375,0.0027,0.5083,0.0035,0.6231,187,10.2370
node-local,stress,1797,close_choice,rejected,invalid_choice,0,0.0583,0.0375,0.0025,0.5177,0.0042,0.6202,167,10.3225
node-local,stress,1798,take,rejected,not_present,0,0.0614,0.0413,0.0027,0.4965,0.0044,0.6063,164,10.5089
node-local,stress,1799,look,accepted,observed,0,0.0655,0.0420,0.0025,0.5638,0.0046,0.6783,161,10.1588
node-local,stress,1800,look,accepted,observed,0,0.0609,0.0357,0.0022,0.4819,0.0038,0.5845,161,10.3879
node-local,stress,1801,look,accepted,observed,0,0.0690,0.0369,0.0024,0.4785,0.0041,0.5909,161,10.5013
node-local,stress,1802,drop,replayed,dropped,0,0.1053,0.0242,0.0002,0.0001,0.0019,0.1316,0,10.0823
node-local,stress,1803,move,rejected,exit_unavailable,0,0.0602,0.0460,0.0023,0.6045,0.0073,0.7203,169,10.5020
node-local,stress,1804,look,accepted,observed,0,0.0776,0.0407,0.0027,0.5965,0.0037,0.7212,161,10.1213
node-local,stress,1805,take,rejected,not_present,0,0.0644,0.0431,0.0027,0.5123,0.0041,0.6266,164,10.4522
node-local,stress,1806,look,accepted,observed,0,0.0612,0.0358,0.0025,0.5167,0.0035,0.6197,161,10.5530
node-local,stress,1807,look,accepted,observed,0,0.0665,0.0427,0.0028,0.5014,0.0045,0.6180,161,10.2192
node-local,stress,1808,drop,rejected,integrity_conflict,0,0.1049,0.0241,0.0002,0.0002,0.0020,0.1315,0,10.4896
node-local,stress,1809,look,accepted,observed,0,0.0735,0.0520,0.0032,0.5822,0.0030,0.7139,161,10.2340
node-local,stress,1810,wait,rejected,invalid_time,0,0.0580,0.0413,0.0022,0.4760,0.0046,0.5821,165,10.1345
node-local,stress,1811,look,accepted,observed,0,0.0615,0.0379,0.0023,0.5217,0.0043,0.6277,161,10.5147
node-local,stress,1812,move,rejected,exit_unavailable,0,0.0588,0.0388,0.0027,0.4694,0.0040,0.5737,169,10.1732
node-local,stress,1813,move,accepted,moved,1,0.0630,0.0397,0.0036,0.6158,0.0062,0.7283,189,10.2377
node-local,stress,1814,move,rejected,exit_unavailable,0,0.0822,0.0440,0.0026,0.5195,0.0045,0.6529,169,10.5863
node-local,stress,1815,choose,rejected,invalid_choice,0,0.0576,0.0410,0.0025,0.4512,0.0037,0.5559,167,10.1418
node-local,stress,1816,talk,rejected,not_eligible,0,0.0612,0.0403,0.0024,0.5377,0.0040,0.6456,165,10.5385
node-local,stress,1817,move,accepted,moved,1,0.0706,0.0382,0.0034,0.6251,0.0051,0.7424,187,10.1905
node-local,stress,1818,wait,rejected,invalid_time,0,0.0658,0.0447,0.0026,0.4944,0.0046,0.6121,165,10.1852
node-local,stress,1819,look,accepted,observed,0,0.0708,0.0419,0.0030,0.5301,0.0040,0.6499,161,10.6492
node-local,stress,1820,wait,accepted,waited,1,0.0767,0.0503,0.0034,0.6777,0.0051,0.8132,185,10.1890
node-local,stress,1821,move,rejected,exit_unavailable,0,0.0622,0.0406,0.0029,0.5249,0.0052,0.6357,169,10.3501
node-local,stress,1822,look,accepted,observed,0,0.0560,0.0340,0.0024,0.5390,0.0055,0.6370,161,10.5567
node-local,stress,1823,move,accepted,moved,1,0.0752,0.0475,0.0033,0.5537,0.0051,0.6849,191,10.1398
node-local,stress,1824,look,accepted,observed,0,0.0711,0.0437,0.0025,0.5074,0.0043,0.6289,161,10.4603
node-local,stress,1825,move,accepted,moved,1,0.0702,0.0466,0.0033,0.5217,0.0042,0.6459,187,10.2453
node-local,stress,1826,look,accepted,observed,0,0.0534,0.0353,0.0024,0.4609,0.0037,0.5558,161,10.3612
node-local,stress,1827,wait,rejected,invalid_time,0,0.0780,0.0462,0.0030,0.6798,0.0041,0.8112,165,10.5689
node-local,stress,1828,look,accepted,observed,0,0.0814,0.0440,0.0032,0.5699,0.0043,0.7028,161,10.2044
node-local,stress,1829,talk,rejected,not_eligible,0,0.0941,0.0387,0.0050,0.4742,0.0035,0.6156,165,10.5555
node-local,stress,1830,move,accepted,moved,1,0.0556,0.0358,0.0031,0.5256,0.0038,0.6239,189,10.1858
node-local,stress,1831,move,accepted,moved,1,0.0660,0.0428,0.0031,0.5487,0.0046,0.6652,187,10.2192
node-local,stress,1832,choose,rejected,invalid_choice,0,0.0598,0.0430,0.0027,0.6112,0.0055,0.7222,167,10.5253
node-local,stress,1833,take,rejected,not_present,0,0.0668,0.0461,0.0028,0.5528,0.0043,0.6728,164,10.2530
node-local,stress,1834,move,accepted,moved,1,0.0490,0.0403,0.0031,0.5386,0.0076,0.6386,191,10.1472
node-local,stress,1835,look,accepted,observed,0,0.0787,0.0480,0.0030,0.6035,0.0051,0.7382,161,10.5205
node-local,stress,1836,move,accepted,moved,1,0.0812,0.0430,0.0032,0.5743,0.0045,0.7061,189,10.2599
node-local,stress,1837,move,rejected,exit_unavailable,0,0.0554,0.0391,0.0025,0.5411,0.0076,0.6458,169,10.5228
node-local,stress,1838,choose,rejected,invalid_choice,0,0.0723,0.0451,0.0030,0.5595,0.0040,0.6838,167,10.1781
node-local,stress,1839,look,accepted,observed,0,0.0705,0.0408,0.0027,0.5136,0.0044,0.6320,161,10.3135
node-local,stress,1840,take,accepted,taken,1,0.0640,0.0425,0.0035,0.4930,0.0042,0.6072,189,10.4696
node-local,stress,1841,move,accepted,moved,1,0.0729,0.0462,0.0032,0.6002,0.0050,0.7274,191,10.2594
node-local,stress,1842,move,accepted,moved,1,0.0605,0.0409,0.0030,0.6220,0.0056,0.7321,189,10.6111
node-local,stress,1843,move,accepted,moved,1,0.0663,0.0406,0.0032,0.6353,0.0042,0.7497,191,10.2137
node-local,stress,1844,look,accepted,observed,0,0.0752,0.0427,0.0026,0.5112,0.0053,0.6370,161,10.1374
node-local,stress,1845,activate,rejected,not_eligible,0,0.0719,0.0516,0.0027,0.4979,0.0042,0.6284,165,10.5261
node-local,stress,1846,look,accepted,observed,0,0.0643,0.0377,0.0025,0.4859,0.0036,0.5940,161,10.1703
node-local,stress,1847,activate,rejected,not_eligible,0,0.0687,0.0404,0.0026,0.4621,0.0039,0.5777,165,10.3033
node-local,stress,1848,choose,rejected,stale_view,0,0.0692,0.0385,0.0024,0.5010,0.0036,0.6146,163,10.5905
node-local,stress,1849,look,accepted,observed,0,0.0650,0.0439,0.0026,0.4856,0.0039,0.6010,161,10.2547
node-local,stress,1850,activate,rejected,not_eligible,0,0.0802,0.0460,0.0033,0.5549,0.0040,0.6883,165,10.5267
node-local,stress,1851,drop,accepted,dropped,1,0.0711,0.0385,0.0033,0.5758,0.0058,0.6944,198,10.1687
node-local,stress,1852,talk,rejected,not_eligible,0,0.0788,0.0484,0.0032,0.5365,0.0042,0.6711,165,10.1657
node-local,stress,1853,look,accepted,observed,0,0.0736,0.0391,0.0025,0.4852,0.0044,0.6048,161,10.5700
node-local,stress,1854,talk,rejected,not_eligible,0,0.0659,0.0419,0.0028,0.5091,0.0045,0.6243,165,10.1168
node-local,stress,1855,wait,rejected,invalid_time,0,0.0596,0.0447,0.0025,0.5013,0.0040,0.6120,165,10.1803
node-local,stress,1856,look,accepted,observed,0,0.0533,0.0353,0.0023,0.4911,0.0035,0.5855,161,10.5224
node-local,stress,1857,look,accepted,observed,0,0.0560,0.0340,0.0025,0.4571,0.0033,0.5529,161,10.1430
node-local,stress,1858,look,accepted,observed,0,0.0630,0.0366,0.0027,0.5236,0.0041,0.6299,161,10.4841
node-local,stress,1859,look,accepted,observed,0,0.0980,0.0513,0.0035,0.5168,0.0040,0.6736,161,10.1296
node-local,stress,1860,move,accepted,moved,1,0.0655,0.0441,0.0037,0.5602,0.0068,0.6802,189,10.1342
node-local,stress,1861,talk,rejected,not_eligible,0,0.0833,0.0488,0.0027,0.5290,0.0048,0.6686,165,10.4878
node-local,stress,1862,move,accepted,moved,1,0.0688,0.0487,0.0029,0.5104,0.0043,0.6351,191,10.0994
node-local,stress,1863,look,accepted,observed,0,0.0677,0.0385,0.0026,0.5228,0.0042,0.6358,161,10.4946
node-local,stress,1864,take,replayed,taken,0,0.1031,0.0243,0.0002,0.0002,0.0022,0.1300,0,10.1741
node-local,stress,1865,move,accepted,moved,1,0.0610,0.0532,0.0035,0.6002,0.0057,0.7235,189,10.1375
node-local,stress,1866,take,rejected,not_present,0,0.0687,0.0411,0.0023,0.5566,0.0052,0.6739,164,10.5700
node-local,stress,1867,look,accepted,observed,0,0.0774,0.0437,0.0024,0.5520,0.0048,0.6802,161,10.2734
node-local,stress,1868,activate,rejected,not_eligible,0,0.0700,0.0473,0.0028,0.6060,0.0045,0.7307,165,10.1847
node-local,stress,1869,look,accepted,observed,0,0.0590,0.0359,0.0028,0.5956,0.0049,0.6982,161,10.5176
node-local,stress,1870,drop,rejected,integrity_conflict,0,0.1124,0.0271,0.0002,0.0002,0.0022,0.1420,0,10.1647
node-local,stress,1871,look,accepted,observed,0,0.0645,0.0487,0.0028,0.5865,0.0069,0.7093,161,10.6240
node-local,stress,1872,talk,rejected,not_eligible,0,0.0695,0.0431,0.0025,0.5875,0.0049,0.7075,165,10.1119
node-local,stress,1873,move,accepted,moved,1,0.0587,0.0410,0.0036,0.5746,0.0086,0.6865,191,10.1935
node-local,stress,1874,move,accepted,moved,1,0.0778,0.0515,0.0034,0.5352,0.0059,0.6737,187,10.4731
node-local,stress,1875,move,accepted,moved,1,0.0678,0.0435,0.0032,0.5162,0.0047,0.6353,191,10.1612
node-local,stress,1876,talk,rejected,not_eligible,0,0.0712,0.0418,0.0024,0.5185,0.0041,0.6380,165,10.5417
node-local,stress,1877,move,accepted,moved,1,0.0620,0.0350,0.0028,0.5657,0.0040,0.6695,189,10.1939
node-local,stress,1878,look,accepted,observed,0,0.0644,0.0373,0.0026,0.5112,0.0052,0.6206,161,10.3049
node-local,stress,1879,move,accepted,moved,1,0.0735,0.0474,0.0036,0.5589,0.0057,0.6890,191,10.8690
node-local,stress,1880,move,accepted,moved,1,0.0654,0.0503,0.0035,0.5281,0.0056,0.6530,189,10.3469
node-local,stress,1881,move,accepted,moved,1,0.0614,0.0395,0.0044,0.4615,0.0046,0.5714,191,10.2187
node-local,stress,1882,wait,rejected,invalid_time,0,0.0679,0.0419,0.0024,0.5798,0.0069,0.6989,165,10.5467
node-local,stress,1883,look,accepted,observed,0,0.0878,0.0495,0.0033,0.6070,0.0043,0.7519,161,10.1720
node-local,stress,1884,move,rejected,exit_unavailable,0,0.0727,0.0507,0.0026,0.5223,0.0051,0.6534,169,10.4621
node-local,stress,1885,move,accepted,moved,1,0.0648,0.0386,0.0030,0.4903,0.0040,0.6007,189,10.0812
node-local,stress,1886,look,accepted,observed,0,0.0768,0.0420,0.0027,0.4954,0.0043,0.6213,161,10.1713
node-local,stress,1887,wait,rejected,invalid_time,0,0.0674,0.0408,0.0027,0.5494,0.0050,0.6653,165,10.7308
node-local,stress,1888,look,accepted,observed,0,0.0842,0.0447,0.0030,0.6253,0.0055,0.7626,161,10.2355
node-local,stress,1889,move,accepted,moved,1,0.0667,0.0448,0.0038,0.4942,0.0050,0.6146,191,10.2250
node-local,stress,1890,look,accepted,observed,0,0.0596,0.0356,0.0022,0.5072,0.0038,0.6084,161,10.4870
node-local,stress,1891,move,accepted,moved,1,0.0704,0.0407,0.0032,0.5054,0.0045,0.6242,187,10.2532
node-local,stress,1892,move,accepted,moved,1,0.0697,0.0406,0.0029,0.4705,0.0045,0.5882,189,10.4851
node-local,stress,1893,wait,rejected,invalid_time,0,0.0565,0.0429,0.0023,0.4851,0.0037,0.5904,165,10.0869
node-local,stress,1894,look,accepted,observed,0,0.0607,0.0391,0.0028,0.5225,0.0037,0.6287,161,10.1673
node-local,stress,1895,choose,rejected,invalid_choice,0,0.0687,0.0415,0.0023,0.5017,0.0041,0.6182,167,10.5609
node-local,stress,1896,look,accepted,observed,0,0.0627,0.0378,0.0025,0.5072,0.0037,0.6139,161,10.4100
node-local,stress,1897,activate,rejected,not_eligible,0,0.0519,0.0363,0.0025,0.5230,0.0050,0.6187,165,10.6500
node-local,stress,1898,move,rejected,exit_unavailable,0,0.0789,0.0428,0.0027,0.5224,0.0040,0.6508,169,10.3981
node-local,stress,1899,move,rejected,exit_unavailable,0,0.0701,0.0450,0.0024,0.5246,0.0035,0.6456,169,10.1183
node-local,stress,1900,move,accepted,moved,1,0.0598,0.0400,0.0036,0.4751,0.0044,0.5830,187,10.7712
node-local,stress,1901,move,accepted,moved,1,0.0842,0.0459,0.0032,0.5878,0.0061,0.7272,191,10.2281
node-local,stress,1902,move,accepted,moved,1,0.0742,0.0601,0.0036,0.5667,0.0052,0.7098,189,10.1997
node-local,stress,1903,move,accepted,moved,1,0.0688,0.0476,0.0032,0.5373,0.0051,0.6619,191,10.6024
node-local,stress,1904,look,accepted,observed,0,0.0677,0.0451,0.0027,0.5373,0.0044,0.6573,161,10.1252
node-local,stress,1905,take,accepted,taken,1,0.0622,0.0465,0.0030,0.4876,0.0045,0.6039,189,10.5049
node-local,stress,1906,look,accepted,observed,0,0.0681,0.0400,0.0026,0.5482,0.0049,0.6639,161,10.1697
node-local,stress,1907,talk,rejected,not_eligible,0,0.0692,0.0413,0.0026,0.5260,0.0047,0.6439,165,10.3224
node-local,stress,1908,look,accepted,observed,0,0.0769,0.0441,0.0031,0.5484,0.0059,0.6784,161,10.5978
node-local,stress,1909,look,accepted,observed,0,0.0720,0.0454,0.0027,0.5704,0.0108,0.7013,161,10.1682
node-local,stress,1910,move,accepted,moved,1,0.0622,0.0433,0.0029,0.5502,0.0053,0.6639,189,10.5939
node-local,stress,1911,move,accepted,moved,1,0.0598,0.0371,0.0031,0.5051,0.0045,0.6096,191,10.1610
node-local,stress,1912,look,accepted,observed,0,0.0624,0.0420,0.0025,0.5685,0.0054,0.6808,161,10.1351
node-local,stress,1913,move,accepted,moved,1,0.0777,0.0466,0.0033,0.5257,0.0062,0.6595,187,10.7013
node-local,stress,1914,move,accepted,moved,1,0.0572,0.0415,0.0031,0.4727,0.0045,0.5792,189,10.1107
node-local,stress,1915,drop,rejected,integrity_conflict,0,0.1178,0.0271,0.0002,0.0002,0.0024,0.1477,0,10.2262
node-local,stress,1916,look,accepted,observed,0,0.0649,0.0503,0.0030,0.5813,0.0059,0.7054,161,10.5070
node-local,stress,1917,move,accepted,moved,1,0.0682,0.0481,0.0034,0.5089,0.0049,0.6335,187,10.1915
node-local,stress,1918,look,accepted,observed,0,0.0612,0.0361,0.0023,0.4760,0.0041,0.5798,161,10.6863
node-local,stress,1919,choose,rejected,invalid_choice,0,0.0638,0.0376,0.0025,0.4931,0.0032,0.6002,167,10.1918
node-local,stress,1920,wait,rejected,invalid_time,0,0.0686,0.0435,0.0025,0.4918,0.0037,0.6102,165,10.1977
node-local,stress,1921,move,accepted,moved,1,0.0635,0.0437,0.0031,0.5048,0.0040,0.6192,191,10.5361
node-local,stress,1922,look,accepted,observed,0,0.0754,0.0391,0.0025,0.5198,0.0036,0.6404,161,10.1672
node-local,stress,1923,look,accepted,observed,0,0.0681,0.0341,0.0043,0.4702,0.0042,0.5809,161,10.6274
node-local,stress,1924,look,accepted,observed,0,0.0591,0.0390,0.0029,0.4613,0.0040,0.5663,161,10.1493
node-local,stress,1925,wait,rejected,invalid_time,0,0.0590,0.0427,0.0025,0.5385,0.0039,0.6465,165,10.1800
node-local,stress,1926,look,accepted,observed,0,0.0734,0.0418,0.0026,0.4955,0.0036,0.6168,161,10.5112
node-local,stress,1927,wait,rejected,invalid_time,0,0.0653,0.0418,0.0022,0.4972,0.0032,0.6097,165,10.2252
node-local,stress,1928,move,accepted,moved,1,0.0697,0.0418,0.0034,0.5134,0.0041,0.6323,187,10.1718
node-local,stress,1929,move,accepted,moved,1,0.0632,0.0454,0.0035,0.5741,0.0065,0.6927,191,10.5110
node-local,stress,1930,look,accepted,observed,0,0.0572,0.0360,0.0024,0.4779,0.0038,0.5772,161,10.3934
node-local,stress,1931,wait,rejected,invalid_time,0,0.0569,0.0378,0.0025,0.4523,0.0039,0.5534,165,10.6205
node-local,stress,1932,look,accepted,observed,0,0.0935,0.0479,0.0031,0.5098,0.0039,0.6582,161,10.1740
node-local,stress,1933,move,accepted,moved,1,0.0597,0.0401,0.0027,0.4549,0.0047,0.5621,187,10.1884
node-local,stress,1934,talk,rejected,not_eligible,0,0.0591,0.0408,0.0023,0.4793,0.0037,0.5851,165,10.6037
node-local,stress,1935,talk,rejected,not_eligible,0,0.0616,0.0388,0.0025,0.4875,0.0038,0.5943,165,10.1616
node-local,stress,1936,move,accepted,moved,1,0.0564,0.0410,0.0038,0.5048,0.0045,0.6107,191,10.1532
node-local,stress,1937,move,accepted,moved,1,0.0636,0.0490,0.0031,0.5167,0.0044,0.6367,187,10.5198
node-local,stress,1938,move,rejected,exit_unavailable,0,0.0813,0.0526,0.0029,0.5428,0.0040,0.6837,169,10.2320
node-local,stress,1939,drop,accepted,dropped,1,0.0553,0.0376,0.0030,0.6057,0.0054,0.7070,194,10.6169
node-local,stress,1940,wait,rejected,invalid_time,0,0.0819,0.0490,0.0029,0.5317,0.0040,0.6695,165,10.1867
node-local,stress,1941,talk,rejected,not_eligible,0,0.0574,0.0353,0.0028,0.5022,0.0037,0.6013,165,10.1542
node-local,stress,1942,move,accepted,moved,1,0.0592,0.0391,0.0032,0.4794,0.0050,0.5859,189,10.5076
node-local,stress,1943,choose,rejected,invalid_choice,0,0.0627,0.0384,0.0025,0.4573,0.0037,0.5647,167,10.1853
node-local,stress,1944,look,accepted,observed,0,0.0673,0.0368,0.0025,0.5111,0.0038,0.6216,161,10.5527
node-local,stress,1945,move,rejected,exit_unavailable,0,0.0728,0.0403,0.0025,0.5482,0.0034,0.6673,169,10.1270
node-local,stress,1946,look,accepted,observed,0,0.0543,0.0354,0.0026,0.4608,0.0037,0.5568,161,10.1989
node-local,stress,1947,look,accepted,observed,0,0.0719,0.0375,0.0025,0.5030,0.0038,0.6188,161,10.5309
node-local,stress,1948,take,rejected,not_present,0,0.0612,0.0379,0.0023,0.5811,0.0051,0.6876,164,10.1296
node-local,stress,1949,look,accepted,observed,0,0.0743,0.0482,0.0028,0.5247,0.0045,0.6545,161,10.2569
node-local,stress,1950,move,accepted,moved,1,0.0633,0.0471,0.0034,0.5098,0.0046,0.6282,187,10.5827
node-local,stress,1951,look,accepted,observed,0,0.0682,0.0378,0.0027,0.4973,0.0039,0.6099,161,10.1085
node-local,stress,1952,activate,rejected,not_eligible,0,0.0655,0.0397,0.0025,0.5837,0.0059,0.6972,165,10.5188
node-local,stress,1953,move,accepted,moved,1,0.0667,0.0412,0.0035,0.5301,0.0041,0.6456,189,10.1418
node-local,stress,1954,look,accepted,observed,0,0.0733,0.0440,0.0026,0.5230,0.0044,0.6473,161,10.1074
node-local,stress,1955,look,accepted,observed,0,0.0581,0.0363,0.0025,0.4718,0.0035,0.5723,161,10.5346
node-local,stress,1956,look,accepted,observed,0,0.0677,0.0362,0.0023,0.4838,0.0048,0.5948,161,10.1524
node-local,stress,1957,look,accepted,observed,0,0.0708,0.0378,0.0025,0.4778,0.0042,0.5932,161,10.5573
node-local,stress,1958,look,accepted,observed,0,0.0693,0.0314,0.0023,0.5050,0.0032,0.6112,161,10.2012
node-local,stress,1959,look,accepted,observed,0,0.0675,0.0347,0.0027,0.5001,0.0040,0.6090,161,10.1925
node-local,stress,1960,look,accepted,observed,0,0.0681,0.0397,0.0028,0.4730,0.0034,0.5870,161,10.5224
node-local,stress,1961,move,accepted,moved,1,0.0661,0.0423,0.0029,0.5118,0.0043,0.6273,187,10.1250
node-local,stress,1962,drop,replayed,dropped,0,0.0962,0.0226,0.0002,0.0002,0.0021,0.1213,0,10.2809
node-local,stress,1963,activate,rejected,not_eligible,0,0.0838,0.0586,0.0032,0.7143,0.0074,0.8672,165,10.5108
node-local,stress,1964,look,accepted,observed,0,0.0721,0.0408,0.0028,0.5577,0.0090,0.6824,161,10.1169
node-local,stress,1965,move,accepted,moved,1,0.0665,0.0471,0.0032,0.5623,0.0060,0.6852,191,10.4983
node-local,stress,1966,look,accepted,observed,0,0.0618,0.0353,0.0023,0.5300,0.0041,0.6335,161,10.0698
node-local,stress,1967,activate,rejected,not_eligible,0,0.0642,0.0394,0.0024,0.4985,0.0033,0.6079,165,10.1216
node-local,stress,1968,move,accepted,moved,1,0.0643,0.0419,0.0031,0.4892,0.0067,0.6052,189,10.4860
node-local,stress,1969,wait,rejected,invalid_time,0,0.0691,0.0448,0.0025,0.5914,0.0045,0.7124,165,10.4949
node-local,stress,1970,look,accepted,observed,0,0.0625,0.0378,0.0026,0.5642,0.0062,0.6734,161,10.2441
node-local,stress,1971,close_choice,rejected,invalid_choice,0,0.0710,0.0478,0.0031,0.5024,0.0045,0.6288,167,10.5046
node-local,stress,1972,move,accepted,moved,1,0.0615,0.0408,0.0030,0.4914,0.0041,0.6007,191,10.1265
node-local,stress,1973,look,accepted,observed,0,0.0661,0.0381,0.0025,0.5050,0.0037,0.6155,161,10.4923
node-local,stress,1974,activate,rejected,not_eligible,0,0.0694,0.0385,0.0024,0.5690,0.0058,0.6850,165,10.1922
node-local,stress,1975,move,accepted,moved,1,0.0853,0.0496,0.0035,0.5279,0.0048,0.6711,189,10.1353
node-local,stress,1976,move,accepted,moved,1,0.0718,0.0418,0.0031,0.5089,0.0051,0.6307,191,10.5237
node-local,stress,1977,move,accepted,moved,1,0.0700,0.0418,0.0028,0.6178,0.0042,0.7365,189,10.1284
node-local,stress,1978,move,accepted,moved,1,0.0648,0.0431,0.0031,0.5755,0.0086,0.6951,191,10.4657
node-local,stress,1979,drop,replayed,dropped,0,0.1233,0.0286,0.0003,0.0002,0.0020,0.1544,0,10.1440
node-local,stress,1980,move,accepted,moved,1,0.0649,0.0567,0.0037,0.5757,0.0065,0.7075,187,10.2825
node-local,stress,1981,look,accepted,observed,0,0.0827,0.0511,0.0028,0.5593,0.0053,0.7011,161,10.6992
node-local,stress,1982,move,accepted,moved,1,0.0835,0.0515,0.0040,0.5868,0.0057,0.7314,191,10.0960
node-local,stress,1983,look,accepted,observed,0,0.0627,0.0380,0.0027,0.5386,0.0054,0.6474,161,10.1238
node-local,stress,1984,drop,replayed,dropped,0,0.1092,0.0281,0.0005,0.0001,0.0026,0.1405,0,10.8904
node-local,stress,1985,look,accepted,observed,0,0.0734,0.0496,0.0027,0.6126,0.0046,0.7429,161,10.2347
node-local,stress,1986,move,accepted,moved,1,0.0804,0.0432,0.0032,0.5435,0.0047,0.6751,187,10.5244
node-local,stress,1987,take,accepted,taken,1,0.0674,0.0427,0.0034,0.5991,0.0048,0.7174,189,10.4424
node-local,stress,1988,look,accepted,observed,0,0.0685,0.0403,0.0027,0.6192,0.0052,0.7360,161,10.2900
node-local,stress,1989,move,accepted,moved,1,0.0775,0.0442,0.0035,0.5479,0.0058,0.6789,189,10.5997
node-local,stress,1990,move,accepted,moved,1,0.0811,0.0505,0.0035,0.5001,0.0058,0.6410,187,10.1306
node-local,stress,1991,look,accepted,observed,0,0.0602,0.0375,0.0025,0.4759,0.0041,0.5802,161,10.6517
node-local,stress,1992,move,accepted,moved,1,0.0695,0.0379,0.0031,0.5444,0.0037,0.6587,189,10.1387
node-local,stress,1993,move,accepted,moved,1,0.0587,0.0470,0.0029,0.6259,0.0087,0.7432,187,10.1928
node-local,stress,1994,look,accepted,observed,0,0.0681,0.0314,0.0023,0.4995,0.0027,0.6041,161,10.6934
node-local,stress,1995,look,accepted,observed,0,0.0694,0.0391,0.0024,0.5007,0.0032,0.6149,161,10.1240
node-local,stress,1996,wait,rejected,invalid_time,0,0.0645,0.0429,0.0024,0.5046,0.0035,0.6179,165,10.2223
node-local,stress,1997,look,accepted,observed,0,0.0674,0.0370,0.0025,0.5890,0.0045,0.7003,161,10.5337
node-local,stress,1998,wait,rejected,invalid_time,0,0.0684,0.0428,0.0024,0.5586,0.0049,0.6770,165,10.2016
node-local,stress,1999,talk,rejected,not_eligible,0,0.0691,0.0403,0.0027,0.4911,0.0044,0.6077,165,10.4864
node-local,stress,2000,move,accepted,moved,1,0.0590,0.0345,0.0028,0.4750,0.0035,0.5748,189,10.3015
node-local,stress,2001,look,accepted,observed,0,0.0570,0.0370,0.0027,0.5096,0.0072,0.6135,161,10.2762
node-local,stress,2002,move,accepted,moved,1,0.0891,0.0486,0.0038,0.6244,0.0045,0.7705,187,10.6185
node-local,stress,2003,move,accepted,moved,1,0.0875,0.0520,0.0037,0.5848,0.0056,0.7335,191,10.1475
node-local,stress,2004,move,accepted,moved,1,0.0799,0.0524,0.0032,0.5425,0.0055,0.6834,189,10.0810
node-local,stress,2005,wait,accepted,waited,1,0.0611,0.0430,0.0029,0.5051,0.0051,0.6172,185,10.5115
node-local,stress,2006,close_choice,rejected,invalid_choice,0,0.0556,0.0442,0.0030,0.5117,0.0041,0.6185,167,10.1367
node-local,stress,2007,move,accepted,moved,1,0.0563,0.0390,0.0027,0.4788,0.0044,0.5812,191,10.4861
node-local,stress,2008,activate,rejected,not_eligible,0,0.0678,0.0355,0.0025,0.4367,0.0034,0.5459,165,10.1259
node-local,stress,2009,move,accepted,moved,1,0.0600,0.0402,0.0030,0.4997,0.0048,0.6077,187,10.2855
node-local,stress,2010,move,rejected,exit_unavailable,0,0.0513,0.0362,0.0025,0.4354,0.0038,0.5293,169,10.4727
node-local,stress,2011,move,accepted,moved,1,0.0668,0.0377,0.0032,0.5358,0.0053,0.6488,189,10.1513
node-local,stress,2012,look,accepted,observed,0,0.0686,0.0393,0.0026,0.5116,0.0041,0.6262,161,10.5745
node-local,stress,2013,wait,rejected,invalid_time,0,0.0737,0.0427,0.0026,0.5288,0.0036,0.6513,165,10.1367
node-local,stress,2014,move,accepted,moved,1,0.0692,0.0410,0.0028,0.5273,0.0045,0.6448,187,10.2413
node-local,stress,2015,look,accepted,observed,0,0.0592,0.0402,0.0028,0.5415,0.0054,0.6491,161,10.6308
node-local,stress,2016,wait,rejected,invalid_time,0,0.0736,0.0417,0.0026,0.6001,0.0052,0.7232,165,10.1498
node-local,stress,2017,drop,accepted,dropped,1,0.0810,0.0523,0.0032,0.6069,0.0053,0.7486,194,10.1406
node-local,stress,2018,take,accepted,taken,1,0.0713,0.0470,0.0030,0.5566,0.0052,0.6831,189,10.5655
node-local,stress,2019,look,accepted,observed,0,0.0625,0.0448,0.0024,0.4775,0.0035,0.5907,161,10.1270
node-local,stress,2020,move,accepted,moved,1,0.0762,0.0407,0.0030,0.5716,0.0052,0.6968,189,10.5665
node-local,stress,2021,activate,rejected,not_eligible,0,0.0572,0.0357,0.0023,0.6148,0.0046,0.7146,165,10.3329
node-local,stress,2022,look,accepted,observed,0,0.0673,0.0464,0.0031,0.6138,0.0057,0.7362,161,10.1950
node-local,stress,2023,look,accepted,observed,0,0.0695,0.0438,0.0032,0.5343,0.0045,0.6553,161,10.6147
node-local,stress,2024,look,accepted,observed,0,0.0634,0.0376,0.0022,0.4738,0.0037,0.5808,161,10.1482
node-local,stress,2025,move,accepted,moved,1,0.0701,0.0506,0.0037,0.5731,0.0057,0.7032,187,10.5493
node-local,stress,2026,choose,rejected,stale_view,0,0.0651,0.0347,0.0026,0.5875,0.0038,0.6937,163,10.2063
node-local,stress,2027,look,accepted,observed,0,0.0756,0.0445,0.0025,0.5057,0.0053,0.6336,161,10.1634
node-local,stress,2028,move,accepted,moved,1,0.0741,0.0443,0.0030,0.5129,0.0048,0.6391,189,10.5367
node-local,stress,2029,drop,accepted,dropped,1,0.0593,0.0396,0.0030,0.4826,0.0042,0.5887,196,10.1559
node-local,stress,2030,move,accepted,moved,1,0.0703,0.0455,0.0027,0.5902,0.0057,0.7143,187,10.1604
node-local,stress,2031,look,accepted,observed,0,0.0631,0.0434,0.0027,0.5155,0.0044,0.6291,161,10.5581
node-local,stress,2032,take,rejected,not_present,0,0.0712,0.0445,0.0025,0.5220,0.0037,0.6438,164,10.2655
node-local,stress,2033,activate,rejected,not_eligible,0,0.0591,0.0365,0.0025,0.4425,0.0037,0.5443,165,10.5941
node-local,stress,2034,move,accepted,moved,1,0.0623,0.0387,0.0030,0.5111,0.0041,0.6192,189,10.1323
node-local,stress,2035,move,accepted,moved,1,0.0697,0.0420,0.0030,0.5518,0.0052,0.6717,187,10.1904
node-local,stress,2036,wait,rejected,invalid_time,0,0.0574,0.0417,0.0024,0.4995,0.0038,0.6048,165,10.5372
node-local,stress,2037,move,accepted,moved,1,0.0795,0.0497,0.0055,0.5304,0.0047,0.6698,191,10.1509
node-local,stress,2038,move,accepted,moved,1,0.0639,0.0432,0.0025,0.4781,0.0046,0.5922,187,10.5781
node-local,stress,2039,look,accepted,observed,0,0.0686,0.0435,0.0027,0.6550,0.0034,0.7732,161,10.1183
node-local,stress,2040,move,accepted,moved,1,0.0638,0.0482,0.0048,0.5700,0.0055,0.6923,189,10.1694
node-local,stress,2041,move,accepted,moved,1,0.0610,0.0422,0.0032,0.5065,0.0056,0.6185,187,10.6899
node-local,stress,2042,look,accepted,observed,0,0.0615,0.0408,0.0024,0.5381,0.0034,0.6463,161,10.0980
node-local,stress,2043,move,accepted,moved,1,0.0675,0.0431,0.0030,0.5427,0.0060,0.6622,191,10.2198
node-local,stress,2044,move,accepted,moved,1,0.0660,0.0434,0.0033,0.5477,0.0054,0.6659,187,10.5919
node-local,stress,2045,move,accepted,moved,1,0.0666,0.0417,0.0026,0.6829,0.0058,0.7995,191,10.1489
node-local,stress,2046,look,accepted,observed,0,0.0722,0.0385,0.0026,0.5287,0.0049,0.6468,161,10.4883
node-local,stress,2047,move,accepted,moved,1,0.0608,0.0379,0.0028,0.4364,0.0039,0.5418,189,10.1505
node-local,stress,2048,look,accepted,observed,0,0.0619,0.0379,0.0026,0.5168,0.0035,0.6227,161,10.2007
node-local,stress,2049,look,accepted,observed,0,0.0693,0.0365,0.0027,0.5657,0.0076,0.6818,161,10.6472
node-local,stress,2050,take,rejected,not_present,0,0.0676,0.0435,0.0028,0.5181,0.0049,0.6369,164,10.1298
node-local,stress,2051,move,accepted,moved,1,0.0747,0.0459,0.0029,0.5322,0.0057,0.6615,191,10.2067
node-local,stress,2052,talk,rejected,not_eligible,0,0.0603,0.0381,0.0050,0.4618,0.0040,0.5693,165,10.5963
node-local,stress,2053,move,rejected,exit_unavailable,0,0.0628,0.0418,0.0027,0.4754,0.0037,0.5862,169,10.2432
node-local,stress,2054,look,accepted,observed,0,0.0682,0.0437,0.0030,0.6498,0.0083,0.7729,161,10.5365
node-local,stress,2055,look,accepted,observed,0,0.0611,0.0407,0.0026,0.5217,0.0040,0.6300,161,10.1169
node-local,stress,2056,move,accepted,moved,1,0.0608,0.0394,0.0038,0.5173,0.0045,0.6258,187,10.1691
node-local,stress,2057,move,accepted,moved,1,0.0653,0.0423,0.0032,0.4801,0.0044,0.5952,191,10.4817
node-local,stress,2058,look,accepted,observed,0,0.0685,0.0353,0.0023,0.4991,0.0035,0.6087,161,10.1581
node-local,stress,2059,talk,rejected,not_eligible,0,0.0573,0.0446,0.0024,0.4964,0.0034,0.6040,165,10.5112
node-local,stress,2060,look,accepted,observed,0,0.0613,0.0300,0.0023,0.4957,0.0030,0.5922,161,11.4992
node-local,stress,2061,drop,replayed,dropped,0,0.1495,0.0373,0.0003,0.0002,0.0030,0.1902,0,16.2042
node-local,stress,2062,move,rejected,exit_unavailable,0,0.0640,0.0527,0.0029,0.5670,0.0057,0.6923,169,10.7155
node-local,stress,2063,talk,rejected,not_eligible,0,0.0887,0.0630,0.0039,0.6964,0.0115,0.8635,165,10.2934
node-local,stress,2064,look,accepted,observed,0,0.0792,0.0522,0.0033,0.5565,0.0058,0.6971,161,10.5730
node-local,stress,2065,move,accepted,moved,1,0.0760,0.0520,0.0037,0.5367,0.0060,0.6744,189,11.0041
node-local,stress,2066,move,rejected,exit_unavailable,0,0.0655,0.0403,0.0027,0.5627,0.0052,0.6764,169,10.0863
node-local,stress,2067,activate,rejected,not_eligible,0,0.0712,0.0431,0.0045,0.6684,0.0053,0.7925,165,10.5010
node-local,stress,2068,move,accepted,moved,1,0.0679,0.0408,0.0032,0.5931,0.0062,0.7112,191,10.1070
node-local,stress,2069,choose,rejected,invalid_choice,0,0.0743,0.0493,0.0030,0.5412,0.0047,0.6725,167,10.1295
node-local,stress,2070,move,accepted,moved,1,0.0708,0.0413,0.0028,0.5000,0.0049,0.6197,187,10.6582
node-local,stress,2071,take,rejected,not_present,0,0.0840,0.0469,0.0031,0.5560,0.0039,0.6940,164,10.1697
node-local,stress,2072,wait,rejected,invalid_time,0,0.0618,0.0414,0.0023,0.5218,0.0055,0.6328,165,10.5828
node-local,stress,2073,look,accepted,observed,0,0.0650,0.0381,0.0026,0.5368,0.0032,0.6457,161,10.2142
node-local,stress,2074,look,accepted,observed,0,0.0691,0.0363,0.0025,0.5054,0.0040,0.6173,161,10.1213
node-local,stress,2075,move,accepted,moved,1,0.0800,0.0487,0.0041,0.6231,0.0083,0.7641,191,10.6744
node-local,stress,2076,move,accepted,moved,1,0.0695,0.0440,0.0025,0.5090,0.0047,0.6296,187,10.3236
node-local,stress,2077,look,accepted,observed,0,0.0586,0.0371,0.0024,0.5278,0.0052,0.6311,161,10.3228
node-local,stress,2078,move,accepted,moved,1,0.0837,0.0501,0.0036,0.5760,0.0068,0.7201,189,10.7886
node-local,stress,2079,talk,rejected,not_eligible,0,0.0709,0.0400,0.0027,0.4938,0.0048,0.6123,165,10.2526
node-local,stress,2080,look,accepted,observed,0,0.0600,0.0372,0.0026,0.4955,0.0040,0.5993,161,10.5902
node-local,stress,2081,look,accepted,observed,0,0.0631,0.0362,0.0024,0.5313,0.0041,0.6371,161,10.2378
node-local,stress,2082,wait,rejected,invalid_time,0,0.0699,0.0523,0.0030,0.5700,0.0049,0.7001,165,10.1847
node-local,stress,2083,talk,rejected,not_eligible,0,0.0737,0.0425,0.0027,0.5567,0.0047,0.6805,165,10.6145
node-local,stress,2084,move,accepted,moved,1,0.0741,0.0443,0.0032,0.4880,0.0046,0.6142,187,10.1371
node-local,stress,2085,activate,rejected,not_eligible,0,0.0689,0.0397,0.0024,0.4741,0.0042,0.5892,165,10.1696
node-local,stress,2086,talk,rejected,not_eligible,0,0.0643,0.0379,0.0027,0.5815,0.0045,0.6908,165,10.4472
node-local,stress,2087,wait,rejected,invalid_time,0,0.0580,0.0398,0.0025,0.5739,0.0056,0.6798,165,10.2462
node-local,stress,2088,move,accepted,moved,1,0.0556,0.0417,0.0032,0.4834,0.0068,0.5907,191,10.5315
node-local,stress,2089,look,accepted,observed,0,0.0778,0.0403,0.0025,0.5577,0.0042,0.6825,161,10.0715
node-local,stress,2090,wait,rejected,invalid_time,0,0.0636,0.0420,0.0026,0.4831,0.0050,0.5962,165,10.3667
node-local,stress,2091,wait,rejected,invalid_time,0,0.0648,0.0455,0.0030,0.5344,0.0047,0.6524,165,10.5527
node-local,stress,2092,activate,rejected,not_eligible,0,0.0726,0.0461,0.0033,0.5677,0.0049,0.6947,165,10.1160
node-local,stress,2093,look,accepted,observed,0,0.0755,0.0438,0.0027,0.5374,0.0043,0.6636,161,10.5342
node-local,stress,2094,take,rejected,not_present,0,0.0703,0.0362,0.0027,0.5206,0.0030,0.6328,164,10.1688
node-local,stress,2095,look,accepted,observed,0,0.0710,0.0390,0.0025,0.5934,0.0057,0.7117,161,10.2915
node-local,stress,2096,wait,rejected,invalid_time,0,0.0510,0.0423,0.0026,0.4493,0.0051,0.5502,165,10.6278
node-local,stress,2097,look,accepted,observed,0,0.0655,0.0420,0.0028,0.5077,0.0044,0.6224,161,10.0672
node-local,stress,2098,take,rejected,not_present,0,0.0682,0.0448,0.0027,0.5216,0.0036,0.6408,164,10.2935
node-local,stress,2099,activate,rejected,not_eligible,0,0.0592,0.0418,0.0024,0.4626,0.0036,0.5696,165,10.5344
node-local,stress,2100,move,accepted,moved,1,0.0683,0.0442,0.0034,0.5079,0.0047,0.6285,187,10.1660
node-local,stress,2101,look,accepted,observed,0,0.0607,0.0360,0.0025,0.5309,0.0054,0.6355,161,10.6351
node-local,stress,2102,move,rejected,exit_unavailable,0,0.0849,0.0502,0.0029,0.5313,0.0045,0.6739,169,10.1598
node-local,stress,2103,move,accepted,moved,1,0.0693,0.0462,0.0031,0.4892,0.0050,0.6128,191,10.1600
node-local,stress,2104,talk,rejected,not_eligible,0,0.0623,0.0405,0.0026,0.5414,0.0041,0.6509,165,10.5260
node-local,stress,2105,move,accepted,moved,1,0.0720,0.0414,0.0031,0.4903,0.0063,0.6131,187,10.1421
node-local,stress,2106,move,accepted,moved,1,0.0565,0.0417,0.0027,0.4942,0.0043,0.5994,191,10.5393
node-local,stress,2107,move,accepted,moved,1,0.0697,0.0462,0.0032,0.5370,0.0040,0.6600,187,10.1510
node-local,stress,2108,look,accepted,observed,0,0.0745,0.0405,0.0026,0.4937,0.0048,0.6160,161,10.2311
node-local,stress,2109,move,accepted,moved,1,0.0676,0.0382,0.0029,0.5204,0.0039,0.6330,191,10.5269
node-local,stress,2110,talk,rejected,not_eligible,0,0.0651,0.0417,0.0028,0.5378,0.0034,0.6508,165,10.1922
node-local,stress,2111,activate,rejected,not_eligible,0,0.0537,0.0355,0.0025,0.4790,0.0035,0.5743,165,10.2380
node-local,stress,2112,look,accepted,observed,0,0.0561,0.0358,0.0023,0.5523,0.0045,0.6510,161,10.5560
node-local,stress,2113,look,accepted,observed,0,0.0895,0.0488,0.0033,0.6162,0.0045,0.7622,161,10.2576
node-local,stress,2114,move,accepted,moved,1,0.0698,0.0413,0.0034,0.5213,0.0068,0.6425,189,10.5673
node-local,stress,2115,look,accepted,observed,0,0.0681,0.0385,0.0025,0.6582,0.0040,0.7713,161,10.1115
node-local,stress,2116,move,accepted,moved,1,0.0624,0.0403,0.0030,0.4692,0.0048,0.5796,191,10.1639
node-local,stress,2117,look,accepted,observed,0,0.0563,0.0351,0.0023,0.4962,0.0042,0.5940,161,10.6028
node-local,stress,2118,move,rejected,exit_unavailable,0,0.0735,0.0459,0.0030,0.5395,0.0044,0.6663,169,10.0899
node-local,stress,2119,look,accepted,observed,0,0.0678,0.0395,0.0027,0.6384,0.0052,0.7536,161,10.1495
node-local,stress,2120,look,accepted,observed,0,0.0697,0.0412,0.0027,0.5265,0.0044,0.6447,161,10.5172
node-local,stress,2121,look,accepted,observed,0,0.0685,0.0389,0.0027,0.4948,0.0033,0.6082,161,10.2065
node-local,stress,2122,look,accepted,observed,0,0.0568,0.0366,0.0028,0.5400,0.0036,0.6398,161,10.5780
node-local,stress,2123,look,accepted,observed,0,0.0707,0.0368,0.0027,0.6063,0.0055,0.7220,161,10.1465
node-local,stress,2124,move,accepted,moved,1,0.0676,0.0458,0.0035,0.6694,0.0056,0.7919,189,10.1893
node-local,stress,2125,wait,rejected,invalid_time,0,0.0624,0.0419,0.0023,0.5600,0.0037,0.6703,165,10.4318
node-local,stress,2126,move,rejected,exit_unavailable,0,0.0676,0.0427,0.0026,0.5660,0.0040,0.6830,169,10.1725
node-local,stress,2127,move,rejected,exit_unavailable,0,0.0654,0.0401,0.0026,0.5032,0.0039,0.6151,169,10.4844
node-local,stress,2128,look,accepted,observed,0,0.0556,0.0337,0.0023,0.5751,0.0042,0.6710,161,10.1114
node-local,stress,2129,look,accepted,observed,0,0.0688,0.0422,0.0026,0.5488,0.0048,0.6672,161,10.2241
node-local,stress,2130,activate,rejected,not_eligible,0,0.0709,0.0393,0.0026,0.5214,0.0043,0.6385,165,10.6357
node-local,stress,2131,move,accepted,moved,1,0.0567,0.0391,0.0033,0.4938,0.0046,0.5975,191,10.2178
node-local,stress,2132,move,accepted,moved,1,0.0752,0.0425,0.0032,0.5118,0.0052,0.6378,189,10.1508
node-local,stress,2133,move,accepted,moved,1,0.0678,0.0415,0.0028,0.5952,0.0058,0.7130,191,10.5037
node-local,stress,2134,move,accepted,moved,1,0.0750,0.0468,0.0028,0.5664,0.0052,0.6962,189,10.1050
node-local,stress,2135,look,accepted,observed,0,0.0739,0.0394,0.0025,0.5454,0.0038,0.6650,161,10.4757
node-local,stress,2136,wait,rejected,invalid_time,0,0.0696,0.0419,0.0025,0.4984,0.0034,0.6158,165,10.1526
node-local,stress,2137,wait,rejected,invalid_time,0,0.0622,0.0449,0.0025,0.4894,0.0044,0.6035,165,10.1675
node-local,stress,2138,move,accepted,moved,1,0.0597,0.0447,0.0030,0.5259,0.0048,0.6380,191,10.5995
node-local,stress,2139,look,accepted,observed,0,0.0611,0.0369,0.0024,0.4838,0.0033,0.5875,161,10.1195
node-local,stress,2140,look,accepted,observed,0,0.0646,0.0372,0.0028,0.5154,0.0038,0.6238,161,10.5267
node-local,stress,2141,take,rejected,not_present,0,0.0631,0.0334,0.0023,0.5058,0.0028,0.6075,164,10.2165
node-local,stress,2142,move,accepted,moved,1,0.0553,0.0383,0.0035,0.6078,0.0091,0.7140,187,10.2183
node-local,stress,2143,move,accepted,moved,1,0.0792,0.0432,0.0029,0.5583,0.0059,0.6894,189,15.7218
node-local,stress,2144,look,accepted,observed,0,0.0772,0.0438,0.0033,0.5608,0.0047,0.6898,161,10.3065
node-local,stress,2145,choose,rejected,invalid_choice,0,0.0678,0.0482,0.0030,0.4914,0.0037,0.6141,167,10.3129
node-local,stress,2146,look,accepted,observed,0,0.0692,0.0364,0.0027,0.4861,0.0040,0.5984,161,10.7674
node-local,stress,2147,move,accepted,moved,1,0.0790,0.0503,0.0034,0.5730,0.0050,0.7107,187,10.1921
node-local,stress,2148,look,accepted,observed,0,0.0680,0.0418,0.0025,0.5516,0.0054,0.6694,161,10.6964
node-local,stress,2149,drop,replayed,dropped,0,0.1241,0.0225,0.0005,0.0002,0.0020,0.1492,0,10.2828
node-local,stress,2150,move,accepted,moved,1,0.0551,0.0518,0.0033,0.6060,0.0090,0.7252,191,10.6803
node-local,stress,2151,close_choice,rejected,invalid_choice,0,0.0748,0.0511,0.0033,0.6217,0.0050,0.7560,167,10.5916
node-local,stress,2152,move,accepted,moved,1,0.0681,0.0474,0.0037,0.5907,0.0058,0.7158,187,10.1575
node-local,stress,2153,look,accepted,observed,0,0.0760,0.0461,0.0025,0.5496,0.0050,0.6792,161,10.1724
node-local,stress,2154,move,accepted,moved,1,0.0690,0.0459,0.0030,0.5375,0.0062,0.6617,191,10.5204
node-local,stress,2155,take,rejected,not_present,0,0.0691,0.0487,0.0028,0.5158,0.0037,0.6402,164,10.1727
node-local,stress,2156,take,rejected,not_present,0,0.0678,0.0395,0.0029,0.5029,0.0038,0.6169,164,10.4960
node-local,stress,2157,talk,rejected,not_eligible,0,0.0674,0.0429,0.0025,0.5079,0.0036,0.6243,165,10.1686
node-local,stress,2158,move,accepted,moved,1,0.0569,0.0402,0.0036,0.6440,0.0103,0.7550,189,10.1669
node-local,stress,2159,move,accepted,moved,1,0.0712,0.0442,0.0029,0.5366,0.0061,0.6610,191,10.5766
node-local,stress,2160,move,accepted,moved,1,0.0684,0.0388,0.0029,0.5151,0.0036,0.6288,187,10.0671
node-local,stress,2161,look,accepted,observed,0,0.0580,0.0371,0.0025,0.5171,0.0035,0.6182,161,10.7590
node-local,stress,2162,look,accepted,observed,0,0.0774,0.0382,0.0026,0.5308,0.0035,0.6526,161,10.1595
node-local,stress,2163,look,accepted,observed,0,0.0614,0.0343,0.0026,0.5595,0.0050,0.6629,161,10.1662
node-local,stress,2164,look,accepted,observed,0,0.0749,0.0470,0.0028,0.5190,0.0048,0.6486,161,10.6555
node-local,stress,2165,take,rejected,not_present,0,0.0653,0.0422,0.0025,0.4945,0.0040,0.6085,164,10.1297
node-local,stress,2166,wait,rejected,invalid_time,0,0.0666,0.0444,0.0025,0.4946,0.0046,0.6127,165,10.1180
node-local,stress,2167,move,accepted,moved,1,0.0583,0.0413,0.0032,0.5258,0.0044,0.6330,191,10.4562
node-local,stress,2168,talk,rejected,not_eligible,0,0.0576,0.0363,0.0025,0.4730,0.0040,0.5734,165,10.4674
node-local,stress,2169,look,accepted,observed,0,0.0840,0.0425,0.0031,0.5243,0.0043,0.6583,161,10.4768
node-local,stress,2170,look,accepted,observed,0,0.0573,0.0343,0.0025,0.4810,0.0035,0.5785,161,10.1920
node-local,stress,2171,move,accepted,moved,1,0.0717,0.0445,0.0034,0.5924,0.0078,0.7199,187,10.2050
node-local,stress,2172,look,accepted,observed,0,0.0700,0.0444,0.0029,0.6067,0.0051,0.7291,161,10.6158
node-local,stress,2173,look,accepted,observed,0,0.0683,0.0426,0.0027,0.5526,0.0050,0.6711,161,10.2097
node-local,stress,2174,move,accepted,moved,1,0.0567,0.0439,0.0032,0.5281,0.0048,0.6366,189,10.8724
node-local,stress,2175,look,accepted,observed,0,0.0725,0.0393,0.0034,0.4944,0.0033,0.6129,161,10.5923
node-local,stress,2176,take,accepted,taken,1,0.0855,0.0523,0.0038,0.6612,0.0057,0.8085,189,10.3246
node-local,stress,2177,look,accepted,observed,0,0.0734,0.0370,0.0026,0.5580,0.0050,0.6760,161,10.6275
node-local,stress,2178,look,accepted,observed,0,0.0849,0.0455,0.0027,0.6404,0.0050,0.7785,161,10.1537
node-local,stress,2179,look,accepted,observed,0,0.0681,0.0422,0.0025,0.5220,0.0046,0.6394,161,10.2016
node-local,stress,2180,move,rejected,exit_unavailable,0,0.0615,0.0373,0.0025,0.4800,0.0040,0.5853,169,10.5194
node-local,stress,2181,move,accepted,moved,1,0.0608,0.0412,0.0030,0.5475,0.0071,0.6598,187,10.3260
node-local,stress,2182,choose,rejected,invalid_choice,0,0.0778,0.0487,0.0035,0.5827,0.0055,0.7181,167,10.5555
node-local,stress,2183,look,accepted,observed,0,0.0735,0.0416,0.0028,0.5281,0.0043,0.6502,161,10.1792
node-local,stress,2184,move,accepted,moved,1,0.0650,0.0460,0.0038,0.5557,0.0100,0.6805,191,10.2580
node-local,stress,2185,drop,accepted,dropped,1,0.0805,0.0446,0.0035,0.5169,0.0052,0.6506,198,10.5727
node-local,stress,2186,move,accepted,moved,1,0.0599,0.0434,0.0031,0.4907,0.0046,0.6017,187,10.1239
node-local,stress,2187,look,accepted,observed,0,0.0710,0.0389,0.0025,0.5245,0.0048,0.6417,161,10.1533
node-local,stress,2188,move,accepted,moved,1,0.0800,0.0469,0.0031,0.5427,0.0053,0.6782,189,10.5009
node-local,stress,2189,move,accepted,moved,1,0.0707,0.0427,0.0030,0.5395,0.0042,0.6601,187,10.1836
node-local,stress,2190,look,accepted,observed,0,0.0677,0.0383,0.0027,0.4886,0.0043,0.6016,161,10.4955
node-local,stress,2191,talk,rejected,not_eligible,0,0.0707,0.0370,0.0025,0.5740,0.0050,0.6894,165,10.1200
node-local,stress,2192,talk,rejected,not_eligible,0,0.0764,0.0477,0.0029,0.5603,0.0070,0.6943,165,10.2014
node-local,stress,2193,drop,replayed,dropped,0,0.1486,0.0293,0.0003,0.0001,0.0026,0.1810,0,10.5596
node-local,stress,2194,move,accepted,moved,1,0.0725,0.0606,0.0042,0.6852,0.0075,0.8299,189,10.1687
node-local,stress,2195,talk,rejected,not_eligible,0,0.0811,0.0451,0.0028,0.5620,0.0079,0.6990,165,10.5478
node-local,stress,2196,look,accepted,observed,0,0.0780,0.0384,0.0027,0.5818,0.0037,0.7046,161,10.1183
node-local,stress,2197,look,accepted,observed,0,0.0616,0.0528,0.0028,0.4882,0.0040,0.6094,161,10.1544
node-local,stress,2198,talk,rejected,not_eligible,0,0.0641,0.0401,0.0025,0.4773,0.0036,0.5876,165,10.5550
node-local,stress,2199,look,accepted,observed,0,0.0638,0.0388,0.0024,0.5148,0.0046,0.6245,161,10.1382
node-local,stress,2200,move,accepted,moved,1,0.0609,0.0432,0.0037,0.5863,0.0058,0.6997,187,10.1671
node-local,stress,2201,look,accepted,observed,0,0.0716,0.0456,0.0027,0.5365,0.0045,0.6610,161,10.5720
node-local,stress,2202,move,rejected,exit_unavailable,0,0.0733,0.0447,0.0027,0.5166,0.0034,0.6407,169,10.3181
node-local,stress,2203,move,accepted,moved,1,0.0690,0.0424,0.0031,0.4667,0.0048,0.5859,191,10.6477
node-local,stress,2204,look,accepted,observed,0,0.0640,0.0394,0.0027,0.4862,0.0039,0.5961,161,10.1218
node-local,stress,2205,move,accepted,moved,1,0.0645,0.0412,0.0031,0.5555,0.0056,0.6699,189,10.3111
node-local,stress,2206,look,accepted,observed,0,0.0587,0.0366,0.0024,0.5382,0.0051,0.6410,161,10.6786
node-local,stress,2207,move,accepted,moved,1,0.0624,0.0447,0.0030,0.5553,0.0058,0.6711,191,10.2737
node-local,stress,2208,look,accepted,observed,0,0.0932,0.0353,0.0025,0.4593,0.0036,0.5939,161,10.5716
node-local,stress,2209,look,accepted,observed,0,0.0839,0.0378,0.0026,0.5311,0.0034,0.6587,161,10.1594
node-local,stress,2210,look,accepted,observed,0,0.0655,0.0355,0.0025,0.5852,0.0052,0.6939,161,10.1869
node-local,stress,2211,move,accepted,moved,1,0.0821,0.0465,0.0038,0.5394,0.0052,0.6771,187,10.5880
node-local,stress,2212,look,accepted,observed,0,0.0690,0.0368,0.0025,0.4705,0.0033,0.5821,161,10.3478
node-local,stress,2213,talk,rejected,not_eligible,0,0.0747,0.0390,0.0024,0.4944,0.0035,0.6140,165,10.2171
node-local,stress,2214,move,accepted,moved,1,0.0600,0.0380,0.0030,0.5286,0.0053,0.6348,189,10.5009
node-local,stress,2215,look,accepted,observed,0,0.0656,0.0358,0.0024,0.5934,0.0084,0.7056,161,10.1220
node-local,stress,2216,activate,rejected,not_eligible,0,0.0788,0.0445,0.0028,0.5338,0.0045,0.6644,165,10.5174
node-local,stress,2217,look,accepted,observed,0,0.0626,0.0326,0.0025,0.5083,0.0032,0.6093,161,10.1347
node-local,stress,2218,talk,rejected,not_eligible,0,0.0667,0.0400,0.0026,0.5090,0.0036,0.6220,165,10.1598
node-local,stress,2219,wait,accepted,waited,1,0.0506,0.0385,0.0032,0.6163,0.0064,0.7150,185,10.5742
node-local,stress,2220,activate,rejected,not_eligible,0,0.0658,0.0436,0.0033,0.5022,0.0041,0.6190,165,10.1697
node-local,stress,2221,choose,rejected,stale_view,0,0.0599,0.0393,0.0025,0.4952,0.0040,0.6009,163,10.1240
node-local,stress,2222,look,accepted,observed,0,0.0675,0.0426,0.0026,0.4829,0.0036,0.5993,161,10.5789
node-local,stress,2223,look,accepted,observed,0,0.0581,0.0356,0.0023,0.6135,0.0049,0.7144,161,10.1954
node-local,stress,2224,talk,rejected,not_eligible,0,0.0801,0.0456,0.0028,0.5033,0.0049,0.6368,165,10.4910
node-local,stress,2225,move,accepted,moved,1,0.0680,0.0406,0.0031,0.4945,0.0043,0.6104,187,10.1498
node-local,stress,2226,look,accepted,observed,0,0.0652,0.0369,0.0022,0.5132,0.0039,0.6215,161,10.2115
node-local,stress,2227,move,accepted,moved,1,0.0574,0.0400,0.0030,0.5275,0.0043,0.6322,191,10.4591
node-local,stress,2228,look,accepted,observed,0,0.0684,0.0373,0.0024,0.5015,0.0035,0.6131,161,10.1170
node-local,stress,2229,look,accepted,observed,0,0.0602,0.0384,0.0023,0.5317,0.0061,0.6387,161,10.5652
node-local,stress,2230,take,accepted,taken,1,0.0681,0.0397,0.0032,0.5482,0.0042,0.6635,189,10.1244
node-local,stress,2231,talk,rejected,not_eligible,0,0.0726,0.0427,0.0025,0.4887,0.0039,0.6104,165,10.1632
node-local,stress,2232,wait,rejected,invalid_time,0,0.0636,0.0425,0.0023,0.5972,0.0054,0.7110,165,10.7615
node-local,stress,2233,close_choice,rejected,invalid_choice,0,0.0728,0.0471,0.0027,0.5478,0.0047,0.6751,167,10.1523
node-local,stress,2234,move,accepted,moved,1,0.0684,0.0432,0.0035,0.5372,0.0060,0.6583,189,10.2701
node-local,stress,2235,wait,rejected,invalid_time,0,0.0674,0.0405,0.0024,0.4648,0.0035,0.5786,165,10.5141
node-local,stress,2236,wait,rejected,invalid_time,0,0.0678,0.0410,0.0025,0.5165,0.0037,0.6314,165,10.1203
node-local,stress,2237,move,accepted,moved,1,0.0556,0.0405,0.0030,0.6380,0.0055,0.7425,191,10.4550
node-local,stress,2238,move,accepted,moved,1,0.0734,0.0442,0.0028,0.5370,0.0047,0.6620,187,10.1301
node-local,stress,2239,choose,rejected,invalid_choice,0,0.0672,0.0413,0.0022,0.5100,0.0037,0.6243,167,10.1673
node-local,stress,2240,wait,rejected,invalid_time,0,0.0656,0.0420,0.0024,0.4954,0.0033,0.6087,165,10.4803
node-local,stress,2241,take,replayed,not_present,0,0.1104,0.0269,0.0004,0.0001,0.0021,0.1399,0,10.3937
node-local,stress,2242,drop,accepted,dropped,1,0.0588,0.0451,0.0031,0.5968,0.0078,0.7116,194,10.4774
node-local,stress,2243,look,accepted,observed,0,0.0662,0.0323,0.0027,0.5304,0.0037,0.6352,161,10.2402
node-local,stress,2244,take,accepted,taken,1,0.0705,0.0478,0.0031,0.5645,0.0057,0.6917,189,10.2424
node-local,stress,2245,move,accepted,moved,1,0.0690,0.0513,0.0031,0.5642,0.0056,0.6932,191,10.4642
node-local,stress,2246,look,accepted,observed,0,0.0693,0.0416,0.0026,0.5151,0.0043,0.6329,161,10.1025
node-local,stress,2247,drop,replayed,dropped,0,0.1009,0.0240,0.0005,0.0001,0.0020,0.1275,0,10.1072
node-local,stress,2248,choose,rejected,stale_view,0,0.0586,0.0442,0.0026,0.5561,0.0059,0.6674,163,10.4575
node-local,stress,2249,look,accepted,observed,0,0.0653,0.0383,0.0026,0.5804,0.0048,0.6914,161,10.1310
node-local,stress,2250,look,accepted,observed,0,0.0740,0.0365,0.0025,0.5018,0.0033,0.6182,161,10.5045
node-local,stress,2251,look,accepted,observed,0,0.0665,0.0363,0.0024,0.5148,0.0038,0.6238,161,10.1623
node-local,stress,2252,talk,rejected,not_eligible,0,0.0712,0.0445,0.0026,0.5199,0.0048,0.6430,165,10.2056
node-local,stress,2253,look,accepted,observed,0,0.0661,0.0402,0.0027,0.5427,0.0051,0.6568,161,10.5473
node-local,stress,2254,look,accepted,observed,0,0.0729,0.0461,0.0025,0.5162,0.0039,0.6416,161,10.2189
node-local,stress,2255,look,accepted,observed,0,0.0752,0.0547,0.0032,0.5164,0.0059,0.6554,161,10.6126
node-local,stress,2256,move,accepted,moved,1,0.0567,0.0369,0.0034,0.4790,0.0041,0.5802,187,10.1837
node-local,stress,2257,look,accepted,observed,0,0.0683,0.0371,0.0028,0.4998,0.0040,0.6120,161,10.1752
node-local,stress,2258,move,accepted,moved,1,0.0673,0.0428,0.0029,0.6174,0.0056,0.7360,191,10.6159
node-local,stress,2259,move,accepted,moved,1,0.0626,0.0441,0.0026,0.5835,0.0060,0.6989,187,10.5007
node-local,stress,2260,move,accepted,moved,1,0.0694,0.0428,0.0030,0.5335,0.0061,0.6547,191,10.2143
node-local,stress,2261,look,accepted,observed,0,0.0660,0.0387,0.0027,0.5356,0.0042,0.6473,161,10.7264
node-local,stress,2262,drop,accepted,dropped,1,0.0693,0.0416,0.0032,0.5655,0.0089,0.6885,198,10.2736
node-local,stress,2263,take,accepted,taken,1,0.0756,0.0430,0.0034,0.5964,0.0077,0.7260,189,10.6198
node-local,stress,2264,move,accepted,moved,1,0.0712,0.0462,0.0034,0.5697,0.0045,0.6949,187,10.2200
node-local,stress,2265,move,accepted,moved,1,0.0606,0.0409,0.0032,0.4793,0.0047,0.5886,189,10.1892
node-local,stress,2266,move,accepted,moved,1,0.0584,0.0482,0.0035,0.4830,0.0042,0.5974,187,10.5165
node-local,stress,2267,move,accepted,moved,1,0.0683,0.0467,0.0039,0.5301,0.0050,0.6540,191,10.0945
node-local,stress,2268,look,accepted,observed,0,0.0595,0.0357,0.0028,0.5319,0.0049,0.6347,161,10.1667
node-local,stress,2269,drop,rejected,integrity_conflict,0,0.1176,0.0246,0.0003,0.0002,0.0025,0.1453,0,10.5860
node-local,stress,2270,move,accepted,moved,1,0.0606,0.0524,0.0031,0.5958,0.0062,0.7181,189,10.1044
node-local,stress,2271,wait,rejected,invalid_time,0,0.0690,0.0435,0.0028,0.5720,0.0050,0.6923,165,10.5150
node-local,stress,2272,look,accepted,observed,0,0.0611,0.0400,0.0025,0.5473,0.0048,0.6557,161,10.1362
node-local,stress,2273,look,accepted,observed,0,0.0743,0.0435,0.0025,0.5812,0.0046,0.7061,161,10.1842
node-local,stress,2274,look,accepted,observed,0,0.0619,0.0355,0.0026,0.5139,0.0084,0.6223,161,10.5606
node-local,stress,2275,move,accepted,moved,1,0.0590,0.0421,0.0035,0.5069,0.0077,0.6192,191,10.1485
node-local,stress,2276,move,accepted,moved,1,0.0648,0.0446,0.0034,0.4987,0.0045,0.6159,189,10.5774
node-local,stress,2277,drop,accepted,dropped,1,0.0622,0.0383,0.0030,0.5409,0.0043,0.6487,196,10.1445
node-local,stress,2278,choose,rejected,invalid_choice,0,0.0640,0.0447,0.0029,0.5781,0.0045,0.6941,167,10.1811
node-local,stress,2279,move,accepted,moved,1,0.0717,0.0489,0.0035,0.5766,0.0061,0.7068,191,10.5706
node-local,stress,2280,move,accepted,moved,1,0.0641,0.0445,0.0029,0.5476,0.0040,0.6632,187,10.1272
node-local,stress,2281,look,accepted,observed,0,0.0679,0.0453,0.0026,0.5115,0.0037,0.6310,161,10.1751
node-local,stress,2282,activate,rejected,not_eligible,0,0.0543,0.0360,0.0025,0.5792,0.0048,0.6768,165,10.4398
node-local,stress,2283,look,accepted,observed,0,0.0710,0.0363,0.0024,0.4705,0.0036,0.5838,161,10.2290
node-local,stress,2284,move,accepted,moved,1,0.0680,0.0421,0.0026,0.5404,0.0044,0.6575,191,10.5463
node-local,stress,2285,choose,rejected,invalid_choice,0,0.0538,0.0382,0.0028,0.4570,0.0034,0.5551,167,10.1677
node-local,stress,2286,look,accepted,observed,0,0.0676,0.0373,0.0027,0.5603,0.0057,0.6736,161,10.2415
node-local,stress,2287,look,accepted,observed,0,0.0784,0.0416,0.0023,0.5128,0.0050,0.6401,161,10.5470
node-local,stress,2288,move,rejected,exit_unavailable,0,0.0755,0.0462,0.0026,0.5200,0.0044,0.6487,169,10.1152
node-local,stress,2289,move,accepted,moved,1,0.0696,0.0402,0.0034,0.5419,0.0047,0.6597,187,10.4938
node-local,stress,2290,move,rejected,exit_unavailable,0,0.0690,0.0393,0.0025,0.5515,0.0035,0.6658,169,10.1282
node-local,stress,2291,move,accepted,moved,1,0.0742,0.0428,0.0034,0.5743,0.0054,0.7000,191,10.1781
node-local,stress,2292,move,accepted,moved,1,0.0632,0.0438,0.0030,0.4932,0.0044,0.6075,187,10.5145
node-local,stress,2293,move,accepted,moved,1,0.0688,0.0400,0.0031,0.5155,0.0041,0.6316,189,10.3638
node-local,stress,2294,move,accepted,moved,1,0.0663,0.0396,0.0029,0.4704,0.0043,0.5835,187,10.3751
node-local,stress,2295,move,accepted,moved,1,0.0567,0.0397,0.0030,0.6105,0.0060,0.7158,191,10.5157
node-local,stress,2296,choose,rejected,invalid_choice,0,0.0602,0.0390,0.0024,0.5694,0.0049,0.6759,167,10.1141
node-local,stress,2297,look,accepted,observed,0,0.0674,0.0405,0.0027,0.4940,0.0045,0.6092,161,10.4876
node-local,stress,2298,close_choice,rejected,invalid_choice,0,0.0622,0.0420,0.0023,0.5032,0.0032,0.6128,167,10.2033
node-local,stress,2299,choose,rejected,stale_view,0,0.0575,0.0340,0.0041,0.4950,0.0036,0.5943,163,10.2389
node-local,stress,2300,move,accepted,moved,1,0.0562,0.0406,0.0035,0.6095,0.0073,0.7171,187,10.6599
node-local,stress,2301,wait,rejected,invalid_time,0,0.0740,0.0507,0.0032,0.5769,0.0039,0.7086,165,10.1436
node-local,stress,2302,look,accepted,observed,0,0.0626,0.0371,0.0031,0.5444,0.0037,0.6509,161,10.2330
node-local,stress,2303,look,accepted,observed,0,0.0554,0.0347,0.0025,0.4777,0.0036,0.5738,161,10.6185
node-local,stress,2304,move,rejected,exit_unavailable,0,0.0622,0.0383,0.0026,0.4895,0.0039,0.5966,169,10.1280
node-local,stress,2305,move,accepted,moved,1,0.0588,0.0378,0.0033,0.5408,0.0055,0.6462,189,10.5645
node-local,stress,2306,look,accepted,observed,0,0.0677,0.0364,0.0025,0.5037,0.0035,0.6138,161,10.1317
node-local,stress,2307,take,rejected,not_present,0,0.0573,0.0404,0.0030,0.5315,0.0040,0.6363,164,10.1575
node-local,stress,2308,move,accepted,moved,1,0.0642,0.0380,0.0033,0.4831,0.0042,0.5929,187,10.4906
node-local,stress,2309,close_choice,rejected,invalid_choice,0,0.0631,0.0379,0.0029,0.5422,0.0058,0.6520,167,10.1616
node-local,stress,2310,move,accepted,moved,1,0.0640,0.0495,0.0038,0.5637,0.0058,0.6867,189,10.4803
node-local,stress,2311,talk,rejected,not_eligible,0,0.0604,0.0330,0.0025,0.4997,0.0027,0.5984,165,10.1344
node-local,stress,2312,look,accepted,observed,0,0.0649,0.0394,0.0027,0.5168,0.0036,0.6274,161,10.1750
node-local,stress,2313,move,accepted,moved,1,0.0589,0.0387,0.0033,0.6270,0.0058,0.7336,187,10.6283
node-local,stress,2314,talk,rejected,not_eligible,0,0.0706,0.0452,0.0027,0.5832,0.0050,0.7067,165,10.3254
node-local,stress,2315,take,rejected,not_present,0,0.0696,0.0403,0.0027,0.4994,0.0058,0.6178,164,10.1536
node-local,stress,2316,move,accepted,moved,1,0.0657,0.0448,0.0033,0.5287,0.0048,0.6474,191,10.4999
node-local,stress,2317,activate,rejected,not_eligible,0,0.0688,0.0420,0.0052,0.5039,0.0036,0.6236,165,10.3255
node-local,stress,2318,take,rejected,not_present,0,0.0688,0.0458,0.0033,0.5756,0.0055,0.6990,164,10.4632
node-local,stress,2319,activate,rejected,not_eligible,0,0.0660,0.0408,0.0041,0.5330,0.0045,0.6484,165,10.2803
node-local,stress,2320,wait,rejected,invalid_time,0,0.0757,0.0416,0.0026,0.5274,0.0047,0.6520,165,10.1838
node-local,stress,2321,look,accepted,observed,0,0.0640,0.0370,0.0028,0.5072,0.0036,0.6146,161,10.5409
node-local,stress,2322,take,rejected,not_present,0,0.0682,0.0423,0.0026,0.4872,0.0048,0.6050,164,10.1519
node-local,stress,2323,move,accepted,moved,1,0.0689,0.0430,0.0028,0.5476,0.0044,0.6667,187,10.5366
node-local,stress,2324,close_choice,rejected,invalid_choice,0,0.0550,0.0355,0.0026,0.5280,0.0033,0.6244,167,10.2015
node-local,stress,2325,move,accepted,moved,1,0.0765,0.0435,0.0053,0.5302,0.0045,0.6600,189,10.4178
node-local,stress,2326,look,accepted,observed,0,0.0521,0.0343,0.0027,0.4428,0.0035,0.5353,161,10.6015
node-local,stress,2327,wait,rejected,invalid_time,0,0.0682,0.0433,0.0030,0.4610,0.0033,0.5788,165,10.2052
node-local,stress,2328,move,accepted,moved,1,0.0690,0.0456,0.0034,0.5893,0.0050,0.7123,187,10.2125
node-local,stress,2329,take,rejected,not_present,0,0.0586,0.0383,0.0026,0.4739,0.0038,0.5772,164,10.5107
node-local,stress,2330,look,accepted,observed,0,0.0678,0.0446,0.0025,0.4601,0.0037,0.5788,161,10.1221
node-local,stress,2331,take,rejected,not_present,0,0.0661,0.0404,0.0027,0.5143,0.0037,0.6272,164,10.5019
node-local,stress,2332,look,accepted,observed,0,0.0582,0.0372,0.0027,0.5650,0.0059,0.6689,161,10.3112
node-local,stress,2333,move,rejected,exit_unavailable,0,0.0899,0.0623,0.0036,0.7118,0.0106,0.8783,169,10.2755
node-local,stress,2334,look,accepted,observed,0,0.0844,0.0438,0.0030,0.5687,0.0051,0.7050,161,10.6752
node-local,stress,2335,wait,rejected,invalid_time,0,0.0681,0.0437,0.0027,0.5078,0.0055,0.6278,165,10.2286
node-local,stress,2336,move,accepted,moved,1,0.0689,0.0591,0.0044,0.4955,0.0048,0.6327,189,10.1837
node-local,stress,2337,take,rejected,not_present,0,0.0594,0.0415,0.0031,0.5848,0.0052,0.6940,164,10.5003
node-local,stress,2338,wait,rejected,invalid_time,0,0.0665,0.0439,0.0028,0.5360,0.0052,0.6545,165,10.1544
node-local,stress,2339,talk,rejected,not_eligible,0,0.0700,0.0440,0.0027,0.5248,0.0053,0.6467,165,10.4888
node-local,stress,2340,talk,rejected,not_eligible,0,0.0692,0.0460,0.0029,0.5206,0.0040,0.6426,165,10.1729
node-local,stress,2341,look,accepted,observed,0,0.0623,0.0356,0.0028,0.4910,0.0038,0.5955,161,10.1910
node-local,stress,2342,move,accepted,moved,1,0.0524,0.0387,0.0035,0.5676,0.0057,0.6678,187,10.6012
node-local,stress,2343,move,accepted,moved,1,0.0685,0.0408,0.0032,0.5220,0.0040,0.6385,191,10.1924
node-local,stress,2344,move,accepted,moved,1,0.0532,0.0377,0.0029,0.5325,0.0045,0.6308,189,10.5998
node-local,stress,2345,look,accepted,observed,0,0.0686,0.0366,0.0026,0.5160,0.0035,0.6273,161,10.2376
node-local,stress,2346,move,accepted,moved,1,0.0676,0.0478,0.0029,0.5040,0.0041,0.6265,191,10.3020
node-local,stress,2347,look,accepted,observed,0,0.0574,0.0400,0.0027,0.5953,0.0057,0.7011,161,10.7759
node-local,stress,2348,look,accepted,observed,0,0.0757,0.0408,0.0025,0.5266,0.0047,0.6503,161,10.2239
node-local,stress,2349,activate,rejected,not_eligible,0,0.0590,0.0438,0.0027,0.4893,0.0041,0.5988,165,10.3295
node-local,stress,2350,choose,rejected,stale_view,0,0.0731,0.0397,0.0028,0.5387,0.0041,0.6584,163,10.9788
node-local,stress,2351,look,accepted,observed,0,0.0869,0.0501,0.0033,0.6294,0.0054,0.7750,161,10.1472
node-local,stress,2352,look,accepted,observed,0,0.0739,0.0462,0.0031,0.5601,0.0049,0.6882,161,10.6145
node-local,stress,2353,choose,rejected,invalid_choice,0,0.0649,0.0567,0.0030,0.6150,0.0052,0.7448,167,10.1731
node-local,stress,2354,move,accepted,moved,1,0.0841,0.0538,0.0043,0.5455,0.0054,0.6931,189,10.2541
node-local,stress,2355,wait,rejected,invalid_time,0,0.0780,0.0475,0.0027,0.5089,0.0037,0.6407,165,10.5998
node-local,stress,2356,look,accepted,observed,0,0.0629,0.0378,0.0025,0.4535,0.0038,0.5605,161,10.2240
node-local,stress,2357,move,accepted,moved,1,0.0677,0.0401,0.0033,0.5199,0.0046,0.6356,191,10.5448
node-local,stress,2358,wait,rejected,invalid_time,0,0.0581,0.0348,0.0025,0.4946,0.0028,0.5927,165,10.1686
node-local,stress,2359,look,accepted,observed,0,0.0598,0.0426,0.0026,0.5111,0.0042,0.6202,161,10.2170
node-local,stress,2360,look,accepted,observed,0,0.0641,0.0392,0.0025,0.4817,0.0037,0.5912,161,10.6197
node-local,stress,2361,look,accepted,observed,0,0.0606,0.0338,0.0026,0.4967,0.0034,0.5971,161,10.0669
node-local,stress,2362,wait,accepted,waited,1,0.0678,0.0447,0.0030,0.6204,0.0080,0.7438,201,10.2053
node-local,stress,2363,talk,rejected,not_eligible,0,0.0766,0.0533,0.0033,0.5060,0.0044,0.6436,165,10.5055
node-local,stress,2364,drop,replayed,dropped,0,0.1091,0.0254,0.0003,0.0002,0.0021,0.1370,0,10.1301
node-local,stress,2365,look,accepted,observed,0,0.0621,0.0436,0.0027,0.6554,0.0068,0.7705,161,10.5840
node-local,stress,2366,look,accepted,observed,0,0.0747,0.0485,0.0034,0.6107,0.0044,0.7417,161,10.1069
node-local,stress,2367,move,accepted,moved,1,0.0679,0.0458,0.0040,0.5424,0.0060,0.6660,187,10.1811
node-local,stress,2368,take,rejected,not_present,0,0.0762,0.0408,0.0026,0.5232,0.0038,0.6467,164,10.5293
node-local,stress,2369,look,accepted,observed,0,0.0778,0.0450,0.0026,0.5334,0.0044,0.6632,161,10.1026
node-local,stress,2370,look,accepted,observed,0,0.0688,0.0427,0.0026,0.5207,0.0038,0.6387,161,10.5020
node-local,stress,2371,choose,rejected,stale_view,0,0.0573,0.0303,0.0022,0.4893,0.0027,0.5818,163,10.0514
node-local,stress,2372,take,replayed,not_present,0,0.0970,0.0239,0.0002,0.0002,0.0022,0.1234,0,10.0812
node-local,stress,2373,look,accepted,observed,0,0.0510,0.0391,0.0026,0.5364,0.0057,0.6348,161,10.5926
node-local,stress,2374,talk,rejected,not_eligible,0,0.0642,0.0420,0.0025,0.5225,0.0057,0.6369,165,10.2080
node-local,stress,2375,move,accepted,moved,1,0.0684,0.0512,0.0042,0.6572,0.0066,0.7875,191,10.2644
node-local,stress,2376,wait,rejected,invalid_time,0,0.0710,0.0516,0.0030,0.5098,0.0076,0.6431,165,10.6160
node-local,stress,2377,take,rejected,not_present,0,0.0683,0.0453,0.0026,0.5565,0.0038,0.6765,164,10.2026
node-local,stress,2378,look,accepted,observed,0,0.0688,0.0399,0.0030,0.5246,0.0038,0.6401,161,10.5197
node-local,stress,2379,talk,rejected,not_eligible,0,0.0662,0.0395,0.0026,0.5423,0.0035,0.6542,165,10.1505
node-local,stress,2380,look,accepted,observed,0,0.0690,0.0372,0.0027,0.5448,0.0076,0.6612,161,10.1794
node-local,stress,2381,move,rejected,exit_unavailable,0,0.0725,0.0442,0.0024,0.5187,0.0045,0.6424,169,10.5756
node-local,stress,2382,move,accepted,moved,1,0.0690,0.0424,0.0033,0.5412,0.0044,0.6603,187,10.1002
node-local,stress,2383,choose,rejected,stale_view,0,0.0662,0.0373,0.0023,0.5436,0.0033,0.6527,163,10.1154
node-local,stress,2384,move,accepted,moved,1,0.0569,0.0417,0.0030,0.6098,0.0055,0.7170,189,10.5801
node-local,stress,2385,choose,rejected,invalid_choice,0,0.0767,0.0481,0.0026,0.5551,0.0049,0.6874,167,10.2788
node-local,stress,2386,wait,rejected,invalid_time,0,0.0588,0.0403,0.0026,0.5028,0.0040,0.6086,165,10.4915
node-local,stress,2387,talk,rejected,not_eligible,0,0.0737,0.0485,0.0030,0.5552,0.0040,0.6844,165,10.1730
node-local,stress,2388,wait,rejected,invalid_time,0,0.0706,0.0431,0.0024,0.4677,0.0042,0.5880,165,10.2052
node-local,stress,2389,look,accepted,observed,0,0.0671,0.0340,0.0024,0.5052,0.0038,0.6125,161,10.5279
node-local,stress,2390,choose,rejected,invalid_choice,0,0.0717,0.0435,0.0026,0.5023,0.0041,0.6242,167,10.1567
node-local,stress,2391,look,accepted,observed,0,0.0587,0.0387,0.0024,0.4604,0.0060,0.5663,161,10.4973
node-local,stress,2392,look,accepted,observed,0,0.0655,0.0309,0.0022,0.4578,0.0030,0.5595,161,10.1630
node-local,stress,2393,activate,rejected,not_eligible,0,0.0675,0.0413,0.0026,0.5274,0.0036,0.6424,165,10.2843
node-local,stress,2394,wait,rejected,invalid_time,0,0.0567,0.0436,0.0025,0.4925,0.0037,0.5990,165,10.6411
node-local,stress,2395,talk,rejected,not_eligible,0,0.0632,0.0410,0.0025,0.4733,0.0035,0.5835,165,10.2021
node-local,stress,2396,look,accepted,observed,0,0.0586,0.0407,0.0025,0.5363,0.0037,0.6419,161,10.4090
node-local,stress,2397,move,accepted,moved,1,0.0703,0.0480,0.0033,0.6014,0.0068,0.7298,187,10.5169
node-local,stress,2398,move,accepted,moved,1,0.0693,0.0508,0.0038,0.6841,0.0060,0.8140,191,10.1732
node-local,stress,2399,choose,rejected,stale_view,0,0.0822,0.0442,0.0026,0.5804,0.0050,0.7144,163,10.5176
node-local,stress,2400,move,accepted,moved,1,0.0642,0.0423,0.0028,0.5200,0.0040,0.6334,187,10.1576
node-local,stress,2401,move,accepted,moved,1,0.0590,0.0391,0.0030,0.5346,0.0045,0.6401,189,10.1202
node-local,stress,2402,move,rejected,exit_unavailable,0,0.0672,0.0395,0.0025,0.5769,0.0055,0.6915,169,10.5198
node-local,stress,2403,take,rejected,not_present,0,0.0727,0.0494,0.0030,0.5494,0.0051,0.6797,164,10.1519
node-local,stress,2404,move,accepted,moved,1,0.0665,0.0498,0.0035,0.5700,0.0052,0.6950,187,10.5053
node-local,stress,2405,talk,rejected,not_eligible,0,0.0637,0.0384,0.0026,0.5137,0.0034,0.6218,165,10.2075
node-local,stress,2406,move,accepted,moved,1,0.0665,0.0439,0.0027,0.5145,0.0046,0.6322,189,10.2283
node-local,stress,2407,look,accepted,observed,0,0.0586,0.0420,0.0026,0.5989,0.0059,0.7081,161,10.5430
node-local,stress,2408,look,accepted,observed,0,0.0712,0.0423,0.0025,0.5052,0.0047,0.6260,161,10.1530
node-local,stress,2409,move,accepted,moved,1,0.0744,0.0398,0.0035,0.5278,0.0044,0.6498,187,10.1010
node-local,stress,2410,move,accepted,moved,1,0.0681,0.0416,0.0032,0.5245,0.0048,0.6422,189,10.4416
node-local,stress,2411,move,accepted,moved,1,0.0754,0.0423,0.0030,0.6351,0.0065,0.7622,187,10.1468
node-local,stress,2412,move,accepted,moved,1,0.0715,0.0461,0.0031,0.6015,0.0051,0.7273,191,10.4646
node-local,stress,2413,talk,rejected,not_eligible,0,0.0701,0.0379,0.0027,0.4968,0.0037,0.6112,165,10.1619
node-local,stress,2414,look,accepted,observed,0,0.0629,0.0381,0.0026,0.5120,0.0038,0.6195,161,10.1304
node-local,stress,2415,talk,rejected,not_eligible,0,0.0692,0.0434,0.0026,0.4901,0.0035,0.6087,165,10.5703
node-local,stress,2416,take,rejected,not_present,0,0.0757,0.0503,0.0030,0.6147,0.0076,0.7513,164,10.4635
node-local,stress,2417,move,rejected,exit_unavailable,0,0.0643,0.0410,0.0023,0.5058,0.0051,0.6186,169,10.2653
node-local,stress,2418,talk,rejected,not_eligible,0,0.0744,0.0478,0.0027,0.4997,0.0039,0.6285,165,10.5048
node-local,stress,2419,take,rejected,not_present,0,0.0597,0.0418,0.0025,0.5359,0.0039,0.6437,164,10.1456
node-local,stress,2420,look,accepted,observed,0,0.0616,0.0410,0.0026,0.5815,0.0089,0.6957,161,10.4711
node-local,stress,2421,move,accepted,moved,1,0.0695,0.0410,0.0037,0.6085,0.0057,0.7284,187,10.1243
node-local,stress,2422,look,accepted,observed,0,0.0791,0.0410,0.0026,0.5142,0.0048,0.6416,161,10.1344
node-local,stress,2423,look,accepted,observed,0,0.0725,0.0385,0.0025,0.4995,0.0040,0.6168,161,10.6762
node-local,stress,2424,move,rejected,exit_unavailable,0,0.0695,0.0535,0.0055,0.5931,0.0061,0.7278,169,10.2285
node-local,stress,2425,look,accepted,observed,0,0.0703,0.0411,0.0026,0.5570,0.0051,0.6760,161,10.6675
node-local,stress,2426,take,rejected,not_present,0,0.0656,0.0373,0.0025,0.5684,0.0040,0.6776,164,10.1810
node-local,stress,2427,look,accepted,observed,0,0.0757,0.0436,0.0027,0.5298,0.0045,0.6563,161,10.2150
node-local,stress,2428,move,accepted,moved,1,0.0627,0.0428,0.0032,0.5408,0.0053,0.6548,189,10.5873
node-local,stress,2429,move,rejected,exit_unavailable,0,0.0677,0.0445,0.0026,0.4762,0.0052,0.5962,169,10.2473
node-local,stress,2430,move,accepted,moved,1,0.0622,0.0393,0.0033,0.4993,0.0045,0.6086,187,10.2370
node-local,stress,2431,activate,rejected,not_eligible,0,0.0633,0.0402,0.0026,0.5549,0.0057,0.6667,165,10.5752
node-local,stress,2432,look,accepted,observed,0,0.0747,0.0496,0.0035,0.5217,0.0042,0.6537,161,10.1812
node-local,stress,2433,look,accepted,observed,0,0.0661,0.0376,0.0024,0.5070,0.0039,0.6169,161,10.5142
node-local,stress,2434,look,accepted,observed,0,0.0689,0.0366,0.0024,0.5106,0.0032,0.6218,161,10.1388
node-local,stress,2435,move,accepted,moved,1,0.0558,0.0396,0.0035,0.5217,0.0055,0.6261,191,10.1690
node-local,stress,2436,move,accepted,moved,1,0.0678,0.0421,0.0030,0.5246,0.0049,0.6423,187,10.6657
node-local,stress,2437,look,accepted,observed,0,0.0637,0.0433,0.0026,0.5263,0.0049,0.6408,161,10.2980
node-local,stress,2438,take,replayed,not_present,0,0.1168,0.0285,0.0003,0.0001,0.0026,0.1483,0,10.6079
node-local,stress,2439,move,accepted,moved,1,0.0632,0.0463,0.0035,0.6329,0.0063,0.7522,189,10.2014
node-local,stress,2440,move,accepted,moved,1,0.0988,0.0575,0.0039,0.6049,0.0058,0.7710,187,10.1658
node-local,stress,2441,choose,rejected,invalid_choice,0,0.0707,0.0471,0.0034,0.5727,0.0048,0.6988,167,10.9532
node-local,stress,2442,move,accepted,moved,1,0.0804,0.0498,0.0046,0.6444,0.0052,0.7844,189,10.0869
node-local,stress,2443,look,accepted,observed,0,0.0628,0.0369,0.0028,0.5000,0.0038,0.6064,161,10.2891
node-local,stress,2444,look,accepted,observed,0,0.0610,0.0364,0.0028,0.4735,0.0040,0.5778,161,10.5077
node-local,stress,2445,take,replayed,not_present,0,0.1047,0.0236,0.0001,0.0002,0.0021,0.1308,0,10.1308
node-local,stress,2446,take,rejected,not_present,0,0.0653,0.0420,0.0024,0.5568,0.0077,0.6742,164,10.5427
node-local,stress,2447,talk,rejected,not_eligible,0,0.0789,0.0442,0.0032,0.5914,0.0045,0.7223,165,10.2963
node-local,stress,2448,close_choice,rejected,invalid_choice,0,0.0800,0.0479,0.0030,0.5535,0.0046,0.6890,167,10.1629
node-local,stress,2449,move,accepted,moved,1,0.0675,0.0455,0.0039,0.6051,0.0076,0.7296,187,10.5817
node-local,stress,2450,move,accepted,moved,1,0.0763,0.0474,0.0032,0.5397,0.0050,0.6716,191,10.1688
node-local,stress,2451,talk,rejected,not_eligible,0,0.0722,0.0439,0.0029,0.5429,0.0052,0.6671,165,10.1716
node-local,stress,2452,choose,rejected,stale_view,0,0.0641,0.0449,0.0023,0.5268,0.0048,0.6430,163,10.5988
node-local,stress,2453,activate,rejected,not_eligible,0,0.0599,0.0406,0.0029,0.4745,0.0050,0.5830,165,10.1560
node-local,stress,2454,move,accepted,moved,1,0.0635,0.0488,0.0031,0.5249,0.0072,0.6475,187,10.5177
node-local,stress,2455,move,accepted,moved,1,0.0677,0.0419,0.0031,0.5341,0.0060,0.6528,189,10.1162
node-local,stress,2456,wait,rejected,invalid_time,0,0.0826,0.0522,0.0031,0.5515,0.0047,0.6940,165,10.2127
node-local,stress,2457,talk,rejected,not_eligible,0,0.0675,0.0464,0.0032,0.5173,0.0049,0.6393,165,10.5729
node-local,stress,2458,move,accepted,moved,1,0.0879,0.0507,0.0033,0.5115,0.0051,0.6585,187,10.1715
node-local,stress,2459,look,accepted,observed,0,0.0678,0.0408,0.0025,0.5701,0.0067,0.6881,161,10.5755
node-local,stress,2460,look,accepted,observed,0,0.0809,0.0443,0.0029,0.5287,0.0036,0.6604,161,10.0918
node-local,stress,2461,move,accepted,moved,1,0.0654,0.0420,0.0028,0.4993,0.0047,0.6143,189,10.1335
node-local,stress,2462,look,accepted,observed,0,0.0680,0.0364,0.0026,0.4964,0.0037,0.6071,161,10.5138
node-local,stress,2463,move,accepted,moved,1,0.0687,0.0419,0.0029,0.5019,0.0042,0.6195,187,10.1839
node-local,stress,2464,take,rejected,not_present,0,0.0637,0.0383,0.0027,0.5290,0.0043,0.6380,164,10.1199
node-local,stress,2465,choose,rejected,invalid_choice,0,0.0655,0.0426,0.0025,0.5115,0.0041,0.6263,167,10.4617
node-local,stress,2466,move,accepted,moved,1,0.0595,0.0407,0.0032,0.4957,0.0047,0.6037,189,10.1207
node-local,stress,2467,move,accepted,moved,1,0.0689,0.0405,0.0030,0.5238,0.0045,0.6407,187,10.5963
node-local,stress,2468,take,rejected,not_present,0,0.0571,0.0343,0.0025,0.5610,0.0055,0.6605,164,10.1533
node-local,stress,2469,move,accepted,moved,1,0.0720,0.0477,0.0036,0.5036,0.0053,0.6323,189,10.2360
node-local,stress,2470,move,accepted,moved,1,0.0693,0.0387,0.0030,0.5064,0.0045,0.6218,187,10.5863
node-local,stress,2471,look,accepted,observed,0,0.0589,0.0359,0.0024,0.4638,0.0037,0.5648,161,10.1214
node-local,stress,2472,move,rejected,exit_unavailable,0,0.0591,0.0431,0.0024,0.5948,0.0052,0.7046,169,10.5242
node-local,stress,2473,look,accepted,observed,0,0.0669,0.0348,0.0021,0.5134,0.0028,0.6200,161,10.1199
node-local,stress,2474,activate,rejected,not_eligible,0,0.0609,0.0413,0.0027,0.5375,0.0042,0.6466,165,10.1870
node-local,stress,2475,look,accepted,observed,0,0.0552,0.0361,0.0025,0.4693,0.0040,0.5671,161,10.6012
node-local,stress,2476,look,accepted,observed,0,0.0601,0.0342,0.0023,0.5683,0.0050,0.6700,161,10.2897
node-local,stress,2477,move,accepted,moved,1,0.0602,0.0438,0.0041,0.4662,0.0052,0.5794,191,10.1500
node-local,stress,2478,look,accepted,observed,0,0.0652,0.0382,0.0026,0.5140,0.0040,0.6240,161,10.5438
node-local,stress,2479,move,accepted,moved,1,0.0588,0.0399,0.0029,0.4463,0.0046,0.5523,187,10.1863
node-local,stress,2480,take,rejected,not_present,0,0.0711,0.0372,0.0025,0.5451,0.0044,0.6603,164,10.5204
node-local,stress,2481,look,accepted,observed,0,0.0668,0.0349,0.0025,0.5009,0.0035,0.6085,161,10.1856
node-local,stress,2482,move,accepted,moved,1,0.0566,0.0378,0.0032,0.5166,0.0044,0.6187,189,10.3413
node-local,stress,2483,look,accepted,observed,0,0.0539,0.0334,0.0025,0.4428,0.0040,0.5366,161,10.5902
node-local,stress,2484,move,accepted,moved,1,0.0841,0.0515,0.0035,0.5324,0.0048,0.6762,187,10.2272
node-local,stress,2485,choose,rejected,invalid_choice,0,0.0636,0.0431,0.0026,0.5530,0.0061,0.6684,167,10.7095
node-local,stress,2486,look,accepted,observed,0,0.0695,0.0353,0.0025,0.5940,0.0037,0.7050,161,10.1448
node-local,stress,2487,move,accepted,moved,1,0.0737,0.0435,0.0033,0.5136,0.0052,0.6394,189,10.2542
node-local,stress,2488,move,rejected,exit_unavailable,0,0.0674,0.0422,0.0028,0.4960,0.0046,0.6130,169,10.5567
node-local,stress,2489,look,accepted,observed,0,0.0664,0.0403,0.0028,0.5047,0.0033,0.6176,161,10.1574
node-local,stress,2490,move,accepted,moved,1,0.0603,0.0389,0.0031,0.5214,0.0064,0.6300,187,10.3063
node-local,stress,2491,look,accepted,observed,0,0.0828,0.0430,0.0026,0.5331,0.0046,0.6661,161,10.5101
node-local,stress,2492,move,accepted,moved,1,0.0621,0.0425,0.0030,0.4546,0.0042,0.5665,191,10.1967
node-local,stress,2493,talk,rejected,not_eligible,0,0.0679,0.0401,0.0028,0.5095,0.0057,0.6260,165,10.5482
node-local,stress,2494,take,rejected,not_present,0,0.0639,0.0376,0.0024,0.5036,0.0032,0.6107,164,10.1218
node-local,stress,2495,look,accepted,observed,0,0.0589,0.0430,0.0026,0.5838,0.0050,0.6932,161,10.1880
node-local,stress,2496,move,accepted,moved,1,0.0761,0.0505,0.0031,0.5308,0.0073,0.6678,189,10.4545
node-local,stress,2497,wait,rejected,invalid_time,0,0.0580,0.0392,0.0025,0.5035,0.0037,0.6068,165,10.1469
node-local,stress,2498,look,accepted,observed,0,0.0563,0.0353,0.0026,0.4953,0.0036,0.5931,161,10.2600
node-local,stress,2499,choose,rejected,stale_view,0,0.0695,0.0370,0.0022,0.5017,0.0040,0.6145,163,10.6464
node-local,stress,2500,move,accepted,moved,1,0.0558,0.0381,0.0031,0.4447,0.0036,0.5453,191,10.1012
node-local,stress,2501,move,accepted,moved,1,0.0523,0.0382,0.0032,0.4635,0.0040,0.5611,187,10.5438
node-local,stress,2502,move,accepted,moved,1,0.0661,0.0402,0.0027,0.5194,0.0045,0.6330,191,10.2303
node-local,stress,2503,move,accepted,moved,1,0.0540,0.0376,0.0032,0.4503,0.0042,0.5493,189,10.2403
node-local,stress,2504,wait,rejected,invalid_time,0,0.0618,0.0423,0.0025,0.4844,0.0038,0.5947,165,10.5323
node-local,stress,2505,take,replayed,not_present,0,0.1005,0.0238,0.0003,0.0002,0.0019,0.1266,0,10.1627
node-local,stress,2506,look,accepted,observed,0,0.0562,0.0465,0.0025,0.6161,0.0054,0.7266,161,10.5010
node-local,stress,2507,look,accepted,observed,0,0.0661,0.0368,0.0025,0.5332,0.0039,0.6424,161,10.4011
node-local,stress,2508,move,accepted,moved,1,0.0855,0.0560,0.0046,0.5752,0.0059,0.7271,191,10.2364
node-local,stress,2509,move,accepted,moved,1,0.0680,0.0406,0.0032,0.4561,0.0043,0.5723,189,10.4682
node-local,stress,2510,take,accepted,taken,1,0.0591,0.0373,0.0031,0.5054,0.0048,0.6097,189,10.2811
node-local,stress,2511,look,accepted,observed,0,0.0652,0.0385,0.0025,0.5035,0.0041,0.6138,161,10.2167
node-local,stress,2512,look,accepted,observed,0,0.0664,0.0362,0.0023,0.5454,0.0051,0.6555,161,10.5100
node-local,stress,2513,look,accepted,observed,0,0.0687,0.0415,0.0026,0.4973,0.0041,0.6143,161,10.1423
node-local,stress,2514,look,accepted,observed,0,0.0544,0.0354,0.0025,0.4897,0.0040,0.5859,161,10.5607
node-local,stress,2515,wait,rejected,invalid_time,0,0.0665,0.0419,0.0025,0.5190,0.0036,0.6336,165,10.3680
node-local,stress,2516,look,accepted,observed,0,0.0578,0.0353,0.0023,0.5145,0.0041,0.6140,161,10.1036
node-local,stress,2517,wait,rejected,invalid_time,0,0.0603,0.0404,0.0024,0.5001,0.0043,0.6075,165,10.6055
node-local,stress,2518,look,accepted,observed,0,0.0585,0.0362,0.0026,0.4736,0.0039,0.5747,161,10.2428
node-local,stress,2519,look,accepted,observed,0,0.0528,0.0324,0.0025,0.4649,0.0040,0.5566,161,10.6091
node-local,stress,2520,wait,rejected,invalid_time,0,0.0689,0.0410,0.0027,0.4995,0.0032,0.6152,165,10.1592
node-local,stress,2521,choose,rejected,invalid_choice,0,0.0570,0.0415,0.0023,0.5340,0.0058,0.6405,167,10.1273
node-local,stress,2522,look,accepted,observed,0,0.0651,0.0404,0.0027,0.5215,0.0047,0.6344,161,10.5085
node-local,stress,2523,choose,rejected,invalid_choice,0,0.0643,0.0406,0.0026,0.4662,0.0039,0.5776,167,10.1487
node-local,stress,2524,move,rejected,exit_unavailable,0,0.0577,0.0391,0.0026,0.4777,0.0041,0.5812,169,10.4892
node-local,stress,2525,activate,rejected,not_eligible,0,0.0546,0.0383,0.0026,8.6010,0.0068,8.7032,165,10.7580
node-local,stress,2526,move,accepted,moved,1,0.0892,0.0548,0.0044,0.6671,0.0056,0.8211,191,10.6280
node-local,stress,2527,move,accepted,moved,1,0.0701,0.0454,0.0035,0.5981,0.0052,0.7223,187,10.6400
node-local,stress,2528,move,accepted,moved,1,0.0721,0.0470,0.0030,0.5802,0.0047,0.7071,189,10.1791
node-local,stress,2529,move,accepted,moved,1,0.0654,0.0425,0.0031,0.6219,0.0060,0.7389,187,10.1423
node-local,stress,2530,move,accepted,moved,1,0.0713,0.0467,0.0033,0.5104,0.0045,0.6362,189,10.6041
node-local,stress,2531,look,accepted,observed,0,0.0616,0.0392,0.0028,0.5240,0.0042,0.6318,161,10.3883
node-local,stress,2532,look,accepted,observed,0,0.0575,0.0336,0.0025,0.4993,0.0040,0.5970,161,10.2173
node-local,stress,2533,move,accepted,moved,1,0.0616,0.0391,0.0034,0.4788,0.0050,0.5879,187,10.6086
node-local,stress,2534,activate,rejected,not_eligible,0,0.0681,0.0369,0.0028,0.4702,0.0036,0.5816,165,10.1390
node-local,stress,2535,move,accepted,moved,1,0.0676,0.0434,0.0033,0.5057,0.0041,0.6241,189,10.4811
node-local,stress,2536,look,accepted,observed,0,0.0678,0.0363,0.0024,0.5096,0.0034,0.6195,161,10.1406
node-local,stress,2537,move,rejected,exit_unavailable,0,0.0699,0.0424,0.0027,0.5822,0.0069,0.7041,169,10.1250
node-local,stress,2538,look,accepted,observed,0,0.0844,0.0484,0.0032,0.5375,0.0045,0.6780,161,10.6871
node-local,stress,2539,look,accepted,observed,0,0.0565,0.0401,0.0026,0.4808,0.0052,0.5852,161,10.2105
node-local,stress,2540,look,accepted,observed,0,0.0723,0.0401,0.0025,0.4949,0.0037,0.6135,161,10.5875
node-local,stress,2541,activate,rejected,not_eligible,0,0.0611,0.0362,0.0022,0.4693,0.0031,0.5719,165,10.1946
node-local,stress,2542,talk,rejected,not_eligible,0,0.0671,0.0416,0.0029,0.5878,0.0058,0.7052,165,10.1095
node-local,stress,2543,look,accepted,observed,0,0.0688,0.0413,0.0025,0.5061,0.0045,0.6231,161,10.4980
node-local,stress,2544,wait,accepted,waited,1,0.0711,0.0440,0.0034,0.5313,0.0046,0.6544,185,10.1175
node-local,stress,2545,look,accepted,observed,0,0.0671,0.0397,0.0025,0.5089,0.0041,0.6224,161,10.1590
node-local,stress,2546,look,accepted,observed,0,0.0552,0.0352,0.0024,0.5584,0.0057,0.6569,161,10.5530
node-local,stress,2547,drop,accepted,dropped,1,0.0718,0.0459,0.0032,0.6002,0.0047,0.7257,196,10.2709
node-local,stress,2548,wait,rejected,invalid_time,0,0.0616,0.0479,0.0025,0.4976,0.0044,0.6140,165,10.5134
node-local,stress,2549,move,accepted,moved,1,0.0688,0.0437,0.0040,0.4773,0.0044,0.5981,187,10.1063
node-local,stress,2550,wait,rejected,invalid_time,0,0.0539,0.0386,0.0024,0.4500,0.0041,0.5490,165,10.1857
node-local,stress,2551,wait,rejected,invalid_time,0,0.0540,0.0395,0.0022,0.4625,0.0039,0.5622,165,10.5352
node-local,stress,2552,wait,rejected,invalid_time,0,0.0629,0.0375,0.0022,0.4819,0.0035,0.5880,165,10.1514
node-local,stress,2553,look,accepted,observed,0,0.0718,0.0382,0.0025,0.4888,0.0038,0.6050,161,10.5691
node-local,stress,2554,move,accepted,moved,1,0.0692,0.0431,0.0034,0.5521,0.0042,0.6720,189,10.1102
node-local,stress,2555,activate,rejected,not_eligible,0,0.0640,0.0378,0.0027,0.5976,0.0050,0.7072,165,10.1470
node-local,stress,2556,wait,rejected,invalid_time,0,0.0673,0.0372,0.0025,0.5461,0.0041,0.6572,165,10.4745
node-local,stress,2557,move,accepted,moved,1,0.0620,0.0387,0.0030,0.4903,0.0046,0.5985,187,10.1638
node-local,stress,2558,move,accepted,moved,1,0.0632,0.0408,0.0030,0.5228,0.0043,0.6340,191,10.2828
node-local,stress,2559,move,rejected,exit_unavailable,0,0.0686,0.0431,0.0026,0.5712,0.0042,0.6897,169,10.5558
node-local,stress,2560,look,accepted,observed,0,0.0536,0.0373,0.0027,0.4576,0.0040,0.5553,161,10.1375
node-local,stress,2561,look,accepted,observed,0,0.0697,0.0335,0.0025,0.4946,0.0033,0.6036,161,10.4928
node-local,stress,2562,look,accepted,observed,0,0.0565,0.0322,0.0026,0.5035,0.0033,0.5980,161,10.1837
node-local,stress,2563,move,rejected,exit_unavailable,0,0.0667,0.0399,0.0027,0.5056,0.0037,0.6185,169,10.1507
node-local,stress,2564,look,accepted,observed,0,0.0593,0.0340,0.0025,0.6186,0.0054,0.7199,161,10.5503
node-local,stress,2565,take,rejected,not_present,0,0.0665,0.0430,0.0027,0.5515,0.0046,0.6682,164,10.2126
node-local,stress,2566,move,accepted,moved,1,0.0700,0.0421,0.0034,0.4730,0.0050,0.5935,189,10.1235
node-local,stress,2567,move,accepted,moved,1,0.0583,0.0408,0.0031,0.5213,0.0048,0.6282,191,10.6017
node-local,stress,2568,wait,rejected,invalid_time,0,0.0580,0.0398,0.0023,15.6281,0.0081,15.7363,165,10.6700
node-local,stress,2569,activate,rejected,not_eligible,0,0.0768,0.0450,0.0032,0.5708,0.0053,0.7012,165,11.4047
node-local,stress,2570,take,rejected,not_present,0,0.0658,0.0460,0.0025,0.5820,0.0048,0.7011,164,10.4399
node-local,stress,2571,move,accepted,moved,1,0.0665,0.0461,0.0040,0.5439,0.0054,0.6658,189,10.2316
node-local,stress,2572,drop,rejected,integrity_conflict,0,0.1084,0.0223,0.0002,0.0002,0.0023,0.1334,0,10.5343
node-local,stress,2573,move,accepted,moved,1,0.0713,0.0624,0.0035,0.7073,0.0060,0.8504,191,10.1652
node-local,stress,2574,wait,rejected,invalid_time,0,0.0733,0.0487,0.0028,0.5257,0.0047,0.6552,165,10.5369
node-local,stress,2575,look,accepted,observed,0,0.0726,0.0356,0.0027,0.5116,0.0036,0.6262,161,10.1133
node-local,stress,2576,move,accepted,moved,1,0.0695,0.0438,0.0030,0.5294,0.0043,0.6499,189,10.2588
node-local,stress,2577,look,accepted,observed,0,0.0686,0.0331,0.0025,0.4913,0.0039,0.5994,161,10.6407
node-local,stress,2578,look,accepted,observed,0,0.0529,0.0349,0.0023,0.4550,0.0036,0.5487,161,10.1368
node-local,stress,2579,take,rejected,not_present,0,0.0650,0.0409,0.0025,0.4721,0.0037,0.5842,164,10.2135
node-local,stress,2580,look,accepted,observed,0,0.0613,0.0366,0.0027,0.4663,0.0035,0.5704,161,10.5060
node-local,stress,2581,drop,replayed,dropped,0,0.0998,0.0222,0.0002,0.0001,0.0020,0.1243,0,10.1225
node-local,stress,2582,look,accepted,observed,0,0.0630,0.0424,0.0025,0.5669,0.0049,0.6797,161,10.4662
node-local,stress,2583,move,rejected,exit_unavailable,0,0.0663,0.0398,0.0024,0.5159,0.0036,0.6280,169,10.1271
node-local,stress,2584,choose,rejected,invalid_choice,0,0.0635,0.0428,0.0027,0.4800,0.0039,0.5928,167,10.1886
node-local,stress,2585,look,accepted,observed,0,0.0599,0.0372,0.0025,0.5270,0.0037,0.6303,161,10.5171
node-local,stress,2586,look,accepted,observed,0,0.0632,0.0376,0.0024,0.4887,0.0038,0.5957,161,10.1722
node-local,stress,2587,look,accepted,observed,0,0.0618,0.0369,0.0022,0.5051,0.0037,0.6098,161,10.6112
node-local,stress,2588,move,accepted,moved,1,0.0761,0.0398,0.0034,0.5632,0.0041,0.6867,191,10.2764
node-local,stress,2589,talk,rejected,not_eligible,0,0.0535,0.0368,0.0026,0.4375,0.0037,0.5342,165,10.1793
node-local,stress,2590,talk,rejected,not_eligible,0,0.0540,0.0360,0.0028,0.4425,0.0036,0.5389,165,10.4242
node-local,stress,2591,take,rejected,not_present,0,0.0544,0.0368,0.0026,0.4734,0.0037,0.5709,164,10.1125
node-local,stress,2592,take,rejected,not_present,0,0.0641,0.0393,0.0025,0.5081,0.0038,0.6178,164,10.2865
node-local,stress,2593,look,accepted,observed,0,0.0664,0.0430,0.0029,0.4877,0.0050,0.6050,161,10.5776
node-local,stress,2594,activate,rejected,not_eligible,0,0.0723,0.0455,0.0029,0.4902,0.0043,0.6153,165,10.2747
node-local,stress,2595,move,accepted,moved,1,0.0643,0.0395,0.0033,0.5696,0.0062,0.6830,189,10.5075
node-local,stress,2596,move,accepted,moved,1,0.0768,0.0424,0.0034,0.5708,0.0046,0.6980,191,10.4095
node-local,stress,2597,look,accepted,observed,0,0.0761,0.0423,0.0027,0.5685,0.0083,0.6980,161,10.3236
node-local,stress,2598,move,accepted,moved,1,0.0727,0.0508,0.0038,0.5551,0.0048,0.6873,187,10.5852
node-local,stress,2599,talk,rejected,not_eligible,0,0.0635,0.0407,0.0027,0.4858,0.0040,0.5968,165,10.1709
node-local,stress,2600,move,accepted,moved,1,0.0726,0.0439,0.0048,0.6457,0.0073,0.7743,189,10.5808
node-local,stress,2601,look,accepted,observed,0,0.0565,0.0323,0.0024,0.5730,0.0038,0.6679,161,10.1578
node-local,stress,2602,move,accepted,moved,1,0.0716,0.0483,0.0039,0.5370,0.0055,0.6664,187,10.1968
node-local,stress,2603,look,accepted,observed,0,0.0543,0.0368,0.0025,0.4474,0.0035,0.5445,161,11.0039
node-local,stress,2604,move,rejected,exit_unavailable,0,0.0633,0.0425,0.0026,0.4680,0.0039,0.5803,169,10.1237
node-local,stress,2605,move,accepted,moved,1,0.0629,0.0411,0.0030,0.6310,0.0058,0.7438,189,10.1823
node-local,stress,2606,activate,rejected,not_eligible,0,0.0751,0.0462,0.0027,0.5857,0.0050,0.7147,165,10.5003
node-local,stress,2607,look,accepted,observed,0,0.0722,0.0398,0.0025,0.4856,0.0039,0.6040,161,10.1496
node-local,stress,2608,look,accepted,observed,0,0.0571,0.0385,0.0022,0.5473,0.0038,0.6489,161,10.6278
node-local,stress,2609,take,accepted,taken,1,0.0551,0.0347,0.0028,0.5185,0.0036,0.6147,189,10.3881
node-local,stress,2610,wait,rejected,invalid_time,0,0.0728,0.0471,0.0029,0.5592,0.0060,0.6881,165,10.1970
node-local,stress,2611,look,accepted,observed,0,0.0803,0.0465,0.0029,0.5735,0.0056,0.7088,161,10.5373
node-local,stress,2612,move,rejected,exit_unavailable,0,0.0810,0.0560,0.0035,0.5118,0.0045,0.6568,169,10.2555
node-local,stress,2613,look,accepted,observed,0,0.0704,0.0380,0.0027,0.4900,0.0040,0.6052,161,10.1447
node-local,stress,2614,activate,rejected,not_eligible,0,0.0675,0.0395,0.0025,0.4799,0.0037,0.5932,165,10.5122
node-local,stress,2615,look,accepted,observed,0,0.0622,0.0349,0.0023,0.4564,0.0035,0.5594,161,10.1812
node-local,stress,2616,choose,rejected,invalid_choice,0,0.0571,0.0433,0.0024,0.4875,0.0035,0.5937,167,10.4545
node-local,stress,2617,look,accepted,observed,0,0.0609,0.0360,0.0027,0.4997,0.0035,0.6028,161,10.3477
node-local,stress,2618,wait,rejected,invalid_time,0,0.0691,0.0431,0.0025,0.4222,0.0039,0.5408,165,10.2625
node-local,stress,2619,move,accepted,moved,1,0.0600,0.0405,0.0034,0.5717,0.0053,0.6810,187,10.5114
node-local,stress,2620,look,accepted,observed,0,0.0615,0.0366,0.0027,0.5270,0.0059,0.6337,161,10.2127
node-local,stress,2621,drop,accepted,dropped,1,0.0812,0.0507,0.0038,0.5492,0.0045,0.6895,194,10.9087
node-local,stress,2622,move,accepted,moved,1,0.0562,0.0358,0.0030,0.4803,0.0037,0.5789,191,10.0737
node-local,stress,2623,look,accepted,observed,0,0.0586,0.0360,0.0025,0.4495,0.0043,0.5509,161,10.1854
node-local,stress,2624,move,accepted,moved,1,0.0691,0.0426,0.0029,0.6237,0.0067,0.7450,189,10.5344
node-local,stress,2625,choose,rejected,stale_view,0,0.0763,0.0415,0.0027,0.6103,0.0050,0.7357,163,10.1309
node-local,stress,2626,take,rejected,not_present,0,0.0789,0.0479,0.0029,0.5195,0.0050,0.6542,164,10.1278
node-local,stress,2627,move,accepted,moved,1,0.0591,0.0395,0.0029,0.4918,0.0049,0.5982,191,10.4165
node-local,stress,2628,move,accepted,moved,1,0.0681,0.0425,0.0028,0.4810,0.0047,0.5991,187,10.1966
node-local,stress,2629,wait,rejected,invalid_time,0,0.0593,0.0412,0.0023,0.4599,0.0040,0.5667,165,10.5421
node-local,stress,2630,take,replayed,taken,0,0.0881,0.0211,0.0002,0.0002,0.0020,0.1116,0,10.2010
node-local,stress,2631,look,accepted,observed,0,0.0526,0.0406,0.0023,0.5836,0.0072,0.6864,161,10.2022
node-local,stress,2632,move,accepted,moved,1,0.0775,0.0545,0.0036,0.5832,0.0052,0.7240,191,10.5321
node-local,stress,2633,take,rejected,not_present,0,0.0756,0.0450,0.0029,0.5612,0.0055,0.6903,164,10.1328
node-local,stress,2634,wait,rejected,invalid_time,0,0.0718,0.0473,0.0024,0.5176,0.0047,0.6438,165,10.5588
node-local,stress,2635,talk,rejected,not_eligible,0,0.0688,0.0358,0.0024,0.5157,0.0032,0.6259,165,10.1360
node-local,stress,2636,take,rejected,not_present,0,0.0642,0.0412,0.0029,0.5236,0.0038,0.6357,164,10.1444
node-local,stress,2637,wait,rejected,invalid_time,0,0.0624,0.0416,0.0024,0.6109,0.0048,0.7221,165,10.6698
node-local,stress,2638,talk,rejected,not_eligible,0,0.0655,0.0409,0.0022,0.5513,0.0053,0.6652,165,10.2283
node-local,stress,2639,choose,rejected,invalid_choice,0,0.0655,0.0426,0.0025,0.5145,0.0072,0.6323,167,10.2180
node-local,stress,2640,look,accepted,observed,0,0.0696,0.0408,0.0025,0.5137,0.0040,0.6306,161,10.5172
node-local,stress,2641,look,accepted,observed,0,0.0696,0.0420,0.0024,0.5132,0.0037,0.6309,161,10.1051
node-local,stress,2642,look,accepted,observed,0,0.0688,0.0440,0.0024,0.6161,0.0043,0.7356,161,10.5045
node-local,stress,2643,move,accepted,moved,1,0.0702,0.0469,0.0030,0.5832,0.0045,0.7078,187,10.1323
node-local,stress,2644,wait,rejected,invalid_time,0,0.0651,0.0446,0.0022,0.5305,0.0046,0.6470,165,10.1683
node-local,stress,2645,look,accepted,observed,0,0.0631,0.0390,0.0025,0.4975,0.0037,0.6059,161,10.5159
node-local,stress,2646,move,accepted,moved,1,0.0706,0.0414,0.0031,0.4940,0.0052,0.6142,189,10.1863
node-local,stress,2647,move,accepted,moved,1,0.0652,0.0424,0.0030,0.5766,0.0062,0.6934,187,10.2576
node-local,stress,2648,look,accepted,observed,0,0.0741,0.0412,0.0028,0.5307,0.0071,0.6559,161,10.5904
node-local,stress,2649,move,accepted,moved,1,0.0679,0.0441,0.0029,0.5568,0.0055,0.6772,191,10.1948
node-local,stress,2650,look,accepted,observed,0,0.0592,0.0365,0.0027,0.4656,0.0040,0.5680,161,10.5405
node-local,stress,2651,wait,rejected,invalid_time,0,0.0677,0.0425,0.0026,0.4952,0.0039,0.6120,165,10.1315
node-local,stress,2652,drop,rejected,integrity_conflict,0,0.1115,0.0241,0.0003,0.0001,0.0020,0.1379,0,10.1758
node-local,stress,2653,move,accepted,moved,1,0.0559,0.0495,0.0030,0.6295,0.0065,0.7444,187,10.5195
node-local,stress,2654,move,rejected,exit_unavailable,0,0.0798,0.0470,0.0030,0.5924,0.0052,0.7274,169,10.1071
node-local,stress,2655,move,rejected,exit_unavailable,0,0.0663,0.0416,0.0027,0.5287,0.0047,0.6440,169,10.6828
node-local,stress,2656,activate,rejected,not_eligible,0,0.0670,0.0361,0.0026,0.5701,0.0038,0.6796,165,10.2138
node-local,stress,2657,choose,rejected,invalid_choice,0,0.0712,0.0439,0.0028,0.5054,0.0055,0.6288,167,10.1680
node-local,stress,2658,take,accepted,taken,1,0.0685,0.0400,0.0038,0.4965,0.0047,0.6135,189,10.6916
node-local,stress,2659,drop,accepted,dropped,1,0.0794,0.0458,0.0036,0.5803,0.0072,0.7163,194,10.2813
node-local,stress,2660,take,accepted,taken,1,0.0738,0.0499,0.0039,0.6182,0.0058,0.7515,189,10.1321
node-local,stress,2661,look,accepted,observed,0,0.0714,0.0400,0.0025,0.5170,0.0045,0.6355,161,10.5734
node-local,stress,2662,drop,accepted,dropped,1,0.0750,0.0416,0.0030,0.5183,0.0048,0.6425,194,10.1788
node-local,stress,2663,wait,rejected,invalid_time,0,0.0714,0.0420,0.0025,0.5457,0.0041,0.6657,165,10.5089
node-local,stress,2664,activate,rejected,not_eligible,0,0.0695,0.0419,0.0025,0.4938,0.0054,0.6131,165,10.1410
node-local,stress,2665,look,accepted,observed,0,0.0699,0.0404,0.0026,0.5179,0.0037,0.6346,161,10.2195
node-local,stress,2666,choose,rejected,invalid_choice,0,0.0662,0.0421,0.0025,0.4851,0.0038,0.5997,167,10.5301
node-local,stress,2667,talk,rejected,not_eligible,0,0.0649,0.0414,0.0024,0.4972,0.0033,0.6093,165,10.1010
node-local,stress,2668,wait,rejected,invalid_time,0,0.0670,0.0420,0.0025,0.5265,0.0035,0.6414,165,10.6887
node-local,stress,2669,wait,rejected,invalid_time,0,0.0667,0.0408,0.0025,0.5434,0.0055,0.6590,165,10.1820
node-local,stress,2670,look,accepted,observed,0,0.0796,0.0487,0.0036,0.5726,0.0045,0.7090,161,10.1432
node-local,stress,2671,move,accepted,moved,1,0.0722,0.0395,0.0033,0.4894,0.0046,0.6091,191,10.5250
node-local,stress,2672,look,accepted,observed,0,0.0602,0.0346,0.0025,0.4558,0.0037,0.5569,161,10.1319
node-local,stress,2673,close_choice,rejected,invalid_choice,0,0.0617,0.0404,0.0027,0.5401,0.0065,0.6513,167,10.1622
node-local,stress,2674,move,accepted,moved,1,0.0668,0.0406,0.0028,0.5607,0.0057,0.6766,187,10.4918
node-local,stress,2675,look,accepted,observed,0,0.0694,0.0393,0.0024,0.5057,0.0045,0.6213,161,10.1352
node-local,stress,2676,look,accepted,observed,0,0.0570,0.0376,0.0025,0.5003,0.0032,0.6006,161,10.4924
node-local,stress,2677,look,accepted,observed,0,0.0563,0.0356,0.0024,0.5333,0.0034,0.6310,161,10.1444
node-local,stress,2678,move,accepted,moved,1,0.0578,0.0405,0.0035,0.6036,0.0062,0.7117,189,10.1512
node-local,stress,2679,choose,rejected,stale_view,0,0.0698,0.0385,0.0024,0.5518,0.0045,0.6671,163,10.6300
node-local,stress,2680,move,accepted,moved,1,0.0520,0.0383,0.0029,0.4644,0.0047,0.5623,187,10.1657
node-local,stress,2681,take,replayed,not_present,0,0.1057,0.0226,0.0003,0.0002,0.0022,0.1310,0,10.1627
node-local,stress,2682,look,accepted,observed,0,0.0619,0.0438,0.0028,0.5477,0.0057,0.6620,161,10.5092
node-local,stress,2683,talk,rejected,not_eligible,0,0.0711,0.0437,0.0026,0.5030,0.0045,0.6249,165,10.1461
node-local,stress,2684,move,accepted,moved,1,0.0569,0.0390,0.0031,0.5102,0.0053,0.6145,191,10.4733
node-local,stress,2685,take,rejected,not_present,0,0.0662,0.0375,0.0045,0.5640,0.0047,0.6770,164,10.1271
node-local,stress,2686,close_choice,rejected,invalid_choice,0,0.0819,0.0437,0.0025,0.6425,0.0050,0.7755,167,10.1972
node-local,stress,2687,look,accepted,observed,0,0.0641,0.0411,0.0026,0.4970,0.0047,0.6094,161,10.5017
node-local,stress,2688,look,accepted,observed,0,0.0628,0.0474,0.0031,0.5578,0.0070,0.6782,161,10.2231
node-local,stress,2689,take,rejected,not_present,0,0.0637,0.0470,0.0031,0.5234,0.0048,0.6419,164,10.5241
node-local,stress,2690,take,rejected,not_present,0,0.0724,0.0503,0.0032,0.5329,0.0054,0.6642,164,10.2013
node-local,stress,2691,choose,rejected,invalid_choice,0,0.0715,0.0479,0.0030,0.5150,0.0049,0.6422,167,10.1787
node-local,stress,2692,take,rejected,not_present,0,0.0799,0.0431,0.0027,0.5200,0.0038,0.6496,164,10.6029
node-local,stress,2693,move,rejected,exit_unavailable,0,0.0693,0.0402,0.0028,0.5034,0.0038,0.6196,169,10.1497
node-local,stress,2694,look,accepted,observed,0,0.0693,0.0390,0.0024,0.5408,0.0034,0.6549,161,10.4520
node-local,stress,2695,look,accepted,observed,0,0.0545,0.0335,0.0026,0.5219,0.0052,0.6177,161,10.5050
node-local,stress,2696,move,accepted,moved,1,0.0729,0.0489,0.0041,0.6995,0.0062,0.8315,189,10.2699
node-local,stress,2697,look,accepted,observed,0,0.0683,0.0419,0.0028,0.5242,0.0059,0.6431,161,10.5575
node-local,stress,2698,talk,rejected,not_eligible,0,0.0714,0.0417,0.0030,0.4939,0.0037,0.6135,165,10.1732
node-local,stress,2699,look,accepted,observed,0,0.0605,0.0418,0.0029,0.4853,0.0042,0.5946,161,10.3298
node-local,stress,2700,take,rejected,not_present,0,0.0672,0.0434,0.0028,0.5581,0.0057,0.6772,164,10.6615
node-local,stress,2701,wait,rejected,invalid_time,0,0.0682,0.0437,0.0027,0.6009,0.0045,0.7200,165,10.1552
node-local,stress,2702,move,accepted,moved,1,0.0631,0.0442,0.0034,0.5482,0.0060,0.6648,191,10.6448
node-local,stress,2703,look,accepted,observed,0,0.0644,0.0339,0.0025,0.4836,0.0035,0.5879,161,10.2577
node-local,stress,2704,choose,rejected,invalid_choice,0,0.0609,0.0433,0.0028,0.4616,0.0038,0.5723,167,10.1750
node-local,stress,2705,activate,rejected,not_eligible,0,0.0660,0.0363,0.0026,0.5649,0.0045,0.6742,165,10.5645
node-local,stress,2706,look,accepted,observed,0,0.0632,0.0397,0.0024,0.6640,0.0052,0.7745,161,10.1627
node-local,stress,2707,move,accepted,moved,1,0.0820,0.0445,0.0035,0.5274,0.0077,0.6650,187,10.2110
node-local,stress,2708,look,accepted,observed,0,0.0693,0.0383,0.0024,0.5043,0.0041,0.6185,161,10.6347
node-local,stress,2709,activate,rejected,not_eligible,0,0.0462,0.0350,0.0028,0.4122,0.0035,0.4997,165,10.0788
node-local,stress,2710,talk,rejected,not_eligible,0,0.0662,0.0408,0.0028,0.4977,0.0040,0.6115,165,10.6148
node-local,stress,2711,move,accepted,moved,1,0.0520,0.0390,0.0033,0.4870,0.0040,0.5854,191,10.1361
node-local,stress,2712,look,accepted,observed,0,0.0569,0.0364,0.0026,0.4310,0.0047,0.5316,161,10.5471
node-local,stress,2713,activate,rejected,not_eligible,0,0.0728,0.0399,0.0030,0.5048,0.0039,0.6243,165,10.5933
node-local,stress,2714,move,rejected,exit_unavailable,0,0.0757,0.0468,0.0031,0.5084,0.0050,0.6390,169,10.1852
node-local,stress,2715,move,accepted,moved,1,0.0620,0.0419,0.0033,0.4823,0.0045,0.5940,187,10.5975
node-local,stress,2716,look,accepted,observed,0,0.0753,0.0369,0.0023,0.5040,0.0034,0.6220,161,10.1465
node-local,stress,2717,take,accepted,taken,1,0.0665,0.0402,0.0033,0.5341,0.0048,0.6488,189,10.1495
node-local,stress,2718,look,accepted,observed,0,0.0543,0.0353,0.0027,0.5068,0.0040,0.6031,161,10.5260
node-local,stress,2719,move,rejected,exit_unavailable,0,0.0624,0.0435,0.0025,0.4806,0.0035,0.5925,169,10.2067
node-local,stress,2720,look,accepted,observed,0,0.0641,0.0382,0.0025,0.4817,0.0038,0.5903,161,10.2884
node-local,stress,2721,activate,rejected,not_eligible,0,0.0728,0.0418,0.0027,0.4787,0.0034,0.5994,165,10.5630
node-local,stress,2722,look,accepted,observed,0,0.0631,0.0424,0.0026,0.4878,0.0037,0.5996,161,10.1652
node-local,stress,2723,look,accepted,observed,0,0.0587,0.0373,0.0025,0.4907,0.0035,0.5927,161,10.4962
node-local,stress,2724,wait,accepted,waited,1,0.0583,0.0357,0.0028,0.4824,0.0039,0.5831,185,10.2192
node-local,stress,2725,look,accepted,observed,0,0.0654,0.0382,0.0025,0.4867,0.0036,0.5965,161,10.1747
node-local,stress,2726,move,accepted,moved,1,0.0698,0.0414,0.0030,0.5383,0.0048,0.6573,191,10.5878
node-local,stress,2727,move,accepted,moved,1,0.0786,0.0457,0.0035,0.5380,0.0053,0.6712,187,10.2107
node-local,stress,2728,look,accepted,observed,0,0.0614,0.0370,0.0023,0.5085,0.0034,0.6126,161,10.1399
node-local,stress,2729,move,accepted,moved,1,0.0570,0.0391,0.0030,0.6588,0.0043,0.7622,189,10.6871
node-local,stress,2730,take,replayed,not_present,0,0.0978,0.0229,0.0003,0.0003,0.0019,0.1231,0,10.1384
node-local,stress,2731,move,accepted,moved,1,0.0485,0.0448,0.0031,0.6408,0.0095,0.7468,187,10.6096
node-local,stress,2732,look,accepted,observed,0,0.0776,0.0479,0.0032,0.6260,0.0055,0.7601,161,10.1507
node-local,stress,2733,choose,rejected,invalid_choice,0,0.0592,0.0439,0.0025,0.5530,0.0055,0.6640,167,10.1856
node-local,stress,2734,look,accepted,observed,0,0.0803,0.0441,0.0027,0.5349,0.0050,0.6669,161,10.5157
node-local,stress,2735,look,accepted,observed,0,0.0645,0.0350,0.0025,0.5003,0.0038,0.6061,161,10.1508
node-local,stress,2736,move,accepted,moved,1,0.0689,0.0388,0.0031,0.5380,0.0045,0.6532,191,10.5000
node-local,stress,2737,drop,accepted,dropped,1,0.0645,0.0372,0.0028,0.5916,0.0053,0.7014,198,10.1605
node-local,stress,2738,move,accepted,moved,1,0.0839,0.0456,0.0032,0.5442,0.0058,0.6826,189,10.1457
node-local,stress,2739,take,rejected,not_present,0,0.0561,0.0383,0.0024,0.4869,0.0040,0.5878,164,15.7980
node-local,stress,2740,talk,rejected,not_eligible,0,0.0800,0.0473,0.0029,0.5686,0.0050,0.7039,165,10.2862
node-local,stress,2741,take,rejected,not_present,0,0.0738,0.0451,0.0028,0.5570,0.0052,0.6839,164,10.2298
node-local,stress,2742,look,accepted,observed,0,0.0770,0.0416,0.0029,0.5758,0.0054,0.7028,161,10.7177
node-local,stress,2743,drop,rejected,integrity_conflict,0,0.1462,0.0260,0.0002,0.0002,0.0024,0.1750,0,10.1900
node-local,stress,2744,look,accepted,observed,0,0.0608,0.0470,0.0027,0.5647,0.0049,0.6802,161,10.7086
node-local,stress,2745,look,accepted,observed,0,0.0811,0.0428,0.0026,0.5592,0.0038,0.6895,161,10.1600
node-local,stress,2746,move,accepted,moved,1,0.0730,0.0542,0.0037,0.5817,0.0056,0.7183,191,10.2007
node-local,stress,2747,wait,rejected,invalid_time,0,0.0658,0.0465,0.0027,0.4643,0.0041,0.5835,165,10.5677
node-local,stress,2748,move,accepted,moved,1,0.0594,0.0407,0.0029,0.4898,0.0043,0.5970,187,10.1753
node-local,stress,2749,move,accepted,moved,1,0.0610,0.0398,0.0030,0.6404,0.0062,0.7504,191,10.2306
node-local,stress,2750,move,accepted,moved,1,0.0720,0.0435,0.0035,0.5727,0.0041,0.6959,187,10.5209
node-local,stress,2751,look,accepted,observed,0,0.0611,0.0361,0.0028,0.4733,0.0030,0.5763,161,10.1793
node-local,stress,2752,look,accepted,observed,0,0.0569,0.0357,0.0025,0.4588,0.0040,0.5579,161,10.4667
node-local,stress,2753,look,accepted,observed,0,0.0670,0.0335,0.0024,0.5702,0.0055,0.6785,161,10.1372
node-local,stress,2754,look,accepted,observed,0,0.0676,0.0412,0.0029,0.5073,0.0042,0.6232,161,10.1811
node-local,stress,2755,move,rejected,exit_unavailable,0,0.0664,0.0408,0.0025,0.5218,0.0036,0.6352,169,10.4496
node-local,stress,2756,take,rejected,not_present,0,0.0622,0.0427,0.0025,0.5174,0.0061,0.6309,164,10.1247
node-local,stress,2757,look,accepted,observed,0,0.0694,0.0392,0.0025,0.4945,0.0040,0.6096,161,10.5853
node-local,stress,2758,move,accepted,moved,1,0.0708,0.0405,0.0032,0.6436,0.0069,0.7650,189,10.1728
node-local,stress,2759,wait,rejected,invalid_time,0,0.0802,0.0484,0.0030,0.5567,0.0043,0.6926,165,10.1300
node-local,stress,2760,move,accepted,moved,1,0.0666,0.0425,0.0032,0.5222,0.0048,0.6393,187,10.7065
node-local,stress,2761,talk,rejected,not_eligible,0,0.0586,0.0407,0.0028,0.5372,0.0058,0.6451,165,10.0774
node-local,stress,2762,look,accepted,observed,0,0.0712,0.0442,0.0028,0.5156,0.0047,0.6385,161,10.2790
node-local,stress,2763,move,accepted,moved,1,0.0649,0.0386,0.0028,0.5706,0.0086,0.6855,189,10.4775
node-local,stress,2764,move,rejected,exit_unavailable,0,0.0581,0.0385,0.0026,0.4500,0.0041,0.5533,169,10.1282
node-local,stress,2765,look,accepted,observed,0,0.0710,0.0402,0.0026,0.5090,0.0063,0.6291,161,10.4608
node-local,stress,2766,move,rejected,exit_unavailable,0,0.0647,0.0392,0.0025,0.5222,0.0036,0.6322,169,10.0995
node-local,stress,2767,wait,rejected,invalid_time,0,0.0600,0.0391,0.0025,0.5406,0.0051,0.6473,165,10.2045
node-local,stress,2768,move,accepted,moved,1,0.0640,0.0432,0.0034,0.5029,0.0047,0.6182,187,10.4905
node-local,stress,2769,activate,rejected,not_eligible,0,0.0640,0.0384,0.0026,0.5090,0.0040,0.6180,165,10.0677
node-local,stress,2770,look,accepted,observed,0,0.0601,0.0400,0.0028,0.5915,0.0067,0.7010,161,10.6144
node-local,stress,2771,wait,rejected,invalid_time,0,0.0701,0.0391,0.0027,0.5733,0.0055,0.6908,165,10.2719
node-local,stress,2772,look,accepted,observed,0,0.0762,0.0435,0.0035,0.6009,0.0047,0.7288,161,10.1403
node-local,stress,2773,talk,rejected,not_eligible,0,0.0765,0.0442,0.0033,0.5435,0.0044,0.6719,165,10.5470
node-local,stress,2774,look,accepted,observed,0,0.0691,0.0396,0.0027,0.5207,0.0035,0.6356,161,10.1234
node-local,stress,2775,look,accepted,observed,0,0.0671,0.0369,0.0029,0.5080,0.0036,0.6185,161,10.1478
node-local,stress,2776,look,accepted,observed,0,0.0651,0.0364,0.0028,0.6286,0.0062,0.7391,161,10.5351
node-local,stress,2777,take,rejected,not_present,0,0.0723,0.0481,0.0030,0.5842,0.0051,0.7127,164,10.2671
node-local,stress,2778,move,rejected,exit_unavailable,0,0.0745,0.0467,0.0028,0.5061,0.0049,0.6350,169,10.6169
node-local,stress,2779,talk,rejected,not_eligible,0,0.0586,0.0359,0.0025,0.4764,0.0040,0.5772,165,10.1555
node-local,stress,2780,activate,rejected,not_eligible,0,0.0698,0.0424,0.0030,0.5245,0.0040,0.6437,165,10.2248
node-local,stress,2781,move,accepted,moved,1,0.0619,0.0386,0.0037,0.5836,0.0057,0.6935,191,10.5258
node-local,stress,2782,choose,rejected,invalid_choice,0,0.0697,0.0480,0.0029,0.4983,0.0045,0.6235,167,10.1468
node-local,stress,2783,talk,rejected,not_eligible,0,0.0578,0.0380,0.0025,0.4655,0.0041,0.5679,165,10.6879
node-local,stress,2784,activate,rejected,not_eligible,0,0.0619,0.0367,0.0026,0.5405,0.0056,0.6473,165,10.2277
node-local,stress,2785,wait,rejected,invalid_time,0,0.0925,0.0537,0.0031,0.6897,0.0076,0.8467,165,10.4236
node-local,stress,2786,look,accepted,observed,0,0.0689,0.0430,0.0032,0.5177,0.0052,0.6379,161,10.5855
node-local,stress,2787,move,accepted,moved,1,0.0629,0.0405,0.0033,0.5877,0.0076,0.7020,189,10.1596
node-local,stress,2788,move,accepted,moved,1,0.0815,0.0549,0.0038,0.5281,0.0051,0.6735,191,10.1887
node-local,stress,2789,move,rejected,exit_unavailable,0,0.0583,0.0413,0.0029,0.5014,0.0041,0.6080,169,10.4977
node-local,stress,2790,activate,rejected,not_eligible,0,0.0594,0.0372,0.0025,0.5069,0.0036,0.6096,165,10.2645
node-local,stress,2791,take,replayed,not_present,0,0.1455,0.0280,0.0005,0.0002,0.0025,0.1765,0,10.6165
node-local,stress,2792,drop,replayed,dropped,0,0.0820,0.0253,0.0002,0.0002,0.0021,0.1098,0,10.1476
node-local,stress,2793,wait,rejected,invalid_time,0,0.0605,0.0467,0.0025,0.6127,0.0078,0.7302,165,10.1443
node-local,stress,2794,take,accepted,taken,1,0.0853,0.0538,0.0038,0.6025,0.0053,0.7507,189,10.6182
node-local,stress,2795,look,accepted,observed,0,0.0765,0.0527,0.0032,0.5953,0.0057,0.7333,161,10.1181
node-local,stress,2796,wait,rejected,invalid_time,0,0.0740,0.0494,0.0026,0.5338,0.0045,0.6643,165,10.0953
node-local,stress,2797,look,accepted,observed,0,0.0704,0.0394,0.0026,0.4952,0.0035,0.6111,161,10.4892
node-local,stress,2798,look,accepted,observed,0,0.0579,0.0366,0.0029,0.4980,0.0038,0.5993,161,10.1450
node-local,stress,2799,look,accepted,observed,0,0.0633,0.0377,0.0024,0.5648,0.0053,0.6735,161,10.5197
node-local,stress,2800,look,accepted,observed,0,0.0839,0.0456,0.0030,0.5795,0.0045,0.7166,161,10.3121
node-local,stress,2801,move,accepted,moved,1,0.0703,0.0506,0.0041,0.5806,0.0055,0.7112,187,10.3471
node-local,stress,2802,drop,accepted,dropped,1,0.0737,0.0439,0.0033,0.5923,0.0065,0.7196,194,10.5582
node-local,stress,2803,move,accepted,moved,1,0.0722,0.0572,0.0045,0.5791,0.0062,0.7192,191,10.3268
node-local,stress,2804,look,accepted,observed,0,0.0690,0.0457,0.0027,0.6535,0.0064,0.7773,161,10.5775
node-local,stress,2805,talk,rejected,not_eligible,0,0.0710,0.0455,0.0029,0.5521,0.0044,0.6759,165,10.0703
node-local,stress,2806,wait,rejected,invalid_time,0,0.0706,0.0471,0.0027,0.5168,0.0055,0.6428,165,10.2444
node-local,stress,2807,look,accepted,observed,0,0.0700,0.0452,0.0051,0.5071,0.0042,0.6317,161,10.5475
node-local,stress,2808,wait,rejected,invalid_time,0,0.0615,0.0426,0.0025,0.4864,0.0033,0.5962,165,10.1300
node-local,stress,2809,close_choice,rejected,invalid_choice,0,0.0682,0.0431,0.0025,0.5925,0.0052,0.7115,167,10.1403
node-local,stress,2810,activate,rejected,not_eligible,0,0.0800,0.0463,0.0027,0.5285,0.0045,0.6619,165,10.5222
node-local,stress,2811,wait,rejected,invalid_time,0,0.0710,0.0413,0.0025,0.5078,0.0038,0.6265,165,10.1690
node-local,stress,2812,wait,rejected,invalid_time,0,0.0540,0.0372,0.0024,0.4850,0.0059,0.5845,165,10.5390
node-local,stress,2813,talk,rejected,not_eligible,0,0.0774,0.0456,0.0026,0.5802,0.0045,0.7103,165,10.2001
node-local,stress,2814,look,accepted,observed,0,0.0679,0.0396,0.0027,0.5523,0.0054,0.6679,161,10.1695
node-local,stress,2815,talk,rejected,not_eligible,0,0.0756,0.0457,0.0030,0.5508,0.0045,0.6795,165,10.5147
node-local,stress,2816,take,rejected,not_present,0,0.0709,0.0422,0.0028,0.5355,0.0045,0.6560,164,10.1668
node-local,stress,2817,take,rejected,not_present,0,0.0689,0.0443,0.0027,0.5071,0.0040,0.6270,164,10.5231
node-local,stress,2818,move,accepted,moved,1,0.0677,0.0367,0.0029,0.6139,0.0042,0.7254,187,10.1163
node-local,stress,2819,move,accepted,moved,1,0.0681,0.0462,0.0029,0.5477,0.0062,0.6710,191,10.1430
node-local,stress,2820,activate,rejected,not_eligible,0,0.0634,0.0454,0.0050,0.4865,0.0039,0.6043,165,10.4509
node-local,stress,2821,move,accepted,moved,1,0.0654,0.0468,0.0033,0.4870,0.0046,0.6071,189,10.2344
node-local,stress,2822,look,accepted,observed,0,0.0733,0.0468,0.0027,0.5127,0.0037,0.6392,161,10.1560
node-local,stress,2823,move,accepted,moved,1,0.0702,0.0402,0.0034,0.6201,0.0054,0.7392,191,10.4449
node-local,stress,2824,look,accepted,observed,0,0.0704,0.0424,0.0026,0.5011,0.0040,0.6205,161,10.1376
node-local,stress,2825,look,accepted,observed,0,0.0569,0.0357,0.0023,0.4564,0.0039,0.5551,161,10.4388
node-local,stress,2826,move,accepted,moved,1,0.0567,0.0378,0.0033,0.4987,0.0042,0.6007,187,10.1143
node-local,stress,2827,move,accepted,moved,1,0.0569,0.0377,0.0031,0.4889,0.0047,0.5913,189,10.1917
node-local,stress,2828,move,accepted,moved,1,0.0714,0.0437,0.0026,0.5453,0.0046,0.6676,187,10.5212
node-local,stress,2829,look,accepted,observed,0,0.0772,0.0424,0.0026,0.5283,0.0040,0.6545,161,10.1435
node-local,stress,2830,activate,rejected,not_eligible,0,0.0692,0.0379,0.0027,0.5020,0.0035,0.6153,165,10.1262
node-local,stress,2831,move,rejected,exit_unavailable,0,0.0662,0.0420,0.0026,0.6065,0.0082,0.7256,169,10.5949
node-local,stress,2832,look,accepted,observed,0,0.0694,0.0441,0.0029,0.5874,0.0057,0.7095,161,10.1577
node-local,stress,2833,look,accepted,observed,0,0.0671,0.0404,0.0028,0.4978,0.0048,0.6129,161,10.5157
node-local,stress,2834,move,accepted,moved,1,0.0691,0.0410,0.0034,0.5427,0.0042,0.6604,189,10.1145
node-local,stress,2835,move,accepted,moved,1,0.0655,0.0412,0.0029,0.5285,0.0045,0.6427,187,10.1280
node-local,stress,2836,move,accepted,moved,1,0.0556,0.0400,0.0030,0.4905,0.0048,0.5940,191,10.5034
node-local,stress,2837,move,accepted,moved,1,0.0641,0.0389,0.0027,0.5753,0.0044,0.6855,187,10.1372
node-local,stress,2838,move,accepted,moved,1,0.0682,0.0440,0.0027,0.5475,0.0043,0.6668,191,10.5233
node-local,stress,2839,move,accepted,moved,1,0.0657,0.0420,0.0034,0.5145,0.0040,0.6295,187,10.1614
node-local,stress,2840,look,accepted,observed,0,0.0674,0.0390,0.0028,0.5125,0.0038,0.6255,161,10.1413
node-local,stress,2841,take,accepted,taken,1,0.0704,0.0410,0.0032,0.5389,0.0041,0.6576,189,10.6199
node-local,stress,2842,move,accepted,moved,1,0.0620,0.0413,0.0031,0.4697,0.0046,0.5807,189,10.2107
node-local,stress,2843,look,accepted,observed,0,0.0755,0.0368,0.0027,0.5114,0.0037,0.6300,161,10.1228
node-local,stress,2844,take,replayed,taken,0,0.1065,0.0254,0.0003,0.0001,0.0026,0.1350,0,10.5035
node-local,stress,2845,move,rejected,exit_unavailable,0,0.0598,0.0532,0.0026,0.5693,0.0061,0.6910,169,10.2080
node-local,stress,2846,move,rejected,exit_unavailable,0,0.0683,0.0466,0.0029,0.5224,0.0052,0.6455,169,10.4945
node-local,stress,2847,drop,accepted,dropped,1,0.0657,0.0380,0.0035,0.5514,0.0045,0.6631,196,10.1618
node-local,stress,2848,move,accepted,moved,1,0.0673,0.0458,0.0034,0.6049,0.0046,0.7260,187,10.2040
node-local,stress,2849,wait,rejected,invalid_time,0,0.0650,0.0415,0.0025,0.5793,0.0058,0.6941,165,10.5298
node-local,stress,2850,close_choice,rejected,invalid_choice,0,0.0703,0.0442,0.0029,0.5127,0.0044,0.6345,167,10.1019
node-local,stress,2851,move,accepted,moved,1,0.0622,0.0456,0.0029,0.5407,0.0048,0.6563,189,10.5469
node-local,stress,2852,take,accepted,taken,1,0.0589,0.0369,0.0028,0.5395,0.0041,0.6423,189,10.0960
node-local,stress,2853,drop,accepted,dropped,1,0.0668,0.0423,0.0052,0.5144,0.0051,0.6338,196,10.1116
node-local,stress,2854,look,accepted,observed,0,0.0613,0.0355,0.0024,0.5035,0.0034,0.6062,161,10.5456
node-local,stress,2855,move,rejected,exit_unavailable,0,0.0663,0.0425,0.0030,0.4881,0.0037,0.6037,169,10.1747
node-local,stress,2856,activate,rejected,not_eligible,0,0.0642,0.0372,0.0027,0.5639,0.0036,0.6716,165,10.1155
node-local,stress,2857,talk,rejected,not_eligible,0,0.0616,0.0375,0.0023,0.5994,0.0053,0.7061,165,10.4926
node-local,stress,2858,choose,rejected,invalid_choice,0,0.0745,0.0427,0.0030,0.5811,0.0053,0.7066,167,10.1109
node-local,stress,2859,take,accepted,taken,1,0.0679,0.0397,0.0037,0.5751,0.0055,0.6919,189,10.4971
node-local,stress,2860,look,accepted,observed,0,0.0634,0.0396,0.0023,0.5038,0.0032,0.6123,161,10.1067
node-local,stress,2861,move,accepted,moved,1,0.0662,0.0476,0.0031,0.5013,0.0040,0.6221,187,10.1720
node-local,stress,2862,talk,rejected,not_eligible,0,0.0556,0.0371,0.0027,0.6365,0.0051,0.7370,165,10.5991
node-local,stress,2863,activate,rejected,not_eligible,0,0.0621,0.0418,0.0024,0.5112,0.0041,0.6216,165,10.0869
node-local,stress,2864,move,accepted,moved,1,0.0703,0.0432,0.0032,0.5335,0.0043,0.6546,191,10.2170
node-local,stress,2865,talk,rejected,not_eligible,0,0.0732,0.0467,0.0031,0.5280,0.0044,0.6554,165,10.5846
node-local,stress,2866,look,accepted,observed,0,0.0700,0.0362,0.0024,0.5052,0.0037,0.6175,161,10.1232
node-local,stress,2867,look,accepted,observed,0,0.0608,0.0364,0.0025,0.5962,0.0054,0.7013,161,10.5845
node-local,stress,2868,look,accepted,observed,0,0.0638,0.0361,0.0026,0.4973,0.0033,0.6031,161,10.2124
node-local,stress,2869,talk,rejected,not_eligible,0,0.0643,0.0434,0.0025,0.5095,0.0045,0.6242,165,10.3488
node-local,stress,2870,move,accepted,moved,1,0.0671,0.0494,0.0037,0.5885,0.0045,0.7132,187,10.6060
node-local,stress,2871,talk,rejected,not_eligible,0,0.0648,0.0387,0.0025,0.4893,0.0034,0.5987,165,10.2805
node-local,stress,2872,look,accepted,observed,0,0.0565,0.0354,0.0026,0.5928,0.0068,0.6942,161,10.5932
node-local,stress,2873,look,accepted,observed,0,0.0799,0.0451,0.0031,0.5180,0.0033,0.6494,161,10.1505
node-local,stress,2874,drop,accepted,dropped,1,0.0610,0.0367,0.0030,0.5530,0.0046,0.6585,194,10.1466
node-local,stress,2875,wait,rejected,invalid_time,0,0.0661,0.0415,0.0024,0.5441,0.0042,0.6583,165,10.5570
node-local,stress,2876,take,accepted,taken,1,0.0588,0.0393,0.0031,0.5714,0.0044,0.6770,189,10.5311
node-local,stress,2877,wait,rejected,invalid_time,0,0.0702,0.0428,0.0027,0.5050,0.0039,0.6246,165,10.1484
node-local,stress,2878,look,accepted,observed,0,0.0660,0.0385,0.0027,0.5576,0.0057,0.6705,161,10.5430
node-local,stress,2879,look,accepted,observed,0,0.0673,0.0431,0.0026,0.5229,0.0047,0.6406,161,10.0760
node-local,stress,2880,wait,rejected,invalid_time,0,0.0570,0.0419,0.0025,0.4914,0.0037,0.5964,165,10.4645
node-local,stress,2881,look,accepted,observed,0,0.0697,0.0379,0.0027,0.5975,0.0061,0.7138,161,10.1194
node-local,stress,2882,wait,rejected,invalid_time,0,0.0727,0.0530,0.0029,0.5646,0.0044,0.6977,165,10.1163
node-local,stress,2883,move,accepted,moved,1,0.0662,0.0447,0.0034,0.5340,0.0045,0.6528,189,10.7185
node-local,stress,2884,look,accepted,observed,0,0.0703,0.0460,0.0031,0.5133,0.0052,0.6378,161,10.1658
node-local,stress,2885,look,accepted,observed,0,0.0853,0.0465,0.0030,0.5293,0.0065,0.6706,161,10.5435
node-local,stress,2886,move,accepted,moved,1,0.0571,0.0358,0.0028,0.6065,0.0056,0.7078,187,10.0979
node-local,stress,2887,wait,rejected,invalid_time,0,0.0663,0.0450,0.0027,0.5081,0.0048,0.6269,165,10.1354
node-local,stress,2888,move,accepted,moved,1,0.0672,0.0440,0.0037,0.5121,0.0049,0.6318,189,10.5492
node-local,stress,2889,drop,accepted,dropped,1,0.0680,0.0409,0.0030,0.4914,0.0041,0.6074,196,10.0490
node-local,stress,2890,look,accepted,observed,0,0.0669,0.0376,0.0029,0.6009,0.0048,0.7131,161,10.8738
node-local,stress,2891,look,accepted,observed,0,0.0741,0.0436,0.0034,0.5768,0.0045,0.7024,161,11.0355
node-local,stress,2892,look,accepted,observed,0,0.0823,0.0514,0.0033,0.6417,0.0086,0.7872,161,10.3694
node-local,stress,2893,move,accepted,moved,1,0.0765,0.0534,0.0039,0.5376,0.0083,0.6796,187,10.5880
node-local,stress,2894,choose,rejected,invalid_choice,0,0.0751,0.0503,0.0031,0.5562,0.0047,0.6894,167,10.2946
node-local,stress,2895,move,accepted,moved,1,0.0649,0.0429,0.0034,0.5285,0.0073,0.6469,189,10.2907
node-local,stress,2896,move,accepted,moved,1,0.0925,0.0525,0.0040,0.5810,0.0058,0.7357,187,11.0144
node-local,stress,2897,wait,rejected,invalid_time,0,0.0717,0.0410,0.0026,0.6267,0.0069,0.7490,165,10.1966
node-local,stress,2898,move,accepted,moved,1,0.0721,0.0477,0.0035,0.5721,0.0095,0.7048,191,10.5627
node-local,stress,2899,activate,rejected,not_eligible,0,0.0756,0.0432,0.0025,0.5207,0.0037,0.6457,165,10.1437
node-local,stress,2900,move,accepted,moved,1,0.0618,0.0430,0.0034,0.5105,0.0070,0.6257,189,10.1590
node-local,stress,2901,look,accepted,observed,0,0.0628,0.0383,0.0026,0.4709,0.0041,0.5788,161,10.5411
node-local,stress,2902,look,accepted,observed,0,0.0622,0.0364,0.0025,0.5420,0.0045,0.6475,161,10.0823
node-local,stress,2903,move,accepted,moved,1,0.0574,0.0414,0.0032,0.5210,0.0053,0.6283,191,10.1836
node-local,stress,2904,look,accepted,observed,0,0.0599,0.0373,0.0025,0.4838,0.0044,0.5879,161,10.5124
node-local,stress,2905,choose,rejected,invalid_choice,0,0.0602,0.0410,0.0025,0.4766,0.0043,0.5847,167,10.0692
node-local,stress,2906,look,accepted,observed,0,0.0683,0.0380,0.0025,0.5898,0.0054,0.7041,161,10.4890
node-local,stress,2907,look,accepted,observed,0,0.0812,0.0396,0.0028,0.5155,0.0037,0.6427,161,10.1691
node-local,stress,2908,look,accepted,observed,0,0.0663,0.0341,0.0023,0.5022,0.0043,0.6091,161,10.0788
node-local,stress,2909,take,rejected,not_present,0,0.0675,0.0416,0.0023,0.5095,0.0049,0.6259,164,10.5021
node-local,stress,2910,move,accepted,moved,1,0.0722,0.0465,0.0039,0.5346,0.0053,0.6624,187,10.1257
node-local,stress,2911,move,accepted,moved,1,0.0638,0.0420,0.0031,0.5372,0.0044,0.6503,191,10.0246
node-local,stress,2912,choose,rejected,stale_view,0,0.0685,0.0390,0.0022,0.5335,0.0039,0.6470,163,10.5766
node-local,stress,2913,move,accepted,moved,1,0.0538,0.0394,0.0031,0.4687,0.0050,0.5700,189,10.0948
node-local,stress,2914,move,rejected,exit_unavailable,0,0.0643,0.0419,0.0025,0.5111,0.0041,0.6239,169,10.4140
node-local,stress,2915,look,accepted,observed,0,0.0662,0.0379,0.0023,0.4897,0.0038,0.5999,161,10.0837
node-local,stress,2916,choose,rejected,invalid_choice,0,0.0600,0.0426,0.0025,0.5752,0.0037,0.6840,167,10.0863
node-local,stress,2917,drop,replayed,dropped,0,0.0979,0.0237,0.0002,0.0002,0.0019,0.1239,0,10.4721
node-local,stress,2918,take,rejected,not_present,0,0.0510,0.0460,0.0025,0.5312,0.0080,0.6386,164,10.1206
node-local,stress,2919,look,accepted,observed,0,0.0675,0.0434,0.0029,0.5075,0.0048,0.6260,161,10.5547
node-local,stress,2920,move,accepted,moved,1,0.0708,0.0459,0.0035,0.5516,0.0042,0.6760,191,10.1276
node-local,stress,2921,talk,rejected,not_eligible,0,0.0691,0.0452,0.0025,0.5458,0.0043,0.6669,165,10.1620
node-local,stress,2922,choose,rejected,invalid_choice,0,0.0648,0.0412,0.0027,0.5915,0.0053,0.7055,167,10.5865
node-local,stress,2923,choose,rejected,invalid_choice,0,0.0719,0.0468,0.0029,0.6082,0.0046,0.7344,167,10.2472
node-local,stress,2924,look,accepted,observed,0,0.0622,0.0386,0.0026,0.4818,0.0048,0.5900,161,10.1732
node-local,stress,2925,look,accepted,observed,0,0.0575,0.0380,0.0025,0.4859,0.0040,0.5880,161,10.3747
node-local,stress,2926,look,accepted,observed,0,0.0608,0.0350,0.0023,0.4618,0.0037,0.5636,161,10.2462
node-local,stress,2927,look,accepted,observed,0,0.0676,0.0386,0.0024,0.5363,0.0051,0.6500,161,10.4265
node-local,stress,2928,move,accepted,moved,1,0.0721,0.0466,0.0035,0.5784,0.0048,0.7055,187,10.2645
node-local,stress,2929,move,accepted,moved,1,0.0693,0.0398,0.0030,0.5102,0.0044,0.6267,191,10.2015
node-local,stress,2930,take,rejected,not_present,0,0.0565,0.0390,0.0023,0.4603,0.0039,0.5620,164,10.6790
node-local,stress,2931,look,accepted,observed,0,0.0701,0.0436,0.0028,0.4991,0.0042,0.6199,161,10.1011
node-local,stress,2932,look,accepted,observed,0,0.0768,0.0394,0.0024,0.5039,0.0035,0.6259,161,10.5085
node-local,stress,2933,look,accepted,observed,0,0.0688,0.0338,0.0023,0.5000,0.0027,0.6077,161,10.1243
node-local,stress,2934,move,accepted,moved,1,0.0625,0.0439,0.0031,0.5554,0.0047,0.6695,189,10.2230
node-local,stress,2935,look,accepted,observed,0,0.0672,0.0367,0.0025,0.5776,0.0055,0.6895,161,10.5849
node-local,stress,2936,activate,rejected,not_eligible,0,0.0598,0.0397,0.0024,0.5583,0.0045,0.6646,165,10.2404
node-local,stress,2937,close_choice,rejected,invalid_choice,0,0.0749,0.0462,0.0026,0.5074,0.0047,0.6358,167,10.1708
node-local,stress,2938,wait,accepted,waited,1,0.0605,0.0429,0.0027,0.5508,0.0048,0.6618,185,10.4946
node-local,stress,2939,look,accepted,observed,0,0.0705,0.0413,0.0024,0.5399,0.0035,0.6576,161,10.1131
node-local,stress,2940,move,accepted,moved,1,0.0626,0.0439,0.0033,0.5931,0.0049,0.7078,191,10.5292
node-local,stress,2941,activate,rejected,not_eligible,0,0.0614,0.0349,0.0026,0.4955,0.0053,0.5996,165,10.0886
node-local,stress,2942,take,rejected,not_present,0,0.0582,0.0382,0.0027,0.5073,0.0038,0.6103,164,10.1742
node-local,stress,2943,activate,rejected,not_eligible,0,0.0529,0.0398,0.0027,0.5044,0.0039,0.6037,165,10.6080
node-local,stress,2944,move,accepted,moved,1,0.0585,0.0416,0.0033,0.5176,0.0045,0.6255,187,10.1231
node-local,stress,2945,look,accepted,observed,0,0.0566,0.0383,0.0049,0.5135,0.0041,0.6175,161,10.0890
node-local,stress,2946,move,accepted,moved,1,0.0628,0.0437,0.0032,0.5188,0.0043,0.6329,191,10.4842
node-local,stress,2947,move,accepted,moved,1,0.0711,0.0445,0.0034,0.4972,0.0045,0.6207,189,10.0846
node-local,stress,2948,wait,rejected,invalid_time,0,0.0584,0.0394,0.0026,0.4872,0.0081,0.5957,165,10.4818
node-local,stress,2949,look,accepted,observed,0,0.0730,0.0430,0.0027,0.6056,0.0055,0.7297,161,10.1369
node-local,stress,2950,wait,rejected,invalid_time,0,0.0699,0.0507,0.0029,0.5560,0.0046,0.6841,165,10.1489
node-local,stress,2951,take,rejected,not_present,0,0.0659,0.0454,0.0025,0.4948,0.0040,0.6125,164,10.5346
node-local,stress,2952,take,rejected,not_present,0,0.0593,0.0362,0.0043,0.4608,0.0038,0.5643,164,10.1915
node-local,stress,2953,look,accepted,observed,0,0.0590,0.0349,0.0025,0.4732,0.0044,0.5741,161,10.5448
node-local,stress,2954,move,rejected,exit_unavailable,0,0.0715,0.0386,0.0027,0.5128,0.0034,0.6290,169,10.1689
node-local,stress,2955,talk,rejected,not_eligible,0,0.0697,0.0410,0.0027,0.4833,0.0036,0.6002,165,10.1698
node-local,stress,2956,look,accepted,observed,0,0.0551,0.0352,0.0025,0.4599,0.0039,0.5565,161,10.6475
node-local,stress,2957,move,accepted,moved,1,0.0745,0.0468,0.0038,0.5041,0.0050,0.6343,191,10.1588
node-local,stress,2958,wait,rejected,invalid_time,0,0.0693,0.0416,0.0026,0.5187,0.0037,0.6359,165,10.2693
node-local,stress,2959,move,accepted,moved,1,0.0696,0.0438,0.0032,0.5903,0.0077,0.7145,187,10.5985
node-local,stress,2960,talk,rejected,not_eligible,0,0.0760,0.0423,0.0024,0.4964,0.0039,0.6210,165,10.2275
node-local,stress,2961,wait,rejected,invalid_time,0,0.0750,0.0491,0.0026,0.6188,0.0085,0.7540,165,10.5552
node-local,stress,2962,look,accepted,observed,0,0.0545,0.0362,0.0025,0.5835,0.0069,0.6837,161,10.1582
node-local,stress,2963,move,accepted,moved,1,0.0763,0.0567,0.0040,0.6254,0.0055,0.7678,191,10.2379
node-local,stress,2964,move,accepted,moved,1,0.0814,0.0452,0.0034,0.5593,0.0058,0.6950,189,10.6002
node-local,stress,2965,choose,rejected,invalid_choice,0,0.0700,0.0465,0.0029,0.4869,0.0049,0.6111,167,10.1780
node-local,stress,2966,look,accepted,observed,0,0.0733,0.0399,0.0024,0.5206,0.0041,0.6403,161,10.5274
node-local,stress,2967,look,accepted,observed,0,0.0658,0.0357,0.0028,0.5652,0.0041,0.6737,161,10.2277
node-local,stress,2968,wait,rejected,invalid_time,0,0.0800,0.0474,0.0027,0.5585,0.0053,0.6938,165,10.3514
node-local,stress,2969,move,accepted,moved,1,0.0744,0.0442,0.0032,0.5316,0.0062,0.6595,191,10.6082
node-local,stress,2970,look,accepted,observed,0,0.0611,0.0422,0.0028,0.4533,0.0034,0.5628,161,10.0950
node-local,stress,2971,look,accepted,observed,0,0.0554,0.0378,0.0025,0.5013,0.0036,0.6006,161,10.1627
node-local,stress,2972,talk,rejected,not_eligible,0,0.0559,0.0398,0.0027,0.5988,0.0057,0.7028,165,10.4574
node-local,stress,2973,move,rejected,exit_unavailable,0,0.0768,0.0518,0.0032,0.5870,0.0045,0.7232,169,10.1072
node-local,stress,2974,move,accepted,moved,1,0.0729,0.0448,0.0038,0.5259,0.0042,0.6517,189,10.6364
node-local,stress,2975,choose,rejected,stale_view,0,0.0794,0.0368,0.0028,0.5216,0.0045,0.6451,163,10.1405
node-local,stress,2976,look,accepted,observed,0,0.0861,0.0480,0.0029,0.5905,0.0059,0.7333,161,10.1355
node-local,stress,2977,move,accepted,moved,1,0.0667,0.0469,0.0035,0.6483,0.0056,0.7710,191,10.6253
node-local,stress,2978,move,accepted,moved,1,0.0777,0.0519,0.0035,0.5396,0.0053,0.6781,187,10.1119
node-local,stress,2979,take,rejected,not_present,0,0.0608,0.0421,0.0027,0.4766,0.0041,0.5864,164,10.3348
node-local,stress,2980,look,accepted,observed,0,0.0675,0.0430,0.0026,0.4585,0.0040,0.5755,161,10.5028
node-local,stress,2981,move,rejected,exit_unavailable,0,0.0701,0.0437,0.0028,0.5690,0.0063,0.6918,169,10.1611
node-local,stress,2982,move,accepted,moved,1,0.0798,0.0463,0.0031,0.5314,0.0055,0.6662,189,10.5492
node-local,stress,2983,take,accepted,taken,1,0.0632,0.0523,0.0031,0.5090,0.0042,0.6318,189,10.3850
node-local,stress,2984,drop,rejected,integrity_conflict,0,0.1115,0.0225,0.0002,0.0003,0.0022,0.1366,0,10.1470
node-local,stress,2985,look,accepted,observed,0,0.0662,0.0556,0.0032,0.6493,0.0055,0.7798,161,10.8838
node-local,stress,2986,wait,rejected,invalid_time,0,0.0758,0.0470,0.0026,0.5981,0.0045,0.7281,165,10.1949
node-local,stress,2987,talk,rejected,not_eligible,0,0.0748,0.0458,0.0027,0.5634,0.0049,0.6916,165,10.5034
node-local,stress,2988,look,accepted,observed,0,0.0743,0.0383,0.0026,0.5468,0.0040,0.6659,161,10.1333
node-local,stress,2989,talk,rejected,not_eligible,0,0.0667,0.0475,0.0027,0.5183,0.0040,0.6391,165,10.1786
node-local,stress,2990,drop,accepted,dropped,1,0.0686,0.0412,0.0038,0.5115,0.0047,0.6298,196,10.6147
node-local,stress,2991,move,accepted,moved,1,0.0750,0.0437,0.0031,0.6500,0.0060,0.7778,187,10.1473
node-local,stress,2992,wait,rejected,invalid_time,0,0.0755,0.0464,0.0024,0.5519,0.0047,0.6809,165,10.1287
node-local,stress,2993,take,rejected,not_present,0,0.0717,0.0445,0.0027,0.5191,0.0048,0.6428,164,10.4845
node-local,stress,2994,choose,rejected,invalid_choice,0,0.0603,0.0444,0.0025,0.5002,0.0035,0.6108,167,10.3055
node-local,stress,2995,move,rejected,exit_unavailable,0,0.0617,0.0412,0.0028,0.4793,0.0042,0.5892,169,10.4710
node-local,stress,2996,move,accepted,moved,1,0.0728,0.0467,0.0038,0.6447,0.0065,0.7745,191,10.0705
node-local,stress,2997,take,rejected,not_present,0,0.0704,0.0446,0.0033,0.5135,0.0056,0.6375,164,10.1741
node-local,stress,2998,move,accepted,moved,1,0.0597,0.0384,0.0031,0.5318,0.0048,0.6377,189,10.4900
node-local,stress,2999,look,accepted,observed,0,0.0656,0.0393,0.0025,0.5068,0.0037,0.6179,161,10.1201
