host,model,i,action,outcome,code,state_write,admission_ms,decision_ms,encode_ms,commit_ms,projection_ms,e2e_ms,bytes_written,host_encode_ms
phone-android,tiny,1000,move,accepted,moved,1,0.8170,0.4351,0.0590,5.7063,0.1650,7.1824,190,0.1951
phone-android,tiny,1001,move,accepted,moved,1,1.0751,0.5052,0.0631,5.0955,0.1100,6.8488,188,0.1585
phone-android,tiny,1002,move,accepted,moved,1,0.9110,0.4211,0.0587,4.6493,0.1453,6.1855,190,0.1752
phone-android,tiny,1003,wait,rejected,invalid_time,0,0.9537,0.4281,0.0523,3.7735,0.0922,5.2998,164,0.1430
phone-android,tiny,1004,move,accepted,moved,1,0.7652,0.4127,0.0549,5.2854,0.1211,6.6393,186,0.1577
phone-android,tiny,1005,move,accepted,moved,1,0.7089,0.4149,0.1390,4.6739,0.1092,6.0458,188,0.1470
phone-android,tiny,1006,choose,rejected,invalid_choice,0,0.6430,0.3553,0.0460,3.4227,0.0899,4.5569,166,0.1457
phone-android,tiny,1007,move,accepted,moved,1,0.7134,0.3690,0.0532,4.5664,0.1065,5.8085,186,0.1477
phone-android,tiny,1008,look,accepted,observed,0,0.6460,0.3409,0.0457,3.3798,0.0808,4.4933,160,0.1387
phone-android,tiny,1009,take,rejected,not_present,0,0.5801,0.3317,0.0478,3.5499,0.1092,4.6188,163,0.1441
phone-android,tiny,1010,move,accepted,moved,1,0.8120,0.4694,0.0574,5.4076,0.1665,6.9129,190,0.1741
phone-android,tiny,1011,choose,rejected,invalid_choice,0,1.0185,0.4397,0.0537,4.5669,0.1212,6.2001,166,0.1427
phone-android,tiny,1012,look,accepted,observed,0,0.8195,0.3407,0.0474,4.0658,0.1293,5.4027,160,0.1565
phone-android,tiny,1013,talk,rejected,not_eligible,0,0.8693,0.4031,0.0521,3.7556,0.1046,5.1848,164,0.1640
phone-android,tiny,1014,look,accepted,observed,0,0.7897,0.3647,0.0487,3.4930,0.0921,4.7883,160,0.1426
phone-android,tiny,1015,move,accepted,moved,1,0.6429,0.3618,0.0528,4.1780,0.1199,5.3553,188,0.1495
phone-android,tiny,1016,wait,rejected,invalid_time,0,0.6558,0.3338,0.0443,3.1522,0.0872,4.2734,164,0.1414
phone-android,tiny,1017,look,accepted,observed,0,0.7838,0.4283,0.0503,3.5457,0.0824,4.8906,160,0.1703
phone-android,tiny,1018,move,accepted,moved,1,0.6267,0.3623,0.0564,4.3606,0.1117,5.5177,190,0.1533
phone-android,tiny,1019,take,accepted,taken,1,0.6760,0.3507,0.0509,4.4904,0.1069,5.6750,188,0.1439
phone-android,tiny,1020,look,accepted,observed,0,0.6137,0.3990,0.0481,5.6628,0.1011,6.8247,160,0.1479
phone-android,tiny,1021,look,accepted,observed,0,0.6952,0.3468,0.0476,3.4704,0.0878,4.6477,160,0.1344
phone-android,tiny,1022,drop,accepted,dropped,1,0.6533,0.3410,0.0556,4.5381,0.1005,5.6886,197,0.1439
phone-android,tiny,1023,activate,rejected,stale_view,0,0.6099,0.3111,0.0457,3.5140,0.0890,4.5696,162,0.1469
phone-android,tiny,1024,move,accepted,moved,1,0.6484,0.3702,0.0530,5.9120,0.1226,7.1061,186,0.1485
phone-android,tiny,1025,look,accepted,observed,0,0.7208,0.3551,0.0475,3.4531,0.0859,4.6623,160,0.1441
phone-android,tiny,1026,move,rejected,exit_unavailable,0,0.6219,0.3495,0.0485,3.2987,0.0860,4.4045,168,0.1395
phone-android,tiny,1027,move,accepted,moved,1,0.5931,0.3463,0.1146,4.4155,0.1123,5.5818,188,0.1499
phone-android,tiny,1028,move,accepted,moved,1,0.6170,0.3865,0.0540,4.6001,0.1059,5.7635,186,0.1500
phone-android,tiny,1029,look,accepted,observed,0,0.6272,0.3384,0.0478,3.6223,0.0846,4.7205,160,0.1372
phone-android,tiny,1030,move,accepted,moved,1,0.5746,0.4049,0.0530,4.5973,1.3751,7.0048,188,0.1663
phone-android,tiny,1031,look,accepted,observed,0,0.9318,0.3464,0.0464,3.6099,0.0989,5.0333,160,0.1517
phone-android,tiny,1032,take,rejected,not_present,0,0.6669,0.3497,0.0514,4.2332,0.0883,5.3895,163,0.1436
phone-android,tiny,1033,take,rejected,not_present,0,0.6235,0.3439,0.0482,3.6446,0.0907,4.7510,163,0.1438
phone-android,tiny,1034,talk,rejected,not_eligible,0,0.6311,0.4072,0.0495,3.7316,0.0973,4.9168,165,0.1489
phone-android,tiny,1035,take,rejected,not_present,0,0.7141,0.3637,0.0487,3.5427,0.1054,4.7747,164,0.1483
phone-android,tiny,1036,look,accepted,observed,0,0.8341,0.3557,0.0493,3.4041,0.0914,4.7345,161,0.1408
phone-android,tiny,1037,move,accepted,moved,1,0.6361,0.3654,0.0518,4.4821,0.1011,5.6365,187,0.1908
phone-android,tiny,1038,talk,rejected,not_eligible,0,0.7178,0.3824,0.0530,3.4433,0.0890,4.6855,165,0.1478
phone-android,tiny,1039,move,accepted,moved,1,0.6682,0.3922,0.0534,4.7755,0.1140,6.0033,191,0.1504
phone-android,tiny,1040,activate,rejected,not_eligible,0,0.6432,0.3523,0.0492,3.7120,0.0841,4.8408,165,0.1409
phone-android,tiny,1041,talk,rejected,not_eligible,0,0.6569,0.3440,0.0496,3.4329,0.1042,4.5876,165,0.1412
phone-android,tiny,1042,look,accepted,observed,0,0.7412,0.3697,0.0494,3.7693,0.1023,5.0319,161,0.1507
phone-android,tiny,1043,move,rejected,exit_unavailable,0,0.7901,0.3906,0.0512,3.7538,0.0827,5.0684,169,0.1363
phone-android,tiny,1044,take,replayed,not_present,0,0.9758,0.3144,0.0019,0.0005,0.0338,1.3265,0,0.1201
phone-android,tiny,1045,activate,rejected,not_eligible,0,0.4365,0.2733,0.0482,3.2533,0.0820,4.0933,165,0.1388
phone-android,tiny,1046,look,accepted,observed,0,0.5685,0.3136,0.0462,3.3173,0.0828,4.3284,161,0.1368
phone-android,tiny,1047,look,accepted,observed,0,0.6274,0.4111,0.0489,3.2903,0.0755,4.4532,161,0.1346
phone-android,tiny,1048,move,accepted,moved,1,0.5898,0.3641,0.0534,4.4906,0.1018,5.5998,189,0.1482
phone-android,tiny,1049,activate,rejected,not_eligible,0,0.6695,0.3568,0.0505,3.4584,0.0797,4.6148,165,0.1413
phone-android,tiny,1050,move,accepted,moved,1,0.5724,0.3523,0.0543,4.7736,0.1054,5.8581,191,0.1507
phone-android,tiny,1051,look,accepted,observed,0,0.5924,0.3466,0.0478,3.2986,0.0816,4.3670,161,0.1567
phone-android,tiny,1052,wait,rejected,invalid_time,0,0.5744,0.3462,0.0435,3.7788,0.0828,4.8256,165,0.1501
phone-android,tiny,1053,choose,rejected,invalid_choice,0,0.5728,0.3599,0.0457,3.5993,0.0903,4.6680,167,0.1501
phone-android,tiny,1054,wait,rejected,invalid_time,0,0.6235,0.3550,0.0453,3.7909,0.0998,4.9145,165,0.1656
phone-android,tiny,1055,look,accepted,observed,0,0.7540,0.3947,0.0523,3.5221,0.0980,4.8213,161,0.1564
phone-android,tiny,1056,wait,rejected,invalid_time,0,0.7369,0.4669,0.0510,3.2968,0.0891,4.6408,165,0.1435
phone-android,tiny,1057,take,accepted,taken,1,0.6322,0.3546,0.0562,4.2502,0.1122,5.4055,189,0.1504
phone-android,tiny,1058,move,accepted,moved,1,0.7224,0.3716,0.0616,5.1194,0.1448,6.4199,187,0.2073
phone-android,tiny,1059,move,accepted,moved,1,0.9206,0.4321,0.0588,5.0521,0.1185,6.5821,191,0.1477
phone-android,tiny,1060,look,accepted,observed,0,0.7135,0.3327,0.0447,3.3769,0.0839,4.5517,161,0.1431
phone-android,tiny,1061,talk,rejected,not_eligible,0,0.5950,0.3167,0.0457,3.1985,0.0838,4.2397,165,0.1401
phone-android,tiny,1062,wait,rejected,invalid_time,0,0.6120,0.4156,0.0479,3.3260,0.0985,4.4999,165,0.1490
phone-android,tiny,1063,take,replayed,not_present,0,1.0296,0.2928,0.0015,0.0005,0.0320,1.3564,0,0.1364
phone-android,tiny,1064,move,accepted,moved,1,0.3811,0.3040,0.0541,5.2278,0.1338,6.1008,187,0.1540
phone-android,tiny,1065,choose,rejected,invalid_choice,0,0.8232,0.4107,0.0478,4.0605,0.1197,5.4619,167,0.1431
phone-android,tiny,1066,move,accepted,moved,1,0.7411,0.3920,0.0566,4.8293,0.1185,6.1374,191,0.1678
phone-android,tiny,1067,move,accepted,moved,1,0.7372,0.4006,0.0551,5.1093,0.1126,6.4148,187,0.1646
phone-android,tiny,1068,drop,replayed,dropped,0,0.9581,0.2927,0.0018,0.0008,0.0314,1.2848,0,0.1165
phone-android,tiny,1069,look,accepted,observed,0,0.3786,0.2728,0.0440,3.3299,0.0784,4.1036,161,0.1446
phone-android,tiny,1070,move,accepted,moved,1,0.6875,0.3681,0.0527,11.1308,0.1723,12.4115,191,0.1866
phone-android,tiny,1071,move,accepted,moved,1,1.0884,0.4313,0.0587,5.6186,0.1661,7.3631,187,0.2856
phone-android,tiny,1072,talk,rejected,not_eligible,0,0.9297,0.4045,0.0531,4.2764,0.1221,5.7858,165,0.1714
phone-android,tiny,1073,activate,rejected,not_eligible,0,0.9217,0.4106,0.0734,4.2246,0.0970,5.7273,165,0.1610
phone-android,tiny,1074,move,accepted,moved,1,0.6378,0.4387,0.0658,4.6262,0.1178,5.8863,191,0.1776
phone-android,tiny,1075,look,accepted,observed,0,0.6276,0.3815,0.0548,3.7455,0.1253,4.9346,161,0.1464
phone-android,tiny,1076,move,accepted,moved,1,0.8101,0.4042,0.0543,5.1691,0.1540,6.5916,189,0.1523
phone-android,tiny,1077,move,accepted,moved,1,0.7201,0.3749,0.0535,4.6461,0.1043,5.8989,191,0.2053
phone-android,tiny,1078,move,accepted,moved,1,0.6479,0.3696,0.0511,4.2453,0.1076,5.4215,187,0.1454
phone-android,tiny,1079,move,accepted,moved,1,0.5883,0.3797,0.0521,4.7192,0.1146,5.8540,189,0.1495
phone-android,tiny,1080,move,accepted,moved,1,0.6364,0.3628,0.0538,4.5119,0.1057,5.6705,187,0.1471
phone-android,tiny,1081,talk,rejected,not_eligible,0,0.7577,0.3440,0.0466,3.4553,0.0889,4.6923,165,0.1958
phone-android,tiny,1082,look,accepted,observed,0,0.6756,0.3394,0.0503,3.3507,0.0889,4.5048,161,0.1636
phone-android,tiny,1083,choose,rejected,stale_view,0,0.6288,0.3328,0.0440,3.3789,0.0860,4.4705,163,0.1588
phone-android,tiny,1084,activate,rejected,not_eligible,0,0.6479,0.4091,0.0515,3.3017,0.0782,4.4884,165,0.1410
phone-android,tiny,1085,wait,rejected,invalid_time,0,0.5994,0.3417,0.0447,3.2584,0.0853,4.3295,165,0.1481
phone-android,tiny,1086,move,rejected,exit_unavailable,0,0.5783,0.3476,0.0488,3.2429,0.0878,4.3054,169,0.1524
phone-android,tiny,1087,activate,rejected,not_eligible,0,0.6973,0.3535,0.0498,3.3216,0.0810,4.5033,165,0.1457
phone-android,tiny,1088,look,accepted,observed,0,0.6071,0.3423,0.0452,3.5436,0.0799,4.6181,161,0.1552
phone-android,tiny,1089,move,accepted,moved,1,0.5845,0.3915,0.0528,4.5275,0.1098,5.6660,191,0.1484
phone-android,tiny,1090,move,accepted,moved,1,0.6206,0.3657,0.0548,4.4793,0.1027,5.6232,187,0.1444
phone-android,tiny,1091,close_choice,rejected,invalid_choice,0,0.5586,0.3255,0.0435,3.8454,0.1169,4.8898,167,0.1622
phone-android,tiny,1092,look,accepted,observed,0,0.8320,0.3570,0.0504,3.9429,0.1259,5.3082,161,0.1459
phone-android,tiny,1093,activate,rejected,not_eligible,0,0.8764,0.3677,0.0495,3.6556,0.1263,5.0754,165,0.1511
phone-android,tiny,1094,move,accepted,moved,1,0.7443,0.3605,0.0515,4.4217,0.1057,5.6836,189,0.1456
phone-android,tiny,1095,look,accepted,observed,0,0.6548,0.3423,0.0474,3.2761,0.1157,4.4364,161,0.1449
phone-android,tiny,1096,look,accepted,observed,0,0.7618,0.3350,0.0443,3.8413,0.0950,5.0774,161,0.1421
phone-android,tiny,1097,move,accepted,moved,1,0.6720,0.3539,0.0503,4.5599,0.1166,5.7527,187,0.1546
phone-android,tiny,1098,look,accepted,observed,0,0.7396,0.3504,0.0499,3.2797,0.0887,4.5084,161,0.1540
phone-android,tiny,1099,choose,rejected,invalid_choice,0,0.6471,0.3608,0.0446,3.2428,0.1284,4.4238,167,0.1580
phone-android,tiny,1100,activate,rejected,not_eligible,0,0.8630,0.4290,0.0507,4.0248,0.1275,5.4949,165,0.1642
phone-android,tiny,1101,look,accepted,observed,0,0.8647,0.3523,0.0486,3.2958,0.1036,4.6651,161,0.1489
phone-android,tiny,1102,move,accepted,moved,1,0.7764,0.3548,0.0560,4.4873,0.1068,5.7813,191,0.1471
phone-android,tiny,1103,move,accepted,moved,1,0.6235,0.3693,0.0538,4.5814,0.1070,5.7349,189,0.1409
phone-android,tiny,1104,look,accepted,observed,0,0.6006,0.3305,0.0455,3.7603,0.0813,4.8182,161,0.1626
phone-android,tiny,1105,drop,accepted,dropped,1,0.7133,0.4297,0.0606,4.8060,0.1267,6.1364,196,0.1596
phone-android,tiny,1106,look,accepted,observed,0,0.8604,0.3809,0.0512,3.3716,0.0828,4.7470,161,0.1372
phone-android,tiny,1107,move,accepted,moved,1,0.6109,0.3662,0.0542,4.3608,0.0994,5.4915,191,0.1379
phone-android,tiny,1108,move,accepted,moved,1,0.6437,0.3756,0.0566,4.4067,0.1041,5.5866,189,0.1656
phone-android,tiny,1109,wait,accepted,waited,1,0.6359,0.3457,0.0490,4.6208,0.1052,5.7566,185,0.1498
phone-android,tiny,1110,move,rejected,exit_unavailable,0,0.5692,0.3520,0.1205,3.3398,0.0749,4.4565,169,0.1317
phone-android,tiny,1111,move,accepted,moved,1,0.5853,0.3557,0.0517,4.6693,0.1041,5.7660,191,0.1510
phone-android,tiny,1112,look,accepted,observed,0,0.6855,0.3690,0.0505,3.4549,0.0983,4.6581,161,0.1530
phone-android,tiny,1113,look,accepted,observed,0,0.6886,0.3626,0.0490,3.4546,0.0939,4.6486,161,0.1705
phone-android,tiny,1114,look,accepted,observed,0,0.8554,0.3335,0.0479,3.3260,0.0812,4.6440,161,0.1587
phone-android,tiny,1115,look,accepted,observed,0,0.5874,0.3254,0.0463,3.7455,0.0819,4.7864,161,0.1555
phone-android,tiny,1116,move,accepted,moved,1,0.6661,0.3773,0.0551,5.1294,0.1176,6.3456,187,0.1596
phone-android,tiny,1117,look,accepted,observed,0,0.7809,0.3568,0.0486,3.9019,0.0908,5.1791,161,0.1483
phone-android,tiny,1118,move,accepted,moved,1,0.6193,0.3679,0.0547,4.5796,0.1025,5.7240,191,0.1618
phone-android,tiny,1119,look,accepted,observed,0,0.5967,1.5730,0.0614,4.4252,0.0875,6.7438,161,0.1459
phone-android,tiny,1120,look,accepted,observed,0,0.6741,0.3320,0.0464,3.3958,0.0843,4.5326,161,0.1418
phone-android,tiny,1121,move,rejected,exit_unavailable,0,0.6349,0.3560,0.0460,3.6222,0.0939,4.7530,169,0.1468
phone-android,tiny,1122,activate,rejected,not_eligible,0,0.6986,0.3738,0.0491,3.3924,0.0995,4.6133,165,0.1521
phone-android,tiny,1123,wait,rejected,invalid_time,0,0.8226,0.3619,0.0447,3.5184,0.0921,4.8397,165,0.1443
phone-android,tiny,1124,look,accepted,observed,0,0.6046,0.3154,0.0462,3.2937,0.0818,4.3418,161,0.1475
phone-android,tiny,1125,move,accepted,moved,1,0.6201,0.4006,0.0543,4.3492,0.1037,5.5279,187,0.1441
phone-android,tiny,1126,move,accepted,moved,1,0.5831,0.3487,0.0535,4.4367,0.0969,5.5190,191,0.1391
phone-android,tiny,1127,choose,rejected,stale_view,0,0.7227,0.3769,0.0463,3.5183,0.1032,4.7674,163,0.1556
phone-android,tiny,1128,choose,rejected,invalid_choice,0,0.6774,0.4621,0.0509,3.5580,0.0868,4.8352,167,0.1436
phone-android,tiny,1129,look,accepted,observed,0,0.5972,0.3349,0.0474,3.2385,0.0898,4.3080,161,0.1432
phone-android,tiny,1130,take,rejected,not_present,0,0.6190,0.3339,0.0466,3.2482,0.0800,4.3277,164,0.1425
phone-android,tiny,1131,choose,rejected,invalid_choice,0,0.6717,0.3629,0.0479,3.2227,0.0798,4.3850,167,0.1371
phone-android,tiny,1132,look,accepted,observed,0,0.5703,0.3247,0.0450,3.3194,0.0799,4.3393,161,0.1397
phone-android,tiny,1133,move,accepted,moved,1,0.5710,0.4766,0.0568,4.6886,0.0994,5.8925,189,0.1440
phone-android,tiny,1134,move,rejected,exit_unavailable,0,0.5440,0.3544,0.0481,3.5301,0.0815,4.5579,169,0.1419
phone-android,tiny,1135,look,accepted,observed,0,0.5906,0.3726,0.0487,3.8293,0.0989,4.9402,161,0.1448
phone-android,tiny,1136,activate,rejected,not_eligible,0,0.7639,0.3840,0.0491,4.1105,0.0975,5.4049,165,0.1434
phone-android,tiny,1137,look,accepted,observed,0,0.6714,0.3462,0.0489,3.3038,0.0817,4.4519,161,0.1378
phone-android,tiny,1138,look,accepted,observed,0,0.6055,0.3367,0.0469,3.3420,0.1224,4.4535,161,0.1480
phone-android,tiny,1139,move,accepted,moved,1,0.6154,0.3559,0.0540,4.3405,0.1094,5.4752,191,0.1455
phone-android,tiny,1140,move,accepted,moved,1,0.7164,0.3697,0.0495,4.6074,0.0978,5.8409,187,0.1421
phone-android,tiny,1141,choose,rejected,invalid_choice,0,0.5879,0.3790,0.0486,3.1983,0.0798,4.2936,167,0.1409
phone-android,tiny,1142,look,accepted,observed,0,0.6067,0.3313,0.0471,3.4969,0.1028,4.5846,161,0.1475
phone-android,tiny,1143,move,accepted,moved,1,0.7798,0.4084,0.0558,5.3377,0.1201,6.7018,191,0.1555
phone-android,tiny,1144,look,accepted,observed,0,0.7184,0.3824,0.0483,4.1553,0.0848,5.3893,161,0.1429
phone-android,tiny,1145,take,rejected,not_present,0,0.5982,0.3353,0.0474,3.3455,0.0873,4.4138,164,0.1455
phone-android,tiny,1146,look,accepted,observed,0,0.6208,0.3367,0.0480,3.6357,0.0864,4.7276,161,0.1414
phone-android,tiny,1147,wait,rejected,invalid_time,0,0.6751,0.3865,0.0469,3.6136,0.0953,4.8172,165,0.1481
phone-android,tiny,1148,choose,rejected,invalid_choice,0,0.7289,0.4673,0.0535,3.3150,0.0761,4.6408,167,0.1434
phone-android,tiny,1149,move,accepted,moved,1,0.5768,0.3458,0.0527,4.5409,0.1004,5.6166,189,0.1506
phone-android,tiny,1150,take,accepted,taken,1,0.6545,0.3721,0.0548,4.6451,0.0985,5.8251,189,0.1447
phone-android,tiny,1151,move,accepted,moved,1,0.5793,0.4088,0.0544,4.4536,0.1001,5.5962,191,0.1428
phone-android,tiny,1152,drop,accepted,dropped,1,0.6221,0.3656,0.0554,4.9383,0.1079,6.0894,198,0.1507
phone-android,tiny,1153,look,accepted,observed,0,0.5942,0.3447,0.0488,3.3616,0.0851,4.4345,161,0.1434
phone-android,tiny,1154,move,accepted,moved,1,0.6584,0.3660,0.0541,4.9380,0.1101,6.1266,189,0.1452
phone-android,tiny,1155,look,accepted,observed,0,0.6530,0.4134,0.0623,3.9277,0.0952,5.1516,161,0.1476
phone-android,tiny,1156,move,accepted,moved,1,0.7701,0.3947,0.0547,4.8941,0.1175,6.2311,191,0.1463
phone-android,tiny,1157,look,accepted,observed,0,0.6059,0.3499,0.0492,3.3581,0.0955,4.4588,161,0.1436
phone-android,tiny,1158,move,rejected,exit_unavailable,0,0.6311,0.4264,0.0509,3.5218,0.0836,4.7138,169,0.1415
phone-android,tiny,1159,look,accepted,observed,0,0.6290,0.3416,0.0509,3.6974,0.0806,4.7995,161,0.1470
phone-android,tiny,1160,move,accepted,moved,1,0.6184,0.4212,0.0573,4.5438,0.0964,5.7370,187,0.1381
phone-android,tiny,1161,move,accepted,moved,1,0.6360,0.3695,0.0530,4.7183,0.1024,5.8792,189,0.1472
phone-android,tiny,1162,talk,rejected,not_eligible,0,0.5964,0.3463,0.0481,3.3110,0.0865,4.3883,165,0.1426
phone-android,tiny,1163,look,accepted,observed,0,0.6142,0.4094,0.0505,3.2689,0.0756,4.4185,161,0.1372
phone-android,tiny,1164,look,accepted,observed,0,0.6091,0.3071,0.0466,3.3966,0.1082,4.4676,161,0.1593
phone-android,tiny,1165,look,accepted,observed,0,0.7871,0.3765,0.0486,4.1591,0.1140,5.4853,161,0.1749
phone-android,tiny,1166,look,accepted,observed,0,0.7989,0.3911,0.0539,3.5945,0.0934,4.9318,161,0.1556
phone-android,tiny,1167,move,rejected,exit_unavailable,0,0.6789,0.3937,0.0524,4.0180,0.0974,5.2405,169,0.1545
phone-android,tiny,1168,look,accepted,observed,0,0.6696,0.3548,0.0496,3.4623,0.1004,4.6367,161,0.1650
phone-android,tiny,1169,wait,rejected,invalid_time,0,0.7794,0.3971,0.0466,3.4747,0.0974,4.7953,165,0.1497
phone-android,tiny,1170,move,accepted,moved,1,0.7019,0.3915,0.0529,4.6887,0.1058,5.9407,187,0.1444
phone-android,tiny,1171,look,accepted,observed,0,0.5713,0.3435,0.0468,3.1664,0.0805,4.2084,161,0.1438
phone-android,tiny,1172,take,rejected,not_present,0,0.5641,0.3945,0.0490,3.7175,0.0834,4.8084,164,0.1471
phone-android,tiny,1173,move,accepted,moved,1,0.5891,0.3566,0.0526,4.3639,0.1212,5.4833,191,0.1456
phone-android,tiny,1174,activate,rejected,not_eligible,0,0.7132,0.3610,0.0498,3.3134,0.0821,4.5195,165,0.1443
phone-android,tiny,1175,wait,rejected,invalid_time,0,0.5923,0.3573,0.0430,3.7408,0.0845,4.8180,165,0.1446
phone-android,tiny,1176,take,accepted,taken,1,0.6618,0.3835,0.0526,4.9063,0.1482,6.1523,189,0.1563
phone-android,tiny,1177,activate,rejected,not_eligible,0,0.9890,0.4350,0.0558,3.8080,0.1305,5.4183,165,0.1444
phone-android,tiny,1178,wait,rejected,invalid_time,0,0.9529,0.4784,0.0575,4.8390,0.1320,6.4598,165,0.1479
phone-android,tiny,1179,move,accepted,moved,1,0.9992,0.4876,0.0637,5.3082,0.1277,6.9863,187,0.1477
phone-android,tiny,1180,move,accepted,moved,1,0.8202,0.3884,0.0558,5.0021,0.1129,6.3795,189,0.1458
phone-android,tiny,1181,choose,rejected,invalid_choice,0,0.7090,0.3806,0.0477,3.5348,0.1038,4.7759,167,0.1429
phone-android,tiny,1182,wait,rejected,invalid_time,0,0.7054,0.3557,0.0529,3.3828,0.0968,4.5935,165,0.1417
phone-android,tiny,1183,look,accepted,observed,0,0.6485,0.4740,0.0580,4.8029,0.1114,6.0948,161,0.1398
phone-android,tiny,1184,look,accepted,observed,0,0.7685,0.3964,0.0509,3.6956,0.1430,5.0543,161,0.1468
phone-android,tiny,1185,move,accepted,moved,1,0.8858,0.4023,0.0545,6.0211,0.1342,7.4979,187,0.1447
phone-android,tiny,1186,activate,rejected,not_eligible,0,0.7365,0.3232,0.0452,3.4955,0.1629,4.7633,165,0.1916
phone-android,tiny,1187,close_choice,rejected,invalid_choice,0,0.7318,0.3381,0.0462,3.1879,0.1102,4.4142,167,0.1376
phone-android,tiny,1188,move,accepted,moved,1,0.6911,0.3567,0.0512,4.0542,0.0979,5.2511,191,0.1394
phone-android,tiny,1189,close_choice,rejected,invalid_choice,0,0.5917,0.3426,0.0445,2.8655,0.0906,3.9350,167,0.1428
phone-android,tiny,1190,look,accepted,observed,0,0.6115,0.3392,0.0464,2.9022,0.0844,3.9837,161,0.1409
phone-android,tiny,1191,move,rejected,exit_unavailable,0,0.8252,0.4079,0.0509,3.4583,0.0913,4.8335,169,0.1484
phone-android,tiny,1192,look,accepted,observed,0,0.6556,0.3534,0.0470,2.9822,0.0795,4.1178,161,0.1401
phone-android,tiny,1193,look,accepted,observed,0,0.5659,0.3182,0.0459,2.8680,0.1073,3.9054,161,0.1384
phone-android,tiny,1194,wait,rejected,invalid_time,0,0.7147,0.4424,0.0466,3.6130,0.1169,4.9336,165,0.1496
phone-android,tiny,1195,move,accepted,moved,1,0.7426,0.3475,0.0507,4.9385,0.1182,6.1975,187,0.1373
phone-android,tiny,1196,choose,rejected,invalid_choice,0,0.8518,0.4045,0.0478,3.9029,0.1323,5.3392,167,0.1507
phone-android,tiny,1197,talk,rejected,not_eligible,0,0.9524,0.3747,0.0628,4.3949,0.1107,5.8956,165,0.1383
phone-android,tiny,1198,move,rejected,exit_unavailable,0,0.8394,0.3562,0.0472,4.1228,0.1272,5.4928,169,0.1459
phone-android,tiny,1199,look,accepted,observed,0,0.7635,0.3299,0.0454,4.2558,0.1405,5.5351,161,0.1471
phone-android,tiny,1200,talk,rejected,not_eligible,0,0.8939,0.3648,0.0474,3.2111,0.1324,4.6496,165,0.1440
phone-android,tiny,1201,look,accepted,observed,0,0.9986,0.3619,0.0601,3.1648,0.1094,4.6948,161,0.1368
phone-android,tiny,1202,drop,accepted,dropped,1,0.7097,0.3369,0.0515,4.0982,0.1209,5.3171,194,0.1493
phone-android,tiny,1203,look,accepted,observed,0,0.7737,0.3386,0.0463,4.7437,0.1252,6.0276,161,0.1367
phone-android,tiny,1204,move,accepted,moved,1,0.8482,0.3640,0.0545,4.2244,0.1158,5.6070,189,0.1482
phone-android,tiny,1205,look,accepted,observed,0,0.6353,0.3458,0.0467,2.8224,0.0831,3.9333,161,0.1388
phone-android,tiny,1206,move,accepted,moved,1,0.5811,0.4080,0.0522,4.3974,0.1119,5.5508,187,0.1432
phone-android,tiny,1207,move,accepted,moved,1,0.6462,0.3709,0.0561,4.2436,0.1106,5.4275,189,0.1472
phone-android,tiny,1208,look,accepted,observed,0,0.5969,0.3314,0.0495,3.0426,0.0913,4.1117,161,1.4478
phone-android,tiny,1209,move,accepted,moved,1,0.9132,0.3740,0.0520,4.3094,0.1040,5.7526,187,0.1378
phone-android,tiny,1210,take,accepted,taken,1,0.6756,0.4669,0.0591,5.0120,0.1047,6.3184,189,0.1506
phone-android,tiny,1211,choose,rejected,invalid_choice,0,0.5833,0.4036,0.0484,3.7107,0.1381,4.8841,167,0.1505
phone-android,tiny,1212,look,accepted,observed,0,0.8935,0.3658,0.0483,4.4511,0.1525,5.9113,161,0.1471
phone-android,tiny,1213,move,accepted,moved,1,0.9782,0.4297,0.0554,5.0291,0.1220,6.6145,189,0.1473
phone-android,tiny,1214,move,rejected,exit_unavailable,0,0.6572,0.3487,0.0450,3.5465,0.1021,4.6995,169,0.1402
phone-android,tiny,1215,move,accepted,moved,1,0.7142,0.3912,0.0541,5.0746,0.1539,6.3880,187,0.1466
phone-android,tiny,1216,look,accepted,observed,0,0.9194,0.4659,0.0496,3.3128,0.1345,4.8822,161,0.1457
phone-android,tiny,1217,move,accepted,moved,1,0.7263,0.3600,0.0511,4.0561,0.1205,5.3140,191,0.1445
phone-android,tiny,1218,look,accepted,observed,0,0.7535,0.3440,0.0490,4.1590,0.1212,5.4268,161,0.1393
phone-android,tiny,1219,choose,rejected,stale_view,0,0.7452,0.3287,0.0436,2.8663,0.0956,4.0794,163,0.1365
phone-android,tiny,1220,wait,rejected,invalid_time,0,0.7256,0.3377,0.0434,2.8489,0.1081,4.0636,165,0.1390
phone-android,tiny,1221,look,accepted,observed,0,0.6491,0.3148,0.0442,3.1450,0.1011,4.2542,161,0.1388
phone-android,tiny,1222,look,accepted,observed,0,0.6591,0.3256,0.0473,3.0281,0.0998,4.1598,161,0.1418
phone-android,tiny,1223,move,accepted,moved,1,0.7227,0.3509,0.0521,4.2740,0.1268,5.5266,189,0.1376
phone-android,tiny,1224,wait,rejected,invalid_time,0,0.7468,0.3511,0.0434,3.5765,0.0887,4.8065,165,0.1368
phone-android,tiny,1225,drop,accepted,dropped,1,0.7110,0.3556,0.0546,4.7097,0.1140,5.9449,196,0.1481
phone-android,tiny,1226,move,accepted,moved,1,0.6503,0.3694,0.0534,4.2726,0.1106,5.4562,191,0.1485
phone-android,tiny,1227,move,rejected,exit_unavailable,0,0.6103,0.4267,0.0473,3.0642,0.1379,4.2864,169,0.1421
phone-android,tiny,1228,move,accepted,moved,1,0.6220,0.3506,0.0497,5.3311,0.1205,6.4740,189,0.1505
phone-android,tiny,1229,look,accepted,observed,0,0.6543,0.3351,0.0478,3.7189,0.1193,4.8753,161,0.1362
phone-android,tiny,1230,look,accepted,observed,0,0.7819,0.4012,0.0510,4.3155,0.1638,5.7134,161,0.1599
phone-android,tiny,1231,take,accepted,taken,1,0.9665,0.3910,0.0585,5.8651,0.1276,7.4088,189,0.1438
phone-android,tiny,1232,drop,accepted,dropped,1,0.7481,0.3925,0.0539,5.3768,0.1282,6.6995,196,0.1458
phone-android,tiny,1233,wait,rejected,invalid_time,0,0.8134,0.4343,0.0574,4.7422,0.1476,6.1949,165,0.1485
phone-android,tiny,1234,choose,rejected,invalid_choice,0,1.0398,0.4290,0.0537,4.5323,0.1139,6.1686,167,0.1415
phone-android,tiny,1235,look,accepted,observed,0,0.7426,0.3682,0.0473,3.0806,0.1098,4.3485,161,0.1403
phone-android,tiny,1236,drop,replayed,dropped,0,1.0747,0.2798,0.0017,0.0004,0.0308,1.3873,0,0.1328
phone-android,tiny,1237,move,accepted,moved,1,0.4252,0.2896,0.0495,4.0911,0.1211,4.9766,191,0.1412
phone-android,tiny,1238,move,accepted,moved,1,0.7140,0.3420,0.0520,3.9436,0.1264,5.1780,187,0.1458
phone-android,tiny,1239,take,rejected,not_present,0,0.7649,0.3546,0.0463,2.9570,0.0960,4.2187,164,0.1436
phone-android,tiny,1240,move,accepted,moved,1,0.6441,0.3516,0.0527,3.9429,0.1291,5.1204,189,0.1456
phone-android,tiny,1241,choose,rejected,stale_view,0,0.7744,0.4349,0.0476,2.9790,0.0952,4.3310,163,0.1406
phone-android,tiny,1242,move,accepted,moved,1,0.6559,0.3552,0.0499,26.4745,0.1815,27.7170,187,0.1613
phone-android,tiny,1243,move,accepted,moved,1,1.0307,0.4171,0.0546,5.4960,0.1724,7.1708,189,0.1522
phone-android,tiny,1244,move,accepted,moved,1,1.1087,0.4202,0.0563,4.8924,0.1253,6.6029,187,0.1456
phone-android,tiny,1245,move,accepted,moved,1,0.7814,0.3846,0.0541,5.2760,0.1097,6.6058,191,0.1508
phone-android,tiny,1246,close_choice,rejected,invalid_choice,0,0.6921,0.3394,0.0488,3.7953,0.1084,4.9840,167,0.1526
phone-android,tiny,1247,activate,rejected,not_eligible,0,0.7273,0.3652,0.0496,3.4878,0.0942,4.7242,165,0.1388
phone-android,tiny,1248,move,accepted,moved,1,0.8674,0.3768,0.0554,4.4794,0.1084,5.8874,189,0.1474
phone-android,tiny,1249,wait,rejected,invalid_time,0,0.6446,0.3521,0.0449,3.6332,0.0897,4.7646,165,0.1445
phone-android,tiny,1250,take,accepted,taken,1,0.6610,0.3562,0.0542,4.5421,0.1319,5.7454,189,0.1540
phone-android,tiny,1251,wait,rejected,invalid_time,0,0.7414,0.3606,0.0463,3.5992,0.1239,4.8713,165,0.1539
phone-android,tiny,1252,move,accepted,moved,1,0.9429,0.4173,0.0680,5.3595,0.1368,6.9244,191,0.1528
phone-android,tiny,1253,look,accepted,observed,0,0.9020,0.3360,0.0456,3.5637,0.0981,4.9453,161,0.1452
phone-android,tiny,1254,wait,rejected,invalid_time,0,0.6396,0.3473,0.0460,3.4814,0.0832,4.5975,165,0.1447
phone-android,tiny,1255,look,accepted,observed,0,0.7307,0.3855,0.0547,3.8194,0.1009,5.0912,161,0.1524
phone-android,tiny,1256,talk,rejected,not_eligible,0,0.7277,0.3677,0.0506,3.6101,0.0922,4.8483,165,0.2010
phone-android,tiny,1257,move,accepted,moved,1,0.7554,0.3680,0.0523,5.1154,0.1353,6.4264,189,0.1447
phone-android,tiny,1258,move,accepted,moved,1,0.6281,0.3669,0.0533,4.5557,0.1132,5.7172,191,0.1482
phone-android,tiny,1259,move,accepted,moved,1,0.6717,0.3777,0.0564,4.4194,0.1187,5.6438,189,0.1480
phone-android,tiny,1260,look,accepted,observed,0,0.6639,0.3513,0.1009,3.4267,0.0816,4.6243,161,0.1415
phone-android,tiny,1261,wait,rejected,invalid_time,0,0.5854,0.3502,0.0477,3.2717,0.0809,4.3358,165,0.1458
phone-android,tiny,1262,move,accepted,moved,1,0.5781,0.3526,0.0519,4.8606,0.1165,5.9597,191,0.1474
phone-android,tiny,1263,talk,rejected,not_eligible,0,0.9029,0.3658,0.0488,3.6035,0.0927,5.0138,165,0.1437
phone-android,tiny,1264,look,accepted,observed,0,0.7254,0.3631,0.0498,3.6521,0.1001,4.8906,161,0.1499
phone-android,tiny,1265,move,accepted,moved,1,0.7162,0.4027,0.0551,4.9204,0.1214,6.2157,189,0.1472
phone-android,tiny,1266,move,accepted,moved,1,0.6969,0.3703,0.0549,4.5058,0.1070,5.7350,191,0.1458
phone-android,tiny,1267,look,accepted,observed,0,0.5876,0.3429,0.0502,3.6168,0.0843,4.6817,161,0.1389
phone-android,tiny,1268,look,accepted,observed,0,0.5940,0.4120,0.0500,3.2850,0.0791,4.4201,161,0.1346
phone-android,tiny,1269,look,accepted,observed,0,0.6366,0.3429,0.0469,3.7714,0.1083,4.9061,161,0.1508
phone-android,tiny,1270,move,accepted,moved,1,0.7928,0.4776,0.0585,4.9528,0.1227,6.4043,187,0.1552
phone-android,tiny,1271,look,accepted,observed,0,0.7263,0.4442,0.0601,3.5974,0.1073,4.9353,161,0.1460
phone-android,tiny,1272,drop,accepted,dropped,1,0.6746,0.3481,0.0559,4.9342,0.1051,6.1179,194,0.1378
phone-android,tiny,1273,move,accepted,moved,1,0.8096,0.4001,0.0561,5.0844,0.1255,6.4757,189,0.1571
phone-android,tiny,1274,look,accepted,observed,0,0.7690,0.3907,0.0520,3.9393,0.0971,5.2481,161,0.1455
phone-android,tiny,1275,look,accepted,observed,0,0.7510,0.3382,0.0464,3.4745,0.0910,4.7012,161,0.1451
phone-android,tiny,1276,take,rejected,not_present,0,0.5832,0.3339,0.0482,3.3661,0.1129,4.4443,164,0.1537
phone-android,tiny,1277,look,accepted,observed,0,0.7793,0.4266,0.0482,4.0695,0.1086,5.4322,161,0.1538
phone-android,tiny,1278,look,accepted,observed,0,0.7784,0.3663,0.0498,3.4569,0.0851,4.7366,161,0.1463
phone-android,tiny,1279,look,accepted,observed,0,0.6640,0.3379,0.0466,3.3854,0.0788,4.5127,161,0.1424
phone-android,tiny,1280,take,rejected,not_present,0,0.5877,0.3330,0.0477,3.8734,0.1019,4.9435,164,0.1451
phone-android,tiny,1281,move,accepted,moved,1,0.7872,0.4151,0.0596,8.5652,0.1766,10.0036,187,0.2381
phone-android,tiny,1282,look,accepted,observed,0,1.0587,0.4126,0.0508,3.9902,0.0987,5.6109,161,0.1503
phone-android,tiny,1283,move,accepted,moved,1,0.8927,0.4298,0.0584,5.4433,0.1328,6.9571,191,0.1595
phone-android,tiny,1284,wait,accepted,waited,1,0.7759,0.3983,0.0554,4.8203,0.1080,6.1579,185,0.1466
phone-android,tiny,1285,look,accepted,observed,0,0.7268,0.3405,0.0468,3.3136,0.0890,4.5167,161,0.1433
phone-android,tiny,1286,move,accepted,moved,1,0.6092,0.3659,0.0536,4.4027,0.1021,5.5335,189,0.1482
phone-android,tiny,1287,move,accepted,moved,1,0.6028,0.3677,0.0538,4.6560,0.1116,5.7918,191,0.1390
phone-android,tiny,1288,look,accepted,observed,0,0.7594,0.3333,0.0469,4.1448,0.1215,5.4058,161,0.1535
phone-android,tiny,1289,move,accepted,moved,1,0.8690,0.4555,0.0709,4.5932,0.1085,6.0970,189,0.1505
phone-android,tiny,1290,wait,rejected,invalid_time,0,0.6130,0.3564,0.0458,3.3493,0.0839,4.4484,165,0.1447
phone-android,tiny,1291,look,accepted,observed,0,0.6804,0.3371,0.0495,3.2652,0.1177,4.4498,161,0.1584
phone-android,tiny,1292,wait,rejected,invalid_time,0,0.8042,0.5483,0.0679,3.6868,0.0910,5.1982,165,0.1908
phone-android,tiny,1293,move,accepted,moved,1,0.7446,0.3958,0.0574,4.5118,0.1237,5.8334,191,0.1639
phone-android,tiny,1294,wait,rejected,invalid_time,0,0.7142,0.3809,0.0507,3.4545,0.1005,4.7009,165,0.1604
phone-android,tiny,1295,look,accepted,observed,0,0.9497,0.3853,0.0551,4.2220,0.1104,5.7224,161,0.1625
phone-android,tiny,1296,move,accepted,moved,1,0.7087,0.4158,0.0608,5.1577,0.1363,6.4793,189,0.1584
phone-android,tiny,1297,activate,rejected,not_eligible,0,0.7634,0.3821,0.0481,3.8746,0.1071,5.1754,165,0.1493
phone-android,tiny,1298,look,accepted,observed,0,0.7633,0.3733,0.0505,3.9560,0.0897,5.2329,161,0.1422
phone-android,tiny,1299,look,accepted,observed,0,0.6906,0.3402,0.0469,3.8085,0.0832,4.9695,161,0.1415
phone-android,tiny,1300,talk,rejected,not_eligible,0,0.5684,0.3372,0.0472,3.3968,0.1131,4.4627,165,0.1540
phone-android,tiny,1301,take,rejected,not_present,0,0.8996,0.3720,0.0481,3.9361,0.0969,5.3528,164,0.1549
phone-android,tiny,1302,move,accepted,moved,1,0.6854,0.3929,0.0551,5.0099,0.1141,6.2573,191,0.1471
phone-android,tiny,1303,move,rejected,exit_unavailable,0,0.5982,0.3567,0.0480,3.9429,0.1027,5.0484,169,0.1373
phone-android,tiny,1304,look,accepted,observed,0,0.7797,0.3746,0.0491,4.0422,0.1116,5.3573,161,0.1540
phone-android,tiny,1305,wait,rejected,invalid_time,0,0.8355,0.3839,0.0488,3.8285,0.0870,5.1836,165,0.1404
phone-android,tiny,1306,move,accepted,moved,1,0.6282,0.3605,0.0519,4.3594,0.1068,5.5068,189,0.1464
phone-android,tiny,1307,activate,rejected,not_eligible,0,0.6160,0.3414,0.0479,3.3938,0.0870,4.4861,165,0.1439
phone-android,tiny,1308,look,accepted,observed,0,0.6361,0.3398,0.0469,3.3301,0.0759,4.4289,161,0.1429
phone-android,tiny,1309,look,accepted,observed,0,0.6339,0.3392,0.0445,3.4921,0.0815,4.5911,161,0.1340
phone-android,tiny,1310,look,accepted,observed,0,0.7566,0.3631,0.0507,4.0394,0.0891,5.2990,161,0.1464
phone-android,tiny,1311,wait,rejected,invalid_time,0,0.7220,0.3886,0.0465,3.8829,0.0801,5.1201,165,0.1352
phone-android,tiny,1312,look,accepted,observed,0,0.6349,0.3955,0.0518,3.2879,0.0731,4.4432,161,0.1343
phone-android,tiny,1313,look,accepted,observed,0,0.5886,0.3585,0.0479,3.3136,0.0955,4.4042,161,0.1541
phone-android,tiny,1314,wait,rejected,invalid_time,0,0.7636,0.3911,0.0517,3.9299,0.0965,5.2329,165,0.1511
phone-android,tiny,1315,take,rejected,not_present,0,0.6999,0.3635,0.0476,4.0525,0.0846,5.2481,164,0.1422
phone-android,tiny,1316,wait,rejected,invalid_time,0,0.6715,0.3513,0.0445,3.6564,0.0856,4.8093,165,0.1432
phone-android,tiny,1317,look,accepted,observed,0,0.6192,0.3302,0.0455,3.3503,0.0973,4.4426,161,0.1423
phone-android,tiny,1318,look,accepted,observed,0,0.6996,0.4218,0.0552,3.8468,0.0882,5.1117,161,0.1555
phone-android,tiny,1319,activate,rejected,not_eligible,0,0.7440,0.3694,0.0499,3.7978,0.0912,5.0523,165,0.1448
phone-android,tiny,1320,look,accepted,observed,0,0.7300,0.3534,0.0491,3.5603,0.0892,4.7819,161,0.1457
phone-android,tiny,1321,activate,rejected,not_eligible,0,0.6507,0.3452,0.0488,3.4065,0.1035,4.5546,165,0.1536
phone-android,tiny,1322,look,accepted,observed,0,0.8663,0.3823,0.0545,3.6803,0.1020,5.0854,161,0.1516
phone-android,tiny,1323,look,accepted,observed,0,0.8003,0.3820,0.0505,3.7108,0.1298,5.0735,161,0.1345
phone-android,tiny,1324,move,accepted,moved,1,0.6572,0.3702,0.0536,4.6086,0.1070,5.7967,191,0.1467
phone-android,tiny,1325,look,accepted,observed,0,0.7079,0.3553,0.0509,3.6869,0.0984,4.8994,161,0.1453
phone-android,tiny,1326,wait,rejected,invalid_time,0,0.8057,0.3777,0.0479,3.9866,0.0948,5.3126,165,0.1449
phone-android,tiny,1327,look,accepted,observed,0,0.6678,0.3439,0.0476,3.4875,0.0822,4.6290,161,0.1440
phone-android,tiny,1328,wait,rejected,invalid_time,0,0.6012,0.3484,0.0466,4.0799,0.0803,5.1564,165,0.1339
phone-android,tiny,1329,look,accepted,observed,0,0.7696,0.3914,0.0528,3.8080,0.0956,5.1175,161,0.1424
phone-android,tiny,1330,look,accepted,observed,0,1.2123,0.4017,0.0538,4.5817,0.0911,6.3407,161,0.1539
phone-android,tiny,1331,look,accepted,observed,0,0.7488,0.3583,0.0496,3.4912,0.0865,4.7344,161,0.1456
phone-android,tiny,1332,take,rejected,not_present,0,0.6416,0.3585,0.0507,3.9117,0.0843,5.0467,164,0.1410
phone-android,tiny,1333,move,accepted,moved,1,0.7134,0.3711,0.0554,4.6121,0.1005,5.8525,187,0.1507
phone-android,tiny,1334,choose,rejected,invalid_choice,0,0.5759,0.4851,0.0497,3.7178,0.0955,4.9241,167,0.1501
phone-android,tiny,1335,move,rejected,exit_unavailable,0,0.7367,0.4065,0.0525,3.7713,0.0960,5.0631,169,0.1472
phone-android,tiny,1336,wait,rejected,invalid_time,0,0.7917,0.3721,0.0439,3.5338,0.0826,4.8241,165,0.1443
phone-android,tiny,1337,move,accepted,moved,1,0.6043,0.3661,0.0533,4.7401,0.1021,5.8659,189,0.1489
phone-android,tiny,1338,look,accepted,observed,0,0.5831,0.3511,0.0515,3.5193,0.0939,4.5990,161,0.1463
phone-android,tiny,1339,look,accepted,observed,0,0.6418,0.3656,0.0522,3.3322,0.0889,4.4807,161,0.1500
phone-android,tiny,1340,move,accepted,moved,1,0.6041,0.3514,0.0524,4.5224,0.0991,5.6294,187,0.1509
phone-android,tiny,1341,move,accepted,moved,1,0.6414,0.3796,0.0516,4.7217,0.1085,5.9028,189,0.1496
phone-android,tiny,1342,move,accepted,moved,1,0.6231,0.4348,0.0573,4.5146,0.1006,5.7305,187,0.1479
phone-android,tiny,1343,look,accepted,observed,0,0.5599,0.3502,0.0476,3.6893,0.0805,4.7275,161,0.1788
phone-android,tiny,1344,move,accepted,moved,1,0.5819,0.3642,0.0504,4.4812,0.1004,5.5780,189,0.1511
phone-android,tiny,1345,move,accepted,moved,1,0.5962,0.4663,0.0511,5.0005,0.1293,6.2434,187,0.1604
phone-android,tiny,1346,move,rejected,exit_unavailable,0,0.7116,0.5043,0.0581,3.5839,0.0820,4.9399,169,0.1388
phone-android,tiny,1347,wait,rejected,invalid_time,0,0.5917,0.3641,0.0471,3.6506,0.0870,4.7404,165,0.1387
phone-android,tiny,1348,look,accepted,observed,0,0.6498,0.3446,0.0483,3.6541,0.1020,4.7990,161,0.1472
phone-android,tiny,1349,move,accepted,moved,1,0.8080,0.4099,0.0576,5.5663,0.1135,6.9553,189,0.1423
phone-android,tiny,1350,look,accepted,observed,0,0.7734,0.3587,0.0494,4.7420,0.1264,6.0498,161,0.1406
phone-android,tiny,1351,wait,rejected,invalid_time,0,0.7805,0.3517,0.0462,4.3324,0.1221,5.6329,165,0.1547
phone-android,tiny,1352,talk,rejected,not_eligible,0,0.9519,0.4233,0.0547,4.2340,0.1543,5.8182,165,0.1643
phone-android,tiny,1353,wait,rejected,invalid_time,0,0.9710,0.4155,0.0510,3.8151,0.1173,5.3699,165,0.1553
phone-android,tiny,1354,move,accepted,moved,1,0.7908,0.4681,0.0614,4.5294,0.1294,5.9790,187,0.1593
phone-android,tiny,1355,move,accepted,moved,1,0.7303,0.3843,0.0607,4.7320,0.1480,6.0553,191,0.1634
phone-android,tiny,1356,close_choice,rejected,invalid_choice,0,0.8046,0.3976,0.0512,3.2317,0.0939,4.5790,167,0.1436
phone-android,tiny,1357,talk,rejected,not_eligible,0,0.7756,0.3434,0.0474,2.8433,0.0858,4.0955,165,0.1439
phone-android,tiny,1358,move,accepted,moved,1,0.6073,0.3573,0.0529,4.3206,0.1245,5.4628,189,0.1493
phone-android,tiny,1359,choose,rejected,invalid_choice,0,0.7672,0.3699,0.0444,5.7758,0.1165,7.0738,167,0.1455
phone-android,tiny,1360,move,accepted,moved,1,0.7423,0.3743,0.0521,4.6251,0.1464,5.9403,191,0.1429
phone-android,tiny,1361,move,accepted,moved,1,0.6583,0.3732,0.0550,4.3627,0.1079,5.5570,187,0.1448
phone-android,tiny,1362,move,rejected,exit_unavailable,0,0.7232,0.4009,0.0499,3.4030,0.0847,4.6618,169,0.1430
phone-android,tiny,1363,move,accepted,moved,1,0.6037,0.3623,0.0499,4.3905,0.1030,5.5094,189,0.2149
phone-android,tiny,1364,move,accepted,moved,1,0.6353,0.3606,0.0526,4.3430,0.1166,5.5081,187,0.1487
phone-android,tiny,1365,move,rejected,exit_unavailable,0,0.6737,0.3723,0.0533,3.5116,0.1064,4.7173,169,0.1740
phone-android,tiny,1366,move,accepted,moved,1,0.9981,0.5110,0.0681,6.2717,0.1504,7.9994,189,0.1692
phone-android,tiny,1367,activate,accepted,activated,1,1.1329,0.4623,0.0612,4.8002,0.1204,6.5770,197,0.1665
phone-android,tiny,1368,talk,rejected,not_owned,0,0.7064,0.4004,0.0549,4.2040,0.1382,5.5039,162,0.1856
phone-android,tiny,1369,move,accepted,moved,1,0.9951,0.5633,0.0673,5.8372,0.1583,7.6213,187,0.1791
phone-android,tiny,1370,activate,rejected,not_eligible,0,0.8904,0.4239,0.0573,3.7303,0.1090,5.2109,165,0.1692
phone-android,tiny,1371,look,accepted,observed,0,0.8108,0.4426,0.0576,3.7534,0.1111,5.1755,161,0.1498
phone-android,tiny,1372,look,accepted,observed,0,0.7750,0.3457,0.0479,3.8357,0.0995,5.1038,161,0.1552
phone-android,tiny,1373,look,accepted,observed,0,0.7856,0.3656,0.0471,3.9242,0.0878,5.2103,161,0.1455
phone-android,tiny,1374,move,accepted,moved,1,0.5964,0.3472,0.0502,4.7953,0.1053,5.8944,191,0.1491
phone-android,tiny,1375,look,accepted,observed,0,0.5934,0.3366,0.0466,3.8232,0.1145,4.9143,161,0.1486
phone-android,tiny,1376,move,accepted,moved,1,0.9142,0.3848,0.0729,4.9660,0.1451,6.4829,189,0.2154
phone-android,tiny,1377,move,rejected,exit_unavailable,0,0.7967,0.3388,0.0460,3.3970,0.1022,4.6807,169,0.1385
phone-android,tiny,1378,move,accepted,moved,1,0.6653,0.3562,0.0538,4.6606,0.1279,5.8638,191,0.1423
phone-android,tiny,1379,wait,rejected,invalid_time,0,0.7080,0.3431,0.0439,3.2956,0.1175,4.5081,165,0.1426
phone-android,tiny,1380,look,accepted,observed,0,0.7649,0.3394,0.0457,3.8687,0.1227,5.1415,161,0.1373
phone-android,tiny,1381,look,accepted,observed,0,0.7770,0.3372,0.0457,3.6101,0.1064,4.8764,161,0.1410
phone-android,tiny,1382,look,accepted,observed,0,0.7212,0.3249,0.0437,3.1588,0.1145,4.3631,161,0.1473
phone-android,tiny,1383,move,accepted,moved,1,0.6735,0.3522,0.0521,4.3142,0.1455,5.5376,189,0.1516
phone-android,tiny,1384,take,replayed,not_present,0,1.0420,0.2823,0.0019,0.0005,0.0460,1.3727,0,1.3312
phone-android,tiny,1385,move,rejected,exit_unavailable,0,0.8711,0.3633,0.0481,3.6572,0.1214,5.0611,169,0.1392
phone-android,tiny,1386,look,accepted,observed,0,0.7541,0.3317,0.0463,3.6202,0.1208,4.8730,161,0.2074
phone-android,tiny,1387,take,rejected,not_present,0,0.8427,0.3773,0.0489,3.3730,0.1029,4.7447,164,0.1471
phone-android,tiny,1388,look,accepted,observed,0,0.6815,0.3755,0.0508,3.4573,0.0951,4.6601,161,0.2381
phone-android,tiny,1389,look,accepted,observed,0,0.7041,0.3155,0.0460,3.3296,0.0853,4.4806,161,0.1469
phone-android,tiny,1390,wait,rejected,invalid_time,0,0.5672,0.3357,0.0459,3.4131,0.0820,4.4439,165,0.1444
phone-android,tiny,1391,look,accepted,observed,0,0.7212,0.3413,0.0463,3.6051,0.0919,4.8058,161,0.1458
phone-android,tiny,1392,choose,rejected,invalid_choice,0,0.6763,0.3815,0.0481,3.5172,0.0882,4.7112,167,0.1439
phone-android,tiny,1393,move,accepted,moved,1,0.7308,0.3693,0.0521,5.2593,0.1141,6.5256,191,0.1520
phone-android,tiny,1394,choose,rejected,invalid_choice,0,0.6737,0.3755,0.0485,3.4784,0.0924,4.6685,167,0.1513
phone-android,tiny,1395,look,accepted,observed,0,0.6218,0.3438,0.0486,3.3233,0.0826,4.4201,161,0.1387
phone-android,tiny,1396,move,accepted,moved,1,0.5382,0.3939,0.0538,4.6614,0.1065,5.7537,189,0.1459
phone-android,tiny,1397,move,accepted,moved,1,0.6070,0.3585,0.0556,4.9294,0.1171,6.0677,191,0.1409
phone-android,tiny,1398,look,accepted,observed,0,0.7107,0.3477,0.0484,3.6906,0.1550,4.9523,161,0.1441
phone-android,tiny,1399,move,accepted,moved,1,0.7506,0.3831,0.0543,4.7342,0.1051,6.0273,189,0.1513
phone-android,tiny,1400,take,rejected,not_present,0,0.6846,0.3793,0.0527,3.8321,0.1184,5.0670,164,0.1532
phone-android,tiny,1401,take,rejected,not_present,0,0.7980,0.3820,0.0512,4.1106,0.0957,5.4375,164,0.1470
phone-android,tiny,1402,wait,rejected,invalid_time,0,0.7032,0.3954,0.0484,3.6158,0.0975,4.8604,165,0.1522
phone-android,tiny,1403,look,accepted,observed,0,0.8172,0.3843,0.0484,3.6993,0.1025,5.0517,161,0.1429
phone-android,tiny,1404,look,accepted,observed,0,0.7037,0.3274,0.0476,3.2337,0.0866,4.3989,161,0.1465
phone-android,tiny,1405,look,accepted,observed,0,0.6351,0.3376,0.0499,3.5306,0.0932,4.6464,161,0.1628
phone-android,tiny,1406,look,accepted,observed,0,0.8056,0.3962,0.0578,4.1072,0.1177,5.4845,161,0.2110
phone-android,tiny,1407,look,accepted,observed,0,0.8509,0.3979,0.0524,3.6763,0.1060,5.0835,161,0.1714
phone-android,tiny,1408,wait,rejected,invalid_time,0,0.7674,0.4839,0.0556,3.6163,0.0958,5.0190,165,0.1729
phone-android,tiny,1409,move,accepted,moved,1,0.7518,0.4262,0.0626,5.1106,0.1393,6.4904,191,0.1590
phone-android,tiny,1410,move,accepted,moved,1,0.8466,0.4014,0.0529,4.9963,0.1265,6.4236,187,0.1555
phone-android,tiny,1411,wait,rejected,invalid_time,0,0.7309,0.3835,0.0445,3.4670,0.0964,4.7223,165,0.1484
phone-android,tiny,1412,move,accepted,moved,1,0.7881,0.4094,0.0538,5.0019,0.1232,6.3762,189,0.1520
phone-android,tiny,1413,look,accepted,observed,0,0.7410,0.3307,0.0469,4.0405,0.0847,5.2440,161,0.1457
phone-android,tiny,1414,wait,rejected,invalid_time,0,0.6003,0.3496,0.0469,3.4368,0.1057,4.5393,165,0.1582
phone-android,tiny,1415,look,accepted,observed,0,0.8418,0.3666,0.0469,4.0503,0.1414,5.4469,161,0.1472
phone-android,tiny,1416,talk,rejected,not_owned,0,0.8690,0.3821,0.1426,4.0344,0.1171,5.5452,162,0.1441
phone-android,tiny,1417,move,accepted,moved,1,0.7457,0.3514,0.0512,4.8877,0.1086,6.1447,187,0.1373
phone-android,tiny,1418,look,accepted,observed,0,0.7668,0.3816,0.0495,3.6608,0.1123,4.9710,161,0.1605
phone-android,tiny,1419,look,accepted,observed,0,0.8271,0.3805,0.0503,3.5792,0.0922,4.9293,161,0.1466
phone-android,tiny,1420,look,accepted,observed,0,0.6257,0.3281,0.0483,3.3938,0.0855,4.4814,161,0.1506
phone-android,tiny,1421,move,accepted,moved,1,0.6480,0.3593,0.0540,4.4741,0.1093,5.6445,189,0.1507
phone-android,tiny,1422,move,accepted,moved,1,0.6461,0.3711,0.0520,4.4524,0.1057,5.6275,187,0.1462
phone-android,tiny,1423,move,rejected,exit_unavailable,0,0.5730,0.3460,0.0462,3.3840,0.0879,4.4371,169,0.1447
phone-android,tiny,1424,move,accepted,moved,1,0.6079,0.4303,0.0556,4.4741,0.1125,5.6804,191,0.1499
phone-android,tiny,1425,look,accepted,observed,0,0.6292,0.3320,0.0473,3.5264,0.0820,4.6169,161,0.1709
phone-android,tiny,1426,move,accepted,moved,1,0.5989,0.3674,0.0545,4.5002,0.1052,5.6261,187,0.1484
phone-android,tiny,1427,move,accepted,moved,1,0.5875,0.4630,0.0506,4.9915,0.1381,6.2307,191,0.1649
phone-android,tiny,1428,take,rejected,not_present,0,0.8184,0.3806,0.0501,3.5615,0.0985,4.9091,164,0.1537
phone-android,tiny,1429,look,accepted,observed,0,0.6218,0.3386,0.0469,4.1272,0.0870,5.2216,161,0.1451
phone-android,tiny,1430,look,accepted,observed,0,0.6270,0.3441,0.0453,3.7003,0.1085,4.8252,161,0.1580
phone-android,tiny,1431,talk,rejected,not_eligible,0,0.7909,0.3757,0.0513,3.5801,0.0956,4.8935,165,0.1863
phone-android,tiny,1432,look,accepted,observed,0,0.7083,0.3674,0.0480,3.7018,0.0876,4.9132,161,0.1482
phone-android,tiny,1433,move,rejected,exit_unavailable,0,0.5784,0.3325,0.0470,3.4684,0.0860,4.5124,169,0.1401
phone-android,tiny,1434,move,accepted,moved,1,0.6522,0.3694,0.0533,4.4290,0.1106,5.6144,187,0.1485
phone-android,tiny,1435,move,accepted,moved,1,0.6247,0.4082,0.0567,4.3718,0.1013,5.5627,191,0.1477
phone-android,tiny,1436,move,accepted,moved,1,0.5625,0.3567,0.0538,5.0096,0.1106,6.0932,187,0.1457
phone-android,tiny,1437,look,accepted,observed,0,0.6239,0.3462,0.0486,3.8238,0.0831,4.9256,161,0.1382
phone-android,tiny,1438,move,accepted,moved,1,0.6476,0.4087,0.0530,4.9821,0.1263,6.2177,189,0.1537
phone-android,tiny,1439,move,rejected,exit_unavailable,0,0.7442,0.3854,0.0499,3.7270,0.0890,4.9955,169,0.1391
phone-android,tiny,1440,move,accepted,moved,1,0.6531,0.3691,0.0551,4.6946,0.1018,5.8736,187,0.1476
phone-android,tiny,1441,move,accepted,moved,1,0.5898,0.3573,0.0515,4.4736,0.1037,5.5759,189,0.1396
phone-android,tiny,1442,look,accepted,observed,0,0.6132,0.3483,0.0496,3.2468,0.0903,4.3482,161,0.1444
phone-android,tiny,1443,wait,rejected,invalid_time,0,0.6123,0.3480,0.0466,3.4816,0.0814,4.5698,165,0.1443
phone-android,tiny,1444,move,rejected,exit_unavailable,0,0.6263,0.3607,0.0479,3.7538,0.0817,4.8703,169,0.1418
phone-android,tiny,1445,talk,rejected,not_owned,0,0.5886,0.3344,0.0489,4.1840,0.1071,5.2630,162,0.1518
phone-android,tiny,1446,look,accepted,observed,0,0.7952,0.3518,0.0520,3.6102,0.0945,4.9036,161,0.1509
phone-android,tiny,1447,look,accepted,observed,0,0.7273,0.4424,0.0501,3.4833,0.0930,4.7962,161,0.1504
phone-android,tiny,1448,look,accepted,observed,0,0.7032,0.3497,0.0474,3.4153,0.0985,4.6141,161,0.1479
phone-android,tiny,1449,choose,rejected,invalid_choice,0,0.6941,0.4348,0.0562,3.5383,0.0826,4.8060,167,0.1353
phone-android,tiny,1450,talk,rejected,not_owned,0,0.6443,0.3372,0.0491,3.3846,0.0931,4.5082,162,0.1469
phone-android,tiny,1451,activate,rejected,not_eligible,0,0.6440,0.3574,0.0492,3.7231,0.1039,4.8775,165,0.1546
phone-android,tiny,1452,look,accepted,observed,0,0.8078,0.3879,0.0536,3.7354,0.1111,5.0957,161,0.1548
phone-android,tiny,1453,look,accepted,observed,0,1.0111,0.4622,0.0642,3.7191,0.0847,5.3413,161,0.1526
phone-android,tiny,1454,move,accepted,moved,1,0.6764,0.4123,0.0603,5.4301,0.1430,6.7220,187,0.1747
phone-android,tiny,1455,wait,accepted,waited,1,0.7666,0.4253,0.0567,5.1730,0.1174,6.5390,185,0.1640
phone-android,tiny,1456,drop,rejected,integrity_conflict,0,1.2786,0.3441,0.0018,0.0008,0.0359,1.6613,0,0.1231
phone-android,tiny,1457,move,accepted,moved,1,0.4989,0.3282,0.0531,4.4272,0.1082,5.4155,189,0.1474
phone-android,tiny,1458,talk,rejected,not_owned,0,0.6391,0.3469,0.0495,3.5403,0.0978,4.6736,162,0.1408
phone-android,tiny,1459,look,accepted,observed,0,0.7041,0.3450,0.0476,3.2785,0.0840,4.4592,161,0.1432
phone-android,tiny,1460,wait,rejected,invalid_time,0,0.6109,0.3787,0.0458,3.5242,0.1009,4.6605,165,0.1667
phone-android,tiny,1461,move,rejected,exit_unavailable,0,0.9880,0.4077,0.0531,3.5293,0.0907,5.0688,169,0.1574
phone-android,tiny,1462,take,replayed,not_present,0,1.0169,0.3276,0.0022,0.0007,0.0384,1.3858,0,0.1538
phone-android,tiny,1463,take,rejected,not_present,0,0.5275,0.3405,0.0566,3.4033,0.0917,4.4196,164,0.1565
phone-android,tiny,1464,move,accepted,moved,1,0.6407,0.4498,0.0644,5.0052,0.1075,6.2676,187,0.1645
phone-android,tiny,1465,wait,rejected,invalid_time,0,0.6123,0.5172,0.0507,4.2818,0.1141,5.5761,165,0.1531
phone-android,tiny,1466,move,accepted,moved,1,0.8178,0.4020,0.0563,5.0669,0.1385,6.4816,189,0.1598
phone-android,tiny,1467,move,accepted,moved,1,0.8379,0.4179,0.0728,5.1391,0.1321,6.5998,187,0.1559
phone-android,tiny,1468,choose,rejected,invalid_choice,0,0.7865,0.4121,0.0518,3.6575,0.0815,4.9894,167,0.1352
phone-android,tiny,1469,talk,rejected,not_eligible,0,0.6105,0.3434,0.0492,3.3228,0.0730,4.3990,165,0.1428
phone-android,tiny,1470,activate,rejected,not_eligible,0,0.5412,0.3340,0.0459,3.2385,0.0783,4.2380,165,0.1337
phone-android,tiny,1471,take,accepted,taken,1,0.5914,0.3323,0.0545,4.3362,0.1098,5.4242,189,0.1506
phone-android,tiny,1472,look,accepted,observed,0,0.6410,0.3400,0.0479,3.7923,0.0869,4.9081,161,0.1455
phone-android,tiny,1473,look,accepted,observed,0,0.6283,0.3377,0.0466,3.1246,0.0815,4.2185,161,0.1412
phone-android,tiny,1474,look,accepted,observed,0,0.5934,0.3283,0.0459,3.5725,0.1055,4.6456,161,0.1509
phone-android,tiny,1475,activate,rejected,not_eligible,0,2.5551,0.4545,0.0545,4.3665,0.1040,7.5345,165,0.1450
phone-android,tiny,1476,drop,accepted,dropped,1,0.6626,0.3561,0.0561,4.4829,0.1369,5.6946,194,0.1462
phone-android,tiny,1477,look,accepted,observed,0,0.5682,0.3366,0.0446,3.3102,0.1034,4.3630,161,0.1367
phone-android,tiny,1478,look,accepted,observed,0,0.6431,0.3337,0.0470,3.2825,0.0877,4.3940,161,0.1452
phone-android,tiny,1479,drop,replayed,dropped,0,0.9853,0.2682,0.0013,0.0005,0.0320,1.2872,0,0.1156
phone-android,tiny,1480,move,accepted,moved,1,0.4283,0.2951,0.0504,4.4522,0.1159,5.3419,189,0.1392
phone-android,tiny,1481,move,accepted,moved,1,0.7184,0.3497,0.0540,4.9019,0.1282,6.1521,187,0.1403
phone-android,tiny,1482,wait,rejected,invalid_time,0,0.8416,0.3733,0.0472,4.8438,0.1219,6.2278,165,0.1422
phone-android,tiny,1483,choose,rejected,stale_view,0,0.8572,0.3664,0.0500,3.7841,0.1444,5.2020,163,0.1682
phone-android,tiny,1484,look,accepted,observed,0,1.0193,0.4304,0.0600,4.0442,0.1197,5.6736,161,0.1592
phone-android,tiny,1485,move,rejected,exit_unavailable,0,0.8865,0.4197,0.0538,3.8890,0.0874,5.3364,169,0.1415
phone-android,tiny,1486,wait,rejected,invalid_time,0,0.6943,0.3637,0.0451,3.0318,0.0816,4.2166,165,0.1380
phone-android,tiny,1487,look,accepted,observed,0,0.6103,0.3415,0.0474,3.5470,0.1006,4.6468,161,0.1465
phone-android,tiny,1488,move,rejected,exit_unavailable,0,0.7054,0.4225,0.0518,3.4796,0.0746,4.7338,169,0.1358
phone-android,tiny,1489,move,accepted,moved,1,0.6133,0.3856,0.0549,16.9632,0.1724,18.1894,191,0.1566
phone-android,tiny,1490,look,accepted,observed,0,1.1785,0.4364,0.0571,4.9108,0.1115,6.6944,161,0.1492
phone-android,tiny,1491,wait,rejected,invalid_time,0,0.9249,0.4160,0.0648,4.5243,0.0972,6.0273,165,0.1540
phone-android,tiny,1492,move,accepted,moved,1,1.0004,0.4451,0.0607,5.3811,0.1247,7.0120,187,0.1597
phone-android,tiny,1493,look,accepted,observed,0,0.7721,0.3860,0.0499,3.8880,0.0960,5.1920,161,0.1653
phone-android,tiny,1494,take,accepted,taken,1,0.7235,0.3990,0.0585,4.7438,0.1020,6.0269,189,0.1497
phone-android,tiny,1495,look,accepted,observed,0,0.5702,0.3418,0.0478,3.3040,0.0845,4.3483,161,0.1397
phone-android,tiny,1496,look,accepted,observed,0,0.6370,0.3417,0.0482,3.4567,0.0752,4.5588,161,0.1322
phone-android,tiny,1497,move,accepted,moved,1,0.6188,0.3611,0.0538,4.7438,0.0964,5.8739,191,0.1422
phone-android,tiny,1498,move,accepted,moved,1,0.5911,0.3778,0.0537,4.6333,0.0988,5.7547,187,0.1419
phone-android,tiny,1499,move,accepted,moved,1,0.7284,0.4171,0.0559,5.1019,0.1451,6.4485,189,0.1558
phone-android,tiny,1500,move,rejected,exit_unavailable,0,0.8740,0.4172,0.0520,3.6230,0.1129,5.0792,169,0.1555
phone-android,tiny,1501,take,replayed,not_present,0,1.2817,0.3451,0.0024,0.0008,0.0348,1.6648,0,0.1230
phone-android,tiny,1502,talk,accepted,choice_opened,1,0.4698,0.3241,0.0572,4.8809,0.1273,5.8593,218,0.2673
phone-android,tiny,1503,talk,accepted,choice_opened,1,0.7819,0.3628,0.0534,4.1501,0.1061,5.4543,192,0.1535
phone-android,tiny,1504,look,accepted,observed,0,0.6246,0.3783,0.0458,3.4398,0.0832,4.5717,161,0.1407
phone-android,tiny,1505,wait,rejected,invalid_time,0,0.6156,0.3462,0.0457,3.2462,0.0862,4.3400,165,0.1466
phone-android,tiny,1506,move,accepted,moved,1,0.5859,0.3431,0.0522,4.4760,0.1071,5.5643,187,0.1470
phone-android,tiny,1507,move,accepted,moved,1,0.6024,0.3611,0.0551,4.9980,0.1107,6.1273,189,0.1496
phone-android,tiny,1508,look,accepted,observed,0,0.6009,0.3290,0.0451,3.7223,0.1044,4.8017,161,0.1399
phone-android,tiny,1509,look,accepted,observed,0,0.7973,0.3646,0.0517,3.5573,0.0950,4.8659,161,0.1495
phone-android,tiny,1510,look,accepted,observed,0,0.6490,0.3299,0.0457,3.6032,0.0834,4.7112,161,0.1463
phone-android,tiny,1511,move,accepted,moved,1,0.6352,0.3687,0.0570,4.5395,0.1015,5.7019,187,0.1451
phone-android,tiny,1512,take,replayed,taken,0,0.9620,0.3461,0.0018,0.0003,0.0459,1.3562,0,0.1414
phone-android,tiny,1513,move,accepted,moved,1,0.4856,0.3056,0.0514,4.4624,0.0978,5.4027,189,0.1484
phone-android,tiny,1514,take,replayed,not_present,0,1.0121,0.2891,0.0025,0.0010,0.0335,1.3383,0,0.1377
phone-android,tiny,1515,look,accepted,observed,0,0.4349,0.3001,0.0486,3.6625,0.0861,4.5322,161,0.1440
phone-android,tiny,1516,look,accepted,observed,0,0.5917,0.3304,0.0483,3.2464,0.0793,4.2960,161,0.1812
phone-android,tiny,1517,move,accepted,moved,1,0.5710,0.3521,0.0518,4.4630,0.1035,5.5414,187,0.1495
phone-android,tiny,1518,move,accepted,moved,1,0.6100,0.4385,0.0556,4.6205,0.0989,5.8234,189,0.1544
phone-android,tiny,1519,look,accepted,observed,0,0.5686,0.3465,0.0481,3.5056,0.0843,4.5531,161,0.1913
phone-android,tiny,1520,look,accepted,observed,0,0.6116,0.3274,0.0475,3.3567,0.0802,4.4234,161,0.1481
phone-android,tiny,1521,look,accepted,observed,0,0.5904,0.3326,0.0469,3.4047,0.0764,4.4510,161,0.1421
phone-android,tiny,1522,look,accepted,observed,0,0.6294,0.3423,0.0474,3.6277,0.0794,4.7263,161,0.1460
phone-android,tiny,1523,move,accepted,moved,1,0.6060,0.3686,0.0583,4.5779,0.1059,5.7167,187,0.1493
phone-android,tiny,1524,move,accepted,moved,1,0.6142,0.3720,0.0548,4.9169,0.0982,6.0561,189,0.2089
phone-android,tiny,1525,move,accepted,moved,1,0.6111,0.4153,0.0573,4.8351,0.1174,6.0362,187,0.1596
phone-android,tiny,1526,drop,accepted,dropped,1,0.7680,0.3968,0.0557,4.9067,0.1072,6.2343,194,0.1557
phone-android,tiny,1527,move,accepted,moved,1,0.6826,0.3863,0.0549,4.8320,0.1102,6.0659,191,0.1535
phone-android,tiny,1528,look,accepted,observed,0,0.6726,0.3807,0.0506,3.7005,0.0832,4.8876,161,0.1427
phone-android,tiny,1529,look,accepted,observed,0,0.6105,0.3432,0.0517,3.9896,0.0872,5.0822,161,0.1503
phone-android,tiny,1530,wait,rejected,invalid_time,0,0.7839,0.4206,0.0475,3.5756,0.0962,4.9237,165,0.1533
phone-android,tiny,1531,move,accepted,moved,1,0.7074,0.4214,0.0587,5.2342,0.1074,6.5292,189,0.1428
phone-android,tiny,1532,look,accepted,observed,0,0.6756,0.3420,0.0501,4.0647,0.0890,5.2214,161,0.1487
phone-android,tiny,1533,talk,rejected,not_eligible,0,0.6140,0.3397,0.0466,3.3140,0.0848,4.3991,165,0.1476
phone-android,tiny,1534,look,accepted,observed,0,0.6320,0.3507,0.0473,3.3770,0.0769,4.4839,161,0.1818
phone-android,tiny,1535,look,accepted,observed,0,0.6049,0.3395,0.0469,3.7314,0.1021,4.8249,161,0.1554
phone-android,tiny,1536,move,rejected,exit_unavailable,0,0.7809,0.4136,0.0545,3.6447,0.0868,4.9806,169,0.1413
phone-android,tiny,1537,activate,rejected,not_eligible,0,0.7287,0.3830,0.0514,3.4956,0.0838,4.7425,165,0.1456
phone-android,tiny,1538,take,rejected,not_present,0,0.6446,0.3447,0.0476,3.3578,0.0907,4.4855,164,0.2069
phone-android,tiny,1539,move,accepted,moved,1,0.6479,0.3655,0.0557,4.7176,0.1044,5.8910,191,0.1463
phone-android,tiny,1540,move,accepted,moved,1,0.6579,0.3765,0.0555,4.8640,0.1023,6.0562,189,0.1523
phone-android,tiny,1541,take,replayed,not_present,0,1.0291,0.3040,0.0020,0.0003,0.0343,1.3696,0,0.1403
phone-android,tiny,1542,move,accepted,moved,1,0.4681,0.3135,0.0522,4.7961,0.1317,5.7616,191,0.1530
phone-android,tiny,1543,move,accepted,moved,1,0.6003,0.3681,0.0551,4.6083,0.1004,5.7322,189,0.1456
phone-android,tiny,1544,move,accepted,moved,1,0.6643,0.3792,0.0523,4.4013,0.1007,5.5978,191,0.1469
phone-android,tiny,1545,take,rejected,not_present,0,0.6127,0.3414,0.0491,3.7961,0.0888,4.8879,164,0.1486
phone-android,tiny,1546,activate,rejected,not_eligible,0,0.6556,0.3549,0.0490,3.4362,0.0815,4.5772,165,0.1455
phone-android,tiny,1547,move,accepted,moved,1,0.5954,0.3747,0.0542,4.5952,0.1054,5.7249,187,0.1528
phone-android,tiny,1548,look,accepted,observed,0,0.6198,0.3590,0.0540,3.8753,0.0857,4.9937,161,0.2184
phone-android,tiny,1549,look,accepted,observed,0,0.6842,0.3764,0.0495,3.8039,0.0992,5.0132,161,0.1519
phone-android,tiny,1550,look,accepted,observed,0,0.7663,0.3755,0.0954,3.5660,0.0853,4.8885,161,0.1513
phone-android,tiny,1551,move,accepted,moved,1,0.6025,0.3455,0.0522,4.5453,0.1004,5.6459,189,0.1503
phone-android,tiny,1552,move,accepted,moved,1,0.6473,0.3792,0.0563,4.9827,0.1153,6.1808,187,0.1520
phone-android,tiny,1553,look,accepted,observed,0,0.7228,0.3689,0.0502,3.8321,0.0840,5.0580,161,0.1515
phone-android,tiny,1554,move,accepted,moved,1,0.6062,0.3781,0.0564,4.9146,0.0994,6.0547,191,0.1532
phone-android,tiny,1555,look,accepted,observed,0,0.5959,0.3492,0.0475,3.6699,0.0826,4.7451,161,0.1436
phone-android,tiny,1556,look,accepted,observed,0,0.7076,0.3264,0.0539,4.2877,0.0960,5.4716,161,0.1428
phone-android,tiny,1557,talk,rejected,not_eligible,0,0.7725,0.3873,0.0531,4.0708,0.1026,5.3863,165,0.1490
phone-android,tiny,1558,choose,rejected,not_owned,0,0.7968,0.4241,0.0510,3.7690,0.0940,5.1348,162,0.1474
phone-android,tiny,1559,move,accepted,moved,1,0.7603,0.3802,0.0567,6.3022,0.1317,7.6311,189,0.1442
phone-android,tiny,1560,take,rejected,not_present,0,0.7904,0.3685,0.0520,3.8854,0.0911,5.1873,164,0.1519
phone-android,tiny,1561,move,accepted,moved,1,0.7946,0.4049,0.0592,5.1761,0.1216,6.5565,191,0.1636
phone-android,tiny,1562,take,rejected,not_present,0,0.7830,0.3941,0.0540,3.7035,0.0974,5.0319,164,1.6383
phone-android,tiny,1563,activate,rejected,not_eligible,0,0.8365,0.3910,0.0498,3.5272,0.0886,4.8932,165,0.1445
phone-android,tiny,1564,move,accepted,moved,1,0.6394,0.3747,0.0532,4.7330,0.0992,5.8995,187,0.1519
phone-android,tiny,1565,look,accepted,observed,0,0.5699,0.3264,0.0480,3.3572,0.0877,4.3891,161,0.1478
phone-android,tiny,1566,move,accepted,moved,1,0.7035,0.3824,0.0541,4.5308,0.1067,5.7776,189,0.1497
phone-android,tiny,1567,look,accepted,observed,0,0.6041,0.3387,0.0497,3.2969,0.0795,4.3690,161,0.1889
phone-android,tiny,1568,look,accepted,observed,0,0.6297,0.3375,0.0464,3.3949,0.0884,4.4970,161,0.1392
phone-android,tiny,1569,move,accepted,moved,1,0.6257,0.3735,0.0539,4.6734,0.1064,5.8330,187,0.1496
phone-android,tiny,1570,look,accepted,observed,0,0.5936,0.3544,0.0481,3.2661,0.0787,4.3410,161,0.1449
phone-android,tiny,1571,take,accepted,taken,1,0.5940,0.3455,0.0512,4.4188,0.1082,5.5177,189,0.1515
phone-android,tiny,1572,close_choice,accepted,choice_closed,1,0.6209,0.3527,0.0551,4.4593,0.1011,5.5890,202,0.1439
phone-android,tiny,1573,activate,rejected,not_eligible,0,0.5481,0.3505,0.0484,3.2377,0.0801,4.2647,165,0.1411
phone-android,tiny,1574,drop,accepted,dropped,1,0.5899,0.3558,0.0563,4.7091,0.1182,5.8293,194,0.1384
phone-android,tiny,1575,take,accepted,taken,1,0.7118,0.3543,0.0544,5.2027,0.1142,6.4373,189,0.1504
phone-android,tiny,1576,move,rejected,exit_unavailable,0,0.6101,0.3681,0.0482,3.2682,0.0841,4.3786,169,0.1408
phone-android,tiny,1577,drop,rejected,integrity_conflict,0,1.0441,0.3021,0.0014,0.0003,0.0362,1.3842,0,0.1381
phone-android,tiny,1578,move,rejected,exit_unavailable,0,0.4999,0.3179,0.0477,3.3494,0.0874,4.3023,169,0.1478
phone-android,tiny,1579,wait,rejected,invalid_time,0,0.6065,0.3667,0.0474,3.2540,0.0783,4.3528,165,0.1401
phone-android,tiny,1580,move,accepted,moved,1,0.6604,0.3560,0.0557,4.4204,0.0971,5.5895,191,0.1412
phone-android,tiny,1581,look,accepted,observed,0,0.6009,0.3656,0.0499,3.4665,0.0882,4.5712,161,0.1436
phone-android,tiny,1582,talk,rejected,not_eligible,0,0.6265,0.3449,0.0511,3.2409,0.0831,4.3465,165,0.1410
phone-android,tiny,1583,activate,rejected,not_eligible,0,0.6209,0.3452,0.0460,3.2778,0.0794,4.3694,165,0.1395
phone-android,tiny,1584,drop,accepted,dropped,1,0.6795,0.3548,0.0557,4.5527,0.1017,5.7444,198,0.1410
phone-android,tiny,1585,activate,rejected,not_eligible,0,0.6438,0.3927,0.0509,3.6806,0.0842,4.8521,165,0.1424
phone-android,tiny,1586,look,accepted,observed,0,0.6397,0.3636,0.0494,3.7392,0.0796,4.8716,161,0.1391
phone-android,tiny,1587,close_choice,rejected,invalid_choice,0,0.6273,0.3779,0.0511,3.1674,0.0797,4.3034,167,0.1456
phone-android,tiny,1588,move,rejected,exit_unavailable,0,0.6488,0.3803,0.0489,3.7254,0.0942,4.8976,169,0.1441
phone-android,tiny,1589,drop,replayed,dropped,0,1.2249,0.3140,0.0021,0.0003,0.0353,1.5766,0,0.1209
phone-android,tiny,1590,take,accepted,taken,1,0.5886,0.3390,0.0548,5.4896,0.1022,6.5743,189,0.1491
phone-android,tiny,1591,wait,rejected,invalid_time,0,0.6042,0.3573,0.0450,3.4745,0.0819,4.5629,165,0.1384
phone-android,tiny,1592,look,accepted,observed,0,0.5917,0.3994,0.0649,3.6949,0.0943,4.8452,161,0.1489
phone-android,tiny,1593,move,rejected,exit_unavailable,0,0.7269,0.3985,0.0484,3.4124,0.0886,4.6748,169,0.1419
phone-android,tiny,1594,look,accepted,observed,0,0.7194,0.4743,0.0527,3.6402,0.0735,4.9601,161,0.1381
phone-android,tiny,1595,look,accepted,observed,0,0.5993,0.3354,0.0484,3.3927,0.0830,4.4588,161,0.1467
phone-android,tiny,1596,wait,rejected,invalid_time,0,0.6388,0.4318,0.0499,3.3348,0.0759,4.5313,165,0.1392
phone-android,tiny,1597,wait,rejected,invalid_time,0,0.6398,0.3579,0.0460,3.2359,0.0804,4.3601,165,0.1477
phone-android,tiny,1598,move,accepted,moved,1,0.5853,0.3670,0.0558,4.5781,0.1075,5.6937,187,0.1528
phone-android,tiny,1599,move,accepted,moved,1,0.6473,0.3855,0.0565,5.1036,0.1029,6.2958,189,0.1432
phone-android,tiny,1600,look,accepted,observed,0,0.7424,0.3884,0.0546,3.7265,0.0993,5.0113,161,0.1485
phone-android,tiny,1601,look,accepted,observed,0,0.7736,0.3730,0.0531,3.5758,0.0956,4.8711,161,0.1452
phone-android,tiny,1602,choose,rejected,invalid_choice,0,0.6479,0.3730,0.0494,3.3386,0.0760,4.4851,167,0.1462
phone-android,tiny,1603,talk,accepted,choice_opened,1,0.6824,0.3582,0.0560,4.8536,0.1058,6.0561,218,0.1468
phone-android,tiny,1604,look,accepted,observed,0,0.5779,0.3689,0.0551,3.1965,0.1203,4.3186,161,0.1398
phone-android,tiny,1605,wait,rejected,invalid_time,0,0.6396,0.3670,0.0470,3.4528,0.1014,4.6078,165,0.1508
phone-android,tiny,1606,talk,accepted,choice_opened,1,0.8030,0.3987,0.0537,4.9856,0.1119,6.3529,192,0.1555
phone-android,tiny,1607,move,rejected,exit_unavailable,0,0.6666,0.3828,0.0488,4.6960,0.1258,5.9199,169,0.1410
phone-android,tiny,1608,look,accepted,observed,0,0.8015,0.3540,0.0496,3.9009,0.1014,5.2074,161,0.2352
phone-android,tiny,1609,wait,rejected,invalid_time,0,0.8154,0.4280,0.0476,3.8456,0.1015,5.2380,165,0.1554
phone-android,tiny,1610,look,accepted,observed,0,0.7803,0.4267,0.0514,3.5321,0.0997,4.8903,161,0.1428
phone-android,tiny,1611,move,accepted,moved,1,0.6731,0.3817,0.0526,4.6470,0.1217,5.8760,187,0.1558
phone-android,tiny,1612,move,accepted,moved,1,0.5813,0.3670,0.0512,4.5403,0.1031,5.6429,189,0.1531
phone-android,tiny,1613,look,accepted,observed,0,0.6767,0.3533,0.0491,3.6012,0.0929,4.7732,161,0.1487
phone-android,tiny,1614,choose,accepted,resolved_carry,1,0.6526,0.4933,0.1054,6.1747,0.1819,7.6078,458,0.2066
phone-android,tiny,1615,look,accepted,observed,0,0.6888,0.3668,0.0491,3.8632,0.1024,5.0703,161,0.2334
phone-android,tiny,1616,drop,accepted,dropped,1,0.7719,0.3967,0.0559,5.0592,0.1243,6.4081,196,0.2398
phone-android,tiny,1617,choose,rejected,invalid_choice,0,0.6478,0.4235,0.0521,3.4570,0.0821,4.6625,167,0.2220
phone-android,tiny,1618,look,accepted,observed,0,0.6242,0.3424,0.0495,3.3765,0.0784,4.4710,161,0.2231
phone-android,tiny,1619,move,accepted,moved,1,0.5667,0.3578,0.0511,4.8877,0.1049,5.9683,187,0.2262
phone-android,tiny,1620,take,rejected,not_present,0,0.5856,0.3703,0.0489,3.4931,0.0855,4.5833,164,0.2275
phone-android,tiny,1621,look,accepted,observed,0,0.6052,0.4115,0.0477,3.5387,0.0901,4.6931,161,0.2704
phone-android,tiny,1622,move,accepted,moved,1,0.7499,0.4092,0.0571,5.1302,0.1162,6.4627,191,0.2596
phone-android,tiny,1623,move,accepted,moved,1,0.6451,0.3875,0.0539,5.2892,0.1042,6.4799,187,0.2451
phone-android,tiny,1624,talk,rejected,not_eligible,0,0.5794,0.3453,0.0503,3.6924,0.0811,4.7484,165,0.2292
phone-android,tiny,1625,move,accepted,moved,1,0.6890,0.3772,0.0538,4.3580,0.1001,5.5780,189,0.2414
phone-android,tiny,1626,move,accepted,moved,1,1.0115,0.4118,0.0643,4.6704,0.1010,6.2590,187,0.2459
phone-android,tiny,1627,wait,rejected,invalid_time,0,0.5832,0.3968,0.0478,3.3221,0.0836,4.4336,165,0.2399
phone-android,tiny,1628,move,rejected,exit_unavailable,0,0.6919,0.3622,0.0483,3.2665,0.0852,4.4540,169,0.2233
phone-android,tiny,1629,move,accepted,moved,1,0.6121,0.3641,0.0523,4.5182,0.0998,5.6465,191,0.2234
phone-android,tiny,1630,take,rejected,not_present,0,0.6203,0.3567,0.0496,3.1759,0.0824,4.2849,164,0.2266
phone-android,tiny,1631,look,accepted,observed,0,0.5867,0.3549,0.0503,3.9264,0.0947,5.0129,161,0.2323
phone-android,tiny,1632,look,accepted,observed,0,0.7996,0.3701,0.0469,3.6439,0.0911,4.9515,161,0.2309
phone-android,tiny,1633,wait,rejected,invalid_time,0,0.7728,0.3926,0.0476,3.5117,0.0851,4.8097,165,0.2441
phone-android,tiny,1634,look,accepted,observed,0,0.6383,0.3420,0.0468,3.3669,0.0872,4.4811,161,0.2389
phone-android,tiny,1635,choose,rejected,invalid_choice,0,0.6720,0.3778,0.0480,3.2058,0.0866,4.3902,167,0.2302
phone-android,tiny,1636,look,accepted,observed,0,0.7548,0.3739,0.0503,3.8608,0.0951,5.1348,161,0.2331
phone-android,tiny,1637,move,rejected,exit_unavailable,0,0.7345,0.3969,0.0512,3.6818,0.0930,4.9575,169,0.2279
phone-android,tiny,1638,move,accepted,moved,1,0.6657,0.3905,0.0529,4.6768,0.0984,5.8843,187,0.2359
phone-android,tiny,1639,wait,accepted,waited,1,0.6104,0.3834,0.0538,4.7556,0.1083,5.9115,185,0.2426
phone-android,tiny,1640,take,rejected,not_present,0,0.5972,0.3354,0.0469,3.3461,0.0898,4.4154,164,0.2268
phone-android,tiny,1641,move,accepted,moved,1,0.7590,0.3936,0.0565,4.5067,0.1029,5.8188,189,0.2416
phone-android,tiny,1642,look,accepted,observed,0,0.6154,0.3418,0.0486,5.1246,0.1101,6.2405,161,0.2206
phone-android,tiny,1643,talk,rejected,not_eligible,0,0.7268,0.3566,0.0460,3.3969,0.1129,4.6392,165,0.2237
phone-android,tiny,1644,look,accepted,observed,0,0.6246,0.3478,0.0478,3.2728,0.0842,4.3771,161,0.2251
phone-android,tiny,1645,take,accepted,taken,1,0.6214,0.3632,0.0565,4.6438,0.1077,5.7925,189,0.2237
phone-android,tiny,1646,talk,rejected,not_eligible,0,0.6062,0.3608,0.0493,3.6511,0.0900,4.7575,165,0.2229
phone-android,tiny,1647,look,accepted,observed,0,0.7218,0.3627,0.0491,3.2440,0.0836,4.4612,161,0.2212
phone-android,tiny,1648,look,accepted,observed,0,0.6185,0.3384,0.0466,4.1455,0.0869,5.2360,161,0.2263
phone-android,tiny,1649,wait,rejected,invalid_time,0,0.6320,0.3627,0.0464,3.2633,0.0860,4.3904,165,0.2172
phone-android,tiny,1650,move,accepted,moved,1,0.6452,0.3894,0.0551,5.1015,0.1213,6.3124,187,0.2509
phone-android,tiny,1651,move,accepted,moved,1,0.7461,0.4208,0.0558,5.0029,0.1034,6.3290,189,0.2249
phone-android,tiny,1652,look,accepted,observed,0,0.9674,0.3742,0.0662,3.6077,0.0889,5.1044,161,0.2624
phone-android,tiny,1653,drop,accepted,dropped,1,0.6538,0.3593,0.0564,4.4355,0.0982,5.6031,196,0.2215
phone-android,tiny,1654,look,accepted,observed,0,0.6195,0.3517,0.0506,3.2572,0.0802,4.3591,161,0.2254
phone-android,tiny,1655,wait,rejected,invalid_time,0,0.5882,0.3627,0.0478,3.5234,0.0919,4.6140,165,0.2261
phone-android,tiny,1656,take,accepted,taken,1,0.6511,0.4084,0.0607,4.9411,0.0997,6.1610,189,0.2295
phone-android,tiny,1657,move,accepted,moved,1,0.5807,0.4379,0.0683,4.6277,0.1143,5.8288,187,0.2397
phone-android,tiny,1658,move,accepted,moved,1,0.7013,0.4104,0.0566,5.1884,0.1093,6.4660,191,0.2297
phone-android,tiny,1659,wait,rejected,invalid_time,0,0.6496,0.3847,0.0478,3.4783,0.1157,4.6763,165,0.2141
phone-android,tiny,1660,activate,rejected,not_eligible,0,0.6402,0.3312,0.0448,3.4353,0.0787,4.5302,165,0.2268
phone-android,tiny,1661,look,accepted,observed,0,0.5984,0.3360,0.0507,3.3045,0.0848,4.3745,161,0.2267
phone-android,tiny,1662,move,rejected,exit_unavailable,0,0.6170,0.3629,0.0471,3.5993,0.1017,4.7280,169,0.2427
phone-android,tiny,1663,wait,rejected,invalid_time,0,0.8186,0.3995,0.0493,4.0128,0.0952,5.3754,165,0.2308
phone-android,tiny,1664,take,replayed,not_present,0,1.1793,0.3364,0.0021,0.0007,0.0355,1.5540,0,0.2017
phone-android,tiny,1665,close_choice,rejected,invalid_choice,0,0.5149,0.3854,0.0574,3.7083,0.0855,4.7515,167,0.2231
phone-android,tiny,1666,look,accepted,observed,0,0.6401,0.3378,0.0481,3.3086,0.0773,4.4118,161,0.2179
phone-android,tiny,1667,look,accepted,observed,0,0.6029,0.3501,0.1454,3.3074,0.0782,4.4839,161,0.2222
phone-android,tiny,1668,move,accepted,moved,1,0.5964,0.3569,0.0555,4.3531,0.1102,5.4721,189,0.2319
phone-android,tiny,1669,look,accepted,observed,0,0.7436,0.3508,0.0480,3.3201,0.0836,4.5462,161,0.2226
phone-android,tiny,1670,drop,accepted,dropped,1,0.6023,0.3441,0.0540,4.6725,0.0936,5.7665,196,0.2273
phone-android,tiny,1671,talk,rejected,not_eligible,0,0.6301,0.3515,0.0481,3.4491,0.0889,4.5676,165,0.2464
phone-android,tiny,1672,choose,rejected,stale_view,0,0.6518,0.3573,0.0461,3.5346,0.0820,4.6718,163,0.2503
phone-android,tiny,1673,look,accepted,observed,0,0.6401,0.3511,0.0478,3.5847,0.0794,4.7031,161,0.2383
phone-android,tiny,1674,look,accepted,observed,0,0.6241,0.3486,0.0858,3.2494,0.1896,4.4976,161,0.2320
phone-android,tiny,1675,take,accepted,taken,1,0.6348,0.3589,0.0522,4.8152,0.1021,5.9632,189,0.3459
phone-android,tiny,1676,move,accepted,moved,1,0.6171,0.3855,0.0511,4.3430,0.0994,5.4961,191,0.2342
phone-android,tiny,1677,look,accepted,observed,0,0.6479,0.3501,0.0466,3.3499,0.0819,4.4763,161,0.2107
phone-android,tiny,1678,move,accepted,moved,1,0.6655,0.3741,0.0539,5.3042,0.1092,6.5069,189,0.2559
phone-android,tiny,1679,look,accepted,observed,0,0.6406,0.3625,0.0510,3.3568,0.0836,4.4945,161,0.2858
phone-android,tiny,1680,wait,rejected,invalid_time,0,0.6360,0.4349,0.0479,3.3014,0.0879,4.5082,165,0.2298
phone-android,tiny,1681,look,accepted,observed,0,0.6557,0.3481,0.0490,3.9573,0.0847,5.0947,161,0.2419
phone-android,tiny,1682,wait,rejected,invalid_time,0,0.7045,0.3839,0.0506,3.9687,0.1009,5.2087,165,0.2574
phone-android,tiny,1683,look,accepted,observed,0,0.7692,0.3701,0.0508,3.7828,0.1095,5.0824,161,0.2396
phone-android,tiny,1684,choose,rejected,invalid_choice,0,0.6398,0.3813,0.0482,3.5325,0.0847,4.6865,167,0.2145
phone-android,tiny,1685,look,accepted,observed,0,0.6414,0.3506,0.0823,3.3665,0.0883,4.5291,161,0.2425
phone-android,tiny,1686,move,accepted,moved,1,0.6157,0.3637,0.0531,4.5011,0.1022,5.6359,191,0.2346
phone-android,tiny,1687,drop,rejected,integrity_conflict,0,1.0090,0.2774,0.0019,0.0003,0.0345,1.3231,0,0.2155
phone-android,tiny,1688,move,accepted,moved,1,0.5047,0.3332,0.0541,4.6295,0.1079,5.6295,187,0.2270
phone-android,tiny,1689,look,accepted,observed,0,0.6308,0.3572,0.0489,3.4212,0.0858,4.5439,161,0.2233
phone-android,tiny,1690,wait,rejected,invalid_time,0,0.5959,0.3516,0.0483,3.8349,0.0780,4.9087,165,0.2402
phone-android,tiny,1691,drop,accepted,dropped,1,0.6233,0.3610,0.0570,4.9966,0.1670,6.2049,194,0.2317
phone-android,tiny,1692,move,rejected,exit_unavailable,0,0.7528,0.4027,0.0473,3.8736,0.0926,5.1691,169,0.2711
phone-android,tiny,1693,look,accepted,observed,0,0.8199,0.3842,0.0507,3.5889,0.0953,4.9391,161,0.2362
phone-android,tiny,1694,move,accepted,moved,1,0.6948,0.3674,0.0546,4.8023,0.1040,6.0231,191,0.2395
phone-android,tiny,1695,look,accepted,observed,0,0.5974,0.3553,0.0484,3.3309,0.0865,4.4185,161,0.2445
phone-android,tiny,1696,look,accepted,observed,0,0.6799,0.3407,0.0477,3.3152,0.0806,4.4642,161,0.2386
phone-android,tiny,1697,activate,rejected,not_eligible,0,0.6123,0.3576,0.0460,3.5209,0.0810,4.6177,165,0.2421
phone-android,tiny,1698,move,accepted,moved,1,0.6413,0.4285,0.0561,4.6490,0.1000,5.8749,187,0.2329
phone-android,tiny,1699,move,accepted,moved,1,0.5781,0.3649,0.0520,4.9168,0.1076,6.0194,191,0.2542
phone-android,tiny,1700,look,accepted,observed,0,0.6093,0.3561,0.0482,3.5617,0.0847,4.6601,161,0.3116
phone-android,tiny,1701,take,replayed,not_present,0,1.0759,0.3319,0.0028,0.0006,0.0351,1.4462,0,0.2210
phone-android,tiny,1702,take,rejected,not_present,0,0.5340,0.3155,0.0515,3.6794,0.0932,4.6736,164,0.2691
phone-android,tiny,1703,look,accepted,observed,0,0.7153,0.3613,0.0500,3.4518,0.0894,4.6678,161,0.2258
phone-android,tiny,1704,look,accepted,observed,0,0.6320,0.3471,0.0461,3.7298,0.0800,4.8351,161,0.2295
phone-android,tiny,1705,choose,rejected,invalid_choice,0,0.6299,0.3795,0.0466,3.6854,0.0806,4.8220,167,0.2326
phone-android,tiny,1706,activate,rejected,not_eligible,0,0.6440,0.3511,0.0489,3.3161,0.1110,4.4711,165,0.2422
phone-android,tiny,1707,move,rejected,exit_unavailable,0,0.5936,0.3347,0.0471,3.8128,0.1030,4.8912,169,0.2496
phone-android,tiny,1708,wait,rejected,invalid_time,0,0.7439,0.4486,0.0503,6.1574,0.1233,7.5235,165,0.3494
phone-android,tiny,1709,move,accepted,moved,1,1.0195,0.4427,0.0587,5.4057,0.1380,7.0646,187,0.2666
phone-android,tiny,1710,look,accepted,observed,0,0.8536,0.4115,0.0547,3.7799,0.1005,5.2002,161,0.2419
phone-android,tiny,1711,activate,rejected,not_eligible,0,0.8187,0.3941,0.0645,3.6013,0.0974,4.9759,165,0.2361
phone-android,tiny,1712,talk,rejected,not_eligible,0,0.7838,2.1315,0.0761,3.8749,0.0962,6.9626,165,0.2297
phone-android,tiny,1713,look,accepted,observed,0,0.8030,0.3757,0.0499,3.3920,0.0806,4.7013,161,0.2169
phone-android,tiny,1714,drop,replayed,dropped,0,0.9791,0.3004,0.0026,0.0004,0.0353,1.3177,0,0.2112
phone-android,tiny,1715,move,accepted,moved,1,0.4677,0.3693,0.0557,4.6995,0.1037,5.6959,189,0.2233
phone-android,tiny,1716,look,accepted,observed,0,0.6536,0.3424,0.0470,3.5430,0.1258,4.7118,161,0.2166
phone-android,tiny,1717,activate,rejected,not_eligible,0,0.6314,0.3429,0.0474,3.2599,0.0764,4.3580,165,0.2201
phone-android,tiny,1718,wait,rejected,invalid_time,0,0.5994,0.3434,0.0454,3.3585,0.0825,4.4293,165,0.2266
phone-android,tiny,1719,wait,rejected,invalid_time,0,0.6544,0.3615,0.0454,3.4968,0.0876,4.6457,165,0.2280
phone-android,tiny,1720,wait,rejected,invalid_time,0,0.6238,0.3374,0.0453,3.5010,0.0824,4.5899,165,0.2244
phone-android,tiny,1721,move,accepted,moved,1,0.6938,0.3813,0.0558,4.4356,0.0988,5.6652,187,0.2204
phone-android,tiny,1722,look,accepted,observed,0,0.5949,0.3379,0.0911,3.4474,0.0816,4.5529,161,0.2241
phone-android,tiny,1723,look,accepted,observed,0,0.6397,0.3321,0.0472,3.4585,0.0782,4.5557,161,0.2273
phone-android,tiny,1724,choose,rejected,invalid_choice,0,0.6095,0.3716,0.0462,3.7492,0.0735,4.8499,167,0.2155
phone-android,tiny,1725,choose,rejected,stale_view,0,0.6021,0.3468,0.0446,3.3868,0.0817,4.4619,163,0.2203
phone-android,tiny,1726,move,rejected,exit_unavailable,0,0.6414,0.3389,0.0464,3.6222,0.1089,4.7578,169,0.2384
phone-android,tiny,1727,activate,rejected,not_eligible,0,0.7679,0.3731,0.0496,3.6056,0.1013,4.8974,165,0.2414
phone-android,tiny,1728,choose,rejected,invalid_choice,0,0.7351,0.4988,0.0501,3.2924,0.0754,4.6517,167,0.2149
phone-android,tiny,1729,look,accepted,observed,0,0.6183,0.3067,0.0447,3.9283,0.0865,4.9844,161,0.2297
phone-android,tiny,1730,look,accepted,observed,0,0.7090,0.3516,0.0446,4.2647,0.0907,5.4606,161,0.2348
phone-android,tiny,1731,activate,rejected,not_eligible,0,0.6899,0.3583,0.0460,4.3990,0.0991,5.5923,165,0.2406
phone-android,tiny,1732,look,accepted,observed,0,0.6999,0.3683,0.0499,4.4724,0.1027,5.6933,161,0.2395
phone-android,tiny,1733,drop,replayed,dropped,0,1.1594,0.3311,0.0024,0.0003,0.0331,1.5264,0,0.1988
phone-android,tiny,1734,move,accepted,moved,1,0.4149,0.3139,0.0524,4.6343,0.1018,5.5174,191,0.2306
phone-android,tiny,1735,wait,rejected,invalid_time,0,0.6115,0.3602,0.0474,3.3892,0.0908,4.4990,165,0.2237
phone-android,tiny,1736,move,accepted,moved,1,0.7227,0.3901,0.0543,4.7969,0.1233,6.0872,187,0.2448
phone-android,tiny,1737,take,accepted,taken,1,0.7641,0.3778,0.0531,4.7482,0.0975,6.0407,189,0.2206
phone-android,tiny,1738,wait,rejected,invalid_time,0,0.5887,0.3961,0.0455,3.4804,0.0861,4.5968,165,0.2261
phone-android,tiny,1739,talk,rejected,not_eligible,0,0.6473,0.3413,0.0499,3.6471,0.0947,4.7803,165,0.2282
phone-android,tiny,1740,look,accepted,observed,0,1.1228,0.3883,0.0540,3.3566,0.0894,5.0110,161,0.2306
phone-android,tiny,1741,look,accepted,observed,0,0.5822,0.3321,0.0439,3.8264,0.0949,4.8796,161,0.2283
phone-android,tiny,1742,move,accepted,moved,1,0.7687,0.3764,0.0537,4.4373,0.1056,5.7418,191,0.2367
phone-android,tiny,1743,look,accepted,observed,0,0.6045,0.4174,0.0499,3.6181,0.0956,4.7856,161,0.2369
phone-android,tiny,1744,activate,rejected,not_eligible,0,0.7533,0.3827,0.0482,3.5571,0.1061,4.8474,165,0.2380
phone-android,tiny,1745,look,accepted,observed,0,0.8830,0.3509,0.0455,3.4075,0.0845,4.7715,161,0.2288
phone-android,tiny,1746,activate,rejected,not_eligible,0,0.6030,0.3136,0.0449,3.2119,0.0844,4.2579,165,0.2213
phone-android,tiny,1747,move,accepted,moved,1,0.5675,0.4685,0.0539,4.4703,0.1074,5.6677,189,0.2277
phone-android,tiny,1748,move,accepted,moved,1,0.6373,0.3803,0.0526,4.5126,0.1077,5.6905,191,0.2321
phone-android,tiny,1749,move,accepted,moved,1,0.6355,0.3595,0.0555,4.8749,0.1051,6.0305,189,0.2283
phone-android,tiny,1750,drop,accepted,dropped,1,0.6238,0.3541,0.0570,5.0805,0.1192,6.2345,196,0.2331
phone-android,tiny,1751,move,accepted,moved,1,0.6716,0.3668,0.0534,4.4144,0.1611,5.6673,191,0.2456
phone-android,tiny,1752,move,accepted,moved,1,0.7135,0.3943,0.0566,5.3240,0.1671,6.6555,187,0.2485
phone-android,tiny,1753,choose,rejected,invalid_choice,0,0.9279,0.4096,0.0487,3.7227,0.0904,5.1993,167,0.2315
phone-android,tiny,1754,look,accepted,observed,0,0.7068,0.3510,0.0487,3.2317,0.0817,4.4200,161,0.2318
phone-android,tiny,1755,talk,rejected,not_eligible,0,0.5920,0.3419,0.0503,24.6540,0.1447,25.7829,165,0.2457
phone-android,tiny,1756,move,accepted,moved,1,0.9869,0.4224,0.0539,5.4093,0.1262,6.9988,191,0.2340
phone-android,tiny,1757,talk,rejected,not_eligible,0,0.6692,0.3492,0.0476,3.5569,0.0871,4.7099,165,0.2261
phone-android,tiny,1758,look,accepted,observed,0,0.6649,0.3372,0.0457,3.3397,0.0939,4.4815,161,0.2249
phone-android,tiny,1759,move,accepted,moved,1,0.6672,0.3630,0.0499,4.3106,0.1602,5.5509,187,0.2173
phone-android,tiny,1760,take,rejected,not_present,0,0.6064,0.3381,0.0449,3.5114,0.0868,4.5877,164,0.2285
phone-android,tiny,1761,move,rejected,exit_unavailable,0,0.6078,0.3704,0.0477,3.2420,0.0908,4.3587,169,0.2261
phone-android,tiny,1762,move,accepted,moved,1,0.6156,0.3616,0.0535,4.4612,0.1038,5.5958,191,0.2256
phone-android,tiny,1763,look,accepted,observed,0,0.6506,0.3377,0.0466,3.6342,0.0832,4.7522,161,0.2268
phone-android,tiny,1764,look,accepted,observed,0,0.5906,0.3350,0.0442,3.4204,0.1008,4.4909,161,0.2196
phone-android,tiny,1765,close_choice,rejected,invalid_choice,0,0.8811,0.3872,0.0491,4.0407,0.1112,5.4693,167,0.2422
phone-android,tiny,1766,wait,rejected,invalid_time,0,0.7935,0.3899,0.0483,3.4490,0.0822,4.7629,165,0.2609
phone-android,tiny,1767,move,accepted,moved,1,0.6088,0.3584,0.0519,4.2827,0.1018,5.4036,187,0.2124
phone-android,tiny,1768,take,rejected,not_present,0,0.7839,0.3720,0.0474,3.6367,0.0833,4.9232,164,0.2274
phone-android,tiny,1769,look,accepted,observed,0,0.5790,0.3372,0.0465,3.2881,0.0843,4.3351,161,0.2236
phone-android,tiny,1770,move,rejected,exit_unavailable,0,0.6081,0.4311,0.0477,3.6196,0.0978,4.8042,169,0.2297
phone-android,tiny,1771,take,rejected,not_present,0,0.7720,0.3573,0.0460,4.1667,0.1039,5.4460,164,0.3663
phone-android,tiny,1772,move,accepted,moved,1,0.8282,0.4144,0.0597,4.9877,0.1609,6.4508,191,0.2434
phone-android,tiny,1773,look,accepted,observed,0,0.7430,0.3708,0.0521,3.7829,0.0906,5.0393,161,0.2156
phone-android,tiny,1774,look,accepted,observed,0,0.6521,0.3921,0.0485,3.2861,0.0773,4.4562,161,0.2173
phone-android,tiny,1775,move,accepted,moved,1,0.6076,0.3604,0.0517,4.4897,0.1012,5.6105,189,0.2281
phone-android,tiny,1776,wait,rejected,invalid_time,0,0.6619,0.3591,0.0476,3.3584,0.0824,4.5095,165,0.2217
phone-android,tiny,1777,move,accepted,moved,1,0.5972,0.3452,0.0516,4.7131,0.1029,5.8099,191,0.2366
phone-android,tiny,1778,look,accepted,observed,0,0.6128,0.3402,0.0455,3.3517,0.0860,4.4362,161,0.2279
phone-android,tiny,1779,move,accepted,moved,1,0.5928,0.4397,0.0651,5.3180,0.1217,6.5372,189,0.2271
phone-android,tiny,1780,look,accepted,observed,0,0.8299,0.3666,0.0506,3.8006,0.1058,5.1535,161,0.2577
phone-android,tiny,1781,wait,rejected,invalid_time,0,0.7280,0.3977,2.0302,4.7372,0.1231,8.0162,165,0.2391
phone-android,tiny,1782,take,accepted,taken,1,0.8902,0.3786,0.0664,4.6017,0.1088,6.0456,189,0.2257
phone-android,tiny,1783,look,accepted,observed,0,0.7351,0.3485,0.0494,3.2561,0.0804,4.4695,161,0.2227
phone-android,tiny,1784,look,accepted,observed,0,0.5835,0.3348,0.0470,3.7928,0.0798,4.8379,161,0.2110
phone-android,tiny,1785,move,accepted,moved,1,0.6904,0.3646,0.0514,4.3960,0.1158,5.6182,191,0.2359
phone-android,tiny,1786,talk,rejected,not_eligible,0,0.6695,0.3514,0.0453,3.6116,0.0829,4.7606,165,0.2215
phone-android,tiny,1787,move,accepted,moved,1,0.6459,0.3781,0.0573,5.0115,0.1293,6.2220,189,0.2349
phone-android,tiny,1788,drop,accepted,dropped,1,0.7736,0.4186,0.0725,5.7076,0.1385,7.1109,196,0.2718
phone-android,tiny,1789,wait,rejected,invalid_time,0,0.6673,0.3804,0.0510,3.5321,0.0835,4.7143,165,0.2560
phone-android,tiny,1790,choose,rejected,stale_view,0,0.6584,0.3895,0.0502,3.5566,0.0993,4.7540,163,0.2610
phone-android,tiny,1791,activate,rejected,not_eligible,0,0.7474,0.3795,0.0519,3.9098,0.0947,5.1834,165,0.2512
phone-android,tiny,1792,talk,rejected,not_eligible,0,0.7714,0.4130,0.0704,3.6374,0.0925,4.9846,165,0.2281
phone-android,tiny,1793,move,accepted,moved,1,0.6688,0.4117,0.0571,5.1442,0.1035,6.3852,191,0.2273
phone-android,tiny,1794,wait,rejected,invalid_time,0,0.6252,0.4291,0.0463,3.4822,0.0864,4.6692,165,0.2321
phone-android,tiny,1795,move,rejected,exit_unavailable,0,0.5911,0.3448,0.0494,3.3607,0.0874,4.4334,169,0.2299
phone-android,tiny,1796,move,accepted,moved,1,0.5974,0.4399,0.0654,4.5306,0.1086,5.7420,187,0.2327
phone-android,tiny,1797,close_choice,rejected,invalid_choice,0,0.6281,0.3398,0.0462,3.8866,0.0942,4.9949,167,0.2299
phone-android,tiny,1798,take,rejected,not_present,0,0.6843,0.3775,0.0483,3.5869,0.1027,4.7997,164,0.2254
phone-android,tiny,1799,look,accepted,observed,0,0.7245,0.4124,0.0506,3.7550,0.0858,5.0283,161,0.2240
phone-android,tiny,1800,look,accepted,observed,0,0.6319,0.3383,0.0441,3.5601,0.1054,4.6798,161,0.2312
phone-android,tiny,1801,look,accepted,observed,0,0.8093,0.3486,0.0465,3.3372,0.0908,4.6324,161,0.2153
phone-android,tiny,1802,drop,replayed,dropped,0,1.2317,0.3296,0.0020,0.0009,0.0342,1.5983,0,0.1971
phone-android,tiny,1803,move,rejected,exit_unavailable,0,0.4772,0.3721,0.0522,4.1094,0.1141,5.1251,169,0.2387
phone-android,tiny,1804,look,accepted,observed,0,0.8265,0.3629,0.0507,3.9536,0.0883,5.2820,161,0.2198
phone-android,tiny,1805,take,rejected,not_present,0,0.6261,0.3457,0.0486,3.6684,0.0865,4.7754,164,0.2162
phone-android,tiny,1806,look,accepted,observed,0,0.6022,0.3523,0.1174,3.4822,0.0938,4.6480,161,0.2347
phone-android,tiny,1807,look,accepted,observed,0,0.7570,0.3730,0.0499,3.5614,0.1182,4.8595,161,0.2436
phone-android,tiny,1808,drop,rejected,integrity_conflict,0,1.3645,0.2954,0.0011,0.0008,0.0333,1.6952,0,0.2012
phone-android,tiny,1809,look,accepted,observed,0,0.4258,0.2828,0.0455,3.6295,0.0828,4.4665,161,0.2264
phone-android,tiny,1810,wait,rejected,invalid_time,0,0.6290,0.4276,0.0524,3.4445,0.0797,4.6332,165,0.2172
phone-android,tiny,1811,look,accepted,observed,0,0.7792,0.3554,0.0483,3.9973,0.1137,5.2939,161,0.2451
phone-android,tiny,1812,move,rejected,exit_unavailable,0,0.9135,0.4254,0.0530,3.7006,0.0897,5.1822,169,0.2265
phone-android,tiny,1813,move,accepted,moved,1,0.6153,0.3593,0.0546,4.7953,0.1051,5.9296,189,0.2319
phone-android,tiny,1814,move,rejected,exit_unavailable,0,0.6098,0.3555,0.0483,3.4439,0.0872,4.5447,169,0.2288
phone-android,tiny,1815,choose,rejected,invalid_choice,0,0.6429,0.3779,0.0477,3.2467,0.0845,4.3996,167,0.2266
phone-android,tiny,1816,talk,rejected,not_eligible,0,0.5966,0.4295,0.0520,3.5067,0.1016,4.6864,165,0.2427
phone-android,tiny,1817,move,accepted,moved,1,0.8527,0.4044,0.0727,4.8037,0.1464,6.2798,187,0.2458
phone-android,tiny,1818,wait,rejected,invalid_time,0,0.9337,0.3744,0.0470,3.2813,0.0816,4.7180,165,0.2271
phone-android,tiny,1819,look,accepted,observed,0,0.6003,0.3317,0.0487,3.1017,0.0827,4.1652,161,0.2288
phone-android,tiny,1820,wait,accepted,waited,1,0.6093,0.4871,0.0549,4.6910,0.1141,5.9565,185,0.2333
phone-android,tiny,1821,move,rejected,exit_unavailable,0,0.6784,0.3466,0.0460,3.7843,0.0823,4.9376,169,0.2156
phone-android,tiny,1822,look,accepted,observed,0,0.7434,0.3579,0.0465,3.6935,0.0953,4.9365,161,0.2329
phone-android,tiny,1823,move,accepted,moved,1,0.7797,0.4060,0.0575,4.7476,0.1190,6.1099,191,0.2332
phone-android,tiny,1824,look,accepted,observed,0,0.7069,0.3814,0.0480,3.4565,0.0796,4.6725,161,0.2298
phone-android,tiny,1825,move,accepted,moved,1,0.5839,0.3581,0.0566,4.8451,0.1033,5.9470,187,0.2208
phone-android,tiny,1826,look,accepted,observed,0,0.5898,0.3413,0.0473,3.5285,0.0923,4.5992,161,0.2297
phone-android,tiny,1827,wait,rejected,invalid_time,0,0.6466,0.3565,0.0456,4.5452,0.1074,5.7013,165,0.2397
phone-android,tiny,1828,look,accepted,observed,0,0.7394,0.3757,0.0474,4.4059,0.1232,5.6916,161,0.2294
phone-android,tiny,1829,talk,rejected,not_eligible,0,0.7896,0.3711,0.0492,3.6097,0.1120,4.9317,165,0.2382
phone-android,tiny,1830,move,accepted,moved,1,0.9177,0.4325,0.0616,4.8722,0.1097,6.3937,189,0.2311
phone-android,tiny,1831,move,accepted,moved,1,0.6941,0.3629,0.0527,4.2815,0.1045,5.4956,187,0.2301
phone-android,tiny,1832,choose,rejected,invalid_choice,0,0.6131,0.3817,0.0471,3.6833,0.0897,4.8148,167,0.2251
phone-android,tiny,1833,take,rejected,not_present,0,0.6257,0.3470,0.0482,3.2142,0.0864,4.3215,164,0.2262
phone-android,tiny,1834,move,accepted,moved,1,0.6026,0.3607,0.0520,4.4802,0.1039,5.5993,191,0.2316
phone-android,tiny,1835,look,accepted,observed,0,0.6722,0.3358,0.0471,3.6060,0.0903,4.7514,161,0.2257
phone-android,tiny,1836,move,accepted,moved,1,0.7618,0.3658,0.0507,4.5106,0.1054,5.7944,189,0.2233
phone-android,tiny,1837,move,rejected,exit_unavailable,0,0.6501,0.4059,0.0505,3.4074,0.0799,4.5938,169,0.2263
phone-android,tiny,1838,choose,rejected,invalid_choice,0,0.6060,0.3582,0.0467,3.8189,0.0978,4.9276,167,0.2364
phone-android,tiny,1839,look,accepted,observed,0,0.6388,0.4508,0.0495,3.6488,0.0921,4.8800,161,0.2470
phone-android,tiny,1840,take,accepted,taken,1,0.7606,0.3825,0.0530,4.9444,0.1250,6.2655,189,0.2417
phone-android,tiny,1841,move,accepted,moved,1,0.7746,0.4058,0.0528,5.1601,0.1108,6.5041,191,0.2339
phone-android,tiny,1842,move,accepted,moved,1,0.6212,0.3697,0.0528,4.9347,0.1084,6.0868,189,0.2173
phone-android,tiny,1843,move,accepted,moved,1,0.8054,0.3913,0.0536,5.5175,0.1496,6.9174,191,0.2433
phone-android,tiny,1844,look,accepted,observed,0,0.8696,0.3856,0.0505,3.9629,0.0867,5.3553,161,0.2319
phone-android,tiny,1845,activate,rejected,not_eligible,0,0.6064,0.3510,0.0495,3.3031,0.0861,4.3961,165,0.2259
phone-android,tiny,1846,look,accepted,observed,0,0.6012,0.3289,0.0483,3.9572,0.0971,5.0327,161,0.2274
phone-android,tiny,1847,activate,rejected,not_eligible,0,0.7740,0.3801,0.0495,3.8345,0.1019,5.1399,165,0.2386
phone-android,tiny,1848,choose,rejected,stale_view,0,0.8692,0.3762,0.0484,3.5972,0.0963,4.9873,163,0.2367
phone-android,tiny,1849,look,accepted,observed,0,0.7332,0.3648,0.0510,3.7324,0.1018,4.9833,161,0.2963
phone-android,tiny,1850,activate,rejected,not_eligible,0,0.6473,0.3645,0.0517,3.6536,0.0853,4.8023,165,0.2347
phone-android,tiny,1851,drop,accepted,dropped,1,0.8923,0.3782,0.0564,4.8369,0.1038,6.2676,198,0.2241
phone-android,tiny,1852,talk,rejected,not_eligible,0,0.6010,0.3445,0.0472,3.1660,0.0942,4.2530,165,0.2301
phone-android,tiny,1853,look,accepted,observed,0,0.6260,0.3372,0.0512,3.7077,0.0908,4.8129,161,0.3205
phone-android,tiny,1854,talk,rejected,not_eligible,0,1.0227,0.3782,0.0495,3.4913,0.0903,5.0319,165,0.2292
phone-android,tiny,1855,wait,rejected,invalid_time,0,0.6449,0.4670,0.0478,3.3597,0.0899,4.6094,165,0.2291
phone-android,tiny,1856,look,accepted,observed,0,0.7391,0.3664,0.0560,3.7950,0.1074,5.0639,161,0.2473
phone-android,tiny,1857,look,accepted,observed,0,0.8694,0.3565,0.0457,3.3869,0.0824,4.7409,161,0.2302
phone-android,tiny,1858,look,accepted,observed,0,0.6147,0.3291,0.0486,3.2633,0.0878,4.3435,161,0.2343
phone-android,tiny,1859,look,accepted,observed,0,0.6096,0.4335,0.0494,3.8156,0.0828,4.9910,161,0.2335
phone-android,tiny,1860,move,accepted,moved,1,0.6238,0.3538,0.0541,4.3983,0.1443,5.5743,189,0.2400
phone-android,tiny,1861,talk,rejected,not_eligible,0,0.6812,0.3883,0.0504,3.6545,0.0962,4.8706,165,0.2362
phone-android,tiny,1862,move,accepted,moved,1,0.7263,0.4424,0.0580,4.8999,0.1135,6.2402,191,0.2390
phone-android,tiny,1863,look,accepted,observed,0,0.6498,0.3354,0.0474,3.5548,0.0772,4.6646,161,0.2246
phone-android,tiny,1864,take,replayed,taken,0,0.9618,0.2788,0.0018,0.0003,0.0319,1.2747,0,0.2049
phone-android,tiny,1865,move,accepted,moved,1,0.3652,0.3012,0.0532,4.7268,0.1213,5.5677,189,0.2144
phone-android,tiny,1866,take,rejected,not_present,0,0.7342,0.3322,0.0476,4.2887,0.1274,5.5301,164,0.2179
phone-android,tiny,1867,look,accepted,observed,0,0.7729,0.3322,0.0470,4.1129,0.1052,5.3702,161,0.2281
phone-android,tiny,1868,activate,rejected,not_eligible,0,0.9827,0.4196,0.0552,4.4226,0.1441,6.0243,165,0.2404
phone-android,tiny,1869,look,accepted,observed,0,1.0261,0.4005,0.0502,4.1511,0.1301,5.7581,161,0.2509
phone-android,tiny,1870,drop,rejected,integrity_conflict,0,1.4553,0.3505,0.0023,0.0004,0.0377,1.8461,0,0.2140
phone-android,tiny,1871,look,accepted,observed,0,0.7297,0.3325,0.0523,4.1083,0.1193,5.3421,161,0.2298
phone-android,tiny,1872,talk,rejected,not_eligible,0,0.8407,0.3579,0.0510,3.7676,0.1145,5.1317,165,0.2294
phone-android,tiny,1873,move,accepted,moved,1,0.7469,0.4084,0.0587,5.3292,0.1397,6.6829,191,0.2337
phone-android,tiny,1874,move,accepted,moved,1,0.8004,0.5111,0.0639,4.9696,0.1382,6.4832,187,0.2146
phone-android,tiny,1875,move,accepted,moved,1,0.9102,0.3740,0.0899,4.5938,0.1315,6.0994,191,0.2182
phone-android,tiny,1876,talk,rejected,not_eligible,0,0.7300,0.3958,0.0553,3.9822,0.1215,5.2848,165,0.2191
phone-android,tiny,1877,move,accepted,moved,1,0.7643,0.3598,0.0523,4.4668,0.1319,5.7752,189,0.2228
phone-android,tiny,1878,look,accepted,observed,0,0.7324,0.3337,0.0486,3.1006,0.1017,4.3171,161,0.2225
phone-android,tiny,1879,move,accepted,moved,1,0.6747,0.3724,0.0545,4.2630,0.1154,5.4800,191,0.2246
phone-android,tiny,1880,move,accepted,moved,1,0.6617,0.3528,0.0514,4.4423,0.1183,5.6265,189,0.2204
phone-android,tiny,1881,move,accepted,moved,1,0.6881,0.3603,0.0547,3.9999,0.1177,5.2206,191,0.2276
phone-android,tiny,1882,wait,rejected,invalid_time,0,0.7457,0.3560,0.0442,2.9153,0.0916,4.1528,165,0.2384
phone-android,tiny,1883,look,accepted,observed,0,1.0110,0.3492,0.0657,3.3953,0.1103,4.9314,161,0.2312
phone-android,tiny,1884,move,rejected,exit_unavailable,0,0.6799,0.3833,0.0483,3.2074,0.1117,4.4306,169,0.2302
phone-android,tiny,1885,move,accepted,moved,1,0.7206,0.3603,0.0525,4.1032,0.1240,5.3606,189,0.2214
phone-android,tiny,1886,look,accepted,observed,0,0.7924,0.3354,0.0459,3.2471,0.1073,4.5282,161,0.2142
phone-android,tiny,1887,wait,rejected,invalid_time,0,0.7106,0.3375,0.0451,3.4175,0.1074,4.6181,165,0.2214
phone-android,tiny,1888,look,accepted,observed,0,0.7256,0.3327,0.0448,3.2712,0.1135,4.4878,161,0.2157
phone-android,tiny,1889,move,accepted,moved,1,0.7381,0.3545,0.0530,4.3964,0.1298,5.6718,191,0.2514
phone-android,tiny,1890,look,accepted,observed,0,0.7349,0.3298,0.0461,3.3693,0.1202,4.6004,161,0.2311
phone-android,tiny,1891,move,accepted,moved,1,0.7405,0.3487,0.0508,4.3439,0.1283,5.6122,187,0.2211
phone-android,tiny,1892,move,accepted,moved,1,0.7215,0.3465,0.0497,4.1916,0.1633,5.4726,189,0.2314
phone-android,tiny,1893,wait,rejected,invalid_time,0,0.7796,0.3628,0.0449,3.3419,0.1218,4.6510,165,0.2178
phone-android,tiny,1894,look,accepted,observed,0,0.7519,0.3422,0.0481,3.3102,0.1224,4.5748,161,0.2564
phone-android,tiny,1895,choose,rejected,invalid_choice,0,0.7704,0.3686,0.0462,3.4915,0.1203,4.7970,167,0.2176
phone-android,tiny,1896,look,accepted,observed,0,0.7651,0.3383,0.0463,3.2278,0.1123,4.4896,161,0.3189
phone-android,tiny,1897,activate,rejected,not_eligible,0,0.7097,0.3253,0.0447,3.1886,0.1161,4.3844,165,0.2105
phone-android,tiny,1898,move,rejected,exit_unavailable,0,0.7240,0.3487,0.0467,3.5217,0.1203,4.7614,169,0.3043
phone-android,tiny,1899,move,rejected,exit_unavailable,0,0.7548,0.3361,0.0444,3.3768,0.1225,4.6346,169,0.2137
phone-android,tiny,1900,move,accepted,moved,1,0.7594,0.3654,0.0519,4.4897,0.1371,5.8035,187,0.2205
phone-android,tiny,1901,move,accepted,moved,1,0.7460,0.3481,0.0507,4.1096,0.1675,5.4219,191,0.2209
phone-android,tiny,1902,move,accepted,moved,1,0.7269,0.3471,0.0504,4.0660,0.1273,5.3177,189,0.2175
phone-android,tiny,1903,move,accepted,moved,1,0.7511,0.3556,0.0505,4.3129,0.1253,5.5954,191,0.2264
phone-android,tiny,1904,look,accepted,observed,0,0.6954,0.3506,0.0483,3.1632,0.1139,4.3714,161,0.2504
phone-android,tiny,1905,take,accepted,taken,1,0.7393,0.3421,0.0523,3.9342,0.1297,5.1976,189,0.2242
phone-android,tiny,1906,look,accepted,observed,0,0.7065,0.3691,0.0466,3.0738,0.1329,4.3289,161,0.2182
phone-android,tiny,1907,talk,rejected,not_eligible,0,0.7088,0.3314,0.0443,3.7576,0.1179,4.9599,165,0.2159
phone-android,tiny,1908,look,accepted,observed,0,0.7432,0.3698,0.0509,3.2384,0.1091,4.5114,161,0.2178
phone-android,tiny,1909,look,accepted,observed,0,0.7339,0.3245,0.0451,3.0721,0.1107,4.2864,161,0.2202
phone-android,tiny,1910,move,accepted,moved,1,0.7200,0.3469,0.0525,4.0291,0.1194,5.2678,189,0.2174
phone-android,tiny,1911,move,accepted,moved,1,0.6899,0.3584,0.0517,4.6256,0.1202,5.8458,191,0.2688
phone-android,tiny,1912,look,accepted,observed,0,0.7155,0.3287,0.0437,3.0495,0.1131,4.2506,161,0.2260
phone-android,tiny,1913,move,accepted,moved,1,0.7154,0.3477,0.0534,4.1651,0.1302,5.4117,187,0.2256
phone-android,tiny,1914,move,accepted,moved,1,0.7464,0.3540,0.0527,4.2297,0.1256,5.5084,189,0.2234
phone-android,tiny,1915,drop,rejected,integrity_conflict,0,1.1417,0.3002,0.0014,0.0007,0.0346,1.4786,0,0.1921
phone-android,tiny,1916,look,accepted,observed,0,0.5344,0.3057,0.0460,3.3635,0.1233,4.3729,161,0.2186
phone-android,tiny,1917,move,accepted,moved,1,0.8502,0.3684,0.0501,4.2676,0.1370,5.6732,187,0.2173
phone-android,tiny,1918,look,accepted,observed,0,0.7164,0.3285,0.1384,3.3103,0.1124,4.6060,161,1.6724
phone-android,tiny,1919,choose,rejected,invalid_choice,0,0.8198,0.3880,0.0474,3.2401,0.1302,4.6255,167,0.2996
phone-android,tiny,1920,wait,rejected,invalid_time,0,0.7754,0.3550,0.0444,3.1006,0.1136,4.3889,165,0.2172
phone-android,tiny,1921,move,accepted,moved,1,0.7253,0.3493,0.0536,4.0600,0.1221,5.3104,191,0.2161
phone-android,tiny,1922,look,accepted,observed,0,0.7202,0.3207,0.0470,3.3685,0.1013,4.5577,161,0.2153
phone-android,tiny,1923,look,accepted,observed,0,0.7144,0.3799,0.0523,3.4379,0.1274,4.7120,161,0.2148
phone-android,tiny,1924,look,accepted,observed,0,0.7370,0.3296,0.0466,3.2232,0.1150,4.4515,161,0.2154
phone-android,tiny,1925,wait,rejected,invalid_time,0,0.7448,0.3505,0.0455,3.6949,0.1321,4.9679,165,0.2153
phone-android,tiny,1926,look,accepted,observed,0,0.7505,0.3422,0.0482,5.2550,0.1132,6.5091,161,0.2097
phone-android,tiny,1927,wait,rejected,invalid_time,0,0.6286,0.3222,0.0440,2.8081,0.0962,3.8992,165,0.2094
phone-android,tiny,1928,move,accepted,moved,1,0.6166,0.3207,0.0493,3.9182,0.1410,5.0457,187,0.2052
phone-android,tiny,1929,move,accepted,moved,1,0.6063,0.3308,0.0493,4.0526,0.1154,5.1543,191,0.2079
phone-android,tiny,1930,look,accepted,observed,0,0.6417,0.3674,0.0479,2.9495,0.1746,4.1810,161,0.2754
phone-android,tiny,1931,wait,rejected,invalid_time,0,0.6571,0.3456,0.0482,3.0101,0.1004,4.1614,165,0.2252
phone-android,tiny,1932,look,accepted,observed,0,0.6418,0.3329,0.0479,2.9195,0.0957,4.0377,161,0.2217
phone-android,tiny,1933,move,accepted,moved,1,0.6215,0.4131,0.0547,4.1335,0.1089,5.3317,187,0.2211
phone-android,tiny,1934,talk,rejected,not_eligible,0,0.5817,0.3204,0.0485,2.9610,0.0965,4.0081,165,0.2225
phone-android,tiny,1935,talk,rejected,not_eligible,0,0.5795,0.4135,0.0476,3.0633,0.0990,4.2029,165,0.2181
phone-android,tiny,1936,move,accepted,moved,1,0.5833,0.3208,0.0497,3.7361,0.1048,4.7947,191,0.2060
phone-android,tiny,1937,move,accepted,moved,1,0.6099,0.3221,0.0491,3.7806,0.1111,4.8727,187,0.2088
phone-android,tiny,1938,move,rejected,exit_unavailable,0,0.6252,0.3234,0.0464,2.8090,0.0990,3.9030,169,0.2067
phone-android,tiny,1939,drop,accepted,dropped,1,0.6136,0.3224,0.0508,4.3323,0.1097,5.4289,194,0.2086
phone-android,tiny,1940,wait,rejected,invalid_time,0,0.8593,0.3321,0.0428,3.2234,0.0967,4.5544,165,0.2082
phone-android,tiny,1941,talk,rejected,not_eligible,0,0.5804,0.3034,0.0438,2.7398,0.0952,3.7624,165,0.2114
phone-android,tiny,1942,move,accepted,moved,1,0.6847,0.3350,0.0527,4.0529,0.1129,5.2382,189,0.2101
phone-android,tiny,1943,choose,rejected,invalid_choice,0,0.6240,0.3364,0.0456,2.8087,0.0945,3.9092,167,0.2085
phone-android,tiny,1944,look,accepted,observed,0,0.6541,0.3201,0.0446,2.8828,0.0974,3.9990,161,0.2066
phone-android,tiny,1945,move,rejected,exit_unavailable,0,0.6133,0.3175,0.0441,3.2654,0.1024,4.3428,169,0.2093
phone-android,tiny,1946,look,accepted,observed,0,0.6282,0.3165,0.0462,3.4081,0.0986,4.4977,161,0.2096
phone-android,tiny,1947,look,accepted,observed,0,0.6560,0.3157,0.0442,3.2443,0.0966,4.3568,161,0.2145
phone-android,tiny,1948,take,rejected,not_present,0,0.5901,0.3070,0.0461,2.7340,0.1009,3.7780,164,0.2096
phone-android,tiny,1949,look,accepted,observed,0,0.6274,0.3059,0.0446,3.5459,0.1052,4.6291,161,0.2424
phone-android,tiny,1950,move,accepted,moved,1,0.6368,0.3246,0.0501,3.8257,0.1164,4.9535,187,0.2148
phone-android,tiny,1951,look,accepted,observed,0,0.7115,0.3187,0.1068,3.1567,0.1440,4.4377,161,0.2171
phone-android,tiny,1952,activate,rejected,not_eligible,0,0.6931,0.3248,0.0498,3.1844,0.1050,4.3571,165,0.2361
phone-android,tiny,1953,move,accepted,moved,1,0.6427,0.3813,0.0569,4.4536,0.1160,5.6504,189,0.2373
phone-android,tiny,1954,look,accepted,observed,0,0.6537,0.3323,0.0491,3.0604,0.1020,4.1975,161,0.2416
phone-android,tiny,1955,look,accepted,observed,0,0.6321,0.3394,0.0941,3.4433,0.0989,4.6078,161,0.2116
phone-android,tiny,1956,look,accepted,observed,0,0.6082,0.3074,0.0446,2.7132,0.0978,3.7711,161,0.2083
phone-android,tiny,1957,look,accepted,observed,0,0.6177,0.3016,0.0428,2.9089,0.1009,3.9718,161,0.2099
phone-android,tiny,1958,look,accepted,observed,0,0.6803,0.3116,0.0453,2.9791,0.1017,4.1180,161,0.2084
phone-android,tiny,1959,look,accepted,observed,0,0.6749,0.3168,0.0463,2.8759,0.1003,4.0142,161,0.2199
phone-android,tiny,1960,look,accepted,observed,0,0.6237,0.3006,0.0445,3.2550,0.0981,4.3220,161,0.2093
phone-android,tiny,1961,move,accepted,moved,1,0.6159,0.3266,0.1091,3.9371,0.1082,5.0969,187,0.2112
phone-android,tiny,1962,drop,replayed,dropped,0,0.8844,0.2619,0.0011,0.0006,0.0318,1.1798,0,0.1895
phone-android,tiny,1963,activate,rejected,not_eligible,0,0.4585,0.2779,0.0456,2.7204,0.0854,3.5878,165,0.2093
phone-android,tiny,1964,look,accepted,observed,0,0.6634,0.3081,0.0433,2.8198,0.1011,3.9357,161,0.2091
phone-android,tiny,1965,move,accepted,moved,1,0.6181,0.3277,0.0509,4.3034,0.1072,5.4074,191,0.2108
phone-android,tiny,1966,look,accepted,observed,0,0.6499,0.3083,0.0449,2.8072,0.0951,3.9054,161,0.2078
phone-android,tiny,1967,activate,rejected,not_eligible,0,0.6018,0.3132,0.0457,2.7883,0.0961,3.8451,165,0.2110
phone-android,tiny,1968,move,accepted,moved,1,0.6531,0.3282,0.0491,4.0664,0.1058,5.2026,189,0.2514
phone-android,tiny,1969,wait,rejected,invalid_time,0,0.6236,0.3257,0.0429,2.9898,0.0941,4.0760,165,0.2076
phone-android,tiny,1970,look,accepted,observed,0,0.5859,0.3071,0.0454,2.7759,0.0954,3.8097,161,0.2071
phone-android,tiny,1971,close_choice,rejected,invalid_choice,0,0.6114,0.3138,0.0466,3.1015,0.1008,4.1741,167,0.2072
phone-android,tiny,1972,move,accepted,moved,1,0.6640,0.3308,0.0504,3.9410,0.1089,5.0951,191,0.2080
phone-android,tiny,1973,look,accepted,observed,0,0.6006,0.3014,0.0432,3.5827,0.3100,4.8379,161,0.2619
phone-android,tiny,1974,activate,rejected,not_eligible,0,0.6319,0.3240,0.0478,3.1622,0.0963,4.2621,165,0.2099
phone-android,tiny,1975,move,accepted,moved,1,0.5863,0.3236,0.0513,3.8897,0.1035,4.9544,189,0.2062
phone-android,tiny,1976,move,accepted,moved,1,0.5777,0.3188,0.0487,3.5290,0.1052,4.5793,191,0.2066
phone-android,tiny,1977,move,accepted,moved,1,0.5685,0.3212,0.0509,3.9489,0.1058,4.9953,189,0.2068
phone-android,tiny,1978,move,accepted,moved,1,0.5856,0.3321,0.0516,4.0285,0.1086,5.1065,191,0.2089
phone-android,tiny,1979,drop,replayed,dropped,0,0.9426,0.2661,0.0017,0.0004,0.0317,1.2425,0,0.2045
phone-android,tiny,1980,move,accepted,moved,1,0.4769,0.3065,0.0493,4.0840,0.1039,5.0206,187,0.2081
phone-android,tiny,1981,look,accepted,observed,0,0.6731,0.3163,0.0446,3.5316,0.1046,4.6701,161,0.2118
phone-android,tiny,1982,move,accepted,moved,1,0.6309,0.3310,0.0498,4.0170,0.1065,5.1352,191,0.2092
phone-android,tiny,1983,look,accepted,observed,0,0.6256,0.3045,0.0448,2.7041,0.0988,3.7778,161,0.2092
phone-android,tiny,1984,drop,replayed,dropped,0,0.8595,0.2621,0.0015,0.0006,0.0310,1.1546,0,0.1889
phone-android,tiny,1985,look,accepted,observed,0,0.4721,0.2737,0.0434,2.7252,0.0952,3.6096,161,0.2055
phone-android,tiny,1986,move,accepted,moved,1,0.5772,0.3822,0.0487,3.6848,0.1073,4.8003,187,0.2090
phone-android,tiny,1987,take,accepted,taken,1,0.5745,0.3078,0.0510,6.9322,0.1138,7.9793,189,1.4774
phone-android,tiny,1988,look,accepted,observed,0,0.6889,0.3210,0.0461,2.8296,0.1004,3.9860,161,0.2110
phone-android,tiny,1989,move,accepted,moved,1,0.6159,0.3288,0.0528,3.8566,0.1355,4.9896,189,0.2055
phone-android,tiny,1990,move,accepted,moved,1,0.5765,0.3202,0.0496,4.0831,0.1022,5.1316,187,0.2056
phone-android,tiny,1991,look,accepted,observed,0,0.5861,0.3560,0.0461,2.8671,0.0974,3.9527,161,0.2490
phone-android,tiny,1992,move,accepted,moved,1,0.6084,0.3288,0.0498,3.9869,0.1097,5.0837,189,0.2072
phone-android,tiny,1993,move,accepted,moved,1,0.6096,0.3238,0.0498,3.9165,0.1099,5.0095,187,0.2097
phone-android,tiny,1994,look,accepted,observed,0,0.6083,0.3166,0.0461,2.8413,0.0976,3.9098,161,0.2097
phone-android,tiny,1995,look,accepted,observed,0,0.6045,0.3019,0.0463,2.9235,0.0973,3.9734,161,0.2094
phone-android,tiny,1996,wait,rejected,invalid_time,0,0.7236,0.3391,0.0432,3.0380,0.1004,4.2444,165,0.2089
phone-android,tiny,1997,look,accepted,observed,0,0.6210,0.3068,0.0451,2.8195,0.0958,3.8883,161,0.2059
phone-android,tiny,1998,wait,rejected,invalid_time,0,0.5970,0.3237,0.0433,3.2520,0.1045,4.3205,165,0.2054
phone-android,tiny,1999,talk,rejected,not_eligible,0,0.6889,0.3135,0.0444,3.1273,0.1017,4.2758,165,0.2160
phone-android,tiny,2000,move,accepted,moved,1,0.6330,0.3386,0.0502,4.5894,0.1094,5.7207,189,0.2056
phone-android,tiny,2001,look,accepted,observed,0,0.6183,0.3017,0.0446,2.6606,0.0901,3.7153,161,0.2102
phone-android,tiny,2002,move,accepted,moved,1,0.5995,0.3257,0.0494,4.2233,0.1081,5.3060,187,0.2062
phone-android,tiny,2003,move,accepted,moved,1,0.7051,0.3296,0.0500,3.9216,0.1041,5.1103,191,0.2055
phone-android,tiny,2004,move,accepted,moved,1,0.6040,0.3248,0.0493,3.9988,0.1109,5.0878,189,0.2071
phone-android,tiny,2005,wait,accepted,waited,1,0.6377,0.3341,0.0482,3.8433,0.1078,4.9711,185,0.2083
phone-android,tiny,2006,close_choice,rejected,invalid_choice,0,0.6179,0.3618,0.0473,3.2401,0.1002,4.3673,167,0.2065
phone-android,tiny,2007,move,accepted,moved,1,0.6047,0.3256,0.0498,3.7209,0.1091,4.8102,191,0.2069
phone-android,tiny,2008,activate,rejected,not_eligible,0,0.6018,0.3069,0.0797,2.7582,0.0943,3.8410,165,0.2058
phone-android,tiny,2009,move,accepted,moved,1,0.6364,0.3279,0.0484,3.7852,0.1107,4.9085,187,0.2065
phone-android,tiny,2010,move,rejected,exit_unavailable,0,0.6243,0.3223,0.0459,2.7276,0.1007,3.8208,169,0.2085
phone-android,tiny,2011,move,accepted,moved,1,0.6302,0.4024,0.0533,3.8762,0.1078,5.0699,189,0.2219
phone-android,tiny,2012,look,accepted,observed,0,0.6086,0.3246,0.0476,2.6587,0.0949,3.7344,161,0.2065
phone-android,tiny,2013,wait,rejected,invalid_time,0,0.5950,0.3078,0.0418,2.7649,0.0990,3.8084,165,0.2071
phone-android,tiny,2014,move,accepted,moved,1,0.6467,0.3412,0.0499,14.8491,0.1114,15.9983,187,0.2044
phone-android,tiny,2015,look,accepted,observed,0,0.6459,0.3458,0.0474,2.8451,0.1029,3.9872,161,0.2085
phone-android,tiny,2016,wait,rejected,invalid_time,0,0.6421,0.3224,0.0426,3.0419,0.1009,4.1499,165,0.2091
phone-android,tiny,2017,drop,accepted,dropped,1,0.6067,0.3123,0.0500,4.3493,0.1493,5.4676,194,0.2477
phone-android,tiny,2018,take,accepted,taken,1,0.6302,0.3427,0.0564,4.6266,0.1953,5.8511,189,0.6201
phone-android,tiny,2019,look,accepted,observed,0,0.6281,0.2981,0.0436,2.8474,0.0966,3.9139,161,0.2052
phone-android,tiny,2020,move,accepted,moved,1,0.6078,0.3266,0.0492,3.9124,0.1102,5.0061,189,0.2056
phone-android,tiny,2021,activate,rejected,not_eligible,0,0.6830,0.3178,0.0458,2.7926,0.1086,3.9478,165,0.2055
phone-android,tiny,2022,look,accepted,observed,0,0.6111,0.3065,0.0437,3.2527,0.1001,4.3141,161,0.2069
phone-android,tiny,2023,look,accepted,observed,0,0.5898,0.2970,0.0443,3.2397,0.1010,4.2718,161,0.2063
phone-android,tiny,2024,look,accepted,observed,0,0.6506,0.3098,0.0434,3.5419,0.1054,4.6510,161,0.2054
phone-android,tiny,2025,move,accepted,moved,1,0.6128,0.3217,0.0494,4.2049,0.1148,5.3036,187,0.2153
phone-android,tiny,2026,choose,rejected,stale_view,0,0.6036,0.3142,0.0419,2.7654,0.0886,3.8138,163,0.2091
phone-android,tiny,2027,look,accepted,observed,0,0.5579,0.2964,0.0420,2.7024,0.0938,3.6924,161,0.2101
phone-android,tiny,2028,move,accepted,moved,1,0.5712,0.3224,0.0481,4.0437,0.1066,5.0921,189,0.2061
phone-android,tiny,2029,drop,accepted,dropped,1,0.5924,0.3133,0.0489,4.1558,0.1035,5.2139,196,0.2105
phone-android,tiny,2030,move,accepted,moved,1,0.6836,0.3346,0.0515,3.8814,0.1069,5.0580,187,0.2047
phone-android,tiny,2031,look,accepted,observed,0,0.5924,0.3006,0.0447,2.7037,0.0944,3.7360,161,0.2065
phone-android,tiny,2032,take,rejected,not_present,0,0.5806,0.3461,0.0463,3.0077,0.0958,4.0764,164,0.2723
phone-android,tiny,2033,activate,rejected,not_eligible,0,0.6223,0.3131,0.0439,3.1866,0.1023,4.2683,165,0.2238
phone-android,tiny,2034,move,accepted,moved,1,0.6416,0.3530,0.0553,4.2531,0.1114,5.4144,189,0.2208
phone-android,tiny,2035,move,accepted,moved,1,0.6326,0.3413,0.0557,4.0233,0.1078,5.1607,187,0.2236
phone-android,tiny,2036,wait,rejected,invalid_time,0,0.6983,0.3574,0.0475,2.7363,0.1235,3.9630,165,0.2243
phone-android,tiny,2037,move,accepted,moved,1,0.6056,0.3463,0.0535,3.7733,0.1059,4.8845,191,0.2107
phone-android,tiny,2038,move,accepted,moved,1,0.5876,0.3247,0.0492,4.2895,0.1115,5.3624,187,0.2072
phone-android,tiny,2039,look,accepted,observed,0,0.6201,0.3086,0.0431,2.9874,0.1015,4.0606,161,0.2070
phone-android,tiny,2040,move,accepted,moved,1,0.6210,0.3367,0.0911,3.9735,0.1093,5.1317,189,0.2049
phone-android,tiny,2041,move,accepted,moved,1,0.5878,0.3266,0.0512,4.2484,0.1122,5.3261,187,0.2058
phone-android,tiny,2042,look,accepted,observed,0,0.6717,0.3195,0.0457,3.8297,0.1033,4.9699,161,0.2069
phone-android,tiny,2043,move,accepted,moved,1,0.6447,0.3358,0.0504,5.3989,0.1135,6.5434,191,1.7484
phone-android,tiny,2044,move,accepted,moved,1,0.6645,0.3381,0.0506,4.3541,0.1095,5.5168,187,0.2315
phone-android,tiny,2045,move,accepted,moved,1,0.7180,0.3666,0.0584,4.1559,0.1137,5.4126,191,0.2340
phone-android,tiny,2046,look,accepted,observed,0,0.6409,0.3366,0.0487,2.9310,0.0973,4.0546,161,0.2333
phone-android,tiny,2047,move,accepted,moved,1,0.7434,0.3778,0.0565,4.1863,0.1172,5.4811,189,0.2373
phone-android,tiny,2048,look,accepted,observed,0,0.6633,0.4690,0.0507,5.8417,0.0929,7.1176,161,0.2115
phone-android,tiny,2049,look,accepted,observed,0,0.6438,0.3047,0.0452,2.9365,0.0944,4.0246,161,0.2070
phone-android,tiny,2050,take,rejected,not_present,0,0.5902,0.2981,0.0444,2.7270,0.0936,3.7533,164,0.2081
phone-android,tiny,2051,move,accepted,moved,1,0.6080,0.3274,0.0518,4.3466,0.1116,5.4453,191,0.2097
phone-android,tiny,2052,talk,rejected,not_eligible,0,0.6258,0.3219,0.0460,2.7491,0.0962,3.8390,165,0.2057
phone-android,tiny,2053,move,rejected,exit_unavailable,0,1.8334,0.3686,0.0460,3.2314,0.0987,5.5781,169,0.2089
phone-android,tiny,2054,look,accepted,observed,0,0.5946,0.3022,0.0418,4.3892,0.0907,5.4185,161,0.2082
phone-android,tiny,2055,look,accepted,observed,0,0.6153,0.3086,0.0440,2.7636,0.0912,3.8227,161,0.2091
phone-android,tiny,2056,move,accepted,moved,1,0.5722,0.3231,0.0493,3.9999,0.1046,5.0492,187,0.2059
phone-android,tiny,2057,move,accepted,moved,1,0.5806,0.3860,0.0522,3.6784,0.1073,4.8045,191,0.2053
phone-android,tiny,2058,look,accepted,observed,0,0.5905,0.3033,0.0437,2.8331,0.0971,3.8678,161,0.2089
phone-android,tiny,2059,talk,rejected,not_eligible,0,0.5932,0.3124,0.0454,2.7274,0.0967,3.7752,165,0.2084
phone-android,tiny,2060,look,accepted,observed,0,0.6055,0.3784,0.0465,2.7901,0.0954,3.9159,161,0.2765
phone-android,tiny,2061,drop,replayed,dropped,0,0.8726,0.2676,0.0019,0.0004,0.0316,1.1742,0,0.1882
phone-android,tiny,2062,move,rejected,exit_unavailable,0,0.4450,0.2910,0.0445,2.7406,0.0986,3.6197,169,0.2089
phone-android,tiny,2063,talk,rejected,not_eligible,0,0.5855,0.3079,0.0463,2.7787,0.0973,3.8156,165,0.2083
phone-android,tiny,2064,look,accepted,observed,0,0.6858,0.3134,0.0452,2.7735,0.1004,3.9183,161,0.2076
phone-android,tiny,2065,move,accepted,moved,1,0.6035,0.3255,0.0487,4.1603,0.1081,5.2461,189,0.2098
phone-android,tiny,2066,move,rejected,exit_unavailable,0,0.6369,0.3399,0.0446,2.9167,0.1001,4.0382,169,0.2076
phone-android,tiny,2067,activate,rejected,not_eligible,0,0.6020,0.3097,0.0435,3.6453,0.1003,4.7008,165,0.2093
phone-android,tiny,2068,move,accepted,moved,1,0.6053,0.3293,0.0503,3.9702,0.1094,5.0645,191,0.2094
phone-android,tiny,2069,choose,rejected,invalid_choice,0,0.5913,0.3349,0.0442,3.0088,0.0992,4.0784,167,0.2069
phone-android,tiny,2070,move,accepted,moved,1,0.5965,0.3268,0.0522,3.8626,0.1093,4.9474,187,0.2088
phone-android,tiny,2071,take,rejected,not_present,0,0.6141,0.3080,0.0446,2.8252,0.0971,3.8890,164,0.2064
phone-android,tiny,2072,wait,rejected,invalid_time,0,0.5942,0.3137,0.0435,2.6223,0.0980,3.6717,165,0.2119
phone-android,tiny,2073,look,accepted,observed,0,0.6224,0.3157,0.0447,3.1043,0.1005,4.1875,161,0.2073
phone-android,tiny,2074,look,accepted,observed,0,0.6815,0.3188,0.0451,2.9586,0.1015,4.1054,161,0.2066
phone-android,tiny,2075,move,accepted,moved,1,0.5964,0.3235,0.0514,4.3291,0.1104,5.4108,191,0.2057
phone-android,tiny,2076,move,accepted,moved,1,0.6165,0.3329,0.0505,4.0718,0.1106,5.1823,187,0.2066
phone-android,tiny,2077,look,accepted,observed,0,0.5895,0.3001,0.0427,2.8010,0.0933,3.8266,161,0.2095
phone-android,tiny,2078,move,accepted,moved,1,0.6557,0.3402,0.0519,3.8688,0.1085,5.0250,189,0.2073
phone-android,tiny,2079,talk,rejected,not_eligible,0,0.6035,0.3120,0.0462,2.8559,0.0990,3.9166,165,0.2085
phone-android,tiny,2080,look,accepted,observed,0,0.5869,0.3323,0.0458,4.0588,0.1052,5.1290,161,0.2220
phone-android,tiny,2081,look,accepted,observed,0,0.6166,0.3246,0.0491,2.7829,0.1016,3.8747,161,0.2223
phone-android,tiny,2082,wait,rejected,invalid_time,0,0.6019,0.3395,0.0468,3.3274,0.1051,4.4208,165,0.2845
phone-android,tiny,2083,talk,rejected,not_eligible,0,0.6301,0.3243,0.0472,3.4059,0.1000,4.5074,165,0.2070
phone-android,tiny,2084,move,accepted,moved,1,0.6039,0.3271,0.0515,4.1822,0.1084,5.2732,187,0.2067
phone-android,tiny,2085,activate,rejected,not_eligible,0,0.6184,0.3157,0.0439,2.8611,0.1010,3.9402,165,0.2067
phone-android,tiny,2086,talk,rejected,not_eligible,0,0.6266,0.3136,0.0453,2.9605,0.1078,4.0538,165,0.2084
phone-android,tiny,2087,wait,rejected,invalid_time,0,0.6009,0.3703,0.0420,2.7075,0.0995,3.8202,165,0.2384
phone-android,tiny,2088,move,accepted,moved,1,0.6147,0.3225,0.0493,3.7320,0.1101,4.8286,191,0.2092
phone-android,tiny,2089,look,accepted,observed,0,0.6108,0.2965,0.0448,3.2521,0.1005,4.3047,161,0.2083
phone-android,tiny,2090,wait,rejected,invalid_time,0,0.6430,0.3232,0.0420,2.8717,0.0919,3.9718,165,0.2196
phone-android,tiny,2091,wait,rejected,invalid_time,0,0.6290,0.3153,0.0442,3.6641,0.1582,4.8107,165,0.4676
phone-android,tiny,2092,activate,rejected,not_eligible,0,0.7816,0.3391,0.0506,3.1810,0.1049,4.4573,165,0.2230
phone-android,tiny,2093,look,accepted,observed,0,0.6532,0.3267,0.0474,2.9840,0.1052,4.1166,161,0.2237
phone-android,tiny,2094,take,rejected,not_present,0,0.6357,0.3772,0.0508,3.2929,0.1072,4.4639,164,0.2070
phone-android,tiny,2095,look,accepted,observed,0,0.6231,0.3036,0.0433,3.0630,0.1001,4.1331,161,0.2152
phone-android,tiny,2096,wait,rejected,invalid_time,0,0.6084,0.3158,0.0432,3.0486,0.1004,4.1165,165,0.2089
phone-android,tiny,2097,look,accepted,observed,0,0.7077,0.3097,0.0436,2.8354,0.1132,4.0097,161,0.2089
phone-android,tiny,2098,take,rejected,not_present,0,0.6057,0.3008,0.0449,3.1989,0.1736,4.3239,164,0.4902
phone-android,tiny,2099,activate,rejected,not_eligible,0,1.0336,0.5339,0.0489,3.2457,0.1488,5.0109,165,0.4692
phone-android,tiny,2100,move,accepted,moved,1,0.7204,0.3340,0.0498,6.0256,0.1051,7.2349,187,0.2080
phone-android,tiny,2101,look,accepted,observed,0,0.5684,0.3072,0.0433,2.7242,0.0939,3.7369,161,0.2055
phone-android,tiny,2102,move,rejected,exit_unavailable,0,0.5553,0.3911,0.0448,3.1253,0.1009,4.2173,169,0.2138
phone-android,tiny,2103,move,accepted,moved,1,0.6489,0.3223,0.0511,4.7476,0.1160,5.8859,191,0.2647
phone-android,tiny,2104,talk,rejected,not_eligible,0,0.6417,0.3408,0.0497,3.3182,0.1054,4.4559,165,0.2330
phone-android,tiny,2105,move,accepted,moved,1,0.6330,0.3555,0.0554,4.7621,0.1080,5.9140,187,0.2358
phone-android,tiny,2106,move,accepted,moved,1,0.6272,0.3663,0.0585,4.4527,0.1098,5.6145,191,0.2440
phone-android,tiny,2107,move,accepted,moved,1,0.5882,0.3457,0.0546,4.1236,0.1093,5.2214,187,0.2314
phone-android,tiny,2108,look,accepted,observed,0,0.6395,0.3498,0.0492,2.7434,0.1310,3.9130,161,0.2339
phone-android,tiny,2109,move,accepted,moved,1,0.5887,0.3600,0.0543,3.8859,0.1027,4.9916,191,0.2451
phone-android,tiny,2110,talk,rejected,not_eligible,0,0.5530,0.4327,0.0615,3.3556,0.0780,4.4807,165,0.2186
phone-android,tiny,2111,activate,rejected,not_eligible,0,0.5786,0.3135,0.0447,3.6315,0.0907,4.6590,165,0.2276
phone-android,tiny,2112,look,accepted,observed,0,0.6820,0.3445,0.0959,3.1876,0.1551,4.4651,161,0.2429
phone-android,tiny,2113,look,accepted,observed,0,0.7210,0.3458,0.0475,4.0295,0.0862,5.2300,161,0.2291
phone-android,tiny,2114,move,accepted,moved,1,0.6298,0.4088,0.0522,4.5004,0.1187,5.7099,189,0.2223
phone-android,tiny,2115,look,accepted,observed,0,0.6954,0.3365,0.0465,4.3851,0.0967,5.5601,161,0.2218
phone-android,tiny,2116,move,accepted,moved,1,0.6619,0.3716,0.0522,4.9760,0.1036,6.1654,191,0.2385
phone-android,tiny,2117,look,accepted,observed,0,0.6222,0.3437,0.0464,3.2644,0.0885,4.3652,161,0.2287
phone-android,tiny,2118,move,rejected,exit_unavailable,0,0.5811,0.4307,0.0472,3.8246,0.0974,4.9810,169,0.2335
phone-android,tiny,2119,look,accepted,observed,0,0.6907,0.3458,0.0482,3.6612,0.0909,4.8368,161,0.2212
phone-android,tiny,2120,look,accepted,observed,0,0.7314,0.3621,0.0486,3.8083,0.0873,5.0377,161,0.2344
phone-android,tiny,2121,look,accepted,observed,0,0.6612,0.3463,0.0484,4.0504,0.0993,5.2057,161,0.2442
phone-android,tiny,2122,look,accepted,observed,0,0.7253,0.3599,0.0464,4.1396,0.0883,5.3596,161,0.2193
phone-android,tiny,2123,look,accepted,observed,0,0.7455,0.3358,0.0470,3.4929,0.1093,4.7305,161,0.2397
phone-android,tiny,2124,move,accepted,moved,1,0.7170,0.3824,1.7768,5.4946,0.1268,8.4977,189,0.3019
phone-android,tiny,2125,wait,rejected,invalid_time,0,0.7053,0.3488,0.0434,4.8592,0.1101,6.0668,165,0.2309
phone-android,tiny,2126,move,rejected,exit_unavailable,0,0.7080,0.3412,0.0461,3.8764,0.1020,5.0736,169,0.2163
phone-android,tiny,2127,move,rejected,exit_unavailable,0,0.7444,0.3780,0.0479,4.4778,0.0897,5.7378,169,0.2293
phone-android,tiny,2128,look,accepted,observed,0,0.6819,0.3461,0.0458,3.7932,0.0860,4.9531,161,0.2703
phone-android,tiny,2129,look,accepted,observed,0,0.6714,0.3526,0.0469,3.4238,0.0831,4.5778,161,0.2253
phone-android,tiny,2130,activate,rejected,not_eligible,0,0.5883,0.3458,0.0480,3.9629,0.0905,5.0355,165,0.2256
phone-android,tiny,2131,move,accepted,moved,1,0.6662,0.3701,0.0508,4.5456,0.1104,5.7430,191,0.2290
phone-android,tiny,2132,move,accepted,moved,1,0.7116,0.3940,0.0548,5.0379,0.1296,6.3279,189,0.2353
phone-android,tiny,2133,move,accepted,moved,1,0.8330,0.3774,0.0547,4.5007,0.1076,5.8734,191,0.2305
phone-android,tiny,2134,move,accepted,moved,1,0.7214,0.3740,0.0542,4.3827,0.1024,5.6347,189,0.2322
phone-android,tiny,2135,look,accepted,observed,0,0.6130,0.3430,0.0496,4.4272,0.1020,5.5349,161,0.2353
phone-android,tiny,2136,wait,rejected,invalid_time,0,0.6722,0.3522,0.0467,3.9715,0.0843,5.1270,165,0.2515
phone-android,tiny,2137,wait,rejected,invalid_time,0,0.7143,0.3769,0.0473,4.1143,0.0962,5.3490,165,0.2331
phone-android,tiny,2138,move,accepted,moved,1,0.6842,0.4945,0.0549,5.8070,0.1111,7.1518,191,0.2280
phone-android,tiny,2139,look,accepted,observed,0,0.6718,0.3451,0.0478,3.7293,0.0832,4.8771,161,0.2244
phone-android,tiny,2140,look,accepted,observed,0,0.5508,0.3373,0.0468,3.4505,0.1059,4.4914,161,0.2823
phone-android,tiny,2141,take,rejected,not_present,0,0.7640,0.3556,0.0493,3.4696,0.0916,4.7301,164,0.2275
phone-android,tiny,2142,move,accepted,moved,1,0.6525,0.3800,0.0568,4.5531,0.1135,5.7559,187,0.2196
phone-android,tiny,2143,move,accepted,moved,1,0.7135,0.3741,0.0531,4.4115,0.1269,5.6790,189,0.2307
phone-android,tiny,2144,look,accepted,observed,0,0.7138,0.3475,0.0487,3.7626,0.0941,4.9666,161,0.2302
phone-android,tiny,2145,choose,rejected,invalid_choice,0,0.7341,0.3747,0.0480,3.4889,0.0924,4.7381,167,0.2330
phone-android,tiny,2146,look,accepted,observed,0,0.6846,0.3569,0.0469,3.6231,0.0976,4.8091,161,0.2321
phone-android,tiny,2147,move,accepted,moved,1,0.7161,0.3929,0.0558,4.5915,0.1118,5.8681,187,0.2220
phone-android,tiny,2148,look,accepted,observed,0,0.6785,0.3977,0.0480,3.2595,0.0758,4.4595,161,0.2251
phone-android,tiny,2149,drop,replayed,dropped,0,0.9369,0.2798,0.0018,0.0008,0.0313,1.2506,0,0.1924
phone-android,tiny,2150,move,accepted,moved,1,0.3821,0.3010,0.0526,4.4527,0.1052,5.2935,191,0.2213
phone-android,tiny,2151,close_choice,rejected,invalid_choice,0,0.6326,0.3403,0.0458,3.7937,0.0976,4.9100,167,0.2304
phone-android,tiny,2152,move,accepted,moved,1,0.7608,0.3643,0.0552,4.6795,0.1117,5.9715,187,0.2299
phone-android,tiny,2153,look,accepted,observed,0,0.6696,0.4266,0.0475,3.6666,0.0844,4.8947,161,0.2295
phone-android,tiny,2154,move,accepted,moved,1,0.6171,0.3475,0.0517,4.4944,0.1010,5.6118,191,0.2220
phone-android,tiny,2155,take,rejected,not_present,0,0.6143,0.3375,0.0498,3.5562,0.0854,4.6432,164,0.2219
phone-android,tiny,2156,take,rejected,not_present,0,0.5842,0.3369,0.0469,3.3206,0.0812,4.3698,164,0.3005
phone-android,tiny,2157,talk,rejected,not_eligible,0,0.5959,0.3303,0.0488,3.2464,0.0989,4.3203,165,0.2258
phone-android,tiny,2158,move,accepted,moved,1,0.7031,0.3711,0.0551,5.4537,0.1145,6.6974,189,0.2356
phone-android,tiny,2159,move,accepted,moved,1,0.6286,0.3712,0.0501,5.5442,0.1240,6.7181,191,0.2258
phone-android,tiny,2160,move,accepted,moved,1,0.7060,0.4120,0.0559,4.6628,0.1186,5.9553,187,0.2348
phone-android,tiny,2161,look,accepted,observed,0,0.7417,0.3588,0.0488,3.9297,0.1061,5.1851,161,0.2344
phone-android,tiny,2162,look,accepted,observed,0,0.6943,0.3503,0.0491,3.4511,0.0827,4.6274,161,0.2104
phone-android,tiny,2163,look,accepted,observed,0,0.6407,0.3923,0.0492,3.5150,0.0848,4.6820,161,0.2290
phone-android,tiny,2164,look,accepted,observed,0,0.6236,0.3325,0.0474,3.7762,0.0904,4.8702,161,0.2264
phone-android,tiny,2165,take,rejected,not_present,0,0.7472,0.3653,0.0501,3.8183,0.0857,5.0666,164,0.2296
phone-android,tiny,2166,wait,rejected,invalid_time,0,0.6358,0.3457,0.0451,3.4609,0.0933,4.5808,165,0.2290
phone-android,tiny,2167,move,accepted,moved,1,0.7761,0.3828,0.0549,5.1911,0.1071,6.5120,191,0.2348
phone-android,tiny,2168,talk,rejected,not_eligible,0,0.7196,0.3531,0.0489,3.4183,0.0934,4.6333,165,0.2274
phone-android,tiny,2169,look,accepted,observed,0,0.6519,0.3307,0.0471,3.4856,0.0943,4.6096,161,0.2177
phone-android,tiny,2170,look,accepted,observed,0,0.7720,0.3414,0.0455,3.7631,0.0858,5.0079,161,0.2304
phone-android,tiny,2171,move,accepted,moved,1,0.6334,0.3636,0.0531,4.8249,0.1158,5.9908,187,0.2331
phone-android,tiny,2172,look,accepted,observed,0,0.6568,0.3439,0.0474,4.0721,0.1175,5.2377,161,0.2372
phone-android,tiny,2173,look,accepted,observed,0,0.6578,0.3485,0.0467,3.6111,0.0852,4.7494,161,0.2212
phone-android,tiny,2174,move,accepted,moved,1,0.6297,0.3539,0.0521,4.3966,0.1078,5.5401,189,0.2276
phone-android,tiny,2175,look,accepted,observed,0,0.6243,0.3498,0.0471,3.7871,0.0900,4.8984,161,0.2284
phone-android,tiny,2176,take,accepted,taken,1,0.6984,0.3555,0.0550,4.2865,0.0982,5.4936,189,0.2212
phone-android,tiny,2177,look,accepted,observed,0,0.5669,0.3723,0.0602,3.7330,0.0749,4.8074,161,0.2108
phone-android,tiny,2178,look,accepted,observed,0,0.6132,0.3330,0.0463,3.3170,0.1030,4.4124,161,0.2319
phone-android,tiny,2179,look,accepted,observed,0,0.6734,0.3998,0.0624,3.8791,0.0894,5.1041,161,0.2265
phone-android,tiny,2180,move,rejected,exit_unavailable,0,0.6566,0.3656,0.0472,3.6208,0.0862,4.7764,169,0.2158
phone-android,tiny,2181,move,accepted,moved,1,0.7383,0.3623,0.0530,4.7080,0.1202,5.9817,187,0.2319
phone-android,tiny,2182,choose,rejected,invalid_choice,0,0.6984,0.4328,0.0491,3.9344,0.0822,5.1968,167,0.2330
phone-android,tiny,2183,look,accepted,observed,0,0.6310,0.3454,0.0480,3.5098,0.0827,4.6170,161,0.2291
phone-android,tiny,2184,move,accepted,moved,1,0.7001,0.3592,0.0536,4.8595,0.1164,6.0889,191,0.2200
phone-android,tiny,2185,drop,accepted,dropped,1,0.8102,0.3598,0.0542,4.3609,0.1000,5.6851,198,0.2334
phone-android,tiny,2186,move,accepted,moved,1,0.5888,0.3708,0.0535,4.8556,0.1026,5.9713,187,0.2280
phone-android,tiny,2187,look,accepted,observed,0,0.5939,0.3217,0.0453,3.3121,0.0901,4.3631,161,0.2195
phone-android,tiny,2188,move,accepted,moved,1,0.7172,0.3567,0.0540,4.3285,0.1099,5.5663,189,0.2377
phone-android,tiny,2189,move,accepted,moved,1,0.6417,0.4848,0.0563,5.3663,0.1140,6.6631,187,0.2304
phone-android,tiny,2190,look,accepted,observed,0,0.6903,0.3544,0.0492,3.4335,0.0815,4.6090,161,0.2264
phone-android,tiny,2191,talk,rejected,not_eligible,0,0.5769,0.3334,0.0465,3.5503,0.0823,4.5895,165,0.2290
phone-android,tiny,2192,talk,rejected,not_eligible,0,0.7054,0.3485,0.0482,3.4371,0.0803,4.6194,165,1.8886
phone-android,tiny,2193,drop,replayed,dropped,0,1.2843,0.2936,0.0019,0.0008,0.0332,1.6138,0,0.1971
phone-android,tiny,2194,move,accepted,moved,1,0.4506,0.3071,0.0541,4.8892,0.1132,5.8142,189,0.2319
phone-android,tiny,2195,talk,rejected,not_eligible,0,0.6515,0.3489,0.0453,3.6269,0.0923,4.7649,165,0.2160
phone-android,tiny,2196,look,accepted,observed,0,0.6761,0.3898,0.0494,3.7474,0.1106,4.9734,161,0.2141
phone-android,tiny,2197,look,accepted,observed,0,0.7196,0.3291,0.0465,3.4476,0.1065,4.6492,161,0.2176
phone-android,tiny,2198,talk,rejected,not_eligible,0,0.7384,0.3330,0.0454,3.3949,0.0973,4.6092,165,0.2265
phone-android,tiny,2199,look,accepted,observed,0,0.6510,0.3264,0.0452,3.7616,0.0898,4.8740,161,0.2255
phone-android,tiny,2200,move,accepted,moved,1,0.6711,0.3833,0.0554,4.6857,0.1156,5.9110,187,0.2345
phone-android,tiny,2201,look,accepted,observed,0,0.6466,0.4008,0.0464,4.1857,0.0922,5.3718,161,0.2315
phone-android,tiny,2202,move,rejected,exit_unavailable,0,0.6819,0.3586,0.0483,3.4577,0.0953,4.6418,169,0.2192
phone-android,tiny,2203,move,accepted,moved,1,0.7659,0.3953,0.0537,5.0221,0.1117,6.3487,191,0.2193
phone-android,tiny,2204,look,accepted,observed,0,0.7802,0.3416,0.0493,3.7272,0.1024,5.0007,161,0.2326
phone-android,tiny,2205,move,accepted,moved,1,0.6956,0.3609,0.0547,5.3715,0.1211,6.6039,189,0.2370
phone-android,tiny,2206,look,accepted,observed,0,0.6797,0.3435,0.0487,4.0992,0.0906,5.2617,161,0.2322
phone-android,tiny,2207,move,accepted,moved,1,0.6422,0.3725,0.0511,5.0911,0.1214,6.2783,191,0.2364
phone-android,tiny,2208,look,accepted,observed,0,0.7128,0.3624,0.0496,3.4184,0.1046,4.6479,161,0.2354
phone-android,tiny,2209,look,accepted,observed,0,0.7567,0.3618,0.0464,3.9099,0.0907,5.1655,161,0.2268
phone-android,tiny,2210,look,accepted,observed,0,0.6331,0.3381,0.0441,3.1507,0.0861,4.2521,161,0.2263
phone-android,tiny,2211,move,accepted,moved,1,0.6622,0.3539,0.0544,4.5964,0.1118,5.7786,187,0.2313
phone-android,tiny,2212,look,accepted,observed,0,0.6583,0.3506,0.0482,3.2520,0.0831,4.3922,161,0.2796
phone-android,tiny,2213,talk,rejected,not_eligible,0,0.5874,0.3231,0.0445,3.5755,0.0868,4.6174,165,0.2295
phone-android,tiny,2214,move,accepted,moved,1,0.6172,0.3614,0.0529,4.9101,0.1199,6.0615,189,0.2311
phone-android,tiny,2215,look,accepted,observed,0,0.6859,0.3551,0.0483,3.7853,0.1230,4.9976,161,0.2203
phone-android,tiny,2216,activate,rejected,not_eligible,0,0.6294,0.3399,0.0469,3.4721,0.0716,4.5599,165,0.2101
phone-android,tiny,2217,look,accepted,observed,0,0.5820,0.3469,0.0467,3.9310,0.0954,5.0020,161,0.2160
phone-android,tiny,2218,talk,rejected,not_eligible,0,0.7504,0.3546,0.0545,3.5791,0.0851,4.8238,165,0.2233
phone-android,tiny,2219,wait,accepted,waited,1,0.6507,0.4427,0.0542,4.5422,0.1106,5.8004,185,0.2365
phone-android,tiny,2220,activate,rejected,not_eligible,0,0.6530,0.3540,0.0495,3.3845,0.0809,4.5218,165,0.2192
phone-android,tiny,2221,choose,rejected,stale_view,0,0.6891,0.3512,0.0467,3.3626,0.0864,4.5360,163,0.2313
phone-android,tiny,2222,look,accepted,observed,0,0.5828,0.3227,0.0460,3.1430,0.0957,4.1902,161,0.2333
phone-android,tiny,2223,look,accepted,observed,0,0.7157,0.3431,0.0466,3.9489,0.0813,5.1355,161,0.2181
phone-android,tiny,2224,talk,rejected,not_eligible,0,0.6043,0.3480,0.0509,3.6894,0.0917,4.7843,165,0.2772
phone-android,tiny,2225,move,accepted,moved,1,0.6718,0.3765,0.0536,4.3563,0.1129,5.5711,187,0.2185
phone-android,tiny,2226,look,accepted,observed,0,0.7625,0.3392,0.0447,3.8821,0.0993,5.1278,161,0.2226
phone-android,tiny,2227,move,accepted,moved,1,1.0614,0.4062,0.0564,4.5787,0.1067,6.2095,191,0.2265
phone-android,tiny,2228,look,accepted,observed,0,0.5923,0.3294,0.0467,3.4414,0.0867,4.4965,161,0.2303
phone-android,tiny,2229,look,accepted,observed,0,0.6627,0.3412,0.0481,3.3550,0.1225,4.5295,161,0.2339
phone-android,tiny,2230,take,accepted,taken,1,0.6130,0.3455,0.0544,4.4191,0.1529,5.5849,189,0.2221
phone-android,tiny,2231,talk,rejected,not_eligible,0,0.6510,0.3410,0.0467,3.0967,0.0791,4.2145,165,0.2296
phone-android,tiny,2232,wait,rejected,invalid_time,0,0.5630,0.3431,0.0479,3.3181,0.0838,4.3559,165,0.2236
phone-android,tiny,2233,close_choice,rejected,invalid_choice,0,0.6359,0.3511,0.0456,3.2561,0.0876,4.3764,167,0.2277
phone-android,tiny,2234,move,accepted,moved,1,0.6347,0.3539,0.0511,5.2622,0.1184,6.4203,189,0.2355
phone-android,tiny,2235,wait,rejected,invalid_time,0,0.6628,0.3596,0.0448,3.2378,0.0768,4.3818,165,0.2198
phone-android,tiny,2236,wait,rejected,invalid_time,0,0.5794,0.3989,0.0445,3.3323,0.0859,4.4410,165,0.2152
phone-android,tiny,2237,move,accepted,moved,1,0.6958,0.3516,0.0526,4.5505,0.1125,5.7630,191,0.2387
phone-android,tiny,2238,move,accepted,moved,1,0.6789,0.3710,0.0551,4.5974,0.1072,5.8096,187,0.2233
phone-android,tiny,2239,choose,rejected,invalid_choice,0,0.6495,0.3683,0.0464,3.2973,0.0817,4.4432,167,0.2110
phone-android,tiny,2240,wait,rejected,invalid_time,0,0.6772,0.3492,0.0468,3.3224,0.0876,4.4831,165,0.2314
phone-android,tiny,2241,take,replayed,not_present,0,1.0025,0.2836,0.0018,0.0004,0.0336,1.3219,0,0.2112
phone-android,tiny,2242,drop,accepted,dropped,1,0.4293,0.2955,0.0539,4.3086,0.1055,5.1929,194,0.2338
phone-android,tiny,2243,look,accepted,observed,0,0.6956,0.3471,0.0501,3.9401,0.0918,5.1247,161,0.2272
phone-android,tiny,2244,take,accepted,taken,1,0.6385,0.3414,0.0509,4.4763,0.1113,5.6183,189,0.2313
phone-android,tiny,2245,move,accepted,moved,1,0.6203,0.3732,0.0556,4.7609,0.1131,5.9232,191,0.2349
phone-android,tiny,2246,look,accepted,observed,0,0.7214,0.3486,0.0476,3.5992,0.0974,4.8142,161,0.2336
phone-android,tiny,2247,drop,replayed,dropped,0,1.1208,0.3043,0.0022,0.0012,0.0372,1.4658,0,0.1935
phone-android,tiny,2248,choose,rejected,stale_view,0,0.3791,0.2890,0.0472,3.7446,0.0929,4.5528,163,0.2299
phone-android,tiny,2249,look,accepted,observed,0,0.6194,0.3956,0.0482,3.7177,0.0765,4.8574,161,0.2216
phone-android,tiny,2250,look,accepted,observed,0,0.6082,0.3277,0.0488,3.5869,0.1005,4.6720,161,0.2352
phone-android,tiny,2251,look,accepted,observed,0,0.8008,0.3429,0.0476,3.4272,0.0842,4.7027,161,0.2235
phone-android,tiny,2252,talk,rejected,not_eligible,0,0.6297,0.3453,0.0492,3.3707,0.0899,4.4848,165,0.2251
phone-android,tiny,2253,look,accepted,observed,0,0.6312,0.3946,0.0477,3.5854,0.0748,4.7337,161,0.2107
phone-android,tiny,2254,look,accepted,observed,0,0.6172,0.3349,0.0481,3.9783,0.0948,5.0734,161,0.2345
phone-android,tiny,2255,look,accepted,observed,0,0.7276,0.3482,0.0504,3.8281,0.0951,5.0493,161,0.2319
phone-android,tiny,2256,move,accepted,moved,1,0.6862,0.3829,0.0538,4.9382,0.1313,6.1924,187,0.2153
phone-android,tiny,2257,look,accepted,observed,0,0.7596,0.3419,0.0463,4.1301,0.1262,5.4041,161,0.2316
phone-android,tiny,2258,move,accepted,moved,1,0.7915,0.3814,0.0548,4.8020,0.1044,6.1341,191,0.2164
phone-android,tiny,2259,move,accepted,moved,1,0.6342,0.3645,0.0549,4.6080,0.1157,5.7773,187,0.2362
phone-android,tiny,2260,move,accepted,moved,1,0.6646,0.3630,0.0534,4.2372,0.1052,5.4234,191,0.2274
phone-android,tiny,2261,look,accepted,observed,0,0.6043,0.3928,0.0546,4.4809,0.0919,5.6245,161,1.9979
phone-android,tiny,2262,drop,accepted,dropped,1,0.8467,0.3603,0.0563,4.7983,0.1091,6.1707,198,0.2741
phone-android,tiny,2263,take,accepted,taken,1,0.6429,0.3576,0.0526,4.4623,0.1115,5.6269,189,0.2265
phone-android,tiny,2264,move,accepted,moved,1,0.6974,0.3540,0.0571,4.9365,0.1233,6.1684,187,0.2336
phone-android,tiny,2265,move,accepted,moved,1,0.7794,0.3904,0.0564,4.6854,0.1070,6.0185,189,0.2219
phone-android,tiny,2266,move,accepted,moved,1,0.6194,0.4072,0.0532,4.3504,0.1085,5.5388,187,0.2290
phone-android,tiny,2267,move,accepted,moved,1,0.6383,0.3853,0.0540,26.4503,0.1471,27.6750,191,0.2288
phone-android,tiny,2268,look,accepted,observed,0,0.9181,0.3616,0.0494,3.8358,0.1051,5.2699,161,0.2276
phone-android,tiny,2269,drop,rejected,integrity_conflict,0,1.0765,0.3176,0.0023,0.0003,0.0954,1.4921,0,0.1941
phone-android,tiny,2270,move,accepted,moved,1,0.4880,0.3089,0.0511,5.1794,0.1377,6.1651,189,0.3097
phone-android,tiny,2271,wait,rejected,invalid_time,0,0.7616,0.3616,0.0507,3.7425,0.0862,5.0026,165,0.2453
phone-android,tiny,2272,look,accepted,observed,0,0.6333,0.3566,0.0529,3.1427,0.0811,4.2666,161,0.3105
phone-android,tiny,2273,look,accepted,observed,0,0.6443,0.3305,0.0493,3.5797,0.0890,4.6928,161,0.2492
phone-android,tiny,2274,look,accepted,observed,0,0.6451,0.3599,0.0523,3.8102,0.0945,4.9620,161,0.2304
phone-android,tiny,2275,move,accepted,moved,1,0.6257,0.3708,0.0504,4.5347,0.1180,5.6996,191,0.2230
phone-android,tiny,2276,move,accepted,moved,1,0.7143,0.3507,0.0502,5.2922,0.1052,6.5126,189,0.2786
phone-android,tiny,2277,drop,accepted,dropped,1,0.6639,0.3534,0.0560,4.3245,0.1047,5.5025,196,0.2216
phone-android,tiny,2278,choose,rejected,invalid_choice,0,0.6678,0.3660,0.0508,3.3857,0.0880,4.5583,167,0.2171
phone-android,tiny,2279,move,accepted,moved,1,0.6657,0.3841,0.0536,4.7160,0.1191,5.9385,191,0.2211
phone-android,tiny,2280,move,accepted,moved,1,0.6241,0.3783,0.0507,4.4380,0.1068,5.5979,187,0.2317
phone-android,tiny,2281,look,accepted,observed,0,0.6223,0.3480,0.0482,3.6178,0.0816,4.7180,161,0.2194
phone-android,tiny,2282,activate,rejected,not_eligible,0,0.6282,0.3469,0.0465,3.3539,0.0825,4.4580,165,0.2241
phone-android,tiny,2283,look,accepted,observed,0,0.6217,0.3169,0.0456,3.8783,0.1055,4.9680,161,0.2312
phone-android,tiny,2284,move,accepted,moved,1,0.7213,0.3738,0.0520,5.3119,0.1140,6.5731,191,0.2301
phone-android,tiny,2285,choose,rejected,invalid_choice,0,0.7164,0.3815,0.0477,3.9680,0.0846,5.1981,167,0.2292
phone-android,tiny,2286,look,accepted,observed,0,0.6081,0.3442,0.0462,3.5726,0.0862,4.6572,161,0.2279
phone-android,tiny,2287,look,accepted,observed,0,0.6101,0.3990,0.0452,3.3399,0.0818,4.4759,161,0.2337
phone-android,tiny,2288,move,rejected,exit_unavailable,0,0.6231,0.3426,0.0474,3.8154,0.0879,4.9164,169,0.2287
phone-android,tiny,2289,move,accepted,moved,1,0.7105,0.3938,0.0552,4.5241,0.1056,5.7892,187,0.2246
phone-android,tiny,2290,move,rejected,exit_unavailable,0,0.6379,0.3690,0.0469,3.3042,0.0858,4.4438,169,0.2996
phone-android,tiny,2291,move,accepted,moved,1,0.5914,0.3460,0.0514,4.2408,0.1065,5.3360,191,0.2293
phone-android,tiny,2292,move,accepted,moved,1,0.6829,0.3423,0.0511,5.3962,0.1127,6.5852,187,0.2178
phone-android,tiny,2293,move,accepted,moved,1,0.7514,0.3800,0.0567,4.8024,0.1240,6.1145,189,0.2300
phone-android,tiny,2294,move,accepted,moved,1,0.7882,0.3784,0.0528,4.7286,0.1178,6.0658,187,0.2372
phone-android,tiny,2295,move,accepted,moved,1,0.7157,0.5651,0.0632,4.8664,0.1175,6.3279,191,0.2465
phone-android,tiny,2296,choose,rejected,invalid_choice,0,0.6613,0.4211,0.0508,3.5365,0.0937,4.7634,167,0.2355
phone-android,tiny,2297,look,accepted,observed,0,0.6627,0.3452,0.0478,3.2255,0.0911,4.3723,161,0.2419
phone-android,tiny,2298,close_choice,rejected,invalid_choice,0,0.6856,0.4627,0.0534,3.5425,0.0857,4.8299,167,0.2342
phone-android,tiny,2299,choose,rejected,stale_view,0,0.6643,0.3558,0.0460,3.7735,0.1056,4.9453,163,0.2292
phone-android,tiny,2300,move,accepted,moved,1,0.7748,0.3869,0.0551,4.7766,0.1085,6.1019,187,0.2306
phone-android,tiny,2301,wait,rejected,invalid_time,0,0.6661,0.3642,0.0441,3.3539,0.0859,4.5142,165,0.2308
phone-android,tiny,2302,look,accepted,observed,0,0.5939,0.3354,0.0450,3.4852,0.0922,4.5516,161,0.2274
phone-android,tiny,2303,look,accepted,observed,0,0.7017,0.4108,0.0505,3.8053,0.0891,5.0573,161,0.2342
phone-android,tiny,2304,move,rejected,exit_unavailable,0,0.6363,0.3539,0.0480,3.1351,0.0816,4.2549,169,0.2209
phone-android,tiny,2305,move,accepted,moved,1,0.5791,0.4154,0.0669,4.3220,0.1062,5.4896,189,0.2294
phone-android,tiny,2306,look,accepted,observed,0,0.6292,0.3541,0.0497,3.5014,0.0883,4.6228,161,0.2305
phone-android,tiny,2307,take,rejected,not_present,0,0.7030,0.3434,0.0456,3.4609,0.0810,4.6339,164,0.2220
phone-android,tiny,2308,move,accepted,moved,1,0.5790,0.3564,0.0516,4.1645,0.1789,5.3303,187,0.2366
phone-android,tiny,2309,close_choice,rejected,invalid_choice,0,0.6327,0.3396,0.0486,3.2989,0.0902,4.4099,167,0.2318
phone-android,tiny,2310,move,accepted,moved,1,0.6052,0.3727,0.0557,4.6910,0.1190,5.8436,189,0.2310
phone-android,tiny,2311,talk,rejected,not_eligible,0,0.6881,0.3397,0.0484,3.3554,0.0899,4.5216,165,0.2195
phone-android,tiny,2312,look,accepted,observed,0,0.6955,0.3398,0.0453,3.3574,0.0975,4.5355,161,0.2332
phone-android,tiny,2313,move,accepted,moved,1,0.7016,0.3573,0.0532,4.5810,0.1184,5.8115,187,0.2332
phone-android,tiny,2314,talk,rejected,not_eligible,0,0.6907,0.3333,0.0469,3.5282,0.0945,4.6936,165,0.2281
phone-android,tiny,2315,take,rejected,not_present,0,0.6273,0.3762,0.0483,3.2930,0.0841,4.4290,164,0.2314
phone-android,tiny,2316,move,accepted,moved,1,0.6301,0.3676,0.0542,4.4059,0.1040,5.5617,191,0.2307
phone-android,tiny,2317,activate,rejected,not_eligible,0,0.6959,0.3535,0.0474,3.0938,0.0865,4.2772,165,0.2259
phone-android,tiny,2318,take,rejected,not_present,0,0.5913,0.3304,0.0469,3.3415,0.0810,4.3910,164,0.2123
phone-android,tiny,2319,activate,rejected,not_eligible,0,0.6644,0.3903,0.0473,3.4287,0.0798,4.6106,165,0.2223
phone-android,tiny,2320,wait,rejected,invalid_time,0,0.5669,0.3389,0.0445,3.0607,0.0910,4.1019,165,0.2286
phone-android,tiny,2321,look,accepted,observed,0,0.5936,0.3476,0.0470,3.8060,0.1749,4.9691,161,0.2194
phone-android,tiny,2322,take,rejected,not_present,0,0.6410,0.3493,0.0461,3.6998,0.0977,4.8338,164,0.2372
phone-android,tiny,2323,move,accepted,moved,1,0.6718,0.3398,0.1056,4.9626,0.1209,6.2008,187,0.2289
phone-android,tiny,2324,close_choice,rejected,invalid_choice,0,0.6852,0.3614,0.0506,4.0429,0.0849,5.2248,167,0.2241
phone-android,tiny,2325,move,accepted,moved,1,0.6113,0.3385,0.0499,4.5784,0.1585,5.7366,189,0.2180
phone-android,tiny,2326,look,accepted,observed,0,0.7070,0.3392,0.0466,3.9553,0.0921,5.1402,161,0.2352
phone-android,tiny,2327,wait,rejected,invalid_time,0,0.6513,0.3997,0.0481,4.1981,0.0974,5.3946,165,0.2280
phone-android,tiny,2328,move,accepted,moved,1,0.6276,0.3693,0.0531,4.9319,0.1165,6.0984,187,0.2385
phone-android,tiny,2329,take,rejected,not_present,0,0.6985,2.2263,0.0638,3.9578,0.0943,7.0407,164,0.2309
phone-android,tiny,2330,look,accepted,observed,0,0.6898,0.3297,0.0448,3.9170,0.0911,5.0725,161,0.2158
phone-android,tiny,2331,take,rejected,not_present,0,0.7060,0.3521,0.0526,3.7021,0.0902,4.9030,164,0.2323
phone-android,tiny,2332,look,accepted,observed,0,0.7246,0.3523,0.0458,3.7335,0.0916,4.9480,161,0.2121
phone-android,tiny,2333,move,rejected,exit_unavailable,0,0.7141,0.3446,0.0464,4.3426,0.1335,5.5813,169,0.2267
phone-android,tiny,2334,look,accepted,observed,0,0.8355,0.3551,0.0612,3.7374,0.0890,5.0781,161,0.2223
phone-android,tiny,2335,wait,rejected,invalid_time,0,0.6896,0.3467,0.0455,3.2524,0.0790,4.4132,165,0.2097
phone-android,tiny,2336,move,accepted,moved,1,0.6083,0.3658,0.0519,4.1902,0.1079,5.3241,189,0.2324
phone-android,tiny,2337,take,rejected,not_present,0,0.7472,0.3555,0.0483,3.1808,0.0852,4.4171,164,0.2242
phone-android,tiny,2338,wait,rejected,invalid_time,0,0.5436,0.3476,0.0465,3.2599,0.0844,4.2821,165,0.2227
phone-android,tiny,2339,talk,rejected,not_eligible,0,0.5880,0.3702,0.0477,3.2796,0.0781,4.3635,165,0.2272
phone-android,tiny,2340,talk,rejected,not_eligible,0,0.5810,0.3260,0.0443,3.5855,0.0952,4.6320,165,0.2343
phone-android,tiny,2341,look,accepted,observed,0,0.6855,0.3461,0.0483,4.0727,0.0817,5.2344,161,0.2208
phone-android,tiny,2342,move,accepted,moved,1,0.6190,0.3669,0.0524,4.2833,0.0989,5.4205,187,0.2694
phone-android,tiny,2343,move,accepted,moved,1,0.6248,0.3721,0.0545,4.9091,0.1153,6.0758,191,0.2220
phone-android,tiny,2344,move,accepted,moved,1,0.8002,0.3730,0.0523,4.7222,0.1124,6.0602,189,0.2385
phone-android,tiny,2345,look,accepted,observed,0,0.6836,0.3539,0.0498,3.2779,0.0833,4.4484,161,0.2207
phone-android,tiny,2346,move,accepted,moved,1,0.6240,0.3584,0.0521,4.6607,0.1047,5.7999,191,0.2332
phone-android,tiny,2347,look,accepted,observed,0,0.5945,0.3358,0.0485,3.2280,0.0811,4.2880,161,0.2283
phone-android,tiny,2348,look,accepted,observed,0,0.6084,0.3373,0.0456,3.6893,0.1568,4.8373,161,0.2196
phone-android,tiny,2349,activate,rejected,not_eligible,0,0.6208,0.3285,0.0480,4.3454,0.1271,5.4698,165,0.2235
phone-android,tiny,2350,choose,rejected,stale_view,0,0.8779,0.3714,0.0619,3.3821,0.0913,4.7845,163,0.2186
phone-android,tiny,2351,look,accepted,observed,0,0.6597,0.3282,0.0463,3.9565,0.1099,5.1005,161,0.2551
phone-android,tiny,2352,look,accepted,observed,0,0.7528,0.3358,0.0459,4.1963,0.1203,5.4510,161,0.2413
phone-android,tiny,2353,choose,rejected,invalid_choice,0,0.8821,0.4140,0.0478,3.3596,0.0911,4.7946,167,0.2304
phone-android,tiny,2354,move,accepted,moved,1,0.6354,0.3761,0.0532,4.4609,0.1767,5.7024,189,0.2177
phone-android,tiny,2355,wait,rejected,invalid_time,0,0.6375,0.3680,0.0459,3.2174,0.0894,4.3582,165,0.2323
phone-android,tiny,2356,look,accepted,observed,0,0.6284,0.3322,0.0502,3.1881,0.0784,4.2773,161,0.2157
phone-android,tiny,2357,move,accepted,moved,1,0.6767,0.3616,0.0551,4.1553,0.1024,5.3510,191,0.2279
phone-android,tiny,2358,wait,rejected,invalid_time,0,0.6184,0.3548,0.0454,3.3670,0.0965,4.4822,165,0.2911
phone-android,tiny,2359,look,accepted,observed,0,0.7156,0.3522,0.0454,3.4511,0.0853,4.6496,161,0.2336
phone-android,tiny,2360,look,accepted,observed,0,0.6158,0.3343,0.0473,3.7798,0.0854,4.8626,161,0.2400
phone-android,tiny,2361,look,accepted,observed,0,0.6194,0.3340,0.0464,3.5271,0.0855,4.6123,161,0.2309
phone-android,tiny,2362,wait,accepted,waited,1,0.6142,0.3633,0.0554,4.8668,0.1203,6.0199,201,0.2338
phone-android,tiny,2363,talk,rejected,not_eligible,0,0.6565,0.3539,0.0476,4.1251,0.0884,5.2714,165,0.2202
phone-android,tiny,2364,drop,replayed,dropped,0,0.9031,0.2793,0.0012,0.0008,0.0321,1.2165,0,0.2067
phone-android,tiny,2365,look,accepted,observed,0,0.3909,0.2759,0.0474,4.3280,0.1114,5.1537,161,0.2332
phone-android,tiny,2366,look,accepted,observed,0,0.7106,0.3471,0.0473,3.2052,0.0856,4.3958,161,0.2222
phone-android,tiny,2367,move,accepted,moved,1,0.5833,0.4252,0.0554,5.4613,0.1195,6.6446,187,0.2390
phone-android,tiny,2368,take,rejected,not_present,0,0.7515,0.3751,0.0531,3.6432,0.0976,4.9206,164,0.2398
phone-android,tiny,2369,look,accepted,observed,0,0.7172,0.3532,0.0510,3.3629,0.0848,4.5691,161,0.2298
phone-android,tiny,2370,look,accepted,observed,0,0.7120,0.3537,0.0477,3.9455,0.0837,5.1426,161,0.2195
phone-android,tiny,2371,choose,rejected,stale_view,0,0.6678,0.3491,0.0489,4.0404,0.0963,5.2024,163,0.2338
phone-android,tiny,2372,take,replayed,not_present,0,1.0629,0.2980,0.0016,0.0009,0.0494,1.4128,0,0.1947
phone-android,tiny,2373,look,accepted,observed,0,0.4108,0.2941,0.0491,3.9189,0.0940,4.7669,161,0.2309
phone-android,tiny,2374,talk,rejected,not_eligible,0,0.6274,0.3369,0.0475,3.4208,0.0815,4.5141,165,0.2316
phone-android,tiny,2375,move,accepted,moved,1,0.5988,0.3630,0.0563,4.6292,0.1254,5.7726,191,0.2391
phone-android,tiny,2376,wait,rejected,invalid_time,0,0.7344,0.3722,0.0477,3.7338,0.1517,5.0397,165,0.2280
phone-android,tiny,2377,take,rejected,not_present,0,0.6574,0.3448,0.0478,3.6105,0.0891,4.7496,164,0.2264
phone-android,tiny,2378,look,accepted,observed,0,0.6357,0.3496,0.0485,3.3616,0.1736,4.5689,161,0.2301
phone-android,tiny,2379,talk,rejected,not_eligible,0,0.6932,0.3422,0.0453,3.6257,0.1160,4.8224,165,0.2122
phone-android,tiny,2380,look,accepted,observed,0,0.7431,0.3750,0.0497,4.0959,0.0953,5.3591,161,0.2346
phone-android,tiny,2381,move,rejected,exit_unavailable,0,0.7312,0.3519,0.0463,3.8435,0.0865,5.0595,169,0.2128
phone-android,tiny,2382,move,accepted,moved,1,0.6868,0.3779,0.0547,4.4178,0.1084,5.6456,187,0.2340
phone-android,tiny,2383,choose,rejected,stale_view,0,0.7299,0.3598,0.0453,3.1768,0.0871,4.3989,163,0.2509
phone-android,tiny,2384,move,accepted,moved,1,0.5791,0.3673,0.0532,4.6617,0.1007,5.7620,189,0.2422
phone-android,tiny,2385,choose,rejected,invalid_choice,0,0.6811,0.3676,0.0458,3.3382,0.0887,4.5215,167,0.2294
phone-android,tiny,2386,wait,rejected,invalid_time,0,0.6393,0.3518,0.0454,3.6405,0.0949,4.7720,165,0.2643
phone-android,tiny,2387,talk,rejected,not_eligible,0,0.7105,0.3463,0.0457,3.6888,0.0953,4.8866,165,0.2256
phone-android,tiny,2388,wait,rejected,invalid_time,0,0.6523,0.3456,0.0462,3.4673,0.0872,4.5985,165,0.2317
phone-android,tiny,2389,look,accepted,observed,0,0.6914,0.3436,0.0478,3.3162,0.0829,4.4819,161,0.2301
phone-android,tiny,2390,choose,rejected,invalid_choice,0,0.6292,0.3471,0.0453,3.4035,0.0997,4.5248,167,0.2940
phone-android,tiny,2391,look,accepted,observed,0,0.6714,0.3460,0.0467,3.6526,0.0975,4.8142,161,0.2323
phone-android,tiny,2392,look,accepted,observed,0,0.6499,0.3451,0.0476,4.0894,0.0922,5.2241,161,0.2294
phone-android,tiny,2393,activate,rejected,not_eligible,0,0.6623,0.3595,0.0480,3.2510,0.0929,4.4137,165,0.2308
phone-android,tiny,2394,wait,rejected,invalid_time,0,0.6462,0.4207,0.0595,3.2290,0.0858,4.4413,165,0.2142
phone-android,tiny,2395,talk,rejected,not_eligible,0,0.7230,0.3587,0.0490,3.4201,0.0852,4.6360,165,0.2301
phone-android,tiny,2396,look,accepted,observed,0,0.6041,0.3295,0.0476,3.2046,0.0816,4.2674,161,0.2131
phone-android,tiny,2397,move,accepted,moved,1,0.6454,0.3726,0.0523,4.4073,0.1202,5.5977,187,0.2379
phone-android,tiny,2398,move,accepted,moved,1,0.7845,0.3897,0.0555,4.8865,0.1079,6.2241,191,0.2340
phone-android,tiny,2399,choose,rejected,stale_view,0,0.6257,0.3991,0.0499,3.8627,0.0985,5.0359,163,2.0235
phone-android,tiny,2400,move,accepted,moved,1,1.0093,0.3953,0.0520,5.2692,0.1897,6.9156,187,0.2408
phone-android,tiny,2401,move,accepted,moved,1,0.7903,0.3690,0.0681,4.3732,0.1064,5.7070,189,0.2296
phone-android,tiny,2402,move,rejected,exit_unavailable,0,0.6505,0.3490,0.0461,3.4901,0.0859,4.6216,169,0.2254
phone-android,tiny,2403,take,rejected,not_present,0,0.5783,0.3465,0.0464,3.2790,0.0912,4.3413,164,0.2271
phone-android,tiny,2404,move,accepted,moved,1,0.6808,0.3678,0.0574,4.6450,0.1048,5.8559,187,0.2294
phone-android,tiny,2405,talk,rejected,not_eligible,0,0.5976,0.3403,0.0463,3.3261,0.1607,4.4711,165,0.2336
phone-android,tiny,2406,move,accepted,moved,1,0.5946,0.3652,0.0534,5.0256,0.1110,6.1498,189,0.2985
phone-android,tiny,2407,look,accepted,observed,0,0.6680,0.3464,0.0476,4.4135,0.0963,5.5717,161,0.2304
phone-android,tiny,2408,look,accepted,observed,0,0.6988,0.3509,0.0494,3.7442,0.0870,4.9304,161,0.2310
phone-android,tiny,2409,move,accepted,moved,1,0.6489,0.3755,0.0530,4.6531,0.1160,5.8464,187,0.2335
phone-android,tiny,2410,move,accepted,moved,1,0.6640,0.3703,0.0524,4.6061,0.1096,5.8024,189,0.2219
phone-android,tiny,2411,move,accepted,moved,1,0.6454,0.3803,0.0516,4.9505,0.1412,6.1690,187,0.2174
phone-android,tiny,2412,move,accepted,moved,1,0.6557,0.3720,0.0529,4.7628,0.1018,5.9452,191,0.2297
phone-android,tiny,2413,talk,rejected,not_eligible,0,0.6694,0.3614,0.0492,3.4859,0.0923,4.6581,165,0.2276
phone-android,tiny,2414,look,accepted,observed,0,0.6201,0.3462,0.0471,3.6614,0.0929,4.7676,161,0.3255
phone-android,tiny,2415,talk,rejected,not_eligible,0,0.7092,0.3548,0.0486,3.7784,0.0857,4.9767,165,0.2271
phone-android,tiny,2416,take,rejected,not_present,0,0.6307,0.3442,0.0481,3.3361,0.1535,4.5127,164,0.2266
phone-android,tiny,2417,move,rejected,exit_unavailable,0,0.6706,0.3431,0.0444,3.3523,0.0890,4.4994,169,0.2326
phone-android,tiny,2418,talk,rejected,not_eligible,0,0.6605,0.3605,0.0490,3.7848,0.0916,4.9464,165,0.2378
phone-android,tiny,2419,take,rejected,not_present,0,0.6505,0.3524,0.0452,3.4008,0.0868,4.5357,164,0.2242
phone-android,tiny,2420,look,accepted,observed,0,0.6036,0.3344,0.0461,3.7299,0.1034,4.8175,161,0.2223
phone-android,tiny,2421,move,accepted,moved,1,0.6657,0.3639,0.0517,4.4263,0.1101,5.6177,187,0.2343
phone-android,tiny,2422,look,accepted,observed,0,0.7388,0.3457,0.0478,3.4843,0.0871,4.7037,161,0.2303
phone-android,tiny,2423,look,accepted,observed,0,0.6149,0.3333,0.0462,3.4892,0.0857,4.5694,161,0.2293
phone-android,tiny,2424,move,rejected,exit_unavailable,0,0.7126,0.3442,0.0445,3.1995,0.0922,4.3930,169,0.2261
phone-android,tiny,2425,look,accepted,observed,0,0.6684,0.3267,0.0453,3.6331,0.0845,4.7580,161,0.2304
phone-android,tiny,2426,take,rejected,not_present,0,0.6729,0.3491,0.0484,3.5483,0.0940,4.7127,164,0.2357
phone-android,tiny,2427,look,accepted,observed,0,0.6305,0.3337,0.0477,3.4847,0.1025,4.5991,161,0.2399
phone-android,tiny,2428,move,accepted,moved,1,0.7369,0.3502,0.0514,4.7011,0.1165,5.9561,189,0.2319
phone-android,tiny,2429,move,rejected,exit_unavailable,0,0.6367,0.4246,0.0511,3.6143,0.0812,4.8079,169,0.2284
phone-android,tiny,2430,move,accepted,moved,1,0.6182,0.3629,0.0563,4.3824,0.0999,5.5197,187,0.2652
phone-android,tiny,2431,activate,rejected,not_eligible,0,0.5890,0.3415,0.0472,3.6602,0.0839,4.7218,165,0.2483
phone-android,tiny,2432,look,accepted,observed,0,0.5868,0.3206,0.0445,3.3845,0.0884,4.4248,161,0.3036
phone-android,tiny,2433,look,accepted,observed,0,0.6542,0.3448,0.0469,3.3721,0.0842,4.5021,161,0.2506
phone-android,tiny,2434,look,accepted,observed,0,0.6211,0.3449,0.0484,3.8021,0.1384,4.9549,161,0.2215
phone-android,tiny,2435,move,accepted,moved,1,0.6404,0.3598,0.0540,4.7054,0.1135,5.8731,191,0.2347
phone-android,tiny,2436,move,accepted,moved,1,0.8251,0.4025,0.0561,5.0635,0.1224,6.4696,187,0.3812
phone-android,tiny,2437,look,accepted,observed,0,0.7742,0.4173,0.0571,3.9124,0.0998,5.2608,161,0.2718
phone-android,tiny,2438,take,replayed,not_present,0,1.1044,0.3406,0.0024,0.0004,0.0392,1.4870,0,0.2407
phone-android,tiny,2439,move,accepted,moved,1,0.4432,0.3418,0.0585,4.5136,0.1088,5.4659,189,0.2971
phone-android,tiny,2440,move,accepted,moved,1,0.6894,0.3911,0.0576,5.0641,0.1249,6.3272,187,0.3475
phone-android,tiny,2441,choose,rejected,invalid_choice,0,0.7456,0.3904,0.0597,3.6371,0.0888,4.9216,167,0.2351
phone-android,tiny,2442,move,accepted,moved,1,0.6466,0.4330,0.0554,4.7146,0.1110,5.9606,189,0.2335
phone-android,tiny,2443,look,accepted,observed,0,0.6376,0.3454,0.0499,3.6430,0.1141,4.7899,161,0.2160
phone-android,tiny,2444,look,accepted,observed,0,0.7490,0.3281,0.0447,3.5617,0.1043,4.7877,161,0.2462
phone-android,tiny,2445,take,replayed,not_present,0,1.6031,0.3462,0.0021,0.0010,0.0366,1.9890,0,0.2191
phone-android,tiny,2446,take,rejected,not_present,0,0.5923,0.3225,0.0536,3.8809,0.0930,4.9424,164,0.2435
phone-android,tiny,2447,talk,rejected,not_eligible,0,0.7064,0.3479,0.0487,3.9564,0.0952,5.1546,165,0.2301
phone-android,tiny,2448,close_choice,rejected,invalid_choice,0,0.6534,0.3427,0.0477,3.6187,0.1298,4.7923,167,0.2197
phone-android,tiny,2449,move,accepted,moved,1,0.6840,0.3758,0.0520,4.6396,0.1149,5.8662,187,0.2360
phone-android,tiny,2450,move,accepted,moved,1,0.6446,0.3456,0.0513,4.6234,0.1031,5.7680,191,0.2347
phone-android,tiny,2451,talk,rejected,not_eligible,0,0.6452,0.3529,0.0469,3.5197,0.0847,4.6494,165,0.2234
phone-android,tiny,2452,choose,rejected,stale_view,0,0.5944,0.3405,0.0457,3.2251,0.0822,4.2880,163,0.2280
phone-android,tiny,2453,activate,rejected,not_eligible,0,0.5811,0.3944,0.0618,3.2333,0.0802,4.3507,165,0.2174
phone-android,tiny,2454,move,accepted,moved,1,0.6389,0.3598,0.0537,4.4938,0.0968,5.6429,187,0.2239
phone-android,tiny,2455,move,accepted,moved,1,0.6649,0.3718,0.0535,4.3551,0.1071,5.5524,189,0.2321
phone-android,tiny,2456,wait,rejected,invalid_time,0,0.6274,0.4232,0.0496,3.7423,0.1013,4.9439,165,0.2316
phone-android,tiny,2457,talk,rejected,not_eligible,0,0.6870,0.3579,0.0472,3.2582,0.0878,4.4382,165,0.2272
phone-android,tiny,2458,move,accepted,moved,1,0.6497,0.4042,0.0539,4.6167,0.1173,5.8418,187,0.2222
phone-android,tiny,2459,look,accepted,observed,0,0.7006,0.3496,0.0472,3.1942,0.0896,4.3814,161,0.2303
phone-android,tiny,2460,look,accepted,observed,0,0.6594,0.3491,0.0451,3.2160,0.0906,4.3603,161,0.2447
phone-android,tiny,2461,move,accepted,moved,1,0.6024,0.3439,0.0506,4.7405,0.1114,5.8488,189,0.2207
phone-android,tiny,2462,look,accepted,observed,0,0.6304,0.3387,0.0487,3.3720,0.0994,4.4892,161,0.2349
phone-android,tiny,2463,move,accepted,moved,1,0.6769,0.4108,0.0519,4.6318,0.0995,5.8709,187,0.2399
phone-android,tiny,2464,take,rejected,not_present,0,0.5957,0.3354,0.0478,3.2442,0.0763,4.2994,164,0.2367
phone-android,tiny,2465,choose,rejected,invalid_choice,0,0.5949,0.3617,0.0480,3.4817,0.0768,4.5631,167,0.2128
phone-android,tiny,2466,move,accepted,moved,1,0.6074,0.3673,0.0563,5.2641,0.1092,6.4043,189,0.2322
phone-android,tiny,2467,move,accepted,moved,1,0.6337,0.3779,0.0557,6.9554,0.1282,8.1509,187,0.2792
phone-android,tiny,2468,take,rejected,not_present,0,0.7920,0.3222,0.0457,3.6853,0.0798,4.9251,164,0.2240
phone-android,tiny,2469,move,accepted,moved,1,0.5771,0.3539,0.0506,4.7365,0.1131,5.8312,189,0.2323
phone-android,tiny,2470,move,accepted,moved,1,0.6491,0.3848,0.0544,4.5029,0.1105,5.7017,187,0.2324
phone-android,tiny,2471,look,accepted,observed,0,0.6602,0.3639,0.0498,3.2743,0.0867,4.4348,161,0.2291
phone-android,tiny,2472,move,rejected,exit_unavailable,0,0.6105,0.3986,0.0458,3.6546,0.0854,4.7948,169,0.2292
phone-android,tiny,2473,look,accepted,observed,0,0.6216,0.3411,0.0480,3.3390,0.0869,4.4366,161,0.2343
phone-android,tiny,2474,activate,rejected,not_eligible,0,0.6194,0.4531,0.0517,3.9898,0.0962,5.2103,165,0.2290
phone-android,tiny,2475,look,accepted,observed,0,0.6701,0.3442,0.0480,3.3259,0.0893,4.4775,161,0.2342
phone-android,tiny,2476,look,accepted,observed,0,0.6666,0.3467,0.0465,3.5515,0.0920,4.7031,161,0.2367
phone-android,tiny,2477,move,accepted,moved,1,0.6446,0.3610,0.0535,4.4998,0.1176,5.6765,191,0.2324
phone-android,tiny,2478,look,accepted,observed,0,0.6839,0.3451,0.0464,3.3272,0.0840,4.4865,161,0.2271
phone-android,tiny,2479,move,accepted,moved,1,0.6040,0.3577,0.0555,4.1834,0.1022,5.3027,187,0.2241
phone-android,tiny,2480,take,rejected,not_present,0,0.6148,0.3498,0.0478,3.1948,0.0966,4.3039,164,0.2290
phone-android,tiny,2481,look,accepted,observed,0,0.6228,0.3930,0.0498,3.1797,0.1394,4.3847,161,0.2163
phone-android,tiny,2482,move,accepted,moved,1,0.6261,0.3419,0.0496,5.3590,0.1107,6.4873,189,0.2307
phone-android,tiny,2483,look,accepted,observed,0,0.6001,0.3462,0.0470,3.1673,0.0758,4.2365,161,0.2074
phone-android,tiny,2484,move,accepted,moved,1,0.5802,0.3566,0.0539,4.8189,0.1085,5.9180,187,0.2378
phone-android,tiny,2485,choose,rejected,invalid_choice,0,0.6240,0.3889,0.0485,3.3110,0.0840,4.4565,167,0.2296
phone-android,tiny,2486,look,accepted,observed,0,0.6840,0.3601,0.0485,3.8533,0.0881,5.0340,161,0.2244
phone-android,tiny,2487,move,accepted,moved,1,0.6527,0.3796,0.0519,5.3592,0.1153,6.5587,189,0.2340
phone-android,tiny,2488,move,rejected,exit_unavailable,0,0.6483,0.3668,0.0508,3.9689,0.0897,5.1246,169,0.2271
phone-android,tiny,2489,look,accepted,observed,0,0.6429,0.3420,0.0476,3.5348,0.0886,4.6559,161,0.2246
phone-android,tiny,2490,move,accepted,moved,1,0.6612,0.3601,0.1213,4.5181,0.1063,5.7670,187,0.2228
phone-android,tiny,2491,look,accepted,observed,0,0.6278,0.3249,0.0456,4.0254,0.0960,5.1197,161,0.2339
phone-android,tiny,2492,move,accepted,moved,1,0.6660,0.3783,0.0521,4.4104,0.1079,5.6148,191,0.2307
phone-android,tiny,2493,talk,rejected,not_eligible,0,0.6771,0.4191,0.0521,3.7071,0.0848,4.9403,165,0.2205
phone-android,tiny,2494,take,rejected,not_present,0,0.6764,0.3454,0.0489,3.2619,0.0845,4.4170,164,0.2248
phone-android,tiny,2495,look,accepted,observed,0,0.7318,0.3401,0.0485,3.2348,0.0864,4.4416,161,0.2257
phone-android,tiny,2496,move,accepted,moved,1,0.5561,0.3568,0.0577,4.9481,0.1140,6.0327,189,0.2362
phone-android,tiny,2497,wait,rejected,invalid_time,0,0.6581,0.3703,0.0474,3.5926,0.0913,4.7595,165,0.2351
phone-android,tiny,2498,look,accepted,observed,0,0.7387,0.3634,0.0464,3.5510,0.0847,4.7842,161,0.2286
phone-android,tiny,2499,choose,rejected,stale_view,0,0.6349,0.3232,0.0456,3.6277,0.0865,4.7178,163,0.2286
phone-android,tiny,2500,move,accepted,moved,1,0.7085,0.3838,0.0562,4.6612,0.1082,5.9179,191,0.2277
phone-android,tiny,2501,move,accepted,moved,1,0.6382,0.4078,0.0541,4.3770,0.1020,5.5791,187,0.2229
phone-android,tiny,2502,move,accepted,moved,1,0.5949,0.3728,0.0539,4.7919,0.1092,5.9227,191,0.2330
phone-android,tiny,2503,move,accepted,moved,1,0.5992,0.3678,0.0513,4.7306,0.1114,5.8603,189,0.2299
phone-android,tiny,2504,wait,rejected,invalid_time,0,0.6518,0.3771,0.0470,3.2932,0.0894,4.4584,165,0.2235
phone-android,tiny,2505,take,replayed,not_present,0,1.1252,0.3090,0.0018,0.0006,0.0329,1.4695,0,0.1902
phone-android,tiny,2506,look,accepted,observed,0,0.3825,0.2830,0.0473,3.7118,0.0815,4.5060,161,0.2191
phone-android,tiny,2507,look,accepted,observed,0,0.5992,0.3378,0.1088,3.5718,0.0780,4.6955,161,0.2242
phone-android,tiny,2508,move,accepted,moved,1,0.5936,0.3577,0.0527,5.0273,0.1124,6.1436,191,0.2266
phone-android,tiny,2509,move,accepted,moved,1,0.6609,0.3664,0.0536,4.3531,0.1122,5.5462,189,0.2298
phone-android,tiny,2510,take,accepted,taken,1,0.7362,0.4056,0.0555,4.7579,0.1129,6.0681,189,0.2320
phone-android,tiny,2511,look,accepted,observed,0,0.7137,0.3626,0.0513,3.4143,0.0873,4.6292,161,0.2274
phone-android,tiny,2512,look,accepted,observed,0,0.6548,0.3290,0.0445,3.1529,0.0900,4.2712,161,0.2239
phone-android,tiny,2513,look,accepted,observed,0,0.6184,0.3694,0.0498,3.6935,0.0809,4.8119,161,0.2127
phone-android,tiny,2514,look,accepted,observed,0,0.6556,0.3401,0.0452,3.7890,0.0925,4.9223,161,0.2231
phone-android,tiny,2515,wait,rejected,invalid_time,0,0.7779,0.3571,0.0438,3.6202,0.0973,4.8963,165,0.2326
phone-android,tiny,2516,look,accepted,observed,0,0.6733,0.3486,0.0493,4.3924,0.0976,5.5612,161,0.2283
phone-android,tiny,2517,wait,rejected,invalid_time,0,0.6667,0.3704,0.0467,3.2224,0.0877,4.3939,165,0.2297
phone-android,tiny,2518,look,accepted,observed,0,0.6196,0.3310,0.0470,3.9967,0.0839,5.0782,161,0.2429
phone-android,tiny,2519,look,accepted,observed,0,0.6235,0.3325,0.0445,3.5448,0.0960,4.6414,161,0.2545
phone-android,tiny,2520,wait,rejected,invalid_time,0,0.7092,0.4229,0.0468,3.3889,0.0830,4.6507,165,0.2629
phone-android,tiny,2521,choose,rejected,invalid_choice,0,0.7622,0.3693,0.0476,3.5043,0.0974,4.7808,167,0.2329
phone-android,tiny,2522,look,accepted,observed,0,0.7080,0.3244,0.0458,3.2590,0.0924,4.4296,161,0.2436
phone-android,tiny,2523,choose,rejected,invalid_choice,0,0.6354,0.3669,0.0454,3.7214,0.0896,4.8586,167,0.2452
phone-android,tiny,2524,move,rejected,exit_unavailable,0,0.6887,0.3689,0.0505,3.5549,0.0921,4.7551,169,0.2319
phone-android,tiny,2525,activate,rejected,not_eligible,0,0.6422,0.3460,0.0476,3.6664,0.0911,4.7934,165,0.2280
phone-android,tiny,2526,move,accepted,moved,1,0.7295,0.3902,0.0531,4.6930,0.1096,5.9753,191,0.2255
phone-android,tiny,2527,move,accepted,moved,1,0.7298,0.3769,0.0519,4.6516,0.1146,5.9248,187,0.2339
phone-android,tiny,2528,move,accepted,moved,1,0.6886,0.4613,0.0564,5.1418,0.1051,6.4532,189,0.2247
phone-android,tiny,2529,move,accepted,moved,1,0.7021,0.3803,0.0523,5.3325,0.1083,6.5755,187,0.2203
phone-android,tiny,2530,move,accepted,moved,1,0.7171,0.3853,0.0571,4.9758,0.1095,6.2448,189,0.2310
phone-android,tiny,2531,look,accepted,observed,0,0.9855,0.3978,0.0541,3.3469,0.0880,4.8723,161,0.2313
phone-android,tiny,2532,look,accepted,observed,0,0.6103,0.3366,0.0460,16.5157,0.1294,17.6380,161,0.2292
phone-android,tiny,2533,move,accepted,moved,1,0.9515,0.4094,0.0606,5.2292,0.1196,6.7703,187,0.2348
phone-android,tiny,2534,activate,rejected,not_eligible,0,0.9733,0.4987,0.0703,3.9116,0.1103,5.5642,165,0.3203
phone-android,tiny,2535,move,accepted,moved,1,0.8330,0.5232,0.0760,7.6170,0.1576,9.2068,189,0.3191
phone-android,tiny,2536,look,accepted,observed,0,0.9457,0.5699,0.0665,3.8869,0.0999,5.5689,161,0.2597
phone-android,tiny,2537,move,rejected,exit_unavailable,0,0.7418,0.4093,0.0545,3.6920,0.1016,4.9992,169,0.2976
phone-android,tiny,2538,look,accepted,observed,0,0.7172,0.3675,0.0504,3.5639,0.1210,4.8201,161,0.2402
phone-android,tiny,2539,look,accepted,observed,0,0.7386,0.3559,0.0520,4.3201,0.1246,5.5913,161,0.2459
phone-android,tiny,2540,look,accepted,observed,0,0.8224,0.3657,0.0496,3.7182,0.1151,5.0710,161,0.3116
phone-android,tiny,2541,activate,rejected,not_eligible,0,0.8206,0.3787,0.0658,3.9183,0.1118,5.2952,165,0.2579
phone-android,tiny,2542,talk,rejected,not_eligible,0,0.8287,0.3989,0.0657,3.5990,0.1014,4.9936,165,0.2515
phone-android,tiny,2543,look,accepted,observed,0,0.7174,0.3781,0.0549,3.5062,0.1056,4.7623,161,0.2541
phone-android,tiny,2544,wait,accepted,waited,1,0.8736,0.3855,0.0517,4.4259,0.1179,5.8546,185,0.2317
phone-android,tiny,2545,look,accepted,observed,0,0.7266,0.3602,0.0616,3.3024,0.1002,4.5509,161,0.2279
phone-android,tiny,2546,look,accepted,observed,0,0.6361,0.3403,0.0484,3.1648,0.0839,4.2736,161,0.2144
phone-android,tiny,2547,drop,accepted,dropped,1,0.5928,0.3507,0.0559,4.5474,0.1248,5.6717,196,0.2334
phone-android,tiny,2548,wait,rejected,invalid_time,0,0.6947,0.3678,0.0451,3.5095,0.0838,4.7008,165,0.2180
phone-android,tiny,2549,move,accepted,moved,1,0.7178,0.3553,0.0540,5.0649,0.1135,6.3056,187,0.2362
phone-android,tiny,2550,wait,rejected,invalid_time,0,0.7266,0.3799,0.0439,3.4491,0.1067,4.7061,165,0.2336
phone-android,tiny,2551,wait,rejected,invalid_time,0,0.6934,0.3615,0.0454,3.8524,0.1490,5.1017,165,0.2453
phone-android,tiny,2552,wait,rejected,invalid_time,0,0.6966,0.3768,0.0476,3.6118,0.0902,4.8230,165,0.2282
phone-android,tiny,2553,look,accepted,observed,0,0.6793,0.3443,0.0460,3.4504,0.1021,4.6222,161,0.2267
phone-android,tiny,2554,move,accepted,moved,1,0.6849,0.3647,0.0530,4.5059,0.1032,5.7118,189,0.2295
phone-android,tiny,2555,activate,rejected,not_eligible,0,0.6941,0.3486,0.0492,3.3096,0.0864,4.4879,165,0.2227
phone-android,tiny,2556,wait,rejected,invalid_time,0,0.6104,0.3520,0.0470,3.7436,0.0852,4.8383,165,0.2111
phone-android,tiny,2557,move,accepted,moved,1,0.6927,0.3733,0.0550,4.8703,0.1067,6.0979,187,0.2302
phone-android,tiny,2558,move,accepted,moved,1,0.6983,0.3714,0.0513,4.2896,0.1147,5.5253,191,0.2235
phone-android,tiny,2559,move,rejected,exit_unavailable,0,0.6787,0.3704,0.0468,4.7490,0.1095,5.9544,169,0.2395
phone-android,tiny,2560,look,accepted,observed,0,0.6901,0.3616,0.0492,3.6220,0.1739,4.8967,161,0.2253
phone-android,tiny,2561,look,accepted,observed,0,0.6577,0.3443,0.0498,3.6051,0.0840,4.7408,161,0.2142
phone-android,tiny,2562,look,accepted,observed,0,0.6471,0.3499,0.0491,4.0227,0.1052,5.1741,161,0.2373
phone-android,tiny,2563,move,rejected,exit_unavailable,0,0.7378,0.3771,0.0488,3.6187,0.0938,4.8762,169,0.2280
phone-android,tiny,2564,look,accepted,observed,0,0.7214,0.3466,0.0472,4.0486,0.0943,5.2582,161,0.2306
phone-android,tiny,2565,take,rejected,not_present,0,0.6671,0.3461,0.0501,3.9895,0.1466,5.1994,164,0.2311
phone-android,tiny,2566,move,accepted,moved,1,0.7361,0.3817,0.0548,4.9656,0.1030,6.2412,189,0.2182
phone-android,tiny,2567,move,accepted,moved,1,0.6175,0.3752,0.0542,4.1354,0.1024,5.2847,191,0.2252
phone-android,tiny,2568,wait,rejected,invalid_time,0,0.7592,0.3631,0.0457,3.3635,0.0967,4.6283,165,0.2377
phone-android,tiny,2569,activate,rejected,not_eligible,0,0.6643,0.3547,0.0492,3.6041,0.0883,4.7607,165,0.2267
phone-android,tiny,2570,take,rejected,not_present,0,0.6963,0.3433,0.0444,3.2821,0.0859,4.4521,164,0.2295
phone-android,tiny,2571,move,accepted,moved,1,0.5866,0.3818,0.0553,4.3046,0.0992,5.4275,189,0.2628
phone-android,tiny,2572,drop,rejected,integrity_conflict,0,1.0776,0.3037,0.0023,0.0011,0.0355,1.4202,0,0.1990
phone-android,tiny,2573,move,accepted,moved,1,0.3914,0.3020,0.0523,4.6434,0.1036,5.4927,191,0.2255
phone-android,tiny,2574,wait,rejected,invalid_time,0,0.5939,0.3487,0.0488,3.3942,0.0833,4.4689,165,0.2244
phone-android,tiny,2575,look,accepted,observed,0,0.5960,0.3857,0.0485,3.4195,0.0976,4.5473,161,0.2251
phone-android,tiny,2576,move,accepted,moved,1,0.6426,0.3605,0.0521,4.4708,0.1224,5.6485,189,0.2361
phone-android,tiny,2577,look,accepted,observed,0,0.7217,0.3618,0.0493,3.5301,0.1084,4.7712,161,0.2608
phone-android,tiny,2578,look,accepted,observed,0,0.7558,0.3935,0.0528,3.5983,0.0892,4.8896,161,0.2278
phone-android,tiny,2579,take,rejected,not_present,0,0.6978,0.3666,0.0510,3.4867,0.0818,4.6839,164,0.2401
phone-android,tiny,2580,look,accepted,observed,0,0.6164,0.3468,0.0489,3.5162,0.0871,4.6155,161,0.2422
phone-android,tiny,2581,drop,replayed,dropped,0,1.0591,0.3244,0.0020,0.0004,0.0352,1.4211,0,0.2077
phone-android,tiny,2582,look,accepted,observed,0,0.4031,0.3037,0.0512,3.3914,0.0961,4.2456,161,0.2182
phone-android,tiny,2583,move,rejected,exit_unavailable,0,0.7313,0.3597,0.0465,3.8318,0.1042,5.0736,169,0.2283
phone-android,tiny,2584,choose,rejected,invalid_choice,0,0.7087,0.4250,0.0491,3.4472,0.0939,4.7239,167,0.2276
phone-android,tiny,2585,look,accepted,observed,0,0.6722,0.3370,0.0439,3.6233,0.0884,4.7648,161,0.2267
phone-android,tiny,2586,look,accepted,observed,0,0.6622,0.4131,0.0478,3.9846,0.0931,5.2008,161,0.2351
phone-android,tiny,2587,look,accepted,observed,0,0.6852,0.3463,0.0495,3.7233,0.0844,4.8887,161,0.2286
phone-android,tiny,2588,move,accepted,moved,1,0.7565,0.3737,0.0546,4.4953,0.1019,5.7820,191,0.2259
phone-android,tiny,2589,talk,rejected,not_eligible,0,0.6256,0.4029,0.0504,3.4794,0.0813,4.6395,165,0.2306
phone-android,tiny,2590,talk,rejected,not_eligible,0,0.6205,0.3450,0.0476,3.2980,0.0818,4.3929,165,0.2206
phone-android,tiny,2591,take,rejected,not_present,0,0.6145,0.3475,0.1075,3.3362,0.0746,4.4804,164,0.2145
phone-android,tiny,2592,take,rejected,not_present,0,0.5838,0.3474,0.0478,3.7661,0.1058,4.8510,164,0.2271
phone-android,tiny,2593,look,accepted,observed,0,0.7649,0.4326,0.0528,3.6483,0.0796,4.9782,161,0.2279
phone-android,tiny,2594,activate,rejected,not_eligible,0,0.6937,0.3623,0.0498,3.6784,0.0828,4.8670,165,0.2234
phone-android,tiny,2595,move,accepted,moved,1,0.7046,0.3798,0.0548,4.7119,0.1173,5.9684,189,0.2297
phone-android,tiny,2596,move,accepted,moved,1,0.7154,0.4450,0.0583,4.6945,0.1141,6.0273,191,0.2172
phone-android,tiny,2597,look,accepted,observed,0,0.6851,0.3486,0.0488,3.5987,0.1103,4.7916,161,0.2268
phone-android,tiny,2598,move,accepted,moved,1,0.7367,0.3511,0.0501,4.7699,0.1737,6.0815,187,0.2201
phone-android,tiny,2599,talk,rejected,not_eligible,0,0.7735,0.3337,0.0458,3.4475,0.1049,4.7055,165,0.2168
phone-android,tiny,2600,move,accepted,moved,1,0.6960,0.3568,0.0526,5.2430,0.1197,6.4681,189,0.2336
phone-android,tiny,2601,look,accepted,observed,0,0.6687,0.3341,0.0463,3.1039,0.0886,4.2417,161,0.2669
phone-android,tiny,2602,move,accepted,moved,1,0.6572,0.3694,0.0538,4.4760,0.1083,5.6647,187,0.2378
phone-android,tiny,2603,look,accepted,observed,0,0.6781,0.3517,0.0466,3.0960,0.0876,4.2600,161,0.2239
phone-android,tiny,2604,move,rejected,exit_unavailable,0,0.6328,0.3377,0.0447,3.5731,0.1116,4.6998,169,0.2377
phone-android,tiny,2605,move,accepted,moved,1,0.7044,0.4646,0.0550,6.8460,0.1116,8.1816,189,0.2212
phone-android,tiny,2606,activate,rejected,not_eligible,0,0.6135,0.3454,0.0511,3.5007,0.0937,4.6045,165,0.2278
phone-android,tiny,2607,look,accepted,observed,0,0.7355,0.3423,0.0455,3.5579,0.0876,4.7688,161,0.2229
phone-android,tiny,2608,look,accepted,observed,0,0.6232,0.3327,0.0465,4.0325,0.1018,5.1367,161,0.2308
phone-android,tiny,2609,take,accepted,taken,1,0.7428,0.3704,0.0598,4.9230,0.1222,6.2183,189,0.2359
phone-android,tiny,2610,wait,rejected,invalid_time,0,0.7743,0.3553,0.0469,3.6132,0.0863,4.8760,165,0.2278
phone-android,tiny,2611,look,accepted,observed,0,0.6398,0.3531,0.0457,3.2838,0.0879,4.4103,161,0.2257
phone-android,tiny,2612,move,rejected,exit_unavailable,0,0.6984,0.3641,0.0500,3.5231,0.0889,4.7245,169,0.2249
phone-android,tiny,2613,look,accepted,observed,0,0.6142,0.3188,0.0435,3.7106,0.1097,4.7967,161,0.2269
phone-android,tiny,2614,activate,rejected,not_eligible,0,0.8534,0.3719,0.0460,3.5999,0.0948,4.9661,165,0.2317
phone-android,tiny,2615,look,accepted,observed,0,0.6729,0.3537,0.0493,3.7559,0.1097,4.9416,161,0.2564
phone-android,tiny,2616,choose,rejected,invalid_choice,0,0.6947,0.4156,0.0530,3.6170,0.1050,4.8854,167,0.2523
phone-android,tiny,2617,look,accepted,observed,0,0.7306,0.4227,0.0527,3.7568,0.0908,5.0535,161,0.2513
phone-android,tiny,2618,wait,rejected,invalid_time,0,0.6534,0.3922,0.0510,3.6322,0.0900,4.8188,165,0.2551
phone-android,tiny,2619,move,accepted,moved,1,0.8329,0.3901,0.0549,4.5351,0.1141,5.9271,187,0.2320
phone-android,tiny,2620,look,accepted,observed,0,0.7735,0.3576,0.0496,3.2502,0.0836,4.5145,161,0.2200
phone-android,tiny,2621,drop,accepted,dropped,1,0.5609,0.3373,0.0545,4.3120,0.1029,5.3676,194,0.2313
phone-android,tiny,2622,move,accepted,moved,1,0.6573,0.3752,0.0529,4.3976,0.1099,5.5928,191,0.2269
phone-android,tiny,2623,look,accepted,observed,0,0.6452,0.4052,0.0497,3.4668,0.0821,4.6490,161,0.2252
phone-android,tiny,2624,move,accepted,moved,1,0.5976,0.3580,0.0508,4.2848,0.1027,5.3939,189,0.2295
phone-android,tiny,2625,choose,rejected,stale_view,0,0.6502,0.3402,0.0461,3.8208,0.0914,4.9487,163,0.2284
phone-android,tiny,2626,take,rejected,not_present,0,0.6491,0.3392,0.0477,3.2672,0.0802,4.3834,164,0.2260
phone-android,tiny,2627,move,accepted,moved,1,0.6325,0.3824,0.0526,4.3857,0.1136,5.5668,191,0.2322
phone-android,tiny,2628,move,accepted,moved,1,0.7223,0.3866,0.0544,4.5009,0.1163,5.7806,187,0.2303
phone-android,tiny,2629,wait,rejected,invalid_time,0,0.6411,0.3644,0.0469,3.3331,0.1389,4.5244,165,0.2188
phone-android,tiny,2630,take,replayed,taken,0,0.9413,0.2935,0.0017,0.0012,0.0322,1.2699,0,0.2067
phone-android,tiny,2631,look,accepted,observed,0,0.3899,0.2790,0.0503,3.2256,0.0824,4.0272,161,0.2283
phone-android,tiny,2632,move,accepted,moved,1,0.6248,0.3728,0.0532,4.3616,0.1107,5.5230,191,0.2310
phone-android,tiny,2633,take,rejected,not_present,0,0.6665,0.3508,0.0487,3.4480,0.1231,4.6372,164,0.2172
phone-android,tiny,2634,wait,rejected,invalid_time,0,0.5796,0.3463,0.0456,3.4879,0.0865,4.5459,165,0.2143
phone-android,tiny,2635,talk,rejected,not_eligible,0,0.6278,0.3360,0.0458,3.3189,0.1022,4.4307,165,0.2276
phone-android,tiny,2636,take,rejected,not_present,0,0.7267,0.3297,0.0449,3.8234,0.0796,5.0044,164,0.2208
phone-android,tiny,2637,wait,rejected,invalid_time,0,0.6149,0.3445,0.0429,3.5656,0.1453,4.7133,165,0.2259
phone-android,tiny,2638,talk,rejected,not_eligible,0,0.6621,0.3624,0.0479,3.2694,0.0860,4.4278,165,0.2208
phone-android,tiny,2639,choose,rejected,invalid_choice,0,0.6029,0.3729,0.0480,3.5243,0.1003,4.6483,167,0.3044
phone-android,tiny,2640,look,accepted,observed,0,0.6951,0.3455,0.0474,3.1458,0.0783,4.3120,161,0.2239
phone-android,tiny,2641,look,accepted,observed,0,0.5795,0.3466,0.0460,3.3047,0.0933,4.3702,161,0.2316
phone-android,tiny,2642,look,accepted,observed,0,0.7081,0.3374,0.0454,3.3769,0.0829,4.5507,161,0.2124
phone-android,tiny,2643,move,accepted,moved,1,0.6221,0.3642,0.0533,4.9277,0.1016,6.0689,187,0.2253
phone-android,tiny,2644,wait,rejected,invalid_time,0,0.6298,0.3624,0.0464,3.3924,0.0860,4.5170,165,0.2215
phone-android,tiny,2645,look,accepted,observed,0,0.6472,0.4000,0.0485,3.4243,0.1072,4.6272,161,0.2237
phone-android,tiny,2646,move,accepted,moved,1,0.7595,0.4011,0.0564,5.3785,0.1318,6.7273,189,0.2443
phone-android,tiny,2647,move,accepted,moved,1,0.7633,0.3966,0.0570,4.8366,0.1115,6.1650,187,0.2317
phone-android,tiny,2648,look,accepted,observed,0,0.6868,0.3628,0.0489,3.5433,0.1069,4.7486,161,0.2317
phone-android,tiny,2649,move,accepted,moved,1,0.7878,0.3777,0.0523,4.3232,0.1069,5.6479,191,0.2440
phone-android,tiny,2650,look,accepted,observed,0,0.6176,0.3603,0.0523,3.2955,0.0820,4.4076,161,0.2826
phone-android,tiny,2651,wait,rejected,invalid_time,0,0.6236,0.3672,0.0474,3.4860,0.0818,4.6060,165,0.2300
phone-android,tiny,2652,drop,rejected,integrity_conflict,0,0.9787,0.3019,0.0023,0.0010,0.0354,1.3193,0,0.2864
phone-android,tiny,2653,move,accepted,moved,1,0.4693,0.3352,0.0574,4.5605,0.1169,5.5392,187,0.2471
phone-android,tiny,2654,move,rejected,exit_unavailable,0,0.8032,0.3848,0.0478,3.4321,0.1006,4.7685,169,0.2269
phone-android,tiny,2655,move,rejected,exit_unavailable,0,0.6494,0.3555,0.0481,3.3367,0.0982,4.4878,169,0.2243
phone-android,tiny,2656,activate,rejected,not_eligible,0,0.6567,0.3748,0.0462,3.5682,0.0820,4.7278,165,0.2315
phone-android,tiny,2657,choose,rejected,invalid_choice,0,0.6299,0.3674,0.0480,3.8717,0.0884,5.0054,167,0.2294
phone-android,tiny,2658,take,accepted,taken,1,0.7509,0.3728,0.0540,4.6612,0.1164,5.9553,189,0.2333
phone-android,tiny,2659,drop,accepted,dropped,1,0.7152,0.3694,0.0550,4.4509,0.1037,5.6942,194,0.2255
phone-android,tiny,2660,take,accepted,taken,1,0.5819,0.3332,0.0502,4.7001,0.1069,5.7723,189,0.2303
phone-android,tiny,2661,look,accepted,observed,0,0.6178,0.3379,0.0437,3.2046,0.0903,4.2943,161,0.2223
phone-android,tiny,2662,drop,accepted,dropped,1,0.6608,0.3490,0.0526,4.4668,0.1084,5.6376,194,0.2351
phone-android,tiny,2663,wait,rejected,invalid_time,0,0.6117,0.3652,0.0466,3.8221,0.0874,4.9330,165,0.2167
phone-android,tiny,2664,activate,rejected,not_eligible,0,0.6361,0.3418,0.0454,3.4347,0.0904,4.5484,165,0.2484
phone-android,tiny,2665,look,accepted,observed,0,0.6532,0.4094,0.0484,3.3680,0.0918,4.5709,161,0.2345
phone-android,tiny,2666,choose,rejected,invalid_choice,0,0.6259,0.3886,0.0507,3.2391,0.0908,4.3952,167,0.2346
phone-android,tiny,2667,talk,rejected,not_eligible,0,0.6363,0.3291,0.0441,3.3759,0.0877,4.4731,165,0.2717
phone-android,tiny,2668,wait,rejected,invalid_time,0,0.6444,0.3579,0.0444,3.3496,0.0881,4.4844,165,0.2377
phone-android,tiny,2669,wait,rejected,invalid_time,0,0.6086,0.3479,0.0443,3.5302,0.0797,4.6108,165,0.2232
phone-android,tiny,2670,look,accepted,observed,0,0.6617,0.3481,0.0465,3.4552,0.0819,4.5933,161,0.2264
phone-android,tiny,2671,move,accepted,moved,1,0.6276,0.3667,0.0526,4.6850,0.1232,5.8550,191,0.2352
phone-android,tiny,2672,look,accepted,observed,0,0.6998,0.3554,0.0506,3.2785,0.0935,4.4778,161,0.2295
phone-android,tiny,2673,close_choice,rejected,invalid_choice,0,0.6524,0.4354,0.0514,3.4767,0.0785,4.6943,167,0.2192
phone-android,tiny,2674,move,accepted,moved,1,0.6366,0.3612,0.0512,4.2530,0.1143,5.4164,187,1.9951
phone-android,tiny,2675,look,accepted,observed,0,0.8552,0.3542,0.0497,3.4379,0.0920,4.7890,161,0.2664
phone-android,tiny,2676,look,accepted,observed,0,0.6302,0.3372,0.0447,3.4564,0.0798,4.5483,161,0.2178
phone-android,tiny,2677,look,accepted,observed,0,0.5901,0.3243,0.0448,3.6542,0.0891,4.7024,161,0.2707
phone-android,tiny,2678,move,accepted,moved,1,0.6371,0.3586,0.0555,4.3566,0.1026,5.5104,189,0.2325
phone-android,tiny,2679,choose,rejected,stale_view,0,0.6333,0.3696,0.0460,3.4684,0.0930,4.6104,163,0.2322
phone-android,tiny,2680,move,accepted,moved,1,0.6299,0.3735,0.0558,4.8515,0.1174,6.0281,187,0.2329
phone-android,tiny,2681,take,replayed,not_present,0,1.0651,0.3052,0.0016,0.0008,0.0343,1.4070,0,0.1958
phone-android,tiny,2682,look,accepted,observed,0,0.3769,0.2815,0.0489,3.7721,0.0868,4.5662,161,0.2305
phone-android,tiny,2683,talk,rejected,not_eligible,0,0.5757,0.3376,0.0502,3.2775,0.0853,4.3263,165,0.2275
phone-android,tiny,2684,move,accepted,moved,1,0.5610,0.3571,0.0516,4.4457,0.1119,5.5273,191,0.2358
phone-android,tiny,2685,take,rejected,not_present,0,0.6295,0.3459,0.0455,3.2414,0.0944,4.3567,164,0.2260
phone-android,tiny,2686,close_choice,rejected,invalid_choice,0,0.6177,0.4123,0.0480,3.4000,0.0795,4.5576,167,0.2282
phone-android,tiny,2687,look,accepted,observed,0,0.5929,0.3218,0.0444,3.3334,0.0869,4.3793,161,0.2149
phone-android,tiny,2688,look,accepted,observed,0,0.7381,0.3414,0.0466,3.4683,0.0898,4.6842,161,0.2177
phone-android,tiny,2689,take,rejected,not_present,0,0.6882,0.3524,0.0466,4.0155,0.0882,5.1908,164,0.2247
phone-android,tiny,2690,take,rejected,not_present,0,0.6382,0.4063,0.0474,3.1352,0.0837,4.3108,164,0.2258
phone-android,tiny,2691,choose,rejected,invalid_choice,0,0.5920,0.3663,0.0467,3.4348,0.0841,4.5239,167,0.2268
phone-android,tiny,2692,take,rejected,not_present,0,0.6405,0.3498,0.0484,3.3086,0.0766,4.4240,164,0.2548
phone-android,tiny,2693,move,rejected,exit_unavailable,0,0.6216,0.3507,0.0493,3.2097,0.0898,4.3211,169,0.2255
phone-android,tiny,2694,look,accepted,observed,0,0.6460,0.3449,0.0470,3.3861,0.0968,4.5209,161,0.2290
phone-android,tiny,2695,look,accepted,observed,0,0.7445,0.3522,0.0518,3.2846,0.0841,4.5172,161,0.2120
phone-android,tiny,2696,move,accepted,moved,1,0.5907,0.3554,0.0547,4.8056,0.1091,5.9155,189,0.2379
phone-android,tiny,2697,look,accepted,observed,0,0.6099,0.3592,0.0495,3.4846,0.0833,4.5865,161,0.2219
phone-android,tiny,2698,talk,rejected,not_eligible,0,0.6466,0.4128,0.0498,3.3172,0.0822,4.5086,165,0.2265
phone-android,tiny,2699,look,accepted,observed,0,0.5953,0.3299,0.0453,3.3572,0.0910,4.4186,161,0.2462
phone-android,tiny,2700,take,rejected,not_present,0,0.6471,0.3516,0.0474,3.4471,0.1469,4.6402,164,0.2503
phone-android,tiny,2701,wait,rejected,invalid_time,0,0.6280,0.3635,0.0471,3.5247,0.0904,4.6538,165,0.2591
phone-android,tiny,2702,move,accepted,moved,1,0.6442,0.3733,0.0514,4.4358,0.1023,5.6070,191,0.2293
phone-android,tiny,2703,look,accepted,observed,0,0.6240,0.3370,0.0470,3.1984,0.1283,4.3346,161,0.2257
phone-android,tiny,2704,choose,rejected,invalid_choice,0,0.6670,0.3736,0.0476,3.8596,0.0894,5.0371,167,0.2273
phone-android,tiny,2705,activate,rejected,not_eligible,0,0.6328,0.3525,0.0497,3.3776,0.0906,4.5031,165,0.2328
phone-android,tiny,2706,look,accepted,observed,0,0.7369,0.3624,0.0530,3.3408,0.0827,4.5758,161,0.2213
phone-android,tiny,2707,move,accepted,moved,1,0.6165,0.3626,0.0540,4.6827,0.1105,5.8262,187,0.2298
phone-android,tiny,2708,look,accepted,observed,0,0.7050,0.3421,0.0485,3.2137,0.0869,4.3962,161,0.2253
phone-android,tiny,2709,activate,rejected,not_eligible,0,0.5921,0.3372,0.0476,3.5804,0.1257,4.6831,165,0.2245
phone-android,tiny,2710,talk,rejected,not_eligible,0,0.6103,0.3389,0.0443,3.5860,0.1021,4.6817,165,0.2334
phone-android,tiny,2711,move,accepted,moved,1,0.6852,0.3923,0.0565,4.6178,0.1097,5.8614,191,0.2368
phone-android,tiny,2712,look,accepted,observed,0,0.6563,0.3608,0.0470,3.9004,0.1496,5.1140,161,0.2289
phone-android,tiny,2713,activate,rejected,not_eligible,0,0.6509,0.3571,0.0479,3.4396,0.0843,4.5798,165,0.2260
phone-android,tiny,2714,move,rejected,exit_unavailable,0,0.6015,0.3696,0.0483,3.5143,0.0858,4.6195,169,0.2766
phone-android,tiny,2715,move,accepted,moved,1,0.6635,0.3637,0.0556,4.3816,0.1123,5.5768,187,0.2317
phone-android,tiny,2716,look,accepted,observed,0,0.6910,0.3485,0.0506,3.3819,0.1003,4.5724,161,0.2370
phone-android,tiny,2717,take,accepted,taken,1,0.7177,0.3578,0.0520,4.9970,0.1110,6.2356,189,0.2363
phone-android,tiny,2718,look,accepted,observed,0,0.6747,0.3590,0.0482,3.7470,0.0912,4.9202,161,0.2261
phone-android,tiny,2719,move,rejected,exit_unavailable,0,0.6865,0.3531,0.0447,3.4909,0.0909,4.6662,169,0.2225
phone-android,tiny,2720,look,accepted,observed,0,0.6656,0.3260,0.0458,3.7241,0.0924,4.8539,161,0.2340
phone-android,tiny,2721,activate,rejected,not_eligible,0,0.7058,0.3535,0.0466,3.5080,0.0774,4.6914,165,0.2133
phone-android,tiny,2722,look,accepted,observed,0,0.5592,0.3267,0.0464,3.4594,0.0819,4.4735,161,0.2234
phone-android,tiny,2723,look,accepted,observed,0,0.6587,0.3660,0.0497,3.4900,0.0906,4.6551,161,0.2261
phone-android,tiny,2724,wait,accepted,waited,1,0.6799,0.3981,0.0544,4.8975,0.1014,6.1314,185,0.2328
phone-android,tiny,2725,look,accepted,observed,0,0.5973,0.3646,0.0488,3.2310,0.0793,4.3211,161,0.2317
phone-android,tiny,2726,move,accepted,moved,1,0.5882,0.4387,0.0656,4.8515,0.1072,6.0513,191,0.2352
phone-android,tiny,2727,move,accepted,moved,1,0.6773,0.4689,0.0599,4.6806,0.0970,5.9837,187,0.2238
phone-android,tiny,2728,look,accepted,observed,0,0.5759,0.3471,0.0483,3.4593,0.0842,4.5148,161,0.2495
phone-android,tiny,2729,move,accepted,moved,1,0.6019,0.3634,0.0511,4.4507,0.1002,5.5672,189,0.2318
phone-android,tiny,2730,take,replayed,not_present,0,1.0373,0.3030,0.0022,0.0004,0.0485,1.3915,0,0.2020
phone-android,tiny,2731,move,accepted,moved,1,0.4682,0.3280,0.0514,4.6894,0.0974,5.6344,187,0.2418
phone-android,tiny,2732,look,accepted,observed,0,0.5786,0.3518,0.0481,3.4872,0.0833,4.5491,161,0.2264
phone-android,tiny,2733,choose,rejected,invalid_choice,0,0.5865,0.3512,0.0506,3.5096,0.0772,4.5751,167,0.2705
phone-android,tiny,2734,look,accepted,observed,0,0.6652,0.3387,0.0482,3.9770,0.0870,5.1161,161,0.2329
phone-android,tiny,2735,look,accepted,observed,0,0.6636,0.4513,0.0512,3.5793,0.0746,4.8199,161,0.2241
phone-android,tiny,2736,move,accepted,moved,1,0.6294,0.3673,0.0530,4.8180,0.1074,5.9751,191,0.2319
phone-android,tiny,2737,drop,accepted,dropped,1,0.6113,0.3533,0.0561,4.5732,0.1033,5.6972,198,0.2318
phone-android,tiny,2738,move,accepted,moved,1,0.6785,0.3883,0.0520,4.5486,0.1070,5.7744,189,0.2301
phone-android,tiny,2739,take,rejected,not_present,0,0.6245,0.4333,0.0506,3.6809,0.0875,4.8768,164,0.2240
phone-android,tiny,2740,talk,rejected,not_eligible,0,0.6201,0.3459,0.0482,3.5807,0.0769,4.6718,165,0.2108
phone-android,tiny,2741,take,rejected,not_present,0,0.6791,0.3640,0.0502,3.6504,0.0888,4.8325,164,0.2290
phone-android,tiny,2742,look,accepted,observed,0,0.7080,0.3621,0.0487,3.9354,0.0932,5.1475,161,0.2987
phone-android,tiny,2743,drop,rejected,integrity_conflict,0,1.0827,0.3081,0.0017,0.0003,0.0352,1.4280,0,0.1983
phone-android,tiny,2744,look,accepted,observed,0,0.5054,0.3053,0.0499,3.4175,0.0777,4.3558,161,0.2245
phone-android,tiny,2745,look,accepted,observed,0,0.6524,0.3340,0.0467,5.6947,0.1440,6.8719,161,0.2281
phone-android,tiny,2746,move,accepted,moved,1,0.7553,0.3902,0.0540,4.7801,0.1013,6.0808,191,0.2828
phone-android,tiny,2747,wait,rejected,invalid_time,0,0.6081,0.3821,0.0469,3.7107,0.0815,4.8293,165,0.2317
phone-android,tiny,2748,move,accepted,moved,1,0.6175,0.3726,0.0538,4.5992,0.1157,5.7588,187,0.2322
phone-android,tiny,2749,move,accepted,moved,1,0.6841,0.3836,0.0553,4.7966,0.1098,6.0294,191,0.2252
phone-android,tiny,2750,move,accepted,moved,1,0.5931,0.3803,0.0533,4.8727,0.1023,6.0017,187,0.2188
phone-android,tiny,2751,look,accepted,observed,0,0.6459,0.3557,0.0525,3.6576,0.0932,4.8049,161,0.2252
phone-android,tiny,2752,look,accepted,observed,0,0.7937,0.3556,0.0486,3.7568,0.0911,5.0459,161,0.2279
phone-android,tiny,2753,look,accepted,observed,0,0.6513,0.3641,0.0514,3.5157,0.0881,4.6706,161,0.2305
phone-android,tiny,2754,look,accepted,observed,0,0.7580,0.3657,0.0476,3.4306,0.1005,4.7023,161,0.2337
phone-android,tiny,2755,move,rejected,exit_unavailable,0,0.7695,0.3966,0.0504,3.9727,0.0878,5.2769,169,0.2362
phone-android,tiny,2756,take,rejected,not_present,0,0.6501,0.3507,0.0477,3.5457,0.0832,4.6774,164,0.2265
phone-android,tiny,2757,look,accepted,observed,0,0.6227,0.3521,0.0512,3.9207,0.0993,5.0461,161,0.2294
phone-android,tiny,2758,move,accepted,moved,1,0.7253,0.3812,0.0532,4.7399,0.1077,6.0073,189,0.2310
phone-android,tiny,2759,wait,rejected,invalid_time,0,0.6179,0.3590,0.0459,3.3519,0.0813,4.4558,165,0.2194
phone-android,tiny,2760,move,accepted,moved,1,0.5676,0.3446,0.0497,4.6909,0.1212,5.7739,187,0.2347
phone-android,tiny,2761,talk,rejected,not_eligible,0,0.6966,0.3656,0.0523,3.7151,0.1020,4.9316,165,0.3156
phone-android,tiny,2762,look,accepted,observed,0,0.7605,0.3756,0.0508,3.8039,0.0910,5.0817,161,0.2278
phone-android,tiny,2763,move,accepted,moved,1,0.7370,0.5004,0.0591,5.2365,0.1206,6.6534,189,0.2389
phone-android,tiny,2764,move,rejected,exit_unavailable,0,0.7598,0.3703,0.0480,3.6313,0.1004,4.9098,169,0.2306
phone-android,tiny,2765,look,accepted,observed,0,0.7239,0.3591,0.0494,3.8009,0.0920,5.0253,161,0.2320
phone-android,tiny,2766,move,rejected,exit_unavailable,0,0.7105,0.3678,0.0472,3.5343,0.0969,4.7568,169,0.2302
phone-android,tiny,2767,wait,rejected,invalid_time,0,0.6336,0.3686,0.0487,3.2973,0.0824,4.4306,165,0.2299
phone-android,tiny,2768,move,accepted,moved,1,0.6564,0.3607,0.0518,4.3809,0.1034,5.5532,187,0.2261
phone-android,tiny,2769,activate,rejected,not_eligible,0,0.6141,0.4057,0.0460,3.5307,0.0929,4.6894,165,0.2335
phone-android,tiny,2770,look,accepted,observed,0,0.6403,0.3251,0.0470,3.4111,0.0865,4.5099,161,0.2378
phone-android,tiny,2771,wait,rejected,invalid_time,0,0.6189,0.3970,0.0470,3.7084,0.0905,4.8619,165,0.2130
phone-android,tiny,2772,look,accepted,observed,0,0.6645,0.3232,0.0450,3.8024,0.1232,4.9583,161,0.2169
phone-android,tiny,2773,talk,rejected,not_eligible,0,0.8498,0.3622,0.0485,12.3327,0.1755,13.7688,165,0.3349
phone-android,tiny,2774,look,accepted,observed,0,1.1610,0.4209,0.0552,4.5432,0.2507,6.4310,161,0.2307
phone-android,tiny,2775,look,accepted,observed,0,0.8840,0.3614,0.0482,3.4732,0.1204,4.8871,161,0.2157
phone-android,tiny,2776,look,accepted,observed,0,0.7514,0.3820,0.0483,3.2794,0.1075,4.5686,161,0.2320
phone-android,tiny,2777,take,rejected,not_present,0,0.7442,0.3439,0.0449,3.5621,0.1328,4.8279,164,0.2183
phone-android,tiny,2778,move,rejected,exit_unavailable,0,0.7744,0.3993,0.0477,3.0603,0.0938,4.3754,169,0.2122
phone-android,tiny,2779,talk,rejected,not_eligible,0,0.8909,0.3896,0.0504,3.2449,0.1054,4.6813,165,0.2309
phone-android,tiny,2780,activate,rejected,not_eligible,0,0.7289,0.3683,0.0955,4.6859,0.1042,5.9828,165,0.2357
phone-android,tiny,2781,move,accepted,moved,1,0.6816,0.3848,0.0524,4.3895,0.1032,5.6116,191,0.2317
phone-android,tiny,2782,choose,rejected,invalid_choice,0,0.5926,0.3718,0.0507,3.1979,0.0897,4.3026,167,0.2278
phone-android,tiny,2783,talk,rejected,not_eligible,0,0.6639,0.3810,0.0498,2.8895,0.0798,4.0640,165,0.2545
phone-android,tiny,2784,activate,rejected,not_eligible,0,0.6057,0.3421,0.0493,2.8901,0.0829,3.9701,165,0.2299
phone-android,tiny,2785,wait,rejected,invalid_time,0,0.7705,0.3948,0.0515,3.5933,0.0998,4.9099,165,0.2341
phone-android,tiny,2786,look,accepted,observed,0,0.8163,0.3661,0.0498,3.5311,0.0892,4.8526,161,0.2361
phone-android,tiny,2787,move,accepted,moved,1,0.6193,0.3665,0.0543,4.4533,0.1058,5.5992,189,0.2323
phone-android,tiny,2788,move,accepted,moved,1,0.6155,0.3606,0.0507,4.3896,0.0997,5.5161,191,0.2929
phone-android,tiny,2789,move,rejected,exit_unavailable,0,0.6321,0.3615,0.0481,3.2232,0.0820,4.3469,169,0.2268
phone-android,tiny,2790,activate,rejected,not_eligible,0,0.5809,0.3377,0.0477,3.8714,0.1128,4.9505,165,0.2943
phone-android,tiny,2791,take,replayed,not_present,0,1.2193,0.3300,0.0021,0.0007,0.0343,1.5864,0,0.1932
phone-android,tiny,2792,drop,replayed,dropped,0,0.6649,0.2341,0.0010,0.0003,0.0308,0.9312,0,0.1907
phone-android,tiny,2793,wait,rejected,invalid_time,0,0.3938,0.3023,0.0494,3.4279,0.0941,4.2676,165,0.2218
phone-android,tiny,2794,take,accepted,taken,1,0.6205,0.3537,0.0520,4.2492,0.0956,5.3710,189,0.2573
phone-android,tiny,2795,look,accepted,observed,0,0.6049,0.3498,0.0448,3.1139,0.0841,4.1976,161,0.2256
phone-android,tiny,2796,wait,rejected,invalid_time,0,0.5989,0.3520,0.0459,3.7356,0.0800,4.8125,165,0.2155
phone-android,tiny,2797,look,accepted,observed,0,0.6144,0.3448,0.0473,3.2290,0.0978,4.3333,161,0.2387
phone-android,tiny,2798,look,accepted,observed,0,0.7444,0.3787,0.0495,3.5917,0.1020,4.8663,161,0.2349
phone-android,tiny,2799,look,accepted,observed,0,0.8161,0.3807,0.0498,3.9891,0.0856,5.3212,161,0.2144
phone-android,tiny,2800,look,accepted,observed,0,0.6593,0.3419,0.0476,3.5589,0.1434,4.7511,161,0.2206
phone-android,tiny,2801,move,accepted,moved,1,0.6706,0.3649,0.0527,4.3215,0.1138,5.5235,187,0.2322
phone-android,tiny,2802,drop,accepted,dropped,1,0.7156,0.3676,0.0540,4.4141,0.1030,5.6543,194,0.2286
phone-android,tiny,2803,move,accepted,moved,1,0.6009,0.3648,0.1254,4.4866,0.1011,5.6788,191,0.2261
phone-android,tiny,2804,look,accepted,observed,0,0.5895,0.3249,0.0446,3.6119,0.0961,4.6671,161,0.2276
phone-android,tiny,2805,talk,rejected,not_eligible,0,0.6871,0.3419,0.0473,3.4801,0.0860,4.6424,165,0.2317
phone-android,tiny,2806,wait,rejected,invalid_time,0,0.6294,0.3591,0.0465,22.5221,0.1549,23.7120,165,0.2751
phone-android,tiny,2807,look,accepted,observed,0,1.0459,0.5740,0.0530,3.9342,0.1035,5.7106,161,0.2400
phone-android,tiny,2808,wait,rejected,invalid_time,0,0.7392,0.3784,0.0485,3.7047,0.0963,4.9672,165,0.2309
phone-android,tiny,2809,close_choice,rejected,invalid_choice,0,0.6930,0.3880,0.0492,3.9785,0.0882,5.1969,167,0.2241
phone-android,tiny,2810,activate,rejected,not_eligible,0,0.6767,0.3501,0.0461,3.3872,0.0929,4.5531,165,0.2297
phone-android,tiny,2811,wait,rejected,invalid_time,0,0.6248,0.3630,0.0483,3.4783,0.1103,4.6247,165,0.2334
phone-android,tiny,2812,wait,rejected,invalid_time,0,0.8166,0.3830,0.0488,3.5710,0.0934,4.9128,165,0.2360
phone-android,tiny,2813,talk,rejected,not_eligible,0,0.6900,0.3761,0.0470,3.5122,0.0959,4.7214,165,0.2291
phone-android,tiny,2814,look,accepted,observed,0,0.6855,0.3490,0.0448,3.7653,0.0816,4.9262,161,0.2275
phone-android,tiny,2815,talk,rejected,not_eligible,0,0.5819,0.3327,0.0454,4.0440,0.1359,5.1398,165,0.2278
phone-android,tiny,2816,take,rejected,not_present,0,0.7442,2.5874,0.0795,4.5094,0.0996,8.0202,164,0.2321
phone-android,tiny,2817,take,rejected,not_present,0,0.7116,0.3485,0.0487,3.3837,0.1386,4.6311,164,0.2211
phone-android,tiny,2818,move,accepted,moved,1,0.6055,0.3687,0.0534,4.1521,0.0993,5.2790,187,0.2271
phone-android,tiny,2819,move,accepted,moved,1,0.6099,0.4257,0.0533,4.4270,0.1021,5.6180,191,0.2245
phone-android,tiny,2820,activate,rejected,not_eligible,0,0.6135,0.3574,0.0470,3.3370,0.0818,4.4368,165,0.2301
phone-android,tiny,2821,move,accepted,moved,1,0.6189,0.3661,0.0557,4.2054,0.1039,5.3499,189,0.2282
phone-android,tiny,2822,look,accepted,observed,0,0.6131,0.3938,0.0560,3.4116,0.0914,4.5659,161,0.2282
phone-android,tiny,2823,move,accepted,moved,1,0.7336,0.3664,0.0531,4.9110,0.1070,6.1710,191,0.2399
phone-android,tiny,2824,look,accepted,observed,0,0.6724,0.3381,0.0476,3.5420,0.0884,4.6886,161,0.2288
phone-android,tiny,2825,look,accepted,observed,0,0.5948,0.3417,0.0485,3.2686,0.0947,4.3484,161,0.3003
phone-android,tiny,2826,move,accepted,moved,1,0.7757,0.4267,0.0580,5.5222,0.1351,6.9176,187,0.2453
phone-android,tiny,2827,move,accepted,moved,1,0.7497,0.3992,0.0546,4.6971,0.1089,6.0096,189,0.2283
phone-android,tiny,2828,move,accepted,moved,1,0.5889,0.3685,0.0542,4.3142,0.1039,5.4296,187,0.2279
phone-android,tiny,2829,look,accepted,observed,0,0.7355,0.3445,0.0477,3.2341,0.0847,4.4464,161,0.2234
phone-android,tiny,2830,activate,rejected,not_eligible,0,0.5794,0.3329,0.0477,3.5503,0.0827,4.5928,165,0.2235
phone-android,tiny,2831,move,rejected,exit_unavailable,0,0.6926,0.3743,0.0501,3.3895,0.0882,4.5946,169,0.2248
phone-android,tiny,2832,look,accepted,observed,0,0.6088,0.3365,0.0462,3.3082,0.0833,4.3830,161,0.2233
phone-android,tiny,2833,look,accepted,observed,0,0.6143,0.3943,0.0499,3.2581,0.0765,4.3932,161,0.2145
phone-android,tiny,2834,move,accepted,moved,1,0.6207,0.3522,0.0515,4.5253,0.1117,5.6614,189,0.2233
phone-android,tiny,2835,move,accepted,moved,1,0.8411,0.3859,0.0515,4.8439,0.1115,6.2340,187,0.2316
phone-android,tiny,2836,move,accepted,moved,1,0.6720,0.3748,0.0541,4.4173,0.1070,5.6252,191,0.2281
phone-android,tiny,2837,move,accepted,moved,1,0.6045,0.3954,0.0564,4.7532,0.1298,5.9393,187,0.2353
phone-android,tiny,2838,move,accepted,moved,1,0.7003,0.3715,0.0523,4.7327,0.1009,5.9577,191,0.2280
phone-android,tiny,2839,move,accepted,moved,1,0.5669,0.3715,0.0545,4.5694,0.1055,5.6679,187,0.2301
phone-android,tiny,2840,look,accepted,observed,0,0.5968,0.3589,0.0484,3.3526,0.0868,4.4435,161,0.2272
phone-android,tiny,2841,take,accepted,taken,1,0.5944,0.3796,0.0559,4.6229,0.1009,5.7538,189,0.2347
phone-android,tiny,2842,move,accepted,moved,1,0.6216,0.3781,0.0525,4.4894,0.0965,5.6381,189,0.2261
phone-android,tiny,2843,look,accepted,observed,0,0.5890,0.3478,0.0495,3.3660,0.0822,4.4345,161,0.2207
phone-android,tiny,2844,take,replayed,taken,0,0.9834,0.2926,0.0023,0.0010,0.0334,1.3127,0,0.2186
phone-android,tiny,2845,move,rejected,exit_unavailable,0,0.4700,0.3135,0.0519,3.3676,0.0799,4.2829,169,0.2255
phone-android,tiny,2846,move,rejected,exit_unavailable,0,0.6192,0.3439,0.0457,4.1141,0.0823,5.2051,169,0.2266
phone-android,tiny,2847,drop,accepted,dropped,1,0.6122,0.3576,0.0536,5.0898,0.1128,6.2260,196,0.2331
phone-android,tiny,2848,move,accepted,moved,1,0.7778,0.4170,0.0580,5.2738,0.1290,6.6555,187,0.2397
phone-android,tiny,2849,wait,rejected,invalid_time,0,0.7466,0.4090,0.0464,3.8355,0.0907,5.1281,165,0.2679
phone-android,tiny,2850,close_choice,rejected,invalid_choice,0,0.6440,0.3617,0.0471,3.4166,0.0797,4.5491,167,0.2270
phone-android,tiny,2851,move,accepted,moved,1,0.5860,0.3649,0.0577,4.8412,0.1229,5.9727,189,0.2425
phone-android,tiny,2852,take,accepted,taken,1,0.6989,0.3685,0.0545,5.0169,0.1178,6.2566,189,0.2316
phone-android,tiny,2853,drop,accepted,dropped,1,0.6353,0.3755,0.0561,5.5203,0.1061,6.6933,196,0.2277
phone-android,tiny,2854,look,accepted,observed,0,0.6054,0.3678,0.0486,3.7570,0.0819,4.8607,161,0.2470
phone-android,tiny,2855,move,rejected,exit_unavailable,0,0.5855,0.3606,0.0480,3.4294,0.0865,4.5099,169,0.2284
phone-android,tiny,2856,activate,rejected,not_eligible,0,0.6164,0.3558,0.0487,3.9405,0.1093,5.0707,165,0.2347
phone-android,tiny,2857,talk,rejected,not_eligible,0,0.7553,0.3853,0.0512,3.6066,0.0928,4.8912,165,0.2181
phone-android,tiny,2858,choose,rejected,invalid_choice,0,0.7841,0.4894,0.0487,3.3519,0.0830,4.7571,167,0.2290
phone-android,tiny,2859,take,accepted,taken,1,0.6645,0.3575,0.0536,4.4474,0.0959,5.6189,189,0.3205
phone-android,tiny,2860,look,accepted,observed,0,0.5942,0.3460,0.0450,3.2797,0.0781,4.3430,161,0.2208
phone-android,tiny,2861,move,accepted,moved,1,0.5827,0.3640,0.0530,4.9897,0.1329,6.1223,187,0.2403
phone-android,tiny,2862,talk,rejected,not_eligible,0,0.7992,0.3841,0.0488,3.7867,0.0907,5.1095,165,0.3016
phone-android,tiny,2863,activate,rejected,not_eligible,0,0.7719,0.3748,0.0523,3.4859,0.0889,4.7738,165,0.2219
phone-android,tiny,2864,move,accepted,moved,1,0.6084,0.3642,0.0533,4.3960,0.1109,5.5328,191,0.2319
phone-android,tiny,2865,talk,rejected,not_eligible,0,1.1635,0.3979,0.0522,3.5614,0.0876,5.2626,165,0.2584
phone-android,tiny,2866,look,accepted,observed,0,0.6006,0.3326,0.0457,3.3373,0.0787,4.3949,161,0.2196
phone-android,tiny,2867,look,accepted,observed,0,0.5854,0.3322,0.0489,3.5191,0.0945,4.5801,161,0.2328
phone-android,tiny,2868,look,accepted,observed,0,0.7052,0.3636,0.0489,3.1280,0.0803,4.3259,161,0.2222
phone-android,tiny,2869,talk,rejected,not_eligible,0,0.6228,0.4076,0.0494,3.9556,0.1187,5.1540,165,0.2299
phone-android,tiny,2870,move,accepted,moved,1,0.6530,0.3679,0.0526,4.7916,0.1138,5.9789,187,0.2343
phone-android,tiny,2871,talk,rejected,not_eligible,0,0.8521,0.3337,0.0478,3.7993,0.0979,5.1309,165,0.2344
phone-android,tiny,2872,look,accepted,observed,0,0.7114,0.3715,0.0502,4.2109,0.1003,5.4442,161,0.2290
phone-android,tiny,2873,look,accepted,observed,0,0.7372,0.3674,0.0481,3.4481,0.1022,4.7031,161,0.2284
phone-android,tiny,2874,drop,accepted,dropped,1,0.8433,0.3935,0.0557,5.1433,0.1161,6.5519,194,0.2290
phone-android,tiny,2875,wait,rejected,invalid_time,0,0.6890,0.3636,0.0461,3.9048,0.0875,5.0910,165,0.2278
phone-android,tiny,2876,take,accepted,taken,1,0.6036,0.3551,0.0520,5.2010,0.1377,6.3495,189,0.2527
phone-android,tiny,2877,wait,rejected,invalid_time,0,0.8215,0.3976,0.0456,3.8283,0.1068,5.1998,165,0.2453
phone-android,tiny,2878,look,accepted,observed,0,0.7214,0.3617,0.0493,3.5403,0.0977,4.7704,161,0.2315
phone-android,tiny,2879,look,accepted,observed,0,0.7252,0.4021,0.0530,3.4942,0.0932,4.7676,161,0.2224
phone-android,tiny,2880,wait,rejected,invalid_time,0,0.6583,0.3542,0.0465,3.2002,0.0756,4.3348,165,0.2176
phone-android,tiny,2881,look,accepted,observed,0,0.5899,0.3405,0.0464,3.1131,0.0771,4.1670,161,0.2193
phone-android,tiny,2882,wait,rejected,invalid_time,0,0.5995,0.3497,0.0444,3.4029,0.0847,4.4813,165,0.2232
phone-android,tiny,2883,move,accepted,moved,1,0.5670,0.3644,0.0535,4.7293,0.1254,5.8396,189,2.6773
phone-android,tiny,2884,look,accepted,observed,0,1.1083,0.4065,0.0532,4.3639,0.1172,6.0492,161,0.2387
phone-android,tiny,2885,look,accepted,observed,0,0.8154,0.3403,0.0472,3.3800,0.0870,4.6699,161,0.2252
phone-android,tiny,2886,move,accepted,moved,1,0.6107,0.3504,0.0508,4.4091,0.1020,5.5230,187,0.2216
phone-android,tiny,2887,wait,rejected,invalid_time,0,0.7447,0.3766,0.0463,3.4597,0.0922,4.7195,165,0.2258
phone-android,tiny,2888,move,accepted,moved,1,0.7604,0.4123,0.0534,4.4252,0.1116,5.7628,189,0.2296
phone-android,tiny,2889,drop,accepted,dropped,1,0.6475,0.3581,0.0547,4.8365,0.1052,6.0019,196,0.2323
phone-android,tiny,2890,look,accepted,observed,0,0.5803,0.3426,0.0511,3.6931,0.0823,4.7494,161,0.2699
phone-android,tiny,2891,look,accepted,observed,0,0.6130,0.3288,0.0458,3.2658,0.0883,4.3417,161,0.2256
phone-android,tiny,2892,look,accepted,observed,0,0.6258,0.3421,0.0486,3.3645,0.1116,4.4926,161,0.2387
phone-android,tiny,2893,move,accepted,moved,1,0.8751,0.4148,0.0546,4.8955,0.1183,6.3583,187,0.2411
phone-android,tiny,2894,choose,rejected,invalid_choice,0,0.7986,0.3765,0.0482,3.0964,0.0901,4.4098,167,0.2247
phone-android,tiny,2895,move,accepted,moved,1,0.6082,0.3433,0.0536,4.2224,0.0967,5.3243,189,0.3178
phone-android,tiny,2896,move,accepted,moved,1,0.6239,0.3584,0.0529,4.1454,0.0998,5.2804,187,0.2330
phone-android,tiny,2897,wait,rejected,invalid_time,0,0.5935,0.4021,0.0467,3.3002,0.0940,4.4365,165,0.2330
phone-android,tiny,2898,move,accepted,moved,1,0.6441,0.3556,0.0530,4.2411,0.0994,5.3933,191,0.2335
phone-android,tiny,2899,activate,rejected,not_eligible,0,0.6321,0.3572,0.0499,3.2302,0.0820,4.3513,165,0.2251
phone-android,tiny,2900,move,accepted,moved,1,0.6097,0.3795,0.0540,4.2163,0.1085,5.3680,189,0.2828
phone-android,tiny,2901,look,accepted,observed,0,0.6668,0.3487,0.0452,3.3393,0.0828,4.4828,161,0.2310
phone-android,tiny,2902,look,accepted,observed,0,0.6022,0.3223,0.0447,3.1904,0.0787,4.2382,161,0.2243
phone-android,tiny,2903,move,accepted,moved,1,0.6252,0.3644,0.0526,4.1997,0.1071,5.3490,191,0.2330
phone-android,tiny,2904,look,accepted,observed,0,0.5933,0.3386,0.0477,3.2947,0.0832,4.3575,161,0.2607
phone-android,tiny,2905,choose,rejected,invalid_choice,0,0.5969,0.3632,0.0458,3.3260,0.1015,4.4334,167,0.2340
phone-android,tiny,2906,look,accepted,observed,0,0.7340,0.3664,0.0473,3.4897,0.0922,4.7295,161,0.2318
phone-android,tiny,2907,look,accepted,observed,0,0.7098,0.3736,0.0481,3.6686,0.0897,4.8899,161,0.2253
phone-android,tiny,2908,look,accepted,observed,0,0.6691,0.3403,0.0443,3.6294,0.1304,4.8134,161,0.2136
phone-android,tiny,2909,take,rejected,not_present,0,0.5953,0.3504,0.0460,3.8063,0.1030,4.9010,164,0.2370
phone-android,tiny,2910,move,accepted,moved,1,0.6805,0.4276,0.0552,5.4731,0.1360,6.7723,187,0.2402
phone-android,tiny,2911,move,accepted,moved,1,0.8831,0.4050,0.0528,7.5542,0.1267,9.0217,191,0.2310
phone-android,tiny,2912,choose,rejected,stale_view,0,0.7854,0.3937,0.0525,4.0770,0.1436,5.4522,163,0.2533
phone-android,tiny,2913,move,accepted,moved,1,1.0559,0.4762,0.0616,5.4242,0.1290,7.1469,189,0.2612
phone-android,tiny,2914,move,rejected,exit_unavailable,0,0.7111,0.4282,0.0559,3.1388,0.1484,4.4826,169,0.2459
phone-android,tiny,2915,look,accepted,observed,0,0.6738,0.3697,0.0509,3.2191,0.1162,4.4297,161,0.2676
phone-android,tiny,2916,choose,rejected,invalid_choice,0,0.8048,0.4375,0.0552,3.8273,0.1015,5.2264,167,0.2598
phone-android,tiny,2917,drop,replayed,dropped,0,1.2136,0.3612,0.0020,0.0008,0.0364,1.6140,0,0.2185
phone-android,tiny,2918,take,rejected,not_present,0,0.4426,0.4594,0.0631,3.8711,0.0831,4.9193,164,0.2292
phone-android,tiny,2919,look,accepted,observed,0,0.5876,0.3294,0.0463,3.1960,0.0814,4.2407,161,0.2339
phone-android,tiny,2920,move,accepted,moved,1,0.6081,0.4702,0.0566,4.6997,0.1130,5.9476,191,0.2415
phone-android,tiny,2921,talk,rejected,not_eligible,0,0.7145,0.3745,0.0949,3.4896,0.0951,4.7686,165,0.2251
phone-android,tiny,2922,choose,rejected,invalid_choice,0,0.6163,0.3594,0.0451,3.3449,0.0802,4.4459,167,0.2240
phone-android,tiny,2923,choose,rejected,invalid_choice,0,0.6216,0.3753,0.0479,3.2712,0.0811,4.3971,167,0.2877
phone-android,tiny,2924,look,accepted,observed,0,0.5984,0.3342,0.0456,3.1654,0.0778,4.2214,161,0.2208
phone-android,tiny,2925,look,accepted,observed,0,0.5684,0.3236,0.0473,3.5263,0.0731,4.5388,161,0.2076
phone-android,tiny,2926,look,accepted,observed,0,0.7524,0.3634,0.0479,3.7064,0.0801,4.9503,161,0.2236
phone-android,tiny,2927,look,accepted,observed,0,0.6141,0.3395,0.0493,3.7794,0.0794,4.8617,161,0.2213
phone-android,tiny,2928,move,accepted,moved,1,0.6661,0.4127,0.0548,4.8076,0.1099,6.0512,187,0.2434
phone-android,tiny,2929,move,accepted,moved,1,0.8504,0.4434,0.0793,4.9372,0.1065,6.4167,191,0.2295
phone-android,tiny,2930,take,rejected,not_present,0,0.6790,0.3587,0.0486,3.2221,0.0801,4.3884,164,0.2306
phone-android,tiny,2931,look,accepted,observed,0,0.6037,0.3320,0.0479,3.0855,0.0765,4.1456,161,0.2188
phone-android,tiny,2932,look,accepted,observed,0,0.5880,0.3677,0.0489,3.3080,0.0731,4.3857,161,0.2213
phone-android,tiny,2933,look,accepted,observed,0,0.5944,0.3414,0.0485,3.3740,0.0944,4.4526,161,0.2344
phone-android,tiny,2934,move,accepted,moved,1,0.7396,0.4076,0.0583,4.9895,0.1166,6.3115,189,0.2356
phone-android,tiny,2935,look,accepted,observed,0,0.7090,0.3613,0.0479,4.0597,0.0834,5.2612,161,0.2295
phone-android,tiny,2936,activate,rejected,not_eligible,0,0.6139,0.3564,0.0490,3.1979,0.0781,4.2952,165,0.2249
phone-android,tiny,2937,close_choice,rejected,invalid_choice,0,0.6040,0.3497,0.0484,3.5581,0.0784,4.6386,167,0.2355
phone-android,tiny,2938,wait,accepted,waited,1,0.6176,0.3676,0.0507,4.7298,0.0965,5.8622,185,0.2328
phone-android,tiny,2939,look,accepted,observed,0,0.6546,0.3861,0.0529,3.8846,0.0953,5.0735,161,0.2306
phone-android,tiny,2940,move,accepted,moved,1,0.7047,0.4507,0.0586,5.0145,0.1061,6.3346,191,0.2315
phone-android,tiny,2941,activate,rejected,not_eligible,0,0.6491,0.3313,0.0461,3.4250,0.0803,4.5318,165,0.2248
phone-android,tiny,2942,take,rejected,not_present,0,0.6198,0.3496,0.0486,3.3830,0.0813,4.4823,164,0.2241
phone-android,tiny,2943,activate,rejected,not_eligible,0,0.5940,0.3416,0.0469,3.2942,0.0795,4.3561,165,0.2223
phone-android,tiny,2944,move,accepted,moved,1,0.6312,0.3667,0.0538,4.5696,0.1252,5.7465,187,0.2548
phone-android,tiny,2945,look,accepted,observed,0,0.7442,0.3483,0.0495,3.2312,0.0830,4.4561,161,0.2289
phone-android,tiny,2946,move,accepted,moved,1,0.5812,0.3556,0.0532,4.1395,0.1007,5.2302,191,0.2274
phone-android,tiny,2947,move,accepted,moved,1,0.6346,0.3580,0.0538,4.3540,0.1170,5.5173,189,0.2349
phone-android,tiny,2948,wait,rejected,invalid_time,0,0.6553,0.4286,0.0489,3.8910,0.0872,5.1109,165,0.2269
phone-android,tiny,2949,look,accepted,observed,0,0.6016,0.3366,0.0490,3.4938,0.0791,4.5601,161,0.2309
phone-android,tiny,2950,wait,rejected,invalid_time,0,0.5726,0.4066,0.0452,3.4546,0.1033,4.5823,165,0.2270
phone-android,tiny,2951,take,rejected,not_present,0,0.8003,0.3636,0.0486,3.7225,0.1445,5.0796,164,0.2241
phone-android,tiny,2952,take,rejected,not_present,0,1.0646,0.3932,0.0490,3.8970,0.1091,5.5129,164,1.9613
phone-android,tiny,2953,look,accepted,observed,0,0.8631,0.3409,0.0470,3.4202,0.1074,4.7787,161,0.2178
phone-android,tiny,2954,move,rejected,exit_unavailable,0,0.6987,0.7593,0.0549,3.4542,0.0996,5.0667,169,0.2168
phone-android,tiny,2955,talk,rejected,not_eligible,0,0.6997,0.3566,0.0495,3.0571,0.1027,4.2656,165,0.2161
phone-android,tiny,2956,look,accepted,observed,0,0.7244,0.3755,0.0485,3.3037,0.1106,4.5628,161,0.2174
phone-android,tiny,2957,move,accepted,moved,1,0.7726,0.3562,0.0503,4.5398,0.1328,5.8517,191,0.2559
phone-android,tiny,2958,wait,rejected,invalid_time,0,1.3516,0.3717,0.0446,3.2366,0.1086,5.1131,165,0.2179
phone-android,tiny,2959,move,accepted,moved,1,0.7554,0.4122,0.0545,4.3571,0.1314,5.7106,187,0.2205
phone-android,tiny,2960,talk,rejected,not_eligible,0,0.7851,0.3320,0.0481,3.2092,0.1206,4.4949,165,0.2200
phone-android,tiny,2961,wait,rejected,invalid_time,0,0.8259,0.3422,0.0434,3.0437,0.1103,4.3655,165,0.2189
phone-android,tiny,2962,look,accepted,observed,0,0.7204,0.3172,0.0437,3.0421,0.0906,4.2140,161,0.2317
phone-android,tiny,2963,move,accepted,moved,1,0.6129,0.3977,0.0537,3.9935,0.1056,5.1634,191,0.2278
phone-android,tiny,2964,move,accepted,moved,1,0.5934,0.3760,0.0545,3.7559,0.1042,4.8841,189,0.2281
phone-android,tiny,2965,choose,rejected,invalid_choice,0,0.7085,0.3799,0.0497,2.7634,0.0789,3.9805,167,0.2266
phone-android,tiny,2966,look,accepted,observed,0,0.5609,0.3299,0.0488,2.6421,0.0877,3.6694,161,0.2311
phone-android,tiny,2967,look,accepted,observed,0,0.6099,0.3344,0.0461,3.3992,0.0831,4.4727,161,0.2249
phone-android,tiny,2968,wait,rejected,invalid_time,0,0.6656,0.3612,0.0453,3.1988,0.0798,4.3507,165,0.2244
phone-android,tiny,2969,move,accepted,moved,1,0.5835,0.3615,0.0541,4.8142,0.0945,5.9077,191,0.2089
phone-android,tiny,2970,look,accepted,observed,0,0.6588,0.3435,0.0493,3.2363,0.0826,4.3705,161,0.2266
phone-android,tiny,2971,look,accepted,observed,0,0.5966,0.3302,0.0473,3.5717,0.0980,4.6437,161,0.2665
phone-android,tiny,2972,talk,rejected,not_eligible,0,0.7529,0.3682,0.0485,3.5506,0.0936,4.8138,165,0.2316
phone-android,tiny,2973,move,rejected,exit_unavailable,0,0.7432,0.3881,0.0503,3.6868,0.1062,4.9746,169,0.2373
phone-android,tiny,2974,move,accepted,moved,1,0.7251,0.4102,0.0545,4.6098,0.1136,5.9131,189,0.3221
phone-android,tiny,2975,choose,rejected,stale_view,0,0.6621,0.3549,0.0473,3.2284,0.0804,4.3731,163,0.2118
phone-android,tiny,2976,look,accepted,observed,0,0.5993,0.3296,0.0458,3.4496,0.0828,4.5071,161,0.2293
phone-android,tiny,2977,move,accepted,moved,1,0.7691,0.3647,0.0535,4.9635,0.1077,6.2585,191,0.2320
phone-android,tiny,2978,move,accepted,moved,1,0.6542,0.3709,0.0520,4.4984,0.1052,5.6807,187,0.2344
phone-android,tiny,2979,take,rejected,not_present,0,0.6056,0.3632,0.0469,3.4186,0.0842,4.5185,164,0.2299
phone-android,tiny,2980,look,accepted,observed,0,0.5979,0.3311,0.0475,3.2119,0.1030,4.2914,161,0.2325
phone-android,tiny,2981,move,rejected,exit_unavailable,0,0.7706,0.3841,0.0483,3.8163,0.0955,5.1148,169,0.2240
phone-android,tiny,2982,move,accepted,moved,1,0.7553,0.3977,0.0593,4.7404,0.1085,6.0612,189,0.2103
phone-android,tiny,2983,take,accepted,taken,1,0.6481,0.3367,0.0538,4.5620,0.1393,5.7399,189,0.2336
phone-android,tiny,2984,drop,rejected,integrity_conflict,0,1.1049,0.2938,0.0013,0.0003,0.0357,1.4359,0,0.1951
phone-android,tiny,2985,look,accepted,observed,0,0.3687,0.2726,0.0448,3.4496,0.0847,4.2204,161,0.2235
phone-android,tiny,2986,wait,rejected,invalid_time,0,0.6270,0.3261,0.0418,4.3011,0.0895,5.3856,165,0.2251
phone-android,tiny,2987,talk,rejected,not_eligible,0,0.8419,0.3881,0.0921,4.1199,0.0969,5.5390,165,0.2321
phone-android,tiny,2988,look,accepted,observed,0,0.7257,0.3693,0.0498,3.4578,0.0915,4.6942,161,0.2312
phone-android,tiny,2989,talk,rejected,not_eligible,0,0.6665,0.3277,0.0460,3.3294,0.0865,4.4560,165,0.2317
phone-android,tiny,2990,drop,accepted,dropped,1,0.5982,0.3518,0.0546,4.3524,0.1014,5.4584,196,0.2586
phone-android,tiny,2991,move,accepted,moved,1,0.6381,0.3619,0.0524,4.3191,0.1032,5.4748,187,0.2451
phone-android,tiny,2992,wait,rejected,invalid_time,0,0.6685,0.3696,0.0464,3.4499,0.0867,4.6212,165,0.2456
phone-android,tiny,2993,take,rejected,not_present,0,0.6225,0.3280,0.0457,3.1686,0.0844,4.2493,164,0.2415
phone-android,tiny,2994,choose,rejected,invalid_choice,0,0.6066,0.4431,0.0495,3.6599,0.0799,4.8390,167,0.2286
phone-android,tiny,2995,move,rejected,exit_unavailable,0,0.6109,0.3512,0.0477,3.3807,0.0909,4.4814,169,0.2283
phone-android,tiny,2996,move,accepted,moved,1,0.6487,0.4677,0.0568,4.6918,0.1151,5.9801,191,0.2426
phone-android,tiny,2997,take,rejected,not_present,0,0.7319,0.3749,0.0494,3.5458,0.0917,4.7938,164,0.2350
phone-android,tiny,2998,move,accepted,moved,1,0.6624,0.3712,0.0512,4.2708,0.1114,5.4670,189,0.2283
phone-android,tiny,2999,look,accepted,observed,0,0.6744,0.3536,0.0461,3.2688,0.0781,4.4210,161,0.2224
phone-android,medium,1000,move,accepted,moved,1,0.7451,0.4161,0.0595,5.4449,0.1236,6.7893,190,67.6805
phone-android,medium,1001,move,accepted,moved,1,1.4020,0.4563,0.0599,8.5311,0.1242,10.5736,188,66.9915
phone-android,medium,1002,move,accepted,moved,1,0.8969,0.3550,0.0530,5.3539,0.1232,6.7819,190,68.7601
phone-android,medium,1003,wait,rejected,invalid_time,0,1.3245,0.4185,0.0501,6.2263,0.0952,8.1146,164,69.7650
phone-android,medium,1004,move,accepted,moved,1,8.5141,0.4198,0.0538,5.7035,0.1476,14.8387,186,66.4314
phone-android,medium,1005,move,accepted,moved,1,0.9669,0.5040,0.0615,7.5420,0.1164,9.1908,188,74.2244
phone-android,medium,1006,choose,rejected,invalid_choice,0,1.1401,0.4952,0.0548,5.3942,0.1157,7.1999,166,67.0958
phone-android,medium,1007,move,accepted,moved,1,1.2457,0.4439,0.0623,8.1154,0.1049,9.9722,186,65.8769
phone-android,medium,1008,look,accepted,observed,0,0.8994,0.4217,0.0529,4.5386,0.1276,6.0402,160,65.6615
phone-android,medium,1009,take,rejected,not_present,0,0.7633,0.3377,0.0489,6.1592,0.0903,7.3994,163,66.8710
phone-android,medium,1010,move,accepted,moved,1,0.9961,0.4848,0.0645,5.3270,0.0994,6.9719,190,71.4523
phone-android,medium,1011,choose,rejected,invalid_choice,0,0.7505,0.3569,0.0489,6.7789,0.0846,8.0197,166,66.9527
phone-android,medium,1012,look,accepted,observed,0,1.1434,0.5741,0.0539,4.9552,0.1110,6.8376,160,67.6701
phone-android,medium,1013,talk,rejected,not_eligible,0,0.9610,0.3566,0.0512,6.8540,0.1022,8.3250,164,66.5723
phone-android,medium,1014,look,accepted,observed,0,1.1113,0.4409,0.0520,4.5222,0.1114,6.2379,160,67.1187
phone-android,medium,1015,move,accepted,moved,1,0.8042,0.3517,0.0537,6.9952,0.1042,8.3090,188,65.0615
phone-android,medium,1016,wait,rejected,invalid_time,0,1.1845,0.4047,0.0545,3.8761,0.1051,5.6249,164,65.4433
phone-android,medium,1017,look,accepted,observed,0,0.8987,0.3444,0.0468,5.9398,0.0783,7.3082,160,67.4913
phone-android,medium,1018,move,accepted,moved,1,1.1074,0.5094,0.0582,6.0119,0.1299,7.8169,190,66.4093
phone-android,medium,1019,take,accepted,taken,1,0.9856,0.3378,0.0526,6.7603,0.0978,8.2341,188,64.7573
phone-android,medium,1020,look,accepted,observed,0,0.9988,0.4740,0.0543,4.6516,0.1074,6.2860,160,65.1663
phone-android,medium,1021,look,accepted,observed,0,0.9832,0.3751,0.0547,7.2234,0.1192,8.7556,160,65.3957
phone-android,medium,1022,drop,accepted,dropped,1,1.0280,0.4430,0.0591,5.9202,0.2072,7.6574,197,71.1452
phone-android,medium,1023,activate,rejected,stale_view,0,0.9389,0.3297,0.0459,6.4041,0.1141,7.8326,162,66.6152
phone-android,medium,1024,move,accepted,moved,1,0.8616,0.4301,0.0557,5.5481,0.1708,7.0663,186,68.6999
phone-android,medium,1025,look,accepted,observed,0,0.7431,0.4017,0.0480,6.4661,0.1212,7.7802,160,64.6337
phone-android,medium,1026,move,rejected,exit_unavailable,0,0.9036,0.3814,0.0491,5.2077,0.1527,6.6945,168,65.7562
phone-android,medium,1027,move,accepted,moved,1,0.9371,0.3940,0.0546,7.7796,0.1545,9.3198,188,68.3812
phone-android,medium,1028,move,accepted,moved,1,6.6083,0.4170,0.0534,5.4092,0.1293,12.6172,186,63.6638
phone-android,medium,1029,look,accepted,observed,0,0.9995,0.3870,0.0502,6.5433,0.1030,8.0831,160,67.0065
phone-android,medium,1030,move,accepted,moved,1,0.9610,0.4791,0.0581,5.5291,0.1495,7.1768,188,68.4296
phone-android,medium,1031,look,accepted,observed,0,1.0587,0.3630,0.0489,6.4689,0.1436,8.0831,160,65.6751
phone-android,medium,1032,take,rejected,not_present,0,0.9018,0.3665,0.0493,4.0174,0.0957,5.4307,163,66.0800
phone-android,medium,1033,take,rejected,not_present,0,0.9723,0.4159,0.0523,7.2413,0.1395,8.8214,163,70.6405
phone-android,medium,1034,talk,rejected,not_eligible,0,0.9935,0.3830,0.0534,4.6302,0.1019,6.1620,165,64.2088
phone-android,medium,1035,take,rejected,not_present,0,1.0522,0.4642,0.0568,6.9474,0.1039,8.6245,164,65.7290
phone-android,medium,1036,look,accepted,observed,0,1.1570,0.3722,0.0483,4.3224,0.1202,6.0202,161,65.6475
phone-android,medium,1037,move,accepted,moved,1,0.8902,0.3816,0.0524,7.7728,0.1418,9.2389,187,66.3184
phone-android,medium,1038,talk,rejected,not_eligible,0,1.1105,0.3871,0.0542,5.0521,0.1087,6.7127,165,70.9289
phone-android,medium,1039,move,accepted,moved,1,10.7769,0.4030,0.0531,8.3893,0.1641,19.7865,191,69.2424
phone-android,medium,1040,activate,rejected,not_eligible,0,0.7354,0.3211,0.0446,3.4300,0.0870,4.6181,165,65.9492
phone-android,medium,1041,talk,rejected,not_eligible,0,0.7628,0.3372,0.0504,6.3082,0.1013,7.5599,165,69.4347
phone-android,medium,1042,look,accepted,observed,0,0.9588,0.6798,0.0549,4.6484,0.1834,6.5253,161,68.5165
phone-android,medium,1043,move,rejected,exit_unavailable,0,0.7052,0.3309,0.0457,5.9552,0.1008,7.1379,169,65.1167
phone-android,medium,1044,take,replayed,not_present,0,1.5661,0.3100,0.0020,0.0006,0.0346,1.9133,0,64.4390
phone-android,medium,1045,activate,rejected,not_eligible,0,1.2294,0.4317,0.0562,7.4461,0.1104,9.2739,165,65.4904
phone-android,medium,1046,look,accepted,observed,0,0.9095,0.3675,0.0501,4.2107,0.1101,5.6479,161,69.2045
phone-android,medium,1047,look,accepted,observed,0,10.8074,0.3864,0.0499,6.4367,0.1472,17.8277,161,71.4018
phone-android,medium,1048,move,accepted,moved,1,0.9058,0.4899,0.0572,6.3693,0.1360,7.9581,189,65.3426
phone-android,medium,1049,activate,rejected,not_eligible,0,1.0408,0.4007,0.0497,6.5444,0.1035,8.1392,165,70.6595
phone-android,medium,1050,move,accepted,moved,1,4.5722,0.3963,0.0527,5.8762,0.1436,11.0410,191,65.3323
phone-android,medium,1051,look,accepted,observed,0,0.9345,0.3493,0.0491,6.5396,0.1085,7.9809,161,66.5299
phone-android,medium,1052,wait,rejected,invalid_time,0,1.1382,0.4607,0.0480,4.7816,0.1299,6.5584,165,69.0097
phone-android,medium,1053,choose,rejected,invalid_choice,0,0.9360,0.3972,0.0507,6.7409,0.1564,8.2813,167,63.7014
phone-android,medium,1054,wait,rejected,invalid_time,0,0.9871,0.3844,0.0482,4.8746,0.1002,6.3945,165,66.5697
phone-android,medium,1055,look,accepted,observed,0,1.0030,0.4277,0.0538,7.5166,0.1771,9.1781,161,69.1425
phone-android,medium,1056,wait,rejected,invalid_time,0,0.9434,0.4516,0.0467,4.5491,0.1044,6.0952,165,64.5447
phone-android,medium,1057,take,accepted,taken,1,1.1499,0.3749,0.0577,8.0988,0.1207,9.8020,189,65.0721
phone-android,medium,1058,move,accepted,moved,1,0.9100,0.3830,0.0574,5.4821,0.1192,6.9518,187,65.6681
phone-android,medium,1059,move,accepted,moved,1,1.0170,0.4178,0.0602,8.3269,0.1930,10.0148,191,68.3967
phone-android,medium,1060,look,accepted,observed,0,1.0830,0.3786,0.0497,4.5814,0.1010,6.1936,161,68.2633
phone-android,medium,1061,talk,rejected,not_eligible,0,0.9649,0.3766,0.0497,6.6087,0.1024,8.1023,165,68.6000
phone-android,medium,1062,wait,rejected,invalid_time,0,1.0945,0.4262,0.0488,4.7206,0.0971,6.3872,165,66.2223
phone-android,medium,1063,take,replayed,not_present,0,1.3825,0.3083,0.0019,0.0005,0.0327,1.7260,0,65.6278
phone-android,medium,1064,move,accepted,moved,1,1.1107,0.4139,0.0559,8.2946,0.1247,9.9998,187,68.1000
phone-android,medium,1065,choose,rejected,invalid_choice,0,0.9864,0.4940,0.0539,4.6514,0.1342,6.3199,167,66.3752
phone-android,medium,1066,move,accepted,moved,1,1.1386,0.4975,0.0601,7.7194,0.1199,9.5355,191,64.7353
phone-android,medium,1067,move,accepted,moved,1,1.2201,0.4242,0.0580,5.8298,0.1216,7.6537,187,67.7882
phone-android,medium,1068,drop,replayed,dropped,0,1.5980,0.3065,0.0017,0.0007,0.0327,1.9395,0,64.7939
phone-android,medium,1069,look,accepted,observed,0,1.1996,0.4212,0.0506,6.9692,0.1188,8.7594,161,64.4250
phone-android,medium,1070,move,accepted,moved,1,0.8539,0.4247,0.0555,4.8195,0.0982,6.2518,191,64.5047
phone-android,medium,1071,move,accepted,moved,1,0.8557,0.4280,0.0566,8.0064,0.1184,9.4651,187,67.1269
phone-android,medium,1072,talk,rejected,not_eligible,0,0.7578,0.3326,0.0474,4.0823,0.1054,5.3255,165,62.4719
phone-android,medium,1073,activate,rejected,not_eligible,0,0.8167,0.3435,0.0491,6.5078,0.1200,7.8370,165,64.5419
phone-android,medium,1074,move,accepted,moved,1,1.0789,0.4009,0.0588,6.3277,0.1203,7.9867,191,65.2977
phone-android,medium,1075,look,accepted,observed,0,0.7554,0.4103,0.0501,7.8880,0.2771,9.3808,161,69.6517
phone-android,medium,1076,move,accepted,moved,1,1.1234,0.4019,0.0545,5.6997,0.1330,7.4126,189,66.1222
phone-android,medium,1077,move,accepted,moved,1,0.9478,0.6111,0.0651,9.2090,0.1465,10.9794,191,68.8815
phone-android,medium,1078,move,accepted,moved,1,0.8730,0.3929,0.0547,5.2916,0.1296,6.7418,187,65.6174
phone-android,medium,1079,move,accepted,moved,1,1.1219,0.3870,0.0558,7.7479,0.0989,9.4115,189,65.9697
phone-android,medium,1080,move,accepted,moved,1,0.9829,0.4232,0.0597,5.9641,0.1425,7.5725,187,65.6972
phone-android,medium,1081,talk,rejected,not_eligible,0,1.1051,0.5504,0.0544,6.4423,0.0969,8.2491,165,65.0642
phone-android,medium,1082,look,accepted,observed,0,1.0421,0.4778,0.0514,4.1539,0.0983,5.8234,161,67.8716
phone-android,medium,1083,choose,rejected,stale_view,0,1.0236,0.5053,0.0553,7.9834,0.1380,9.7056,163,68.9567
phone-android,medium,1084,activate,rejected,not_eligible,0,0.9359,0.3778,0.0506,4.3169,0.0983,5.7795,165,64.4424
phone-android,medium,1085,wait,rejected,invalid_time,0,1.0370,0.3854,0.0489,6.4587,0.1185,8.0484,165,64.8015
phone-android,medium,1086,move,rejected,exit_unavailable,0,1.3210,0.3922,0.0530,4.2642,0.0970,6.1273,169,68.9409
phone-android,medium,1087,activate,rejected,not_eligible,0,0.8707,0.3641,0.0492,6.6732,0.1042,8.0614,165,66.7752
phone-android,medium,1088,look,accepted,observed,0,1.0651,0.3410,0.0478,4.2988,0.0889,5.8415,161,64.1345
phone-android,medium,1089,move,accepted,moved,1,0.8867,0.3649,0.0581,7.6808,0.1032,9.0936,191,67.3899
phone-android,medium,1090,move,accepted,moved,1,1.4258,0.4661,0.0608,6.1029,0.1265,8.1820,187,64.9899
phone-android,medium,1091,close_choice,rejected,invalid_choice,0,1.2389,0.5159,0.0523,7.0976,0.1076,9.0122,167,69.7489
phone-android,medium,1092,look,accepted,observed,0,3.5551,0.3863,0.0466,4.1544,0.1030,8.2454,161,66.3004
phone-android,medium,1093,activate,rejected,not_eligible,0,1.0407,0.5008,0.0586,7.6691,0.1404,9.4096,165,67.5028
phone-android,medium,1094,move,accepted,moved,1,1.0730,0.3797,0.0543,4.9441,0.0989,6.5500,189,64.7750
phone-android,medium,1095,look,accepted,observed,0,1.0286,0.3785,0.0535,7.2839,0.1549,8.8995,161,64.5930
phone-android,medium,1096,look,accepted,observed,0,1.2314,0.4060,0.0508,4.2234,0.1044,6.0161,161,68.6795
phone-android,medium,1097,move,accepted,moved,1,1.2153,0.4059,0.0534,7.9154,0.1307,9.7207,187,64.3038
phone-android,medium,1098,look,accepted,observed,0,1.2461,0.3763,0.0529,4.7671,0.1140,6.5562,161,71.6350
phone-android,medium,1099,choose,rejected,invalid_choice,0,1.0291,0.4671,0.0504,6.8987,0.1091,8.5543,167,64.3635
phone-android,medium,1100,activate,rejected,not_eligible,0,1.0565,0.5384,0.0579,4.0457,0.1065,5.8050,165,67.3974
phone-android,medium,1101,look,accepted,observed,0,1.2818,0.4611,0.0491,5.8961,0.1025,7.7906,161,68.5041
phone-android,medium,1102,move,accepted,moved,1,1.0767,0.4293,0.0579,5.4664,0.1309,7.1611,191,64.1745
phone-android,medium,1103,move,accepted,moved,1,1.2687,0.3946,0.0564,7.6389,0.1223,9.4809,189,65.8707
phone-android,medium,1104,look,accepted,observed,0,0.9437,0.4240,0.0515,4.6707,0.1091,6.1990,161,69.1884
phone-android,medium,1105,drop,accepted,dropped,1,6.9154,0.4092,0.0542,5.8894,0.1407,13.4089,196,64.6404
phone-android,medium,1106,look,accepted,observed,0,1.1132,0.3668,0.0491,6.3949,0.1162,8.0403,161,66.6585
phone-android,medium,1107,move,accepted,moved,1,0.8163,0.4765,0.0601,5.6895,0.1187,7.1611,191,68.9816
phone-android,medium,1108,move,accepted,moved,1,0.9236,0.3917,0.0562,7.7326,0.2297,9.3338,189,64.9122
phone-android,medium,1109,wait,accepted,waited,1,0.9848,0.4003,0.0531,6.4274,0.1174,7.9831,185,67.3874
phone-android,medium,1110,move,rejected,exit_unavailable,0,1.0011,0.4710,0.0537,7.7391,0.1390,9.4039,169,66.1223
phone-android,medium,1111,move,accepted,moved,1,1.0349,0.4214,0.0600,5.9001,0.1160,7.5324,191,64.3480
phone-android,medium,1112,look,accepted,observed,0,1.0330,0.3834,0.0522,6.4086,0.0971,7.9745,161,67.7545
phone-android,medium,1113,look,accepted,observed,0,0.9733,0.3722,0.0478,4.7579,0.1115,6.2628,161,64.1137
phone-android,medium,1114,look,accepted,observed,0,0.9192,0.3576,0.0485,18.3390,0.1439,19.8082,161,69.0438
phone-android,medium,1115,look,accepted,observed,0,0.9238,0.3777,0.0485,4.3142,0.1012,5.7654,161,64.5330
phone-android,medium,1116,move,accepted,moved,1,1.0132,0.3983,0.0549,7.9763,0.1934,9.6361,187,68.5690
phone-android,medium,1117,look,accepted,observed,0,1.1442,0.4652,0.0548,4.6421,0.1380,6.4443,161,69.7092
phone-android,medium,1118,move,accepted,moved,1,0.9485,0.4822,0.0558,7.7990,0.1283,9.4139,191,65.0843
phone-android,medium,1119,look,accepted,observed,0,1.0209,0.3819,0.0511,4.1752,0.1005,5.7296,161,64.2737
phone-android,medium,1120,look,accepted,observed,0,0.9344,0.3643,0.0485,4.2877,0.1180,5.7529,161,69.5409
phone-android,medium,1121,move,rejected,exit_unavailable,0,9.8510,0.4268,0.0522,7.4030,0.1563,17.8893,169,68.7697
phone-android,medium,1122,activate,rejected,not_eligible,0,0.9586,0.3558,0.0507,4.0480,0.0976,5.5107,165,67.1560
phone-android,medium,1123,wait,rejected,invalid_time,0,1.0103,0.5124,0.0507,7.6656,0.1446,9.3836,165,66.6368
phone-android,medium,1124,look,accepted,observed,0,0.9522,0.3673,0.0477,4.5181,0.1016,5.9869,161,65.9219
phone-android,medium,1125,move,accepted,moved,1,0.9899,0.4492,0.0588,8.1656,0.1853,9.8488,187,68.9740
phone-android,medium,1126,move,accepted,moved,1,1.0145,0.3801,0.0542,4.7561,0.1128,6.3177,191,63.9956
phone-android,medium,1127,choose,rejected,stale_view,0,1.0055,0.3647,0.0502,6.8929,0.1312,8.4445,163,67.9644
phone-android,medium,1128,choose,rejected,invalid_choice,0,1.2983,0.5378,0.0572,5.3642,0.1405,7.3980,167,66.2069
phone-android,medium,1129,look,accepted,observed,0,0.9931,0.3656,0.0493,7.0694,0.1114,8.5888,161,64.0312
phone-android,medium,1130,take,rejected,not_present,0,1.0071,0.3491,0.0466,3.7819,0.0967,5.2814,164,68.9237
phone-android,medium,1131,choose,rejected,invalid_choice,0,1.0429,0.4017,0.0485,6.6739,0.1088,8.2757,167,64.1788
phone-android,medium,1132,look,accepted,observed,0,1.1401,0.3481,0.0460,3.9569,0.0922,5.5833,161,64.1185
phone-android,medium,1133,move,accepted,moved,1,1.1646,0.4026,0.0561,7.6643,0.1236,9.4111,189,67.0132
phone-android,medium,1134,move,rejected,exit_unavailable,0,1.1108,0.4056,0.0513,4.2778,0.1028,5.9483,169,64.8461
phone-android,medium,1135,look,accepted,observed,0,1.0132,0.3907,0.0511,6.6685,0.1173,8.2408,161,70.7440
phone-android,medium,1136,activate,rejected,not_eligible,0,3.3254,0.3857,0.0471,4.8085,0.1159,8.6827,165,63.9466
phone-android,medium,1137,look,accepted,observed,0,0.8995,0.3509,0.0498,6.7627,0.0914,8.1543,161,65.1357
phone-android,medium,1138,look,accepted,observed,0,0.9482,0.3583,0.0504,4.6082,0.1000,6.0651,161,68.1321
phone-android,medium,1139,move,accepted,moved,1,1.0366,0.4058,0.0548,8.3853,0.1574,10.0399,191,64.8312
phone-android,medium,1140,move,accepted,moved,1,0.9622,0.4993,0.0621,7.0063,0.1661,8.6960,187,66.8333
phone-android,medium,1141,choose,rejected,invalid_choice,0,1.0180,0.4206,0.0488,6.5568,0.1144,8.1586,167,65.8967
phone-android,medium,1142,look,accepted,observed,0,0.9226,0.4627,0.0530,4.7954,0.1343,6.3680,161,67.3681
phone-android,medium,1143,move,accepted,moved,1,1.1097,0.4247,0.0592,8.2469,0.1418,9.9822,191,68.0897
phone-android,medium,1144,look,accepted,observed,0,3.2376,0.3981,0.0496,4.9495,0.1050,8.7397,161,66.0682
phone-android,medium,1145,take,rejected,not_present,0,1.1803,0.4541,0.0520,7.5570,0.1432,9.3866,164,67.0218
phone-android,medium,1146,look,accepted,observed,0,1.0979,0.3961,0.0536,5.0296,0.1070,6.6844,161,66.9734
phone-android,medium,1147,wait,rejected,invalid_time,0,1.1155,0.3850,0.0465,6.2462,0.1089,7.9020,165,66.5662
phone-android,medium,1148,choose,rejected,invalid_choice,0,0.9426,0.4469,0.0522,5.4916,0.1959,7.1292,167,71.0442
phone-android,medium,1149,move,accepted,moved,1,0.7255,0.4051,0.0557,7.5198,0.1342,8.8403,189,65.8669
phone-android,medium,1150,take,accepted,taken,1,1.0368,0.4961,0.0635,6.0167,0.1489,7.7620,189,65.8940
phone-android,medium,1151,move,accepted,moved,1,0.9215,0.3896,0.0541,7.9665,0.1402,9.4718,191,67.4278
phone-android,medium,1152,drop,accepted,dropped,1,1.0525,0.4171,0.0615,6.6098,0.1425,8.2834,198,68.5454
phone-android,medium,1153,look,accepted,observed,0,0.9537,0.3479,0.1049,6.2903,0.1123,7.8091,161,65.0894
phone-android,medium,1154,move,accepted,moved,1,0.9958,0.4172,0.0577,5.1845,0.1133,6.7684,189,68.5822
phone-android,medium,1155,look,accepted,observed,0,4.2339,0.3724,0.0469,6.4969,0.1219,11.2719,161,65.1636
phone-android,medium,1156,move,accepted,moved,1,0.9660,0.4044,0.0548,5.3757,0.1176,6.9185,191,67.3813
phone-android,medium,1157,look,accepted,observed,0,2.6234,0.3369,0.0446,6.4344,0.1277,9.5671,161,65.9642
phone-android,medium,1158,move,rejected,exit_unavailable,0,0.9708,0.3360,0.0454,3.4284,0.0836,4.8642,169,69.4952
phone-android,medium,1159,look,accepted,observed,0,0.9925,0.3991,0.0505,6.6211,0.1783,8.2415,161,64.6261
phone-android,medium,1160,move,accepted,moved,1,1.2739,0.6432,0.0679,5.6050,0.1191,7.7092,187,67.4388
phone-android,medium,1161,move,accepted,moved,1,0.9408,0.4647,0.0593,8.3224,0.1489,9.9361,189,70.3343
phone-android,medium,1162,talk,rejected,not_eligible,0,1.0061,0.3661,0.0470,4.0220,0.1041,5.5453,165,64.2228
phone-android,medium,1163,look,accepted,observed,0,0.9021,0.3656,0.0509,7.4582,0.1259,8.9026,161,65.1657
phone-android,medium,1164,look,accepted,observed,0,1.0523,0.3894,0.0543,4.2873,0.1013,5.8847,161,68.7096
phone-android,medium,1165,look,accepted,observed,0,1.2702,0.4415,0.0537,7.0032,0.1273,8.8960,161,67.0195
phone-android,medium,1166,look,accepted,observed,0,1.1633,0.4031,0.0535,5.3477,0.1125,7.0801,161,65.7910
phone-android,medium,1167,move,rejected,exit_unavailable,0,1.0971,0.5957,0.0643,7.9719,0.1379,9.8670,169,66.5086
phone-android,medium,1168,look,accepted,observed,0,0.8648,0.3685,0.0516,4.9699,0.1005,6.3554,161,66.1146
phone-android,medium,1169,wait,rejected,invalid_time,0,1.0046,0.4635,0.0500,7.4019,0.1364,9.0565,165,66.6798
phone-android,medium,1170,move,accepted,moved,1,1.0206,0.3949,0.0568,4.8864,0.1197,6.4783,187,66.5157
phone-android,medium,1171,look,accepted,observed,0,0.9752,0.4309,0.0542,7.3817,0.1513,8.9933,161,69.9937
phone-android,medium,1172,take,rejected,not_present,0,1.0350,0.3969,0.0517,3.7110,0.1020,5.2967,164,64.2738
phone-android,medium,1173,move,accepted,moved,1,0.9767,0.3806,0.0570,7.6936,0.1339,9.2418,191,69.9040
phone-android,medium,1174,activate,rejected,not_eligible,0,0.7928,0.3386,0.0468,3.4362,0.0841,4.6985,165,64.6049
phone-android,medium,1175,wait,rejected,invalid_time,0,0.8922,0.3673,0.0454,6.4013,0.1002,7.8065,165,63.9495
phone-android,medium,1176,take,accepted,taken,1,0.9536,0.3679,0.0570,5.5581,0.1316,7.0682,189,65.4130
phone-android,medium,1177,activate,rejected,not_eligible,0,1.1475,0.3953,0.0527,6.6860,0.1219,8.4034,165,68.3680
phone-android,medium,1178,wait,rejected,invalid_time,0,6.8658,0.4372,0.0469,3.8028,0.1072,11.2599,165,67.1365
phone-android,medium,1179,move,accepted,moved,1,0.7095,0.3426,0.0515,6.7654,0.0962,7.9652,187,67.2090
phone-android,medium,1180,move,accepted,moved,1,1.2720,0.4537,0.0611,6.6725,0.1279,8.5873,189,67.7173
phone-android,medium,1181,choose,rejected,invalid_choice,0,4.0447,0.4291,0.0494,7.2861,0.1134,11.9228,167,64.5833
phone-android,medium,1182,wait,rejected,invalid_time,0,1.1407,0.3896,0.0460,4.0898,0.1185,5.7847,165,64.8537
phone-android,medium,1183,look,accepted,observed,0,0.9012,0.3260,0.0452,5.8957,0.0832,7.2514,161,68.1003
phone-android,medium,1184,look,accepted,observed,0,1.3286,0.4127,0.0542,5.4513,0.1132,7.3598,161,64.3525
phone-android,medium,1185,move,accepted,moved,1,1.0778,0.3946,0.0562,7.6800,0.1321,9.3406,187,66.5037
phone-android,medium,1186,activate,rejected,not_eligible,0,1.4802,0.4051,0.0514,4.0082,0.0927,6.0374,165,68.5553
phone-android,medium,1187,close_choice,rejected,invalid_choice,0,1.4441,0.4193,0.0490,6.4544,0.1125,8.4793,167,67.5915
phone-android,medium,1188,move,accepted,moved,1,1.0012,0.5190,0.0651,6.3161,0.1206,8.0220,191,67.3253
phone-android,medium,1189,close_choice,rejected,invalid_choice,0,3.3532,0.4151,0.0523,7.5860,0.1208,11.5275,167,65.4220
phone-android,medium,1190,look,accepted,observed,0,1.0604,0.3790,0.0514,4.6336,0.0877,6.2120,161,67.0683
phone-android,medium,1191,move,rejected,exit_unavailable,0,0.9926,0.3695,0.0498,6.3890,0.1092,7.9101,169,66.3480
phone-android,medium,1192,look,accepted,observed,0,1.0770,0.5699,0.0616,4.4201,0.1301,6.2586,161,68.5341
phone-android,medium,1193,look,accepted,observed,0,0.7943,0.3215,0.0495,6.1371,0.0981,7.4006,161,65.2194
phone-android,medium,1194,wait,rejected,invalid_time,0,0.7495,0.3807,0.0485,3.8568,0.1023,5.1379,165,67.5726
phone-android,medium,1195,move,accepted,moved,1,1.1334,0.4139,0.0606,8.2534,0.1323,9.9935,187,66.5108
phone-android,medium,1196,choose,rejected,invalid_choice,0,0.9794,0.4393,0.0534,4.7033,0.1266,6.3021,167,68.0030
phone-android,medium,1197,talk,rejected,not_eligible,0,1.0605,0.3948,0.0518,7.0964,0.1190,8.7225,165,65.3403
phone-android,medium,1198,move,rejected,exit_unavailable,0,0.8645,0.3921,0.0488,4.7013,0.0993,6.1060,169,65.6331
phone-android,medium,1199,look,accepted,observed,0,0.9550,0.3681,0.0504,7.3083,0.1094,8.7912,161,68.6726
phone-android,medium,1200,talk,rejected,not_eligible,0,0.9753,0.3582,0.0498,4.5157,0.1037,6.0027,165,64.7516
phone-android,medium,1201,look,accepted,observed,0,0.9684,0.4446,0.0490,6.5938,0.1081,8.1639,161,65.2181
phone-android,medium,1202,drop,accepted,dropped,1,1.5462,0.4434,0.0583,5.7085,0.1314,7.8879,194,66.6899
phone-android,medium,1203,look,accepted,observed,0,1.0913,0.3656,0.0490,6.5716,0.1080,8.1855,161,67.7056
phone-android,medium,1204,move,accepted,moved,1,1.1627,0.4965,0.0599,6.8577,0.1472,8.7240,189,66.3521
phone-android,medium,1205,look,accepted,observed,0,0.8876,0.3443,0.0491,7.3719,0.1009,8.7538,161,67.4393
phone-android,medium,1206,move,accepted,moved,1,0.9097,0.4356,0.0581,7.4215,0.1404,8.9653,187,68.6294
phone-android,medium,1207,move,accepted,moved,1,1.0490,0.3956,0.0561,8.2559,0.1226,9.8792,189,67.0138
phone-android,medium,1208,look,accepted,observed,0,0.9721,0.5397,0.0535,4.6868,0.1269,6.3790,161,68.8814
phone-android,medium,1209,move,accepted,moved,1,0.8583,0.3420,0.0510,7.7851,0.1156,9.1520,187,63.8405
phone-android,medium,1210,take,accepted,taken,1,0.7037,0.3404,0.0516,4.2120,0.1141,5.4218,189,61.5059
phone-android,medium,1211,choose,rejected,invalid_choice,0,0.7514,0.3636,0.0463,5.2541,0.1041,6.5194,167,64.1346
phone-android,medium,1212,look,accepted,observed,0,0.9049,0.3240,0.0459,3.7546,0.0816,5.1111,161,67.7041
phone-android,medium,1213,move,accepted,moved,1,1.1174,0.3822,0.0542,8.1600,0.1392,9.8530,189,65.4255
phone-android,medium,1214,move,rejected,exit_unavailable,0,1.2683,0.4245,0.0534,4.3612,0.1020,6.2095,169,65.9007
phone-android,medium,1215,move,accepted,moved,1,0.9424,0.4071,0.0570,7.5840,0.1202,9.1107,187,68.7472
phone-android,medium,1216,look,accepted,observed,0,0.9927,0.3566,0.0470,4.0938,0.1114,5.6015,161,65.0683
phone-android,medium,1217,move,accepted,moved,1,1.1290,0.4222,0.0567,7.5317,0.1355,9.2751,191,65.5763
phone-android,medium,1218,look,accepted,observed,0,0.7492,0.4093,0.0502,3.9563,0.1067,5.2717,161,64.9318
phone-android,medium,1219,choose,rejected,stale_view,0,1.0496,0.3879,0.0523,6.9277,0.1141,8.5316,163,65.2740
phone-android,medium,1220,wait,rejected,invalid_time,0,1.0734,0.4022,0.1519,4.7093,0.0996,6.4364,165,72.4365
phone-android,medium,1221,look,accepted,observed,0,1.0993,0.3932,0.0516,6.9315,0.1082,8.5838,161,65.1908
phone-android,medium,1222,look,accepted,observed,0,0.9751,0.3826,0.0491,4.4238,0.1024,5.9330,161,64.7978
phone-android,medium,1223,move,accepted,moved,1,1.2330,0.3891,0.0536,6.9963,0.1116,8.7836,189,72.9813
phone-android,medium,1224,wait,rejected,invalid_time,0,1.9672,0.4894,0.0479,4.5780,0.1039,7.1864,165,65.5381
phone-android,medium,1225,drop,accepted,dropped,1,1.2770,0.3967,0.0572,8.1722,0.1324,10.0354,196,75.1292
phone-android,medium,1226,move,accepted,moved,1,1.0235,0.4177,0.0563,5.1139,0.1237,6.7351,191,64.5312
phone-android,medium,1227,move,rejected,exit_unavailable,0,1.2544,0.3915,0.0504,6.5947,0.0957,8.3867,169,65.8081
phone-android,medium,1228,move,accepted,moved,1,1.0253,0.4094,0.1382,4.8870,0.1290,6.5890,189,72.1347
phone-android,medium,1229,look,accepted,observed,0,1.2250,0.4183,0.0544,7.7550,0.1175,9.5702,161,67.0333
phone-android,medium,1230,look,accepted,observed,0,0.9847,0.3657,0.0512,4.0264,0.1048,5.5328,161,68.4137
phone-android,medium,1231,take,accepted,taken,1,1.1994,0.4270,0.2075,7.7148,0.1295,9.6783,189,67.5826
phone-android,medium,1232,drop,accepted,dropped,1,1.2369,0.4588,0.0590,6.2290,0.1471,8.1307,196,65.1592
phone-android,medium,1233,wait,rejected,invalid_time,0,1.4707,0.4026,0.0482,7.3113,0.1183,9.3510,165,73.8844
phone-android,medium,1234,choose,rejected,invalid_choice,0,1.0889,0.3934,0.0477,4.1915,0.0920,5.8134,167,64.9200
phone-android,medium,1235,look,accepted,observed,0,1.0491,0.3481,0.0484,6.7926,0.1052,8.3433,161,68.4058
phone-android,medium,1236,drop,replayed,dropped,0,1.2542,0.2942,0.0015,0.0005,0.0365,1.5869,0,64.2792
phone-android,medium,1237,move,accepted,moved,1,1.0268,0.3934,0.0547,7.4884,0.1048,9.0681,191,67.4775
phone-android,medium,1238,move,accepted,moved,1,0.8574,0.3754,0.0518,4.5009,0.1031,5.8887,187,66.8405
phone-android,medium,1239,take,rejected,not_present,0,0.8922,0.3483,0.0453,5.9660,0.1158,7.3677,164,68.9857
phone-android,medium,1240,move,accepted,moved,1,1.0192,0.4447,0.0584,5.5770,0.1382,7.2375,189,67.9016
phone-android,medium,1241,choose,rejected,stale_view,0,0.9194,0.3679,0.0481,4.0031,0.1016,5.4401,163,64.5976
phone-android,medium,1242,move,accepted,moved,1,1.0579,0.4335,0.0587,7.7091,0.1074,9.3666,187,72.5864
phone-android,medium,1243,move,accepted,moved,1,3.2977,0.4173,0.0550,5.3864,0.1187,9.2752,189,64.4335
phone-android,medium,1244,move,accepted,moved,1,0.9209,0.3957,0.0574,7.4312,0.1292,8.9345,187,64.9839
phone-android,medium,1245,move,accepted,moved,1,1.0370,0.4087,0.0577,5.8113,0.1194,7.4340,191,69.3703
phone-android,medium,1246,close_choice,rejected,invalid_choice,0,4.0392,0.4098,0.0494,6.8854,0.0995,11.4833,167,65.2964
phone-android,medium,1247,activate,rejected,not_eligible,0,0.8924,0.4156,0.0535,4.7972,0.0989,6.2577,165,66.4165
phone-android,medium,1248,move,accepted,moved,1,0.9534,0.4493,0.0593,8.6160,0.1503,10.2283,189,70.1322
phone-android,medium,1249,wait,rejected,invalid_time,0,0.9215,0.4360,0.0489,4.2502,0.0979,5.7544,165,64.6748
phone-android,medium,1250,take,accepted,taken,1,1.0858,0.3956,0.0591,7.7422,0.1241,9.4069,189,66.0957
phone-android,medium,1251,wait,rejected,invalid_time,0,0.9993,0.5049,0.0514,4.7419,0.1300,6.4275,165,65.7821
phone-android,medium,1252,move,accepted,moved,1,0.9156,0.3860,0.0548,5.9667,0.1336,7.4568,191,64.7205
phone-android,medium,1253,look,accepted,observed,0,1.0569,0.3882,0.0524,6.4940,0.1067,8.0981,161,67.2138
phone-android,medium,1254,wait,rejected,invalid_time,0,1.0111,0.5424,0.0478,3.4361,0.0865,5.1239,165,64.1813
phone-android,medium,1255,look,accepted,observed,0,1.0184,0.3794,0.0522,6.4055,0.1080,7.9634,161,68.6313
phone-android,medium,1256,talk,rejected,not_eligible,0,0.7972,0.3587,0.0470,4.0891,0.0864,5.3784,165,64.9295
phone-android,medium,1257,move,accepted,moved,1,0.9199,0.4457,0.0566,7.6821,0.1537,9.2581,189,67.5207
phone-android,medium,1258,move,accepted,moved,1,1.0869,0.5121,0.0671,6.0698,0.1419,7.8779,191,73.3963
phone-android,medium,1259,move,accepted,moved,1,0.9641,0.4015,0.0549,7.6608,0.1265,9.2078,189,66.5868
phone-android,medium,1260,look,accepted,observed,0,1.0834,0.3797,0.0520,4.8241,0.1061,6.4454,161,66.5419
phone-android,medium,1261,wait,rejected,invalid_time,0,1.1590,0.3660,0.0439,6.2771,0.0907,7.9367,165,66.5939
phone-android,medium,1262,move,accepted,moved,1,0.9329,0.3670,0.0531,5.8783,0.1193,7.3506,191,69.7029
phone-android,medium,1263,talk,rejected,not_eligible,0,0.9778,0.3768,0.0493,6.5231,0.0998,8.0268,165,64.1121
phone-android,medium,1264,look,accepted,observed,0,0.7309,0.3298,0.0468,4.4008,0.0856,5.5940,161,65.5077
phone-android,medium,1265,move,accepted,moved,1,0.9889,0.4526,0.0594,9.2765,0.1506,10.9279,189,66.6285
phone-android,medium,1266,move,accepted,moved,1,0.9716,0.3816,0.0571,6.6132,0.1213,8.1448,191,64.4088
phone-android,medium,1267,look,accepted,observed,0,1.0836,0.4546,0.0520,7.2329,0.1149,8.9380,161,69.1626
phone-android,medium,1268,look,accepted,observed,0,0.9819,0.3796,0.0484,4.5696,0.1022,6.0817,161,64.8380
phone-android,medium,1269,look,accepted,observed,0,0.9081,0.3615,0.0474,6.5328,0.0995,7.9493,161,64.6314
phone-android,medium,1270,move,accepted,moved,1,0.9289,0.4029,0.0573,5.1857,0.1221,6.6969,187,65.5205
phone-android,medium,1271,look,accepted,observed,0,1.0380,0.3750,0.0492,7.0990,0.1001,8.6613,161,70.5156
phone-android,medium,1272,drop,accepted,dropped,1,1.3580,0.3896,0.0547,4.8136,0.1224,6.7384,194,65.9184
phone-android,medium,1273,move,accepted,moved,1,0.7557,0.4058,0.0552,7.1245,0.1077,8.4489,189,66.5138
phone-android,medium,1274,look,accepted,observed,0,1.0875,0.4022,0.0546,4.5431,0.1141,6.2015,161,77.9747
phone-android,medium,1275,look,accepted,observed,0,1.0565,0.3505,0.0472,6.2258,0.0940,7.7741,161,70.3903
phone-android,medium,1276,take,rejected,not_present,0,0.8844,0.3248,0.0486,3.9791,0.0827,5.3196,164,65.4917
phone-android,medium,1277,look,accepted,observed,0,1.0120,0.3671,0.0494,6.7257,0.1166,8.2708,161,67.7134
phone-android,medium,1278,look,accepted,observed,0,1.2704,0.3936,0.0534,4.7518,0.1002,6.5695,161,67.6800
phone-android,medium,1279,look,accepted,observed,0,0.7570,0.4292,0.0514,7.1129,0.1064,8.4568,161,66.5184
phone-android,medium,1280,take,rejected,not_present,0,0.9131,0.3701,0.0501,4.5200,0.1105,5.9638,164,65.1255
phone-android,medium,1281,move,accepted,moved,1,0.8586,0.3663,0.0533,7.9324,0.1081,9.3187,187,68.6299
phone-android,medium,1282,look,accepted,observed,0,4.3574,0.4021,0.0497,4.9891,0.1049,9.9032,161,64.9507
phone-android,medium,1283,move,accepted,moved,1,0.9118,0.3491,0.0529,6.9124,0.1057,8.3320,191,66.3750
phone-android,medium,1284,wait,accepted,waited,1,1.0453,0.5145,0.0555,6.1415,0.1459,7.9028,185,77.7686
phone-android,medium,1285,look,accepted,observed,0,0.7414,0.3338,0.0481,6.4371,0.0844,7.6447,161,66.9319
phone-android,medium,1286,move,accepted,moved,1,1.1062,0.4306,0.0630,5.5406,0.1267,7.2671,189,66.8831
phone-android,medium,1287,move,accepted,moved,1,0.9778,0.3964,0.0540,7.2206,0.1153,8.7641,191,67.6000
phone-android,medium,1288,look,accepted,observed,0,0.9674,0.3707,0.0491,4.0070,0.1131,5.5073,161,64.8244
phone-android,medium,1289,move,accepted,moved,1,0.9871,0.3853,0.0545,7.8676,0.1171,9.4117,189,67.2937
phone-android,medium,1290,wait,rejected,invalid_time,0,0.9662,0.4534,0.0499,4.3354,0.1320,5.9369,165,65.7653
phone-android,medium,1291,look,accepted,observed,0,0.7622,0.3265,0.0445,6.1326,0.0898,7.3556,161,66.4537
phone-android,medium,1292,wait,rejected,invalid_time,0,0.8247,0.3630,0.0471,4.0194,0.0816,5.3359,165,69.9062
phone-android,medium,1293,move,accepted,moved,1,1.0490,0.3711,0.0533,6.8586,0.0966,8.4286,191,65.6243
phone-android,medium,1294,wait,rejected,invalid_time,0,0.7282,0.3292,0.0444,3.7792,0.0793,4.9603,165,67.1680
phone-android,medium,1295,look,accepted,observed,0,0.8755,0.3356,0.0476,6.0628,0.2135,7.5351,161,64.9713
phone-android,medium,1296,move,accepted,moved,1,1.0718,0.4317,0.0552,4.8450,0.1013,6.5049,189,67.5518
phone-android,medium,1297,activate,rejected,not_eligible,0,1.1263,0.3890,0.0518,6.6313,0.1074,8.3057,165,65.3247
phone-android,medium,1298,look,accepted,observed,0,0.9071,0.5101,0.0565,4.9599,0.1290,6.5625,161,66.2613
phone-android,medium,1299,look,accepted,observed,0,1.0463,0.3715,0.0507,6.8307,0.1093,8.4085,161,66.6668
phone-android,medium,1300,talk,rejected,not_eligible,0,0.9744,0.4297,0.0533,4.9507,0.1874,6.5956,165,66.9890
phone-android,medium,1301,take,rejected,not_present,0,0.9446,0.4337,0.0545,7.3191,0.1027,8.8547,164,70.4534
phone-android,medium,1302,move,accepted,moved,1,1.0427,0.3947,0.0539,5.1513,0.1292,6.7718,191,65.8671
phone-android,medium,1303,move,rejected,exit_unavailable,0,0.9953,0.3868,0.0511,6.9496,0.1085,8.4913,169,69.8628
phone-android,medium,1304,look,accepted,observed,0,1.0373,0.3904,0.0503,4.3149,0.1120,5.9049,161,64.9752
phone-android,medium,1305,wait,rejected,invalid_time,0,0.9589,0.3864,0.0484,7.2563,0.1064,8.7562,165,64.8030
phone-android,medium,1306,move,accepted,moved,1,0.9154,0.3850,0.0557,5.0688,0.1159,6.5408,189,67.3448
phone-android,medium,1307,activate,rejected,not_eligible,0,0.9229,0.5186,0.0531,7.3396,0.1397,8.9740,165,66.5102
phone-android,medium,1308,look,accepted,observed,0,0.9417,0.3720,0.0511,4.9141,0.1019,6.3808,161,64.6900
phone-android,medium,1309,look,accepted,observed,0,0.8882,0.3546,0.0485,19.0823,0.1329,20.5066,161,69.6446
phone-android,medium,1310,look,accepted,observed,0,3.8255,0.4238,0.0504,5.1804,0.1041,9.5842,161,65.2325
phone-android,medium,1311,wait,rejected,invalid_time,0,1.0604,0.3733,0.0482,6.4589,0.1157,8.0565,165,68.3931
phone-android,medium,1312,look,accepted,observed,0,4.0405,0.4023,0.0498,4.8569,0.1013,9.4507,161,64.7865
phone-android,medium,1313,look,accepted,observed,0,0.9259,0.3491,0.0467,6.6771,0.1123,8.1110,161,68.5178
phone-android,medium,1314,wait,rejected,invalid_time,0,0.9795,0.3952,0.0457,4.0816,0.1037,5.6056,165,64.8633
phone-android,medium,1315,take,rejected,not_present,0,1.0025,0.4754,0.0623,6.3757,0.1023,8.0182,164,67.0149
phone-android,medium,1316,wait,rejected,invalid_time,0,0.8256,0.5292,0.0484,3.9420,0.1073,5.4526,165,66.2562
phone-android,medium,1317,look,accepted,observed,0,1.0919,0.3792,0.0524,6.9837,0.1220,8.6293,161,66.8133
phone-android,medium,1318,look,accepted,observed,0,0.9413,0.5597,0.0554,4.5456,0.1279,6.2298,161,68.0037
phone-android,medium,1319,activate,rejected,not_eligible,0,0.8525,0.3389,0.0461,6.8040,0.1081,8.1497,165,64.7535
phone-android,medium,1320,look,accepted,observed,0,1.2234,0.3922,0.0533,3.9982,0.0821,5.7493,161,65.4595
phone-android,medium,1321,activate,rejected,not_eligible,0,0.9688,0.3696,0.0534,6.2388,0.1089,7.7394,165,67.5268
phone-android,medium,1322,look,accepted,observed,0,1.0859,0.3760,0.0497,4.1947,0.1057,5.8120,161,65.4669
phone-android,medium,1323,look,accepted,observed,0,1.0855,0.3796,0.0547,6.8078,0.1132,8.4407,161,68.5661
phone-android,medium,1324,move,accepted,moved,1,3.3694,0.3795,0.0516,5.3736,0.1004,9.2745,191,64.8326
phone-android,medium,1325,look,accepted,observed,0,1.1215,0.4300,0.0494,6.0973,0.0941,7.7924,161,71.1786
phone-android,medium,1326,wait,rejected,invalid_time,0,3.1553,0.4101,0.0465,4.5736,0.1072,8.2927,165,65.1333
phone-android,medium,1327,look,accepted,observed,0,0.9459,0.3712,0.0504,6.8723,0.1180,8.3578,161,65.0792
phone-android,medium,1328,wait,rejected,invalid_time,0,1.0935,0.5238,0.0532,5.9855,0.1094,7.7655,165,67.8734
phone-android,medium,1329,look,accepted,observed,0,0.9903,0.3768,0.0495,6.4796,0.1205,8.0167,161,64.3920
phone-android,medium,1330,look,accepted,observed,0,0.9210,0.3555,0.0499,4.3988,0.1070,5.8322,161,67.8082
phone-android,medium,1331,look,accepted,observed,0,1.0124,0.3682,0.0476,5.8879,0.1050,7.4211,161,65.7047
phone-android,medium,1332,take,rejected,not_present,0,0.9816,0.4583,0.0538,4.5167,0.1287,6.1390,164,66.6329
phone-android,medium,1333,move,accepted,moved,1,1.0926,0.4017,0.0588,8.1261,0.1008,9.7799,187,67.8428
phone-android,medium,1334,choose,rejected,invalid_choice,0,2.7355,0.3844,0.0470,3.8954,0.0938,7.1561,167,64.3955
phone-android,medium,1335,move,rejected,exit_unavailable,0,0.9306,0.3688,0.0493,6.3104,0.0912,7.7502,169,71.2266
phone-android,medium,1336,wait,rejected,invalid_time,0,0.9674,0.4255,0.0500,4.7020,0.1016,6.2465,165,64.5932
phone-android,medium,1337,move,accepted,moved,1,0.9594,0.3806,0.0560,7.6451,0.1364,9.1774,189,67.7742
phone-android,medium,1338,look,accepted,observed,0,0.9907,0.4361,0.0536,4.6096,0.1341,6.2240,161,69.9114
phone-android,medium,1339,look,accepted,observed,0,0.8543,0.3457,0.0481,6.3683,0.1021,7.7186,161,64.9158
phone-android,medium,1340,move,accepted,moved,1,1.0891,0.4082,0.0597,5.5089,0.1065,7.1724,187,65.3009
phone-android,medium,1341,move,accepted,moved,1,0.8371,0.3902,0.0544,7.7512,0.1299,9.1628,189,66.9860
phone-android,medium,1342,move,accepted,moved,1,1.0015,0.3951,0.0547,5.3630,0.1223,6.9367,187,71.1760
phone-android,medium,1343,look,accepted,observed,0,10.2292,0.4452,0.0543,7.2786,0.1673,18.1746,161,71.0583
phone-android,medium,1344,move,accepted,moved,1,1.0123,0.3986,0.0604,5.1144,0.1283,6.7140,189,68.3163
phone-android,medium,1345,move,accepted,moved,1,1.0084,0.4848,0.0595,8.4722,0.1477,10.1727,187,67.0382
phone-android,medium,1346,move,rejected,exit_unavailable,0,1.0063,0.3828,0.0522,4.1969,0.1166,5.7547,169,65.1802
phone-android,medium,1347,wait,rejected,invalid_time,0,1.0301,0.4205,0.0480,6.6794,0.1331,8.3109,165,70.5496
phone-android,medium,1348,look,accepted,observed,0,0.9752,0.4548,0.0533,3.6410,0.1067,5.2310,161,64.5264
phone-android,medium,1349,move,accepted,moved,1,0.9265,0.3690,0.0546,7.4887,0.1328,8.9716,189,65.0585
phone-android,medium,1350,look,accepted,observed,0,0.8875,0.3203,0.0464,3.1956,0.0884,4.5381,161,64.3419
phone-android,medium,1351,wait,rejected,invalid_time,0,0.7390,0.3579,0.0461,6.8920,0.0829,8.1180,165,67.1269
phone-android,medium,1352,talk,rejected,not_eligible,0,0.9622,0.3794,0.0486,4.1051,0.1037,5.5990,165,65.3554
phone-android,medium,1353,wait,rejected,invalid_time,0,1.0615,0.3953,0.0466,4.2314,0.0985,5.8333,165,66.9812
phone-android,medium,1354,move,accepted,moved,1,0.9557,0.4403,0.0594,8.9913,0.1534,10.6001,187,71.1366
phone-android,medium,1355,move,accepted,moved,1,1.0648,0.3746,0.0586,4.9023,0.1114,6.5117,191,64.4083
phone-android,medium,1356,close_choice,rejected,invalid_choice,0,0.9390,0.3742,0.0502,6.7712,0.1210,8.2556,167,65.6847
phone-android,medium,1357,talk,rejected,not_eligible,0,0.9471,0.3838,0.0511,4.1042,0.0867,5.5730,165,73.7099
phone-android,medium,1358,move,accepted,moved,1,0.9368,0.3580,0.0531,38.3512,0.1778,39.8769,189,67.0735
phone-android,medium,1359,choose,rejected,invalid_choice,0,0.9093,0.3861,0.0471,4.8115,0.0993,6.2533,167,64.3441
phone-android,medium,1360,move,accepted,moved,1,0.9187,0.4429,0.0545,8.3678,0.1418,9.9256,191,68.1229
phone-android,medium,1361,move,accepted,moved,1,0.9905,0.4099,0.0624,5.8964,0.1168,7.4760,187,70.3962
phone-android,medium,1362,move,rejected,exit_unavailable,0,0.8932,0.3547,0.0474,6.6652,0.1736,8.1342,169,64.8558
phone-android,medium,1363,move,accepted,moved,1,0.9046,0.3971,0.0567,6.0467,0.1230,7.5282,189,65.3931
phone-android,medium,1364,move,accepted,moved,1,1.1305,0.3859,0.0532,7.4962,0.1360,9.2018,187,65.6617
phone-android,medium,1365,move,rejected,exit_unavailable,0,1.0572,0.3966,0.0515,4.3714,0.0960,5.9727,169,69.0973
phone-android,medium,1366,move,accepted,moved,1,0.9401,0.4917,0.0613,8.0810,0.1406,9.7146,189,66.9714
phone-android,medium,1367,activate,accepted,activated,1,0.9135,0.4378,0.0590,5.7228,0.1251,7.2582,197,64.3876
phone-android,medium,1368,talk,rejected,not_owned,0,0.9537,0.3546,0.0500,7.0670,0.1242,8.5495,162,65.7689
phone-android,medium,1369,move,accepted,moved,1,7.1611,0.3714,0.0504,5.1064,0.1242,12.8135,187,63.4786
phone-android,medium,1370,activate,rejected,not_eligible,0,0.7347,0.3327,0.0473,5.6782,0.0872,6.8802,165,68.6302
phone-android,medium,1371,look,accepted,observed,0,0.9176,0.5510,0.0584,4.8183,0.1337,6.4791,161,71.5792
phone-android,medium,1372,look,accepted,observed,0,0.9299,0.4601,0.0481,6.8943,0.1153,8.4477,161,65.0513
phone-android,medium,1373,look,accepted,observed,0,1.0878,0.3903,0.0550,4.8382,0.1377,6.5090,161,66.8178
phone-android,medium,1374,move,accepted,moved,1,1.0477,0.3951,0.0545,7.7447,0.1347,9.3767,191,66.7409
phone-android,medium,1375,look,accepted,observed,0,0.7851,0.4063,0.0481,4.3246,0.1069,5.6709,161,65.2519
phone-android,medium,1376,move,accepted,moved,1,1.2434,0.4193,0.0583,7.3332,0.1029,9.1572,189,68.0773
phone-android,medium,1377,move,rejected,exit_unavailable,0,6.7258,0.4127,0.0507,4.2177,0.1106,11.5176,169,65.5243
phone-android,medium,1378,move,accepted,moved,1,0.9501,0.3832,0.0534,7.1784,0.1282,8.6933,191,69.5811
phone-android,medium,1379,wait,rejected,invalid_time,0,2.6291,0.3657,0.0441,3.6710,0.0908,6.8007,165,65.2348
phone-android,medium,1380,look,accepted,observed,0,1.0506,0.3168,0.0471,6.6941,0.1531,8.2617,161,64.8277
phone-android,medium,1381,look,accepted,observed,0,0.8147,0.3513,0.0494,4.2879,0.0934,5.5967,161,66.2577
phone-android,medium,1382,look,accepted,observed,0,0.8119,0.3521,0.0470,5.6021,0.0930,6.9061,161,64.5616
phone-android,medium,1383,move,accepted,moved,1,1.0145,0.4789,0.0588,5.9268,0.1251,7.6041,189,66.6382
phone-android,medium,1384,take,replayed,not_present,0,1.4089,0.3116,0.0017,0.0005,0.0337,1.7563,0,75.8302
phone-android,medium,1385,move,rejected,exit_unavailable,0,3.7970,0.4213,0.0511,7.6222,0.1897,12.0814,169,65.7568
phone-android,medium,1386,look,accepted,observed,0,1.0098,0.4620,0.0500,4.5755,0.0980,6.1952,161,71.4262
phone-android,medium,1387,take,rejected,not_present,0,3.3960,0.5170,0.0491,6.8929,0.1104,10.9654,164,66.4312
phone-android,medium,1388,look,accepted,observed,0,0.9071,0.3431,0.0474,3.9220,0.0977,5.3174,161,65.1875
phone-android,medium,1389,look,accepted,observed,0,1.0156,0.3777,0.0528,7.4532,0.1230,9.0222,161,68.5238
phone-android,medium,1390,wait,rejected,invalid_time,0,1.0455,0.4558,0.0510,4.9244,0.1113,6.5880,165,67.8780
phone-android,medium,1391,look,accepted,observed,0,0.9695,0.3733,0.0514,6.5357,0.1010,8.0309,161,75.9105
phone-android,medium,1392,choose,rejected,invalid_choice,0,3.0193,0.4159,0.0481,4.8190,0.1051,8.4075,167,69.2555
phone-android,medium,1393,move,accepted,moved,1,1.1118,0.4018,0.0590,7.5064,0.1299,9.2089,191,64.4947
phone-android,medium,1394,choose,rejected,invalid_choice,0,0.9761,0.3976,0.0520,4.2854,0.1056,5.8166,167,65.2590
phone-android,medium,1395,look,accepted,observed,0,0.9260,0.3757,0.0503,6.8703,0.1316,8.3540,161,66.1104
phone-android,medium,1396,move,accepted,moved,1,1.0322,0.4876,0.0568,5.4757,0.1357,7.1879,189,65.5158
phone-android,medium,1397,move,accepted,moved,1,0.9334,0.4023,0.0567,5.8195,0.1243,7.3363,191,67.1167
phone-android,medium,1398,look,accepted,observed,0,1.0918,0.4472,0.0538,7.2795,0.1409,9.0132,161,67.8727
phone-android,medium,1399,move,accepted,moved,1,0.9923,0.3727,0.0528,5.3927,0.1307,6.9412,189,73.4535
phone-android,medium,1400,take,rejected,not_present,0,3.2623,0.3883,0.0480,6.6241,0.1193,10.4420,164,65.2666
phone-android,medium,1401,take,rejected,not_present,0,1.1099,0.3691,0.0519,4.1769,0.0939,5.8018,164,76.1315
phone-android,medium,1402,wait,rejected,invalid_time,0,4.1534,0.4169,0.0454,8.1527,0.1412,12.9096,165,69.5572
phone-android,medium,1403,look,accepted,observed,0,0.9117,0.3575,0.0483,4.0607,0.1066,5.4847,161,67.8105
phone-android,medium,1404,look,accepted,observed,0,0.9489,0.5643,0.0697,7.9097,0.1422,9.6348,161,70.0780
phone-android,medium,1405,look,accepted,observed,0,0.9291,0.3624,0.0484,4.1481,0.1443,5.6323,161,64.7965
phone-android,medium,1406,look,accepted,observed,0,1.0395,0.3789,0.0511,6.5344,0.1193,8.1232,161,65.0251
phone-android,medium,1407,look,accepted,observed,0,1.0306,0.3652,0.0490,4.2566,0.0990,5.8002,161,66.8963
phone-android,medium,1408,wait,rejected,invalid_time,0,0.7744,0.3820,0.0468,7.4545,0.1372,8.7950,165,67.1799
phone-android,medium,1409,move,accepted,moved,1,1.7805,0.4235,0.0584,5.5692,0.1269,7.9585,191,67.2533
phone-android,medium,1410,move,accepted,moved,1,1.0575,0.4657,0.0624,8.3318,0.1440,10.0614,187,66.4872
phone-android,medium,1411,wait,rejected,invalid_time,0,1.2353,0.3911,0.0473,4.6290,0.0997,6.4024,165,67.1638
phone-android,medium,1412,move,accepted,moved,1,1.0675,0.4560,0.0583,8.5386,0.2231,10.3435,189,70.2783
phone-android,medium,1413,look,accepted,observed,0,0.8945,0.3686,0.0515,4.2809,0.1022,5.6976,161,64.9217
phone-android,medium,1414,wait,rejected,invalid_time,0,0.7553,0.3287,0.0444,6.3923,0.0982,7.6190,165,67.4803
phone-android,medium,1415,look,accepted,observed,0,1.1855,0.5589,0.0639,5.7620,0.2327,7.8029,161,68.8189
phone-android,medium,1416,talk,rejected,not_owned,0,1.0341,0.3981,0.0542,6.6523,0.1223,8.2609,162,64.7641
phone-android,medium,1417,move,accepted,moved,1,0.9703,0.3946,0.0557,5.2972,0.1217,6.8394,187,67.5517
phone-android,medium,1418,look,accepted,observed,0,0.8239,0.3403,0.0508,6.6742,0.0979,7.9871,161,64.9154
phone-android,medium,1419,look,accepted,observed,0,0.9732,0.3830,0.0552,4.6673,0.1048,6.1834,161,68.1088
phone-android,medium,1420,look,accepted,observed,0,1.0098,0.4621,0.0504,6.7475,0.1215,8.3913,161,67.2397
phone-android,medium,1421,move,accepted,moved,1,0.9617,0.4853,0.0602,6.4828,0.1489,8.1389,189,68.4184
phone-android,medium,1422,move,accepted,moved,1,0.9222,0.4010,0.0571,8.0268,0.1439,9.5510,187,70.3937
phone-android,medium,1423,move,rejected,exit_unavailable,0,3.8110,0.4147,0.0487,5.2918,0.1113,9.6775,169,65.0420
phone-android,medium,1424,move,accepted,moved,1,1.0882,0.4019,0.0558,7.2779,0.1318,8.9557,191,70.0131
phone-android,medium,1425,look,accepted,observed,0,1.0045,0.4390,0.0521,3.5178,0.1007,5.1141,161,64.6647
phone-android,medium,1426,move,accepted,moved,1,1.0099,0.5488,0.0612,8.2450,0.1289,9.9937,187,67.6255
phone-android,medium,1427,move,accepted,moved,1,1.0149,0.4610,0.0589,6.2598,0.1476,7.9422,191,70.5506
phone-android,medium,1428,take,rejected,not_present,0,0.9441,0.3804,0.0490,6.3397,0.1115,7.8247,164,66.6665
phone-android,medium,1429,look,accepted,observed,0,1.3859,0.4061,0.0597,5.4592,0.0997,7.4106,161,65.0105
phone-android,medium,1430,look,accepted,observed,0,1.0084,0.3442,0.0472,6.3093,0.1163,7.8255,161,67.8477
phone-android,medium,1431,talk,rejected,not_eligible,0,1.1755,0.4290,0.2143,4.4331,0.0932,6.3452,165,69.9185
phone-android,medium,1432,look,accepted,observed,0,0.9598,0.3824,0.0524,6.6592,0.1095,8.1634,161,67.3777
phone-android,medium,1433,move,rejected,exit_unavailable,0,0.9381,0.3913,0.0540,5.3916,0.1117,6.8867,169,68.0608
phone-android,medium,1434,move,accepted,moved,1,0.8578,0.5248,0.0597,9.2650,0.1494,10.8567,187,67.3396
phone-android,medium,1435,move,accepted,moved,1,0.9577,0.4023,0.0546,5.9447,0.1268,7.4861,191,65.3305
phone-android,medium,1436,move,accepted,moved,1,1.1307,0.4273,0.0614,8.8967,0.1201,10.6363,187,71.2741
phone-android,medium,1437,look,accepted,observed,0,0.7803,0.3974,0.0489,4.6617,0.1063,5.9946,161,66.0151
phone-android,medium,1438,move,accepted,moved,1,0.9052,0.3703,0.0542,7.1228,0.0998,8.5523,189,65.4025
phone-android,medium,1439,move,rejected,exit_unavailable,0,1.0224,0.4672,0.0579,5.3223,0.1137,6.9835,169,67.9982
phone-android,medium,1440,move,accepted,moved,1,1.0111,0.4532,0.0606,9.1336,0.1479,10.8065,187,67.6565
phone-android,medium,1441,move,accepted,moved,1,1.2043,0.4029,0.0535,5.0198,0.1248,6.8052,189,65.6518
phone-android,medium,1442,look,accepted,observed,0,0.9877,0.3690,0.0494,4.0490,0.1015,5.5565,161,68.7580
phone-android,medium,1443,wait,rejected,invalid_time,0,0.9924,0.4333,0.0503,7.0406,0.1428,8.6594,165,67.5242
phone-android,medium,1444,move,rejected,exit_unavailable,0,1.0278,0.3815,0.0513,4.2335,0.1013,5.7954,169,68.6880
phone-android,medium,1445,talk,rejected,not_owned,0,0.9284,0.4142,0.0540,7.5052,0.1395,9.0413,162,66.2474
phone-android,medium,1446,look,accepted,observed,0,1.0171,0.3572,0.0513,3.5637,0.0825,5.0718,161,67.0897
phone-android,medium,1447,look,accepted,observed,0,0.9074,0.3410,0.0456,6.4049,0.1131,7.8121,161,67.4670
phone-android,medium,1448,look,accepted,observed,0,0.7906,0.4041,0.0496,4.1310,0.1045,5.4797,161,67.8881
phone-android,medium,1449,choose,rejected,invalid_choice,0,0.7499,0.3556,0.0466,6.0560,0.0918,7.2999,167,64.5764
phone-android,medium,1450,talk,rejected,not_owned,0,1.1132,0.3596,0.0475,4.6851,0.1026,6.3080,162,67.0507
phone-android,medium,1451,activate,rejected,not_eligible,0,3.0957,0.3654,0.0476,6.6017,0.0885,10.1988,165,65.0984
phone-android,medium,1452,look,accepted,observed,0,1.1376,0.4082,0.0547,5.2788,0.1195,6.9988,161,68.6029
phone-android,medium,1453,look,accepted,observed,0,3.1972,0.3634,0.0478,6.4017,0.1021,10.1122,161,65.0893
phone-android,medium,1454,move,accepted,moved,1,1.2916,0.3845,0.0527,4.8533,0.1026,6.6847,187,68.7034
phone-android,medium,1455,wait,accepted,waited,1,0.8078,0.3675,0.0476,7.6491,0.1058,8.9778,185,65.0356
phone-android,medium,1456,drop,rejected,integrity_conflict,0,1.8131,0.3381,0.0017,0.0005,0.0391,2.1925,0,64.7662
phone-android,medium,1457,move,accepted,moved,1,1.0565,0.4067,0.0583,7.9491,0.1355,9.6060,189,67.7405
phone-android,medium,1458,talk,rejected,not_owned,0,0.9432,0.3778,0.0483,3.9594,0.1172,5.4460,162,64.8608
phone-android,medium,1459,look,accepted,observed,0,0.9001,0.3605,0.0492,7.2209,0.1165,8.6471,161,69.7177
phone-android,medium,1460,wait,rejected,invalid_time,0,4.2494,0.3884,0.0460,4.5930,0.0997,9.3766,165,66.5378
phone-android,medium,1461,move,rejected,exit_unavailable,0,1.0190,0.5245,0.0536,7.2325,0.1419,8.9716,169,66.6372
phone-android,medium,1462,take,replayed,not_present,0,1.2571,0.3031,0.0015,0.0007,0.0353,1.5977,0,72.5657
phone-android,medium,1463,take,rejected,not_present,0,3.5678,0.3836,0.0478,7.5399,0.1252,11.6643,164,76.0950
phone-android,medium,1464,move,accepted,moved,1,4.7490,0.4539,0.0598,5.4613,0.1270,10.8509,187,65.5145
phone-android,medium,1465,wait,rejected,invalid_time,0,1.2314,0.4073,0.0472,6.6088,0.1118,8.4065,165,67.8026
phone-android,medium,1466,move,accepted,moved,1,1.0672,0.3996,0.0560,5.4115,0.1170,7.0514,189,67.0072
phone-android,medium,1467,move,accepted,moved,1,0.9536,0.4597,0.0584,9.1207,0.1414,10.7339,187,69.4874
phone-android,medium,1468,choose,rejected,invalid_choice,0,0.9402,0.3921,0.0488,5.0882,0.1102,6.5795,167,64.7229
phone-android,medium,1469,talk,rejected,not_eligible,0,1.1298,0.3912,0.0519,5.2342,0.1086,6.9158,165,69.5474
phone-android,medium,1470,activate,rejected,not_eligible,0,4.2554,0.4955,0.0585,6.9200,0.0965,11.8258,165,64.8070
phone-android,medium,1471,take,accepted,taken,1,0.9013,0.4446,0.0556,4.9280,0.1173,6.4468,189,67.8216
phone-android,medium,1472,look,accepted,observed,0,3.7599,0.4097,0.0502,6.7322,0.0984,11.0504,161,64.5876
phone-android,medium,1473,look,accepted,observed,0,0.9535,0.3562,0.0475,3.9021,0.1132,5.3725,161,66.0340
phone-android,medium,1474,look,accepted,observed,0,0.7708,0.3562,0.0495,4.5177,0.1110,5.8052,161,69.0960
phone-android,medium,1475,activate,rejected,not_eligible,0,0.9278,0.3492,0.0463,6.3169,0.0934,7.7334,165,67.2779
phone-android,medium,1476,drop,accepted,dropped,1,3.1659,0.3581,0.0521,5.4977,0.1032,9.1770,194,65.5768
phone-android,medium,1477,look,accepted,observed,0,1.2319,0.3695,0.0494,6.7860,0.1148,8.5516,161,68.4249
phone-android,medium,1478,look,accepted,observed,0,3.9916,0.4046,0.0491,5.0349,0.1059,9.5861,161,64.6895
phone-android,medium,1479,drop,replayed,dropped,0,1.3998,0.3013,0.0022,0.0005,0.0357,1.7395,0,66.7569
phone-android,medium,1480,move,accepted,moved,1,1.4691,0.3682,0.0546,6.8965,0.1112,8.8996,189,69.2643
phone-android,medium,1481,move,accepted,moved,1,1.0194,0.4099,0.0579,5.3310,0.1178,6.9360,187,66.2034
phone-android,medium,1482,wait,rejected,invalid_time,0,1.3615,0.4564,0.0540,7.7364,0.1196,9.7278,165,66.3589
phone-android,medium,1483,choose,rejected,stale_view,0,0.9560,0.3369,0.0436,3.9729,0.0838,5.3933,163,69.4291
phone-android,medium,1484,look,accepted,observed,0,1.4205,0.4016,0.0510,6.5809,0.1193,8.5733,161,63.9639
phone-android,medium,1485,move,rejected,exit_unavailable,0,0.9667,0.3879,0.0490,4.4845,0.1303,6.0183,169,66.9857
phone-android,medium,1486,wait,rejected,invalid_time,0,1.0179,0.3803,0.0463,6.4375,0.1221,8.0041,165,74.4350
phone-android,medium,1487,look,accepted,observed,0,1.5423,0.3667,0.0465,3.5243,0.0951,5.5748,161,63.5799
phone-android,medium,1488,move,rejected,exit_unavailable,0,0.7599,0.3511,0.0464,3.5444,0.1032,4.8050,169,72.3784
phone-android,medium,1489,move,accepted,moved,1,1.0004,0.3695,0.0518,7.2377,0.1745,8.8339,191,65.4719
phone-android,medium,1490,look,accepted,observed,0,1.2379,0.4099,0.0478,4.7621,0.1010,6.5587,161,65.6993
phone-android,medium,1491,wait,rejected,invalid_time,0,1.2017,0.4265,0.0471,6.5881,0.1090,8.3724,165,71.8265
phone-android,medium,1492,move,accepted,moved,1,2.6704,0.3641,0.0519,5.8725,0.1820,9.1409,187,67.8371
phone-android,medium,1493,look,accepted,observed,0,1.0619,0.4546,0.0523,5.4792,0.1049,7.1529,161,69.3874
phone-android,medium,1494,take,accepted,taken,1,1.1539,0.4923,0.0640,8.5407,0.1549,10.4059,189,69.2239
phone-android,medium,1495,look,accepted,observed,0,0.9624,0.3774,0.0494,4.3435,0.1095,5.8423,161,65.9384
phone-android,medium,1496,look,accepted,observed,0,0.9112,0.3731,0.0480,6.4262,0.1089,7.8674,161,66.8604
phone-android,medium,1497,move,accepted,moved,1,0.9947,0.4965,0.0577,5.4019,0.1338,7.0845,191,66.3652
phone-android,medium,1498,move,accepted,moved,1,0.8875,0.5267,0.0618,8.5958,0.1440,10.2157,187,73.8053
phone-android,medium,1499,move,accepted,moved,1,1.0610,0.4094,0.0571,5.5099,0.1246,7.1620,189,65.8326
phone-android,medium,1500,move,rejected,exit_unavailable,0,1.1436,0.4161,0.0514,6.6179,0.0985,8.3275,169,66.7930
phone-android,medium,1501,take,replayed,not_present,0,1.7036,0.3439,0.0020,0.0006,0.0374,2.0875,0,71.8950
phone-android,medium,1502,talk,accepted,choice_opened,1,3.2479,0.3776,0.0522,7.6995,0.1257,11.5028,218,64.9850
phone-android,medium,1503,talk,accepted,choice_opened,1,1.0758,0.3666,0.0541,4.6007,0.0970,6.1942,192,67.2504
phone-android,medium,1504,look,accepted,observed,0,0.9766,0.4391,0.0516,6.6173,0.1113,8.1958,161,70.1073
phone-android,medium,1505,wait,rejected,invalid_time,0,0.8365,0.3726,0.0465,4.1180,0.0903,5.4639,165,65.0409
phone-android,medium,1506,move,accepted,moved,1,1.3459,0.4089,0.0551,7.2341,0.1018,9.1458,187,66.2672
phone-android,medium,1507,move,accepted,moved,1,1.1287,0.4058,0.0566,6.3655,0.1260,8.0827,189,68.2295
phone-android,medium,1508,look,accepted,observed,0,1.3196,0.5457,0.0585,7.6812,0.1268,9.7318,161,68.3976
phone-android,medium,1509,look,accepted,observed,0,1.0762,0.3761,0.0494,4.9948,0.1144,6.6109,161,65.1282
phone-android,medium,1510,look,accepted,observed,0,1.0276,0.3741,0.0498,6.4057,0.1080,7.9652,161,78.7141
phone-android,medium,1511,move,accepted,moved,1,1.1951,0.4255,0.0555,5.7026,0.1308,7.5094,187,67.7172
phone-android,medium,1512,take,replayed,taken,0,1.2819,0.3008,0.0014,0.0006,0.0337,1.6184,0,69.0787
phone-android,medium,1513,move,accepted,moved,1,3.4377,0.4254,0.0545,7.8137,0.1343,11.8656,189,67.7620
phone-android,medium,1514,take,replayed,not_present,0,1.4789,0.3232,0.0022,0.0005,0.0349,1.8398,0,66.3409
phone-android,medium,1515,look,accepted,observed,0,1.2445,0.4849,0.0575,7.5754,0.1429,9.5052,161,68.7141
phone-android,medium,1516,look,accepted,observed,0,1.0681,0.3820,0.0504,4.2750,0.1819,5.9574,161,68.8369
phone-android,medium,1517,move,accepted,moved,1,1.6177,0.3985,0.0539,7.6839,0.1045,9.8585,187,64.6133
phone-android,medium,1518,move,accepted,moved,1,0.8510,0.3837,0.0569,5.2395,0.1765,6.7077,189,71.8644
phone-android,medium,1519,look,accepted,observed,0,1.1623,0.3711,0.0481,7.2851,0.1309,8.9975,161,67.4015
phone-android,medium,1520,look,accepted,observed,0,1.1013,0.3806,0.0505,3.9722,0.1021,5.6067,161,68.0698
phone-android,medium,1521,look,accepted,observed,0,1.0293,0.4311,0.0520,7.2054,0.1493,8.8671,161,71.6265
phone-android,medium,1522,look,accepted,observed,0,1.0086,0.3577,0.0478,4.9399,0.1585,6.5125,161,65.6120
phone-android,medium,1523,move,accepted,moved,1,1.0729,0.4091,0.0582,8.1634,0.1383,9.8419,187,66.1594
phone-android,medium,1524,move,accepted,moved,1,0.7378,0.3528,0.0517,5.0886,0.0985,6.3294,189,65.3716
phone-android,medium,1525,move,accepted,moved,1,0.9330,0.4024,0.0548,7.8745,0.1314,9.3961,187,67.1691
phone-android,medium,1526,drop,accepted,dropped,1,1.1258,0.5913,0.0685,6.5641,0.1458,8.4956,194,66.6346
phone-android,medium,1527,move,accepted,moved,1,1.0301,0.3947,0.0554,7.5937,0.1358,9.2097,191,65.2171
phone-android,medium,1528,look,accepted,observed,0,1.0400,0.3959,0.0494,4.0569,0.1030,5.6452,161,64.6529
phone-android,medium,1529,look,accepted,observed,0,1.1039,0.3986,0.0522,6.5677,0.1049,8.2273,161,70.5938
phone-android,medium,1530,wait,rejected,invalid_time,0,2.9265,0.4041,0.0499,3.3538,0.0844,6.8186,165,65.4060
phone-android,medium,1531,move,accepted,moved,1,0.8741,0.4789,0.0560,7.8681,0.1077,9.3848,189,68.2870
phone-android,medium,1532,look,accepted,observed,0,0.9817,0.4464,0.0527,4.6216,0.1368,6.2390,161,69.9984
phone-android,medium,1533,talk,rejected,not_eligible,0,1.2074,0.4079,0.0525,6.6775,0.1172,8.4625,165,70.7924
phone-android,medium,1534,look,accepted,observed,0,1.2131,0.5028,0.0575,4.7668,0.1349,6.6752,161,65.8835
phone-android,medium,1535,look,accepted,observed,0,0.9894,0.4313,0.0485,6.4724,0.1186,8.0603,161,69.7956
phone-android,medium,1536,move,rejected,exit_unavailable,0,1.1054,0.5282,0.0537,4.2767,0.1381,6.1021,169,69.9645
phone-android,medium,1537,activate,rejected,not_eligible,0,1.2139,0.3996,0.0508,6.6106,0.1140,8.3890,165,65.8496
phone-android,medium,1538,take,rejected,not_present,0,1.0886,0.4064,0.0491,3.6357,0.0982,5.2780,164,66.9922
phone-android,medium,1539,move,accepted,moved,1,0.9822,0.4090,0.0561,7.9838,0.1435,9.5746,191,70.2741
phone-android,medium,1540,move,accepted,moved,1,1.0338,0.3930,0.0565,5.9419,0.1273,7.5525,189,64.4448
phone-android,medium,1541,take,replayed,not_present,0,1.4671,0.3003,0.0018,0.0006,0.0357,1.8055,0,67.3092
phone-android,medium,1542,move,accepted,moved,1,1.0305,0.3988,0.0528,7.7435,0.1243,9.3498,191,67.6150
phone-android,medium,1543,move,accepted,moved,1,0.7577,0.4298,0.0558,5.5267,0.1152,6.8852,189,70.4309
phone-android,medium,1544,move,accepted,moved,1,0.7987,0.3737,0.0528,7.0315,0.1050,8.3616,191,64.7744
phone-android,medium,1545,take,rejected,not_present,0,0.7733,0.3223,0.0476,3.9424,0.1019,5.1875,164,68.5862
phone-android,medium,1546,activate,rejected,not_eligible,0,3.7596,0.3720,0.0479,6.1381,0.0886,10.4062,165,64.4487
phone-android,medium,1547,move,accepted,moved,1,0.7367,0.3360,0.0510,5.5073,0.1004,6.7313,187,67.1792
phone-android,medium,1548,look,accepted,observed,0,2.9034,0.3665,0.0488,6.1599,0.0940,9.5725,161,65.5094
phone-android,medium,1549,look,accepted,observed,0,0.9167,0.3477,0.0464,4.0978,0.1239,5.5324,161,72.2941
phone-android,medium,1550,look,accepted,observed,0,0.9612,0.4592,0.0499,6.8529,0.1076,8.4307,161,69.2160
phone-android,medium,1551,move,accepted,moved,1,0.9980,0.4520,0.0586,6.1597,0.1405,7.8089,189,70.5567
phone-android,medium,1552,move,accepted,moved,1,0.9590,0.5026,0.0609,7.5579,0.1241,9.2045,187,65.9660
phone-android,medium,1553,look,accepted,observed,0,0.8476,0.3185,0.0448,3.5799,0.0852,4.8761,161,70.8854
phone-android,medium,1554,move,accepted,moved,1,3.9689,0.4344,0.0571,7.6297,0.1335,12.2236,191,64.7113
phone-android,medium,1555,look,accepted,observed,0,0.8712,0.3520,0.0477,4.4792,0.1100,5.8601,161,66.8041
phone-android,medium,1556,look,accepted,observed,0,0.9784,0.3873,0.0523,5.3726,0.1358,6.9265,161,67.2401
phone-android,medium,1557,talk,rejected,not_eligible,0,0.9191,0.3699,0.0500,6.8111,0.1190,8.2691,165,70.0386
phone-android,medium,1558,choose,rejected,not_owned,0,1.0411,0.4225,0.0515,3.3386,0.0810,4.9348,162,65.3151
phone-android,medium,1559,move,accepted,moved,1,1.2470,0.4069,0.0596,7.2900,0.1279,9.1314,189,66.5081
phone-android,medium,1560,take,rejected,not_present,0,0.9875,0.5184,0.0593,4.9138,0.1000,6.5790,164,69.0147
phone-android,medium,1561,move,accepted,moved,1,1.0392,0.4177,0.0560,7.3550,0.1390,9.0068,191,64.9923
phone-android,medium,1562,take,rejected,not_present,0,1.0028,0.4939,0.0557,4.8103,0.1060,6.4686,164,70.3751
phone-android,medium,1563,activate,rejected,not_eligible,0,1.0521,0.3888,0.0516,6.5792,0.1158,8.1875,165,65.0943
phone-android,medium,1564,move,accepted,moved,1,1.2087,0.4149,0.0586,6.5453,0.1259,8.3534,187,65.3220
phone-android,medium,1565,look,accepted,observed,0,1.2194,0.3600,0.0506,6.9411,0.1172,8.6883,161,68.7498
phone-android,medium,1566,move,accepted,moved,1,0.7530,0.3653,0.0516,5.2413,0.1002,6.5113,189,66.2678
phone-android,medium,1567,look,accepted,observed,0,0.8619,0.3303,0.0481,6.2708,0.0983,7.6094,161,67.7682
phone-android,medium,1568,look,accepted,observed,0,0.7652,0.5911,0.0524,4.3248,0.1570,5.8907,161,71.1052
phone-android,medium,1569,move,accepted,moved,1,1.1293,0.4141,0.0547,7.3381,0.1250,9.0611,187,64.9675
phone-android,medium,1570,look,accepted,observed,0,0.9176,0.3622,0.0484,4.0199,0.1147,5.4629,161,64.9705
phone-android,medium,1571,take,accepted,taken,1,0.9194,0.3831,0.0560,7.9961,0.1417,9.4963,189,67.8426
phone-android,medium,1572,close_choice,accepted,choice_closed,1,0.9915,0.5259,0.0617,6.1176,0.1454,7.8420,202,66.6619
phone-android,medium,1573,activate,rejected,not_eligible,0,1.1661,0.4153,0.0519,7.1779,0.1152,8.9265,165,65.5281
phone-android,medium,1574,drop,accepted,dropped,1,0.9632,0.3803,0.0556,5.6099,0.1139,7.1228,194,63.9436
phone-android,medium,1575,take,accepted,taken,1,0.9766,0.3763,0.0560,7.1751,0.1332,8.7171,189,68.4052
phone-android,medium,1576,move,rejected,exit_unavailable,0,1.1056,0.3768,0.0472,3.7405,0.1170,5.3872,169,64.6284
phone-android,medium,1577,drop,rejected,integrity_conflict,0,1.3293,0.3006,0.0016,0.0008,0.0349,1.6672,0,64.4019
phone-android,medium,1578,move,rejected,exit_unavailable,0,1.0747,0.3996,0.0501,6.8653,0.1116,8.5014,169,66.6872
phone-android,medium,1579,wait,rejected,invalid_time,0,0.8121,0.3465,0.0426,3.3671,0.0903,4.6585,165,66.1624
phone-android,medium,1580,move,accepted,moved,1,0.9850,0.4811,0.0571,8.9423,0.1399,10.6054,191,65.5574
phone-android,medium,1581,look,accepted,observed,0,1.0205,0.4441,0.0529,4.0997,0.1262,5.7434,161,65.0329
phone-android,medium,1582,talk,rejected,not_eligible,0,1.0582,0.4724,0.0551,7.1495,0.1307,8.8659,165,66.7753
phone-android,medium,1583,activate,rejected,not_eligible,0,0.9356,0.4311,0.0509,3.9751,0.1081,5.5008,165,65.7142
phone-android,medium,1584,drop,accepted,dropped,1,1.0120,0.6605,0.0783,8.8076,0.1421,10.7006,198,67.0142
phone-android,medium,1585,activate,rejected,not_eligible,0,0.9194,0.3777,0.0526,5.1568,0.1142,6.6206,165,64.9723
phone-android,medium,1586,look,accepted,observed,0,0.9997,0.4711,0.0554,7.4615,0.1422,9.1299,161,65.8810
phone-android,medium,1587,close_choice,rejected,invalid_choice,0,0.9243,0.3753,0.0526,4.2240,0.1196,5.6957,167,65.4000
phone-android,medium,1588,move,rejected,exit_unavailable,0,0.9825,0.4839,0.0528,7.3460,0.1391,9.0042,169,67.2401
phone-android,medium,1589,drop,replayed,dropped,0,1.4851,0.3080,0.0020,0.0009,0.0333,1.8293,0,67.3370
phone-android,medium,1590,take,accepted,taken,1,1.0091,0.6396,0.0619,8.3020,0.1432,10.1557,189,65.7668
phone-android,medium,1591,wait,rejected,invalid_time,0,1.0893,0.4083,0.0468,5.5725,0.1053,7.2222,165,65.1785
phone-android,medium,1592,look,accepted,observed,0,1.0678,0.3660,0.0494,6.8905,0.1183,8.4920,161,73.1464
phone-android,medium,1593,move,rejected,exit_unavailable,0,2.7342,0.4228,0.0494,4.0156,0.1097,7.3317,169,65.2105
phone-android,medium,1594,look,accepted,observed,0,0.9068,0.3556,0.0905,6.1090,0.1052,7.5670,161,69.5801
phone-android,medium,1595,look,accepted,observed,0,1.3194,0.3723,0.0483,4.1319,0.1014,5.9733,161,68.0975
phone-android,medium,1596,wait,rejected,invalid_time,0,0.9634,0.4957,0.0506,7.0418,0.1431,8.6945,165,71.6181
phone-android,medium,1597,wait,rejected,invalid_time,0,1.1583,0.4353,0.0487,4.5472,0.1238,6.3132,165,64.9532
phone-android,medium,1598,move,accepted,moved,1,1.0677,0.4640,0.0586,8.0041,0.1235,9.7178,187,71.1734
phone-android,medium,1599,move,accepted,moved,1,1.2139,0.4376,0.0557,5.3613,0.1252,7.1936,189,64.6363
phone-android,medium,1600,look,accepted,observed,0,1.0845,0.4671,0.0553,7.3126,0.1034,9.0229,161,68.8800
phone-android,medium,1601,look,accepted,observed,0,0.8420,0.5765,0.0499,3.7690,0.1084,5.3458,161,66.5067
phone-android,medium,1602,choose,rejected,invalid_choice,0,0.8188,0.3693,0.0485,6.6654,0.0880,7.9899,167,72.9666
phone-android,medium,1603,talk,accepted,choice_opened,1,0.7954,0.3624,0.0539,4.6223,0.1060,5.9401,218,68.2356
phone-android,medium,1604,look,accepted,observed,0,0.9383,0.3591,0.0490,6.1056,0.0911,7.5431,161,66.7419
phone-android,medium,1605,wait,rejected,invalid_time,0,0.8378,0.3833,0.0465,4.8657,0.0985,6.2319,165,68.5613
phone-android,medium,1606,talk,accepted,choice_opened,1,1.0041,0.3938,0.0544,7.0162,0.1147,8.5832,192,64.6402
phone-android,medium,1607,move,rejected,exit_unavailable,0,0.9662,0.3770,0.0507,3.6327,0.1154,5.1419,169,68.8143
phone-android,medium,1608,look,accepted,observed,0,3.3781,0.3604,0.0499,6.5153,0.0890,10.3928,161,64.6631
phone-android,medium,1609,wait,rejected,invalid_time,0,0.8276,0.3608,0.0471,4.0512,0.0952,5.3819,165,66.9401
phone-android,medium,1610,look,accepted,observed,0,0.9574,0.4391,0.0528,7.0748,0.1025,8.6267,161,67.8569
phone-android,medium,1611,move,accepted,moved,1,0.9413,0.6410,0.0642,5.9985,0.1310,7.7760,187,68.9488
phone-android,medium,1612,move,accepted,moved,1,0.9461,0.4755,0.0547,7.0727,0.0979,8.6469,189,64.7561
phone-android,medium,1613,look,accepted,observed,0,0.9766,0.3482,0.0476,4.3554,0.1715,5.8993,161,67.4615
phone-android,medium,1614,choose,accepted,resolved_carry,1,1.0173,0.4887,0.1910,9.7563,34.4340,45.8873,458,66.7532
phone-android,medium,1615,look,accepted,observed,0,1.2866,0.3997,0.0486,4.6563,0.1083,6.4996,161,66.4175
phone-android,medium,1616,drop,accepted,dropped,1,1.1311,0.5644,0.0691,21.5744,0.1572,23.4961,196,66.0985
phone-android,medium,1617,choose,rejected,invalid_choice,0,1.0717,0.4254,0.1586,4.2010,0.0812,5.9379,167,64.7110
phone-android,medium,1618,look,accepted,observed,0,1.5253,0.4060,0.0497,5.8874,0.0871,7.9556,161,74.1179
phone-android,medium,1619,move,accepted,moved,1,1.9564,0.4535,0.0564,4.9937,0.1276,7.5875,187,66.6738
phone-android,medium,1620,take,rejected,not_present,0,1.2635,0.3998,0.0524,6.8703,0.1138,8.6998,164,68.3091
phone-android,medium,1621,look,accepted,observed,0,1.0138,0.4348,0.0526,4.7727,0.1403,6.4142,161,65.5385
phone-android,medium,1622,move,accepted,moved,1,0.9776,0.4656,0.0576,7.7202,0.1209,9.3419,191,64.7271
phone-android,medium,1623,move,accepted,moved,1,1.3539,0.3987,0.0549,4.4449,0.1147,6.3671,187,68.6501
phone-android,medium,1624,talk,rejected,not_eligible,0,3.0048,0.3538,0.0461,3.7597,0.1004,7.2648,165,63.7309
phone-android,medium,1625,move,accepted,moved,1,0.9529,0.3715,0.0528,7.1289,0.1196,8.6256,189,66.0836
phone-android,medium,1626,move,accepted,moved,1,0.9276,0.4664,0.0587,4.8637,0.1147,6.4310,187,66.3705
phone-android,medium,1627,wait,rejected,invalid_time,0,1.1307,0.3944,0.0432,5.8252,0.1067,7.5001,165,60.9151
phone-android,medium,1628,move,rejected,exit_unavailable,0,0.7885,0.4152,0.0506,4.3602,0.1048,5.7194,169,65.4215
phone-android,medium,1629,move,accepted,moved,1,0.9469,0.3693,0.0535,7.7817,0.1108,9.2622,191,65.8259
phone-android,medium,1630,take,rejected,not_present,0,1.2985,0.4372,0.0542,4.2073,0.0823,6.0795,164,68.9249
phone-android,medium,1631,look,accepted,observed,0,2.5710,0.3985,0.0468,6.9680,0.1192,10.1034,161,65.2182
phone-android,medium,1632,look,accepted,observed,0,1.1097,0.3916,0.0480,4.8820,0.1028,6.5342,161,66.8196
phone-android,medium,1633,wait,rejected,invalid_time,0,1.1177,0.5984,0.0556,7.5729,0.1356,9.4802,165,70.2130
phone-android,medium,1634,look,accepted,observed,0,1.1133,0.3784,0.0490,4.5381,0.0990,6.1778,161,64.8189
phone-android,medium,1635,choose,rejected,invalid_choice,0,1.1101,0.4377,0.0503,6.6673,0.0949,8.3602,167,65.8568
phone-android,medium,1636,look,accepted,observed,0,1.0477,0.3730,0.1197,4.9276,0.1001,6.5681,161,69.1543
phone-android,medium,1637,move,rejected,exit_unavailable,0,1.1596,0.4578,0.0518,7.3369,0.1280,9.1341,169,67.5081
phone-android,medium,1638,move,accepted,moved,1,0.9643,0.4124,0.0572,5.7073,0.1147,7.2559,187,65.7767
phone-android,medium,1639,wait,accepted,waited,1,1.1512,0.4197,0.0549,8.1152,0.1219,9.8630,185,67.1126
phone-android,medium,1640,take,rejected,not_present,0,1.9689,0.4486,0.0554,4.7944,0.1372,7.4045,164,67.4484
phone-android,medium,1641,move,accepted,moved,1,1.0626,0.4201,0.0588,7.8888,0.1243,9.5545,189,65.5505
phone-android,medium,1642,look,accepted,observed,0,0.9429,0.4385,0.0517,4.0802,0.1028,5.6160,161,66.2546
phone-android,medium,1643,talk,rejected,not_eligible,0,1.1257,0.4507,0.0534,7.2381,0.1719,9.0397,165,66.2727
phone-android,medium,1644,look,accepted,observed,0,1.1687,0.3804,0.0494,4.0646,0.1042,5.7674,161,64.2958
phone-android,medium,1645,take,accepted,taken,1,1.0156,0.3912,0.0554,7.2450,0.1420,8.8492,189,69.5573
phone-android,medium,1646,talk,rejected,not_eligible,0,1.1063,0.4429,0.0495,3.2932,0.0941,4.9860,165,67.9868
phone-android,medium,1647,look,accepted,observed,0,1.0687,0.3696,0.0481,6.3553,0.0812,7.9229,161,65.2386
phone-android,medium,1648,look,accepted,observed,0,0.8384,0.3501,0.0485,4.4918,0.0902,5.8190,161,65.2102
phone-android,medium,1649,wait,rejected,invalid_time,0,1.3141,0.3994,0.0483,6.1205,0.0936,7.9759,165,74.1755
phone-android,medium,1650,move,accepted,moved,1,2.2631,0.4103,0.0527,3.9481,0.1046,6.7788,187,64.3829
phone-android,medium,1651,move,accepted,moved,1,1.0955,0.4102,0.0563,7.2544,0.0981,8.9146,189,66.1444
phone-android,medium,1652,look,accepted,observed,0,1.0010,0.4950,0.0559,4.7166,0.1150,6.3834,161,65.1437
phone-android,medium,1653,drop,accepted,dropped,1,1.2501,0.3865,0.0566,7.6396,0.1834,9.5161,196,66.4934
phone-android,medium,1654,look,accepted,observed,0,0.8764,0.4872,0.0538,4.6095,0.1392,6.1661,161,67.4594
phone-android,medium,1655,wait,rejected,invalid_time,0,1.1380,0.4140,0.0486,6.9533,0.1141,8.6679,165,65.7825
phone-android,medium,1656,take,accepted,taken,1,0.9383,0.3629,0.0538,5.6056,0.1096,7.0703,189,68.2346
phone-android,medium,1657,move,accepted,moved,1,2.9289,0.4461,0.0563,7.5467,0.1223,11.1002,187,65.4923
phone-android,medium,1658,move,accepted,moved,1,1.0593,0.4056,0.0580,5.5110,0.1343,7.1682,191,65.4621
phone-android,medium,1659,wait,rejected,invalid_time,0,1.0914,0.4059,0.0485,6.9752,0.1274,8.6483,165,68.2960
phone-android,medium,1660,activate,rejected,not_eligible,0,3.4622,0.3861,0.0488,5.0482,0.1057,9.0510,165,64.9113
phone-android,medium,1661,look,accepted,observed,0,1.0431,0.3910,0.0478,6.7534,0.1143,8.3496,161,66.7424
phone-android,medium,1662,move,rejected,exit_unavailable,0,1.3319,0.5247,0.0576,4.6846,0.1415,6.7404,169,66.5806
phone-android,medium,1663,wait,rejected,invalid_time,0,0.9868,0.3494,0.0440,6.1769,0.0940,7.6510,165,66.4387
phone-android,medium,1664,take,replayed,not_present,0,1.3941,0.3123,0.0018,0.0006,0.0352,1.7439,0,65.6752
phone-android,medium,1665,close_choice,rejected,invalid_choice,0,1.0536,0.4575,0.0558,6.4084,0.1020,8.0773,167,65.5859
phone-android,medium,1666,look,accepted,observed,0,1.1900,0.3983,0.0569,5.0939,0.1109,6.8499,161,66.9515
phone-android,medium,1667,look,accepted,observed,0,1.0826,0.3577,0.0474,6.6961,0.1333,8.3171,161,65.9449
phone-android,medium,1668,move,accepted,moved,1,1.1487,0.4255,0.0571,6.0831,0.1225,7.8369,189,67.1332
phone-android,medium,1669,look,accepted,observed,0,1.0955,0.4044,0.0523,6.2268,0.0942,7.8731,161,68.4493
phone-android,medium,1670,drop,accepted,dropped,1,1.1393,0.4270,0.0582,5.7509,0.1215,7.4969,196,69.7857
phone-android,medium,1671,talk,rejected,not_eligible,0,1.0455,0.4219,0.0524,7.1061,0.1114,8.7372,165,73.3256
phone-android,medium,1672,choose,rejected,stale_view,0,1.0964,0.4052,0.0512,4.6904,0.0996,6.3427,163,64.5156
phone-android,medium,1673,look,accepted,observed,0,1.1067,0.3743,0.0491,6.7742,0.1078,8.4121,161,66.4162
phone-android,medium,1674,look,accepted,observed,0,0.9447,0.3600,0.0511,4.0645,0.1060,5.5264,161,70.4555
phone-android,medium,1675,take,accepted,taken,1,3.6823,0.4228,0.0551,8.1990,0.1308,12.4900,189,65.9100
phone-android,medium,1676,move,accepted,moved,1,1.2753,0.4805,0.0610,5.9954,0.1238,7.9359,191,65.2239
phone-android,medium,1677,look,accepted,observed,0,1.3089,0.3867,0.0476,6.3985,0.1026,8.2443,161,67.1900
phone-android,medium,1678,move,accepted,moved,1,1.3881,0.7020,0.0691,6.0768,0.1221,8.3581,189,70.4501
phone-android,medium,1679,look,accepted,observed,0,1.1201,0.4000,0.0523,7.0144,0.1129,8.6997,161,65.2322
phone-android,medium,1680,wait,rejected,invalid_time,0,1.0794,0.5118,0.0503,3.8915,0.0917,5.6246,165,64.9084
phone-android,medium,1681,look,accepted,observed,0,1.2650,0.3815,0.0516,6.3263,0.0977,8.1220,161,64.9705
phone-android,medium,1682,wait,rejected,invalid_time,0,0.7994,0.3499,0.0440,3.6261,0.0834,4.9029,165,80.5062
phone-android,medium,1683,look,accepted,observed,0,1.1991,0.3991,0.0556,6.9752,0.1098,8.7389,161,67.7064
phone-android,medium,1684,choose,rejected,invalid_choice,0,1.1058,0.4328,0.0527,5.0372,0.1083,6.7368,167,70.4039
phone-android,medium,1685,look,accepted,observed,0,1.0598,0.6405,0.0633,6.9522,0.1435,8.8594,161,70.9379
phone-android,medium,1686,move,accepted,moved,1,1.0336,0.4730,0.0571,4.8116,0.1271,6.5024,191,64.6563
phone-android,medium,1687,drop,rejected,integrity_conflict,0,1.4205,0.3231,0.0020,0.0006,0.0385,1.7847,0,65.7241
phone-android,medium,1688,move,accepted,moved,1,0.9269,0.4045,0.0547,7.7908,0.1113,9.2883,187,67.0746
phone-android,medium,1689,look,accepted,observed,0,1.1255,0.3912,0.0522,4.3711,0.1080,6.0480,161,67.4301
phone-android,medium,1690,wait,rejected,invalid_time,0,0.9644,0.3863,0.0488,6.6203,0.1017,8.1214,165,70.5531
phone-android,medium,1691,drop,accepted,dropped,1,8.2318,0.4096,0.0544,5.5522,0.1237,14.3718,194,67.2411
phone-android,medium,1692,move,rejected,exit_unavailable,0,0.9731,0.4430,0.0533,7.0119,0.1439,8.6252,169,66.5249
phone-android,medium,1693,look,accepted,observed,0,2.0731,0.4629,0.0553,4.7823,0.0888,7.4623,161,66.6139
phone-android,medium,1694,move,accepted,moved,1,0.9410,0.4054,0.0546,8.1296,0.1450,9.6756,191,68.1718
phone-android,medium,1695,look,accepted,observed,0,1.2521,0.4637,0.0548,4.8973,0.1384,6.8063,161,65.5824
phone-android,medium,1696,look,accepted,observed,0,0.9329,0.4076,0.0508,6.3239,0.1781,7.8931,161,65.2675
phone-android,medium,1697,activate,rejected,not_eligible,0,0.9916,0.4642,0.0540,5.1916,0.1107,6.8121,165,65.5907
phone-android,medium,1698,move,accepted,moved,1,1.0663,0.4322,0.0586,7.6787,0.1134,9.3492,187,67.9417
phone-android,medium,1699,move,accepted,moved,1,1.0674,0.4628,0.0556,5.3254,0.1199,7.0313,191,64.6934
phone-android,medium,1700,look,accepted,observed,0,1.0739,0.3698,0.0506,6.5379,0.1032,8.1354,161,66.7537
phone-android,medium,1701,take,replayed,not_present,0,1.2683,0.2895,0.0017,0.0006,0.0340,1.5940,0,68.7941
phone-android,medium,1702,take,rejected,not_present,0,0.9772,0.3729,0.0479,6.8770,0.1161,8.3912,164,65.0950
phone-android,medium,1703,look,accepted,observed,0,1.1981,0.3761,0.0531,5.1951,0.1016,6.9241,161,67.9900
phone-android,medium,1704,look,accepted,observed,0,1.0412,0.3771,0.0536,6.0865,0.1061,7.6645,161,64.4284
phone-android,medium,1705,choose,rejected,invalid_choice,0,1.2565,0.4030,0.0486,4.2470,0.2024,6.1576,167,67.3296
phone-android,medium,1706,activate,rejected,not_eligible,0,1.2123,0.4132,0.0529,6.7029,0.1141,8.4955,165,65.6069
phone-android,medium,1707,move,rejected,exit_unavailable,0,0.8956,0.3809,0.0494,4.1904,0.1033,5.6196,169,67.4382
phone-android,medium,1708,wait,rejected,invalid_time,0,2.4967,0.4096,0.0467,6.2140,0.1211,9.2882,165,65.3396
phone-android,medium,1709,move,accepted,moved,1,1.1346,0.3927,0.0531,4.9079,0.1217,6.6100,187,67.3437
phone-android,medium,1710,look,accepted,observed,0,1.2384,0.6851,0.0581,7.3373,0.1429,9.4618,161,71.6336
phone-android,medium,1711,activate,rejected,not_eligible,0,1.0565,0.5143,0.0543,4.9981,0.0986,6.7219,165,65.9006
phone-android,medium,1712,talk,rejected,not_eligible,0,0.8427,0.3415,0.0464,6.3904,0.0819,7.7028,165,65.3034
phone-android,medium,1713,look,accepted,observed,0,0.9343,0.3451,0.0457,3.9348,0.1058,5.3658,161,66.3143
phone-android,medium,1714,drop,replayed,dropped,0,1.5504,0.2974,0.0020,0.0009,0.0339,1.8846,0,69.8101
phone-android,medium,1715,move,accepted,moved,1,1.4459,0.6530,0.0628,7.6309,0.1087,9.9014,189,64.7450
phone-android,medium,1716,look,accepted,observed,0,1.0629,0.3609,0.0486,3.8705,0.1038,5.4468,161,64.8197
phone-android,medium,1717,activate,rejected,not_eligible,0,1.0808,0.3879,0.0503,7.2729,0.1243,8.9161,165,68.4672
phone-android,medium,1718,wait,rejected,invalid_time,0,2.6349,0.3969,0.0449,4.3742,0.1071,7.5581,165,65.6902
phone-android,medium,1719,wait,rejected,invalid_time,0,1.0567,0.4048,0.0474,7.1073,0.1098,8.7261,165,64.6838
phone-android,medium,1720,wait,rejected,invalid_time,0,1.0790,0.4102,0.0505,3.8757,0.0886,5.5039,165,66.2725
phone-android,medium,1721,move,accepted,moved,1,1.1919,0.3961,0.0567,7.5838,0.1145,9.3430,187,64.4852
phone-android,medium,1722,look,accepted,observed,0,1.1038,0.3868,0.0490,5.3595,0.1044,7.0035,161,67.4906
phone-android,medium,1723,look,accepted,observed,0,1.3468,0.3762,0.0540,5.8417,0.1110,7.7296,161,66.9385
phone-android,medium,1724,choose,rejected,invalid_choice,0,1.1044,0.3829,0.0493,3.6223,0.0929,5.2518,167,67.0688
phone-android,medium,1725,choose,rejected,stale_view,0,1.2433,1.5197,0.0657,7.3469,0.1428,10.3184,163,66.4549
phone-android,medium,1726,move,rejected,exit_unavailable,0,1.1086,0.4069,0.0515,4.6970,0.1000,6.3641,169,65.6415
phone-android,medium,1727,activate,rejected,not_eligible,0,1.1364,0.4886,0.0569,7.0264,0.1085,8.8167,165,69.3304
phone-android,medium,1728,choose,rejected,invalid_choice,0,1.1605,0.4462,0.0528,4.3027,0.1106,6.0728,167,65.8187
phone-android,medium,1729,look,accepted,observed,0,1.1347,0.3812,0.0508,7.2797,0.1222,8.9686,161,68.6423
phone-android,medium,1730,look,accepted,observed,0,2.7783,0.4506,0.0507,3.9331,0.0824,7.2950,161,65.4090
phone-android,medium,1731,activate,rejected,not_eligible,0,0.9548,0.3426,0.0473,6.3777,0.0943,7.8166,165,66.8834
phone-android,medium,1732,look,accepted,observed,0,0.9957,0.5512,0.0566,5.2969,0.1434,7.0438,161,70.7901
phone-android,medium,1733,drop,replayed,dropped,0,1.7259,0.2882,0.0014,0.0006,0.0331,2.0492,0,65.0549
phone-android,medium,1734,move,accepted,moved,1,1.4315,0.4482,0.0571,8.1822,0.1914,10.3104,191,65.7442
phone-android,medium,1735,wait,rejected,invalid_time,0,1.1672,0.4191,0.0493,4.9659,0.1005,6.7020,165,67.3506
phone-android,medium,1736,move,accepted,moved,1,1.2444,0.4303,0.0559,7.6931,0.1309,9.5545,187,69.9855
phone-android,medium,1737,take,accepted,taken,1,1.3690,0.4386,0.0591,5.9424,0.1257,7.9348,189,65.5700
phone-android,medium,1738,wait,rejected,invalid_time,0,0.9386,0.3327,0.0428,6.2935,0.1003,7.7078,165,64.9601
phone-android,medium,1739,talk,rejected,not_eligible,0,1.2426,0.4176,0.0544,4.5253,0.1382,6.3781,165,70.6114
phone-android,medium,1740,look,accepted,observed,0,2.5941,0.4255,0.0496,6.1496,0.1713,9.3901,161,65.0746
phone-android,medium,1741,look,accepted,observed,0,0.8661,0.3479,0.0467,4.2443,0.0867,5.5917,161,65.2609
phone-android,medium,1742,move,accepted,moved,1,1.3943,0.4548,0.0603,7.6180,0.1303,9.6577,191,68.3390
phone-android,medium,1743,look,accepted,observed,0,1.4295,0.4444,0.0548,5.3350,0.1049,7.3688,161,65.7872
phone-android,medium,1744,activate,rejected,not_eligible,0,1.2123,0.4088,0.0501,6.8732,0.1154,8.6598,165,69.5863
phone-android,medium,1745,look,accepted,observed,0,3.4548,0.5130,0.0532,4.2781,0.0990,8.3981,161,64.5426
phone-android,medium,1746,activate,rejected,not_eligible,0,1.4559,0.3939,0.0492,6.5360,0.1105,8.5455,165,66.5617
phone-android,medium,1747,move,accepted,moved,1,1.1074,0.4810,0.0606,6.5677,0.1509,8.3676,189,67.3860
phone-android,medium,1748,move,accepted,moved,1,1.0286,0.4049,0.0556,7.5108,0.1323,9.1324,191,66.5793
phone-android,medium,1749,move,accepted,moved,1,1.2151,0.5546,0.0651,6.0073,0.1478,7.9899,189,69.0060
phone-android,medium,1750,drop,accepted,dropped,1,0.8883,0.3657,0.0541,7.2681,0.1341,8.7103,196,65.3610
phone-android,medium,1751,move,accepted,moved,1,1.1448,0.4177,0.0570,4.9498,0.1107,6.6800,191,67.3691
phone-android,medium,1752,move,accepted,moved,1,1.4419,0.4280,0.0533,7.4717,0.1303,9.5252,187,65.4683
phone-android,medium,1753,choose,rejected,invalid_choice,0,1.1774,0.4380,0.0527,4.9869,0.1064,6.7615,167,68.3304
phone-android,medium,1754,look,accepted,observed,0,2.7571,0.3884,0.0464,6.0537,0.1067,9.3523,161,65.1947
phone-android,medium,1755,talk,rejected,not_eligible,0,1.0485,0.3767,0.0499,5.0152,0.1009,6.5913,165,65.8298
phone-android,medium,1756,move,accepted,moved,1,1.1276,0.4789,0.0620,8.5532,0.1484,10.3701,191,67.7695
phone-android,medium,1757,talk,rejected,not_eligible,0,1.2896,0.5217,0.0533,5.2949,0.1075,7.2671,165,65.6971
phone-android,medium,1758,look,accepted,observed,0,1.3633,0.5407,0.0706,6.9228,0.1043,9.0017,161,70.0871
phone-android,medium,1759,move,accepted,moved,1,1.5079,0.4590,0.0577,6.0366,0.1266,8.1878,187,65.7582
phone-android,medium,1760,take,rejected,not_present,0,1.2814,0.5239,0.0523,7.0360,0.1205,9.0141,164,68.9376
phone-android,medium,1761,move,rejected,exit_unavailable,0,3.3226,0.4146,0.0494,4.2165,0.0956,8.0988,169,65.4344
phone-android,medium,1762,move,accepted,moved,1,1.0295,0.3939,0.0557,7.7195,0.1228,9.3215,191,67.1774
phone-android,medium,1763,look,accepted,observed,0,0.9749,0.5640,0.0557,4.5136,0.1912,6.2994,161,71.5120
phone-android,medium,1764,look,accepted,observed,0,0.9772,0.3771,0.0478,5.8987,0.1031,7.4039,161,65.4516
phone-android,medium,1765,close_choice,rejected,invalid_choice,0,1.1421,0.3982,0.0509,3.6282,0.0931,5.3125,167,64.7640
phone-android,medium,1766,wait,rejected,invalid_time,0,0.9771,0.3723,0.0466,6.1517,0.1183,7.6660,165,64.5855
phone-android,medium,1767,move,accepted,moved,1,0.9690,0.4162,0.0545,5.3205,0.1141,6.8742,187,69.1542
phone-android,medium,1768,take,rejected,not_present,0,1.1195,0.4024,0.0520,6.9729,0.1139,8.6606,164,66.0358
phone-android,medium,1769,look,accepted,observed,0,1.0139,0.4296,0.0507,4.7206,0.1004,6.3152,161,65.1175
phone-android,medium,1770,move,rejected,exit_unavailable,0,1.1697,0.4117,0.0514,6.9331,0.1139,8.6797,169,68.5740
phone-android,medium,1771,take,rejected,not_present,0,2.4146,0.3678,0.0474,3.5688,0.0936,6.4923,164,64.6063
phone-android,medium,1772,move,accepted,moved,1,1.0068,0.4887,0.0578,8.8802,0.1007,10.5343,191,65.6500
phone-android,medium,1773,look,accepted,observed,0,2.1455,0.3957,0.0496,4.8890,0.1074,7.5873,161,68.1315
phone-android,medium,1774,look,accepted,observed,0,1.2740,0.4041,0.0556,6.6516,0.1034,8.4886,161,65.0645
phone-android,medium,1775,move,accepted,moved,1,1.0527,0.4224,0.0563,4.9083,0.1269,6.5667,189,69.2972
phone-android,medium,1776,wait,rejected,invalid_time,0,3.0989,0.4030,0.0460,6.4432,0.1049,10.0960,165,64.8765
phone-android,medium,1777,move,accepted,moved,1,1.0640,0.4079,0.0550,4.8215,0.1240,6.4723,191,67.8335
phone-android,medium,1778,look,accepted,observed,0,1.1996,0.5619,0.0645,7.3129,0.1770,9.3159,161,67.3425
phone-android,medium,1779,move,accepted,moved,1,1.1708,0.4285,0.0544,5.1260,0.0986,6.8783,189,65.5268
phone-android,medium,1780,look,accepted,observed,0,1.2503,0.4268,0.0531,7.4766,0.1022,9.3090,161,70.8517
phone-android,medium,1781,wait,rejected,invalid_time,0,1.2610,0.4582,0.0511,4.7690,0.1070,6.6464,165,65.1963
phone-android,medium,1782,take,accepted,taken,1,1.3013,0.3732,0.0567,7.6898,0.1450,9.5660,189,69.9265
phone-android,medium,1783,look,accepted,observed,0,1.4655,0.3447,0.0487,3.0985,0.0893,5.0468,161,66.9106
phone-android,medium,1784,look,accepted,observed,0,0.8133,0.3278,0.0476,6.1256,0.0840,7.3982,161,65.7026
phone-android,medium,1785,move,accepted,moved,1,1.3204,0.4682,0.0609,5.8434,0.1301,7.8231,191,68.2210
phone-android,medium,1786,talk,rejected,not_eligible,0,1.0338,0.4665,0.0540,7.6355,0.2144,9.4042,165,69.7351
phone-android,medium,1787,move,accepted,moved,1,0.9030,0.3642,0.0503,5.1949,0.0989,6.6113,189,65.2376
phone-android,medium,1788,drop,accepted,dropped,1,1.0701,0.4643,0.0586,8.1418,0.1210,9.8558,196,67.3965
phone-android,medium,1789,wait,rejected,invalid_time,0,1.3328,0.4655,0.0499,4.0416,0.1263,6.0162,165,67.2275
phone-android,medium,1790,choose,rejected,stale_view,0,0.8157,0.3269,0.0441,6.4158,0.0834,7.6859,163,65.4172
phone-android,medium,1791,activate,rejected,not_eligible,0,1.1739,0.4090,0.0530,4.3168,0.1185,6.0711,165,66.6656
phone-android,medium,1792,talk,rejected,not_eligible,0,1.2058,0.5080,0.0570,7.1991,0.1417,9.1117,165,66.8212
phone-android,medium,1793,move,accepted,moved,1,1.0727,0.4040,0.1164,5.8542,0.1278,7.5751,191,66.0694
phone-android,medium,1794,wait,rejected,invalid_time,0,1.1272,0.4295,0.0463,6.7059,0.1022,8.4111,165,68.3127
phone-android,medium,1795,move,rejected,exit_unavailable,0,2.7701,0.4363,0.0511,3.7056,0.1161,7.0793,169,65.0248
phone-android,medium,1796,move,accepted,moved,1,0.9954,0.4187,0.0580,7.8809,0.1167,9.4697,187,66.2276
phone-android,medium,1797,close_choice,rejected,invalid_choice,0,0.8505,0.4273,0.0508,3.9272,0.1097,5.3655,167,64.9778
phone-android,medium,1798,take,rejected,not_present,0,0.8719,0.3545,0.0479,6.0591,0.0958,7.4292,164,64.5463
phone-android,medium,1799,look,accepted,observed,0,1.2642,0.3648,0.0469,3.8240,0.0849,5.5848,161,70.7715
phone-android,medium,1800,look,accepted,observed,0,1.0285,0.4789,0.0516,6.5571,0.0910,8.2072,161,64.5961
phone-android,medium,1801,look,accepted,observed,0,0.8021,0.3321,0.0467,4.0395,0.0884,5.3088,161,67.5481
phone-android,medium,1802,drop,replayed,dropped,0,3.9271,0.4358,0.0024,0.0008,0.0398,4.4060,0,67.5526
phone-android,medium,1803,move,rejected,exit_unavailable,0,1.2874,0.4949,0.0568,7.1394,0.1243,9.1028,169,71.1422
phone-android,medium,1804,look,accepted,observed,0,2.8816,0.3646,0.0464,3.7877,0.0872,7.1676,161,65.4129
phone-android,medium,1805,take,rejected,not_present,0,0.8643,0.3409,0.0478,6.0074,0.0937,7.3541,164,69.8958
phone-android,medium,1806,look,accepted,observed,0,2.6859,0.4170,0.0487,4.6341,0.1023,7.8879,161,65.0722
phone-android,medium,1807,look,accepted,observed,0,0.9368,0.3572,0.0465,6.4882,0.1149,7.9437,161,66.7372
phone-android,medium,1808,drop,rejected,integrity_conflict,0,1.6306,0.3210,0.0022,0.0007,0.0369,1.9915,0,66.8472
phone-android,medium,1809,look,accepted,observed,0,1.0790,0.5223,0.0568,6.9130,0.0978,8.6689,161,65.6338
phone-android,medium,1810,wait,rejected,invalid_time,0,1.0917,0.3792,0.0470,3.8947,0.1067,5.5193,165,67.4234
phone-android,medium,1811,look,accepted,observed,0,1.2081,0.3667,0.0486,6.5264,0.1145,8.2643,161,65.1829
phone-android,medium,1812,move,rejected,exit_unavailable,0,1.1747,0.4089,0.0523,3.9841,0.1097,5.7298,169,69.4747
phone-android,medium,1813,move,accepted,moved,1,2.3546,0.3728,0.0511,7.5867,0.1033,10.4685,189,65.1910
phone-android,medium,1814,move,rejected,exit_unavailable,0,0.8697,0.3719,0.0499,4.5527,0.1014,5.9455,169,66.4148
phone-android,medium,1815,choose,rejected,invalid_choice,0,1.2066,0.5214,0.0561,7.4359,0.1413,9.3613,167,66.6853
phone-android,medium,1816,talk,rejected,not_eligible,0,1.2530,0.3651,0.0514,4.0482,0.0999,5.8175,165,65.9001
phone-android,medium,1817,move,accepted,moved,1,0.9897,0.4055,0.0578,8.0340,0.1513,9.6382,187,67.7691
phone-android,medium,1818,wait,rejected,invalid_time,0,1.1553,0.4146,0.0481,4.1805,0.1017,5.9002,165,65.1269
phone-android,medium,1819,look,accepted,observed,0,1.1106,0.3997,0.0495,7.2335,0.1245,8.9179,161,69.1607
phone-android,medium,1820,wait,accepted,waited,1,3.3686,0.4293,0.0502,5.1576,0.1461,9.1519,185,66.5654
phone-android,medium,1821,move,rejected,exit_unavailable,0,1.0092,0.4073,0.0549,6.7729,0.0907,8.3349,169,66.8818
phone-android,medium,1822,look,accepted,observed,0,1.0233,0.4357,0.0540,4.3885,0.1316,6.0330,161,66.9369
phone-android,medium,1823,move,accepted,moved,1,1.1928,0.4048,0.0574,7.9639,0.1225,9.7414,191,65.8519
phone-android,medium,1824,look,accepted,observed,0,0.7634,0.3274,0.1119,3.6279,0.0826,4.9132,161,67.3943
phone-android,medium,1825,move,accepted,moved,1,1.4035,0.4405,0.0613,8.1607,0.1365,10.2024,187,65.8258
phone-android,medium,1826,look,accepted,observed,0,1.0001,0.3597,0.0498,4.6629,0.0962,6.1687,161,67.8311
phone-android,medium,1827,wait,rejected,invalid_time,0,2.1133,0.3753,0.0456,6.4946,0.1044,9.1332,165,63.9388
phone-android,medium,1828,look,accepted,observed,0,0.8692,0.3544,0.0507,4.7603,0.0935,6.1281,161,67.1192
phone-android,medium,1829,talk,rejected,not_eligible,0,1.3385,0.6332,0.0769,7.6081,0.1419,9.7987,165,67.8147
phone-android,medium,1830,move,accepted,moved,1,1.3229,0.4572,0.0630,6.1793,0.1202,8.1426,189,65.3363
phone-android,medium,1831,move,accepted,moved,1,1.2292,0.3811,0.0519,7.3965,0.1327,9.1915,187,69.2707
phone-android,medium,1832,choose,rejected,invalid_choice,0,1.8467,0.5053,0.0511,4.1623,0.0935,6.6589,167,66.5450
phone-android,medium,1833,take,rejected,not_present,0,0.9464,0.3628,0.0466,6.5429,0.1132,8.0117,164,70.7097
phone-android,medium,1834,move,accepted,moved,1,2.9477,0.3759,0.0511,4.8940,0.1024,8.3712,191,65.5206
phone-android,medium,1835,look,accepted,observed,0,0.8498,0.3541,0.0492,6.5962,0.0992,7.9485,161,68.4356
phone-android,medium,1836,move,accepted,moved,1,0.9751,0.4782,0.0609,6.0793,0.1502,7.7437,189,68.4601
phone-android,medium,1837,move,rejected,exit_unavailable,0,1.1768,0.4469,0.0553,6.7809,0.0909,8.5509,169,65.9320
phone-android,medium,1838,choose,rejected,invalid_choice,0,1.0499,0.4122,0.0513,4.6311,0.1048,6.2494,167,68.7296
phone-android,medium,1839,look,accepted,observed,0,1.4266,0.4233,0.0545,6.9626,0.1184,8.9854,161,66.0963
phone-android,medium,1840,take,accepted,taken,1,0.8434,0.3464,0.0544,4.5416,0.0993,5.8851,189,68.5313
phone-android,medium,1841,move,accepted,moved,1,1.0162,0.3906,0.0550,7.9470,0.1309,9.5398,191,69.5017
phone-android,medium,1842,move,accepted,moved,1,1.1411,0.4274,0.0596,6.0270,0.1319,7.7871,189,66.3166
phone-android,medium,1843,move,accepted,moved,1,1.0195,0.3875,0.0542,8.5266,0.1360,10.1239,191,65.7128
phone-android,medium,1844,look,accepted,observed,0,1.2434,0.4060,0.0522,5.2212,0.1144,7.0373,161,68.1615
phone-android,medium,1845,activate,rejected,not_eligible,0,1.1939,0.4581,0.0541,7.3771,0.1454,9.2284,165,65.9509
phone-android,medium,1846,look,accepted,observed,0,1.1630,0.4038,0.0519,5.2062,0.1147,6.9396,161,65.8803
phone-android,medium,1847,activate,rejected,not_eligible,0,0.9331,0.3852,0.0509,6.4129,0.1065,7.8887,165,66.2165
phone-android,medium,1848,choose,rejected,stale_view,0,1.0479,0.3938,0.1143,5.3598,0.0998,7.0157,163,69.4241
phone-android,medium,1849,look,accepted,observed,0,1.0040,0.3928,0.0508,6.6888,0.1408,8.2771,161,65.3781
phone-android,medium,1850,activate,rejected,not_eligible,0,1.1881,0.4046,0.0521,4.8994,0.1067,6.6510,165,66.3981
phone-android,medium,1851,drop,accepted,dropped,1,1.1113,0.7089,0.0643,10.4438,0.1636,12.4918,198,67.1323
phone-android,medium,1852,talk,rejected,not_eligible,0,1.1628,0.4823,0.0563,3.9569,0.0935,5.7518,165,65.7660
phone-android,medium,1853,look,accepted,observed,0,1.0005,0.3615,0.0490,6.1744,0.1007,7.6862,161,69.0300
phone-android,medium,1854,talk,rejected,not_eligible,0,2.6798,0.5510,0.0496,4.5601,0.0947,7.9352,165,64.3158
phone-android,medium,1855,wait,rejected,invalid_time,0,1.2190,0.3977,0.0464,6.4054,0.1052,8.1737,165,67.5222
phone-android,medium,1856,look,accepted,observed,0,1.0778,0.5207,0.0555,4.8513,0.1359,6.6412,161,67.4006
phone-android,medium,1857,look,accepted,observed,0,1.2559,0.3921,0.0538,6.8347,0.1074,8.6439,161,65.7872
phone-android,medium,1858,look,accepted,observed,0,1.0566,0.3723,0.0499,5.1426,0.1000,6.7213,161,70.7504
phone-android,medium,1859,look,accepted,observed,0,1.0899,0.4391,0.0509,6.1266,0.0861,7.7927,161,65.2756
phone-android,medium,1860,move,accepted,moved,1,1.0269,0.3923,0.0988,5.7229,0.1236,7.3645,189,68.7237
phone-android,medium,1861,talk,rejected,not_eligible,0,3.0141,0.3478,0.0473,5.9616,0.0953,9.4661,165,67.3744
phone-android,medium,1862,move,accepted,moved,1,1.4052,0.6461,0.0630,5.7692,0.1190,8.0025,191,66.9006
phone-android,medium,1863,look,accepted,observed,0,0.9847,0.5014,0.0521,7.3290,0.1430,9.0102,161,66.7275
phone-android,medium,1864,take,replayed,taken,0,1.7231,0.3189,0.0023,0.0005,0.0354,2.0802,0,65.5014
phone-android,medium,1865,move,accepted,moved,1,1.1481,0.4367,0.0558,7.8508,0.1270,9.6184,189,67.9935
phone-android,medium,1866,take,rejected,not_present,0,1.2838,0.4996,0.0621,5.3928,0.1043,7.3426,164,65.4147
phone-android,medium,1867,look,accepted,observed,0,1.1288,0.4010,0.0517,6.9570,0.1110,8.6495,161,69.8209
phone-android,medium,1868,activate,rejected,not_eligible,0,3.0035,0.5320,0.0595,4.5424,0.1009,8.2383,165,65.6430
phone-android,medium,1869,look,accepted,observed,0,0.9249,0.3709,0.0477,6.7464,0.1169,8.2068,161,67.6674
phone-android,medium,1870,drop,rejected,integrity_conflict,0,1.7158,0.3392,0.0027,0.0006,0.0391,2.0974,0,66.4866
phone-android,medium,1871,look,accepted,observed,0,0.8724,0.4184,0.0542,6.9364,0.0866,8.3680,161,65.6263
phone-android,medium,1872,talk,rejected,not_eligible,0,1.2256,0.4034,0.0528,4.8464,0.1127,6.6408,165,69.9864
phone-android,medium,1873,move,accepted,moved,1,1.3977,0.4505,0.0589,8.2784,0.1502,10.3357,191,65.5737
phone-android,medium,1874,move,accepted,moved,1,1.1298,0.3817,0.0532,5.0758,0.1212,6.7617,187,69.0198
phone-android,medium,1875,move,accepted,moved,1,2.6564,0.3894,0.0536,7.2828,0.1101,10.4923,191,66.0495
phone-android,medium,1876,talk,rejected,not_eligible,0,0.8985,0.3595,0.0489,3.9385,0.0889,5.3342,165,67.0794
phone-android,medium,1877,move,accepted,moved,1,1.2758,0.5801,0.0692,9.1014,0.1457,11.1722,189,69.4899
phone-android,medium,1878,look,accepted,observed,0,1.2233,0.5833,0.0602,4.6439,0.0976,6.6083,161,65.9452
phone-android,medium,1879,move,accepted,moved,1,1.0585,0.4178,0.0580,7.0531,0.1934,8.7809,191,70.1960
phone-android,medium,1880,move,accepted,moved,1,2.4648,0.5142,0.0558,4.7440,0.1134,7.8923,189,66.9151
phone-android,medium,1881,move,accepted,moved,1,1.0739,0.4798,0.0581,7.8414,0.1402,9.5935,191,69.6120
phone-android,medium,1882,wait,rejected,invalid_time,0,2.4835,0.3715,0.0443,3.6386,0.0909,6.6289,165,65.0603
phone-android,medium,1883,look,accepted,observed,0,0.8377,0.3583,0.0489,6.6178,0.0987,7.9615,161,67.5365
phone-android,medium,1884,move,rejected,exit_unavailable,0,1.3015,0.4887,0.0530,4.5665,0.1996,6.6094,169,67.1996
phone-android,medium,1885,move,accepted,moved,1,1.2696,0.4153,0.0599,7.7179,0.1267,9.5894,189,66.2313
phone-android,medium,1886,look,accepted,observed,0,1.1095,0.3856,0.0499,3.9331,0.0973,5.5755,161,68.4556
phone-android,medium,1887,wait,rejected,invalid_time,0,1.3263,0.4544,0.0504,6.9908,0.1287,8.9506,165,65.1515
phone-android,medium,1888,look,accepted,observed,0,1.0571,0.3754,0.0488,4.0167,0.1351,5.6331,161,69.1183
phone-android,medium,1889,move,accepted,moved,1,2.9569,0.4524,0.0551,27.5881,0.1571,31.2097,191,66.0448
phone-android,medium,1890,look,accepted,observed,0,1.3141,0.4278,0.0569,4.9206,0.1060,6.8254,161,67.6313
phone-android,medium,1891,move,accepted,moved,1,1.8086,0.5050,0.0582,8.1934,0.1504,10.7157,187,66.6545
phone-android,medium,1892,move,accepted,moved,1,1.2601,0.4271,0.0567,5.5941,0.1264,7.4644,189,65.7680
phone-android,medium,1893,wait,rejected,invalid_time,0,0.9653,0.3966,0.0450,6.3543,0.0960,7.8572,165,68.9444
phone-android,medium,1894,look,accepted,observed,0,1.4895,0.3754,0.0487,3.8296,0.0977,5.8408,161,63.9203
phone-android,medium,1895,choose,rejected,invalid_choice,0,1.2043,0.4007,0.0497,6.1495,0.1374,7.9417,167,69.0549
phone-android,medium,1896,look,accepted,observed,0,3.3785,0.4442,0.0471,3.8802,0.1031,7.8531,161,64.8645
phone-android,medium,1897,activate,rejected,not_eligible,0,1.1992,0.3893,0.0514,6.5331,0.1264,8.2994,165,66.0261
phone-android,medium,1898,move,rejected,exit_unavailable,0,0.9467,0.5390,0.0561,4.7429,0.1234,6.4080,169,67.0053
phone-android,medium,1899,move,rejected,exit_unavailable,0,1.2673,0.4446,0.0515,7.2213,0.1251,9.1098,169,64.3607
phone-android,medium,1900,move,accepted,moved,1,0.7042,0.3536,0.0539,5.0076,0.1157,6.2348,187,64.5567
phone-android,medium,1901,move,accepted,moved,1,0.7893,0.3527,0.0516,6.6627,0.1585,8.0148,191,62.1267
phone-android,medium,1902,move,accepted,moved,1,0.7389,0.4093,0.0565,4.5747,0.1156,5.8950,189,63.3078
phone-android,medium,1903,move,accepted,moved,1,1.8811,0.3731,0.0521,4.2525,0.1144,6.6732,191,61.0004
phone-android,medium,1904,look,accepted,observed,0,1.7719,0.3492,0.0486,4.2563,0.1065,6.5325,161,63.2616
phone-android,medium,1905,take,accepted,taken,1,0.8742,0.5645,0.1254,7.5866,0.1160,9.2666,189,67.3660
phone-android,medium,1906,look,accepted,observed,0,1.3442,0.4158,0.0515,6.8751,0.1297,8.8163,161,65.3037
phone-android,medium,1907,talk,rejected,not_eligible,0,0.8818,0.3689,0.0489,4.0352,0.1179,5.4526,165,69.4443
phone-android,medium,1908,look,accepted,observed,0,1.2737,0.3987,0.0495,6.8075,0.1206,8.6500,161,65.5854
phone-android,medium,1909,look,accepted,observed,0,1.0000,0.4049,0.0503,4.2464,0.1080,5.8096,161,67.6437
phone-android,medium,1910,move,accepted,moved,1,2.4493,0.3958,0.1107,7.3566,0.1132,10.4255,189,66.4040
phone-android,medium,1911,move,accepted,moved,1,0.8559,0.3764,0.0527,4.6119,0.0993,5.9962,191,67.9719
phone-android,medium,1912,look,accepted,observed,0,2.4963,0.3770,0.0483,6.1091,0.0944,9.1252,161,65.0111
phone-android,medium,1913,move,accepted,moved,1,1.1310,0.3860,0.0531,4.9111,0.1055,6.5867,187,66.2506
phone-android,medium,1914,move,accepted,moved,1,0.7714,0.4845,0.0576,8.0623,0.1241,9.4998,189,68.5910
phone-android,medium,1915,drop,rejected,integrity_conflict,0,1.3097,0.2939,0.0015,0.0010,0.0337,1.6398,0,68.5735
phone-android,medium,1916,look,accepted,observed,0,0.9600,0.4170,0.0507,6.2746,0.1098,7.8120,161,64.0042
phone-android,medium,1917,move,accepted,moved,1,0.8299,0.3693,0.0517,4.5441,0.1011,5.8961,187,70.8346
phone-android,medium,1918,look,accepted,observed,0,2.3436,0.3481,0.0447,5.8471,0.0910,8.6745,161,66.0599
phone-android,medium,1919,choose,rejected,invalid_choice,0,1.3615,0.4757,0.0521,4.3071,0.0921,6.2885,167,67.5797
phone-android,medium,1920,wait,rejected,invalid_time,0,1.0792,0.5292,0.0619,6.5165,0.1127,8.2994,165,67.5826
phone-android,medium,1921,move,accepted,moved,1,1.1786,0.4027,0.0577,5.6263,0.1232,7.3885,191,65.2079
phone-android,medium,1922,look,accepted,observed,0,1.0212,0.3942,0.0519,6.8756,0.1167,8.4595,161,68.3034
phone-android,medium,1923,look,accepted,observed,0,2.6297,0.3870,0.0469,4.2378,0.1109,7.4122,161,66.2939
phone-android,medium,1924,look,accepted,observed,0,1.0589,0.3900,0.0512,7.0345,0.1241,8.6587,161,67.4006
phone-android,medium,1925,wait,rejected,invalid_time,0,1.2812,0.4965,0.0497,5.4559,0.1425,7.4258,165,67.1524
phone-android,medium,1926,look,accepted,observed,0,1.1462,0.3906,0.0508,6.5654,0.1136,8.2666,161,65.2181
phone-android,medium,1927,wait,rejected,invalid_time,0,1.1531,0.4071,0.0475,4.5366,0.0992,6.2435,165,68.5466
phone-android,medium,1928,move,accepted,moved,1,1.1977,0.4412,0.0592,8.6984,0.1303,10.5268,187,65.6950
phone-android,medium,1929,move,accepted,moved,1,1.2788,0.4542,0.0624,6.4087,0.1260,8.3302,191,68.1702
phone-android,medium,1930,look,accepted,observed,0,0.9385,0.3689,0.0504,6.0330,0.1182,7.5090,161,68.1740
phone-android,medium,1931,wait,rejected,invalid_time,0,1.2640,0.4513,0.0486,4.7666,0.1068,6.6373,165,67.9597
phone-android,medium,1932,look,accepted,observed,0,1.3001,0.7205,0.0643,7.2493,0.1390,9.4732,161,67.8225
phone-android,medium,1933,move,accepted,moved,1,1.4166,0.4671,0.0601,5.6156,0.1217,7.6811,187,66.3277
phone-android,medium,1934,talk,rejected,not_eligible,0,1.1692,0.3757,0.0489,6.8813,0.1092,8.5843,165,70.0766
phone-android,medium,1935,talk,rejected,not_eligible,0,1.6561,0.4626,0.0558,5.4491,0.1208,7.7444,165,66.4278
phone-android,medium,1936,move,accepted,moved,1,1.1602,0.3764,0.0542,7.5015,0.1184,9.2107,191,69.6508
phone-android,medium,1937,move,accepted,moved,1,2.7185,0.3886,0.0511,4.3528,0.1040,7.6149,187,65.5279
phone-android,medium,1938,move,rejected,exit_unavailable,0,0.7894,0.3435,0.0473,6.7655,0.0953,8.0410,169,67.7421
phone-android,medium,1939,drop,accepted,dropped,1,1.3710,0.6522,0.0730,6.2294,0.1471,8.4728,194,65.5425
phone-android,medium,1940,wait,rejected,invalid_time,0,0.9955,0.3884,0.0486,6.8169,0.1204,8.3698,165,66.0012
phone-android,medium,1941,talk,rejected,not_eligible,0,1.1361,0.3934,0.0514,4.0834,0.1056,5.7698,165,69.7803
phone-android,medium,1942,move,accepted,moved,1,1.0690,0.4136,0.0539,7.9267,0.1303,9.5934,189,65.8434
phone-android,medium,1943,choose,rejected,invalid_choice,0,1.1229,0.5221,0.0523,4.7273,0.0988,6.5234,167,68.8330
phone-android,medium,1944,look,accepted,observed,0,3.3172,0.3879,0.0486,6.6208,0.1161,10.4906,161,66.0378
phone-android,medium,1945,move,rejected,exit_unavailable,0,1.3970,0.4563,0.0572,5.2768,0.1751,7.3623,169,68.0685
phone-android,medium,1946,look,accepted,observed,0,1.1028,0.4142,0.0523,7.3677,0.1398,9.0768,161,67.9502
phone-android,medium,1947,look,accepted,observed,0,1.2346,0.4096,0.0534,4.5029,0.1503,6.3508,161,65.6938
phone-android,medium,1948,take,rejected,not_present,0,1.3075,0.3572,0.0470,6.9392,0.1101,8.7610,164,71.6375
phone-android,medium,1949,look,accepted,observed,0,1.3364,0.3422,0.0467,3.5913,0.0867,5.4033,161,65.8867
phone-android,medium,1950,move,accepted,moved,1,1.0263,0.4299,0.0573,8.0223,0.1238,9.6597,187,67.2564
phone-android,medium,1951,look,accepted,observed,0,0.9904,0.3582,0.0494,4.0321,0.1103,5.5404,161,66.8462
phone-android,medium,1952,activate,rejected,not_eligible,0,1.0135,0.3967,0.0528,7.1024,0.1030,8.6683,165,67.4427
phone-android,medium,1953,move,accepted,moved,1,0.9954,0.4670,0.0592,5.9019,0.1470,7.5706,189,66.1712
phone-android,medium,1954,look,accepted,observed,0,0.9699,0.3951,0.0521,6.3615,0.1046,7.8832,161,66.0422
phone-android,medium,1955,look,accepted,observed,0,1.1043,0.5154,0.0540,4.1961,0.0927,5.9625,161,71.1603
phone-android,medium,1956,look,accepted,observed,0,1.1916,0.4196,0.0518,6.8080,0.1093,8.5802,161,65.9778
phone-android,medium,1957,look,accepted,observed,0,1.0302,0.3708,0.0488,4.7983,0.0992,6.3472,161,69.8293
phone-android,medium,1958,look,accepted,observed,0,2.9971,0.5352,0.0504,7.0089,0.1042,10.6956,161,66.3833
phone-android,medium,1959,look,accepted,observed,0,1.0153,0.3954,0.0508,4.2881,0.1837,5.9334,161,66.3815
phone-android,medium,1960,look,accepted,observed,0,1.1905,0.4213,0.0538,6.5951,0.1112,8.3718,161,67.5159
phone-android,medium,1961,move,accepted,moved,1,1.2061,0.3909,0.0565,5.4591,0.2076,7.3201,187,65.9226
phone-android,medium,1962,drop,replayed,dropped,0,1.4987,0.3107,0.0023,0.0006,0.0339,1.8462,0,67.7714
phone-android,medium,1963,activate,rejected,not_eligible,0,1.2779,0.4253,0.0523,6.9749,0.1106,8.8410,165,65.4871
phone-android,medium,1964,look,accepted,observed,0,1.0295,0.3766,0.0485,4.4193,0.0932,5.9671,161,67.6174
phone-android,medium,1965,move,accepted,moved,1,4.1401,0.3749,0.0511,7.4855,0.1068,12.1584,191,65.0360
phone-android,medium,1966,look,accepted,observed,0,0.9286,0.3507,0.0462,3.9263,0.0876,5.3395,161,66.1769
phone-android,medium,1967,activate,rejected,not_eligible,0,0.8667,0.9701,0.0574,6.8094,0.1151,8.8186,165,67.5550
phone-android,medium,1968,move,accepted,moved,1,1.3749,0.4083,0.0710,5.5168,0.1147,7.4858,189,65.0064
phone-android,medium,1969,wait,rejected,invalid_time,0,1.0914,0.4062,0.0463,6.6544,0.1183,8.3165,165,69.4287
phone-android,medium,1970,look,accepted,observed,0,1.1442,0.3668,0.0466,3.7608,0.0859,5.4043,161,65.7122
phone-android,medium,1971,close_choice,rejected,invalid_choice,0,0.9285,0.3891,0.0497,6.5509,0.1156,8.0338,167,68.9392
phone-android,medium,1972,move,accepted,moved,1,3.0493,0.4296,0.0542,5.6968,0.1228,9.3526,191,65.4134
phone-android,medium,1973,look,accepted,observed,0,0.9688,0.3822,0.0502,5.0975,0.1262,6.6248,161,67.7420
phone-android,medium,1974,activate,rejected,not_eligible,0,1.1442,0.5036,0.0573,4.4260,0.1395,6.2706,165,67.2723
phone-android,medium,1975,move,accepted,moved,1,1.0156,0.5322,0.0602,7.6022,0.1411,9.3513,189,65.6796
phone-android,medium,1976,move,accepted,moved,1,1.1183,0.4416,0.0571,5.8075,0.1195,7.5440,191,67.6829
phone-android,medium,1977,move,accepted,moved,1,1.3330,0.4309,0.0524,7.7258,0.1145,9.6567,189,65.5322
phone-android,medium,1978,move,accepted,moved,1,1.0761,0.4235,0.0571,6.6022,0.1287,8.2877,191,69.0694
phone-android,medium,1979,drop,replayed,dropped,0,2.8596,0.2831,0.0016,0.0006,0.0328,3.1777,0,65.2455
phone-android,medium,1980,move,accepted,moved,1,0.7883,0.3826,0.0534,7.3517,0.1084,8.6843,187,67.2566
phone-android,medium,1981,look,accepted,observed,0,1.0115,0.5005,0.0610,4.6631,0.1070,6.3431,161,67.6090
phone-android,medium,1982,move,accepted,moved,1,1.2419,0.4181,0.0564,7.2921,0.1935,9.2020,191,65.7987
phone-android,medium,1983,look,accepted,observed,0,1.1926,0.3778,0.0511,3.9605,0.0922,5.6741,161,69.4350
phone-android,medium,1984,drop,replayed,dropped,0,1.4689,0.3258,0.0023,0.0006,0.0365,1.8341,0,65.8171
phone-android,medium,1985,look,accepted,observed,0,1.2896,0.3908,0.0484,6.5339,0.1104,8.3732,161,68.4720
phone-android,medium,1986,move,accepted,moved,1,2.8931,0.4402,0.0574,5.1141,0.1198,8.6246,187,65.5107
phone-android,medium,1987,take,accepted,taken,1,1.0623,0.3865,0.0554,7.6911,0.1191,9.3144,189,67.6352
phone-android,medium,1988,look,accepted,observed,0,1.0954,0.5409,0.0583,4.9589,0.1366,6.7900,161,66.7704
phone-android,medium,1989,move,accepted,moved,1,0.8928,0.3503,0.0530,7.4543,0.0992,8.8496,189,68.1645
phone-android,medium,1990,move,accepted,moved,1,1.1999,0.6015,0.0599,5.7333,0.1324,7.7271,187,66.3301
phone-android,medium,1991,look,accepted,observed,0,1.0191,0.3633,0.0479,6.7293,0.1175,8.2771,161,65.2124
phone-android,medium,1992,move,accepted,moved,1,1.2111,0.4411,0.0598,5.3562,0.1167,7.1849,189,69.0787
phone-android,medium,1993,move,accepted,moved,1,1.0881,0.3945,0.0537,7.2924,0.1313,8.9600,187,66.1583
phone-android,medium,1994,look,accepted,observed,0,1.0906,0.3842,0.0503,5.1606,0.1592,6.8448,161,70.0649
phone-android,medium,1995,look,accepted,observed,0,4.1146,0.4136,0.0511,6.9694,0.1013,11.6500,161,66.2114
phone-android,medium,1996,wait,rejected,invalid_time,0,1.2235,0.4391,0.0504,5.2991,0.1174,7.1295,165,67.4538
phone-android,medium,1997,look,accepted,observed,0,1.1264,0.4916,0.0570,7.5437,0.1390,9.3578,161,68.0027
phone-android,medium,1998,wait,rejected,invalid_time,0,1.2689,0.4117,0.0466,4.7254,0.1079,6.5604,165,65.4170
phone-android,medium,1999,talk,rejected,not_eligible,0,0.9634,0.3938,0.0532,6.5643,0.1015,8.0761,165,70.9484
phone-android,medium,2000,move,accepted,moved,1,1.0882,0.4298,0.0579,5.6434,0.1919,7.4111,189,67.0285
phone-android,medium,2001,look,accepted,observed,0,1.0169,0.4492,0.0533,6.6817,0.1163,8.3173,161,75.7879
phone-android,medium,2002,move,accepted,moved,1,1.1264,0.4003,0.0539,4.5765,0.1037,6.2608,187,65.3864
phone-android,medium,2003,move,accepted,moved,1,1.0627,0.3998,0.0542,7.7391,0.1188,9.3745,191,66.0167
phone-android,medium,2004,move,accepted,moved,1,1.1558,0.4396,0.0567,6.3350,0.1296,8.1168,189,67.2080
phone-android,medium,2005,wait,accepted,waited,1,1.1459,0.4148,0.0520,8.0394,0.1609,9.8130,185,73.5540
phone-android,medium,2006,close_choice,rejected,invalid_choice,0,2.8898,0.3680,0.0461,3.7963,0.0933,7.1935,167,65.3917
phone-android,medium,2007,move,accepted,moved,1,0.9237,0.4221,0.0550,7.3538,0.1132,8.8678,191,67.8747
phone-android,medium,2008,activate,rejected,not_eligible,0,1.0236,0.4678,0.0628,4.2442,0.1115,5.9099,165,70.0727
phone-android,medium,2009,move,accepted,moved,1,1.1782,0.5381,0.0588,8.1031,0.1248,10.0031,187,66.7840
phone-android,medium,2010,move,rejected,exit_unavailable,0,0.9441,0.4679,0.0527,3.9768,0.1049,5.5464,169,68.5979
phone-android,medium,2011,move,accepted,moved,1,1.2040,0.9797,0.0716,8.7808,0.1470,11.1831,189,68.1147
phone-android,medium,2012,look,accepted,observed,0,1.2516,0.3876,0.0541,4.6083,0.1179,6.4194,161,66.2701
phone-android,medium,2013,wait,rejected,invalid_time,0,1.0727,0.5109,0.0482,6.7259,0.1007,8.4584,165,71.6031
phone-android,medium,2014,move,accepted,moved,1,1.2428,0.4226,0.0594,5.5956,0.1215,7.4418,187,66.9428
phone-android,medium,2015,look,accepted,observed,0,1.0259,0.4525,0.0525,6.6527,0.1367,8.3203,161,68.7854
phone-android,medium,2016,wait,rejected,invalid_time,0,0.9177,0.3851,0.0464,3.7998,0.0970,5.2460,165,65.0018
phone-android,medium,2017,drop,accepted,dropped,1,1.0037,0.4068,0.0598,8.0352,0.1260,9.6316,194,70.4338
phone-android,medium,2018,take,accepted,taken,1,0.9964,0.4005,0.0565,5.4540,0.1263,7.0336,189,64.9474
phone-android,medium,2019,look,accepted,observed,0,0.9644,0.3465,0.0477,6.5565,0.0892,8.0041,161,70.6067
phone-android,medium,2020,move,accepted,moved,1,4.2533,0.4206,0.0561,5.1169,0.1157,9.9628,189,65.4761
phone-android,medium,2021,activate,rejected,not_eligible,0,0.9590,0.3885,0.0509,7.0344,0.2157,8.6485,165,70.6247
phone-android,medium,2022,look,accepted,observed,0,1.9190,0.3982,0.0503,4.4658,0.0996,6.9329,161,66.3877
phone-android,medium,2023,look,accepted,observed,0,0.9605,0.4654,0.0528,7.4229,0.1852,9.0867,161,65.8514
phone-android,medium,2024,look,accepted,observed,0,1.1933,0.3669,0.0501,4.5639,0.0963,6.2704,161,71.8703
phone-android,medium,2025,move,accepted,moved,1,2.7378,0.4246,0.0555,7.8396,0.1230,11.1806,187,65.0016
phone-android,medium,2026,choose,rejected,stale_view,0,1.0448,0.3748,0.0489,5.0833,0.1187,6.6704,163,68.9767
phone-android,medium,2027,look,accepted,observed,0,1.2113,0.3824,0.0489,6.5141,0.1012,8.2578,161,66.4570
phone-android,medium,2028,move,accepted,moved,1,1.1760,0.4796,0.0611,6.0023,0.1178,7.8369,189,69.7934
phone-android,medium,2029,drop,accepted,dropped,1,2.2136,0.3729,0.0534,7.5055,0.1084,10.2538,196,64.9373
phone-android,medium,2030,move,accepted,moved,1,1.3602,0.6568,0.0618,5.1989,0.1042,7.3819,187,68.1815
phone-android,medium,2031,look,accepted,observed,0,0.9555,0.4496,0.0528,7.0223,0.1395,8.6196,161,67.6823
phone-android,medium,2032,take,rejected,not_present,0,1.0282,0.4051,0.0527,3.8594,0.1092,5.4545,164,65.6045
phone-android,medium,2033,activate,rejected,not_eligible,0,0.9573,0.3564,0.0477,6.3915,0.1011,7.8540,165,71.9403
phone-android,medium,2034,move,accepted,moved,1,2.5403,0.3662,0.0509,4.4129,0.1070,7.4773,189,64.5669
phone-android,medium,2035,move,accepted,moved,1,1.0856,0.3877,0.0552,6.8853,0.0985,8.5122,187,66.8662
phone-android,medium,2036,wait,rejected,invalid_time,0,1.0104,0.4633,0.0511,4.5836,0.1101,6.2186,165,67.2510
phone-android,medium,2037,move,accepted,moved,1,1.3625,0.4217,0.0565,7.8436,0.1178,9.8021,191,66.3591
phone-android,medium,2038,move,accepted,moved,1,1.2634,0.4154,0.0591,5.4842,0.1168,7.3389,187,68.6591
phone-android,medium,2039,look,accepted,observed,0,0.9740,0.4738,0.0492,7.1191,0.1332,8.7492,161,65.3563
phone-android,medium,2040,move,accepted,moved,1,1.0463,0.4005,0.0557,4.7304,0.1398,6.3728,189,68.1969
phone-android,medium,2041,move,accepted,moved,1,6.4901,0.4232,0.0535,5.2896,0.1172,12.3736,187,65.9664
phone-android,medium,2042,look,accepted,observed,0,1.1672,0.3637,0.0498,5.9609,0.1248,7.6665,161,65.9791
phone-android,medium,2043,move,accepted,moved,1,1.0605,0.4663,0.0590,5.6481,0.1489,7.3828,191,67.8341
phone-android,medium,2044,move,accepted,moved,1,1.1707,0.4084,0.0621,8.2165,0.1312,9.9889,187,65.4002
phone-android,medium,2045,move,accepted,moved,1,0.7710,0.3489,0.0519,5.4583,0.1004,6.7305,191,68.1704
phone-android,medium,2046,look,accepted,observed,0,1.4957,0.3949,0.0505,7.4694,0.1175,9.5281,161,65.4144
phone-android,medium,2047,move,accepted,moved,1,0.9510,0.3823,0.0541,5.4728,0.1220,6.9821,189,68.8980
phone-android,medium,2048,look,accepted,observed,0,3.0112,0.4043,0.0484,6.7967,0.1204,10.3810,161,65.9809
phone-android,medium,2049,look,accepted,observed,0,1.1196,0.3949,0.0503,4.5557,0.1100,6.2305,161,66.5744
phone-android,medium,2050,take,rejected,not_present,0,1.2218,0.4798,0.0565,7.5463,0.1412,9.4455,164,66.8695
phone-android,medium,2051,move,accepted,moved,1,0.9023,0.3882,0.0548,4.9383,0.1152,6.3989,191,66.5940
phone-android,medium,2052,talk,rejected,not_eligible,0,1.1331,0.4893,0.0556,7.3026,0.1310,9.1116,165,67.0813
phone-android,medium,2053,move,rejected,exit_unavailable,0,0.9632,0.3835,0.0482,4.3045,0.1023,5.8018,169,66.0627
phone-android,medium,2054,look,accepted,observed,0,1.2998,0.4494,0.0507,6.6999,0.1010,8.6009,161,70.6832
phone-android,medium,2055,look,accepted,observed,0,1.3195,0.4161,0.0516,4.3052,0.1050,6.1974,161,66.1089
phone-android,medium,2056,move,accepted,moved,1,1.1013,0.4066,0.0554,8.0942,0.1189,9.7764,187,69.5592
phone-android,medium,2057,move,accepted,moved,1,4.1729,0.4481,0.0591,5.6121,0.1265,10.4187,191,64.8453
phone-android,medium,2058,look,accepted,observed,0,0.9428,0.4143,0.0483,6.3751,0.1094,7.8899,161,67.4028
phone-android,medium,2059,talk,rejected,not_eligible,0,1.1948,0.4855,0.0553,4.8614,0.1276,6.7245,165,66.1406
phone-android,medium,2060,look,accepted,observed,0,0.9970,0.3883,0.0504,6.6205,0.0972,8.1534,161,65.6924
phone-android,medium,2061,drop,replayed,dropped,0,1.3541,0.3053,0.0016,0.0005,0.0341,1.6955,0,68.3462
phone-android,medium,2062,move,rejected,exit_unavailable,0,3.0388,0.3739,0.0451,6.6693,0.0964,10.2235,169,63.4926
phone-android,medium,2063,talk,rejected,not_eligible,0,0.9105,0.4148,0.0508,3.1268,0.1478,4.6507,165,65.1223
phone-android,medium,2064,look,accepted,observed,0,0.9565,0.4513,0.0501,5.8419,0.0869,7.3866,161,65.7183
phone-android,medium,2065,move,accepted,moved,1,0.7312,0.3564,0.0517,4.4094,0.0981,5.6469,189,67.3503
phone-android,medium,2066,move,rejected,exit_unavailable,0,2.8846,0.4077,0.0469,6.1845,0.0931,9.6168,169,66.8717
phone-android,medium,2067,activate,rejected,not_eligible,0,1.0848,0.4922,0.0565,4.8651,0.1270,6.6256,165,68.0048
phone-android,medium,2068,move,accepted,moved,1,1.3555,0.6226,0.0656,8.6235,0.1498,10.8171,191,67.1388
phone-android,medium,2069,choose,rejected,invalid_choice,0,1.0939,0.4396,0.0502,5.2407,0.1068,6.9312,167,65.5778
phone-android,medium,2070,move,accepted,moved,1,1.1297,0.4359,0.0586,8.1962,0.1268,9.9472,187,69.9338
phone-android,medium,2071,take,rejected,not_present,0,1.2208,0.4123,0.0534,4.2993,0.1070,6.0928,164,65.8744
phone-android,medium,2072,wait,rejected,invalid_time,0,1.2439,0.3965,0.0600,6.4753,0.1139,8.2895,165,68.4625
phone-android,medium,2073,look,accepted,observed,0,3.2390,0.5333,0.0539,4.2274,0.0986,8.1522,161,65.9780
phone-android,medium,2074,look,accepted,observed,0,0.9787,0.3550,0.0470,6.3027,0.1086,7.7920,161,67.6232
phone-android,medium,2075,move,accepted,moved,1,1.3452,0.5006,0.0623,6.7337,0.1364,8.7781,191,67.5530
phone-android,medium,2076,move,accepted,moved,1,1.0612,0.4017,0.0547,8.0123,0.1491,9.6791,187,65.6022
phone-android,medium,2077,look,accepted,observed,0,1.1442,0.4912,0.0562,5.3256,0.1094,7.1266,161,67.8774
phone-android,medium,2078,move,accepted,moved,1,1.2296,0.4408,0.0571,8.3353,0.1573,10.2202,189,66.0159
phone-android,medium,2079,talk,rejected,not_eligible,0,1.0200,0.3714,0.0512,3.8056,0.0931,5.3414,165,68.4449
phone-android,medium,2080,look,accepted,observed,0,2.0073,0.3931,0.0482,5.7967,0.1026,8.3479,161,66.3638
phone-android,medium,2081,look,accepted,observed,0,1.4207,0.4025,0.0482,3.9186,0.0971,5.8871,161,67.9082
phone-android,medium,2082,wait,rejected,invalid_time,0,0.8819,0.3999,0.0473,7.1833,0.1528,8.6652,165,67.7472
phone-android,medium,2083,talk,rejected,not_eligible,0,1.2706,0.4030,0.0504,4.0804,0.1029,5.9072,165,65.7698
phone-android,medium,2084,move,accepted,moved,1,1.0408,0.3921,0.0542,7.8391,0.1284,9.4546,187,69.7850
phone-android,medium,2085,activate,rejected,not_eligible,0,1.1540,0.3748,0.0481,4.1066,0.1075,5.7909,165,65.6040
phone-android,medium,2086,talk,rejected,not_eligible,0,1.1734,0.3868,0.0461,6.8952,0.1590,8.6604,165,69.9700
phone-android,medium,2087,wait,rejected,invalid_time,0,3.4198,0.4281,0.0469,4.6363,0.0998,8.6310,165,65.2596
phone-android,medium,2088,move,accepted,moved,1,0.9394,0.4014,0.0574,8.1664,0.1367,9.7012,191,67.5366
phone-android,medium,2089,look,accepted,observed,0,1.2804,0.4335,0.0523,5.0586,0.1385,6.9633,161,66.3616
phone-android,medium,2090,wait,rejected,invalid_time,0,1.0289,0.3925,0.0473,7.2663,0.1348,8.8698,165,65.8348
phone-android,medium,2091,wait,rejected,invalid_time,0,1.0340,0.4308,0.0490,4.6922,0.1050,6.3109,165,67.9752
phone-android,medium,2092,activate,rejected,not_eligible,0,1.3078,0.4177,0.0538,6.5954,0.0990,8.4735,165,65.6905
phone-android,medium,2093,look,accepted,observed,0,1.0391,0.3589,0.0481,3.9142,0.1017,5.4619,161,68.2230
phone-android,medium,2094,take,rejected,not_present,0,3.9208,0.4105,0.0640,6.8507,0.1029,11.3490,164,66.2070
phone-android,medium,2095,look,accepted,observed,0,1.1288,0.3757,0.0499,5.1093,0.1097,6.7735,161,67.2946
phone-android,medium,2096,wait,rejected,invalid_time,0,1.2186,0.5143,0.0490,7.3336,0.1386,9.2541,165,67.1956
phone-android,medium,2097,look,accepted,observed,0,1.2359,0.3978,0.0522,4.7583,0.0976,6.5418,161,65.7936
phone-android,medium,2098,take,rejected,not_present,0,1.1211,0.4110,0.0517,6.6587,0.1011,8.3436,164,69.7640
phone-android,medium,2099,activate,rejected,not_eligible,0,1.4215,0.4026,0.0513,4.5787,0.1120,6.5662,165,65.9192
phone-android,medium,2100,move,accepted,moved,1,1.1997,0.4384,0.0551,7.1871,0.0999,8.9803,187,67.6205
phone-android,medium,2101,look,accepted,observed,0,1.2909,0.3909,0.0514,4.8514,0.1092,6.6939,161,66.1524
phone-android,medium,2102,move,rejected,exit_unavailable,0,0.8629,0.4551,0.0523,6.8095,0.0825,8.2623,169,66.6024
phone-android,medium,2103,move,accepted,moved,1,0.8863,0.5278,0.0583,6.5534,0.1499,8.1757,191,69.0287
phone-android,medium,2104,talk,rejected,not_eligible,0,0.9362,0.3799,0.0533,6.5174,0.1070,7.9939,165,66.0277
phone-android,medium,2105,move,accepted,moved,1,1.0461,0.5544,0.0610,5.2792,0.1252,7.0659,187,68.1505
phone-android,medium,2106,move,accepted,moved,1,1.0505,0.3918,0.0539,7.5310,0.1684,9.1955,191,65.7144
phone-android,medium,2107,move,accepted,moved,1,0.9415,0.3720,0.0518,5.2102,0.1090,6.6845,187,70.2576
phone-android,medium,2108,look,accepted,observed,0,3.2524,0.5614,0.0498,6.6741,0.1066,10.6443,161,65.6203
phone-android,medium,2109,move,accepted,moved,1,1.1443,0.3931,0.0538,5.3134,0.1134,7.0180,191,66.4438
phone-android,medium,2110,talk,rejected,not_eligible,0,1.0960,0.4451,0.0533,7.4110,0.1343,9.1398,165,67.6251
phone-android,medium,2111,activate,rejected,not_eligible,0,1.1928,0.3622,0.0478,3.9300,0.0999,5.6328,165,65.7903
phone-android,medium,2112,look,accepted,observed,0,0.9123,0.3852,0.0504,7.4811,0.1891,9.0181,161,69.5566
phone-android,medium,2113,look,accepted,observed,0,1.0052,0.3390,0.0456,3.8884,0.0831,5.3614,161,64.6904
phone-android,medium,2114,move,accepted,moved,1,0.9244,0.4004,0.0543,8.1539,0.1487,9.6817,189,69.7367
phone-android,medium,2115,look,accepted,observed,0,2.8724,0.4323,0.0515,3.8518,0.1099,7.3180,161,65.7794
phone-android,medium,2116,move,accepted,moved,1,1.3210,0.4391,0.0577,8.3742,0.1247,10.3166,191,67.1662
phone-android,medium,2117,look,accepted,observed,0,0.9113,0.4630,0.0533,4.6327,0.1201,6.1803,161,67.2739
phone-android,medium,2118,move,rejected,exit_unavailable,0,1.1895,0.4017,0.0520,7.2698,0.1008,9.0139,169,66.2365
phone-android,medium,2119,look,accepted,observed,0,1.0611,0.3788,0.0632,4.0608,0.1125,5.6764,161,68.0348
phone-android,medium,2120,look,accepted,observed,0,1.2037,0.4152,0.0515,7.2726,0.1408,9.0838,161,65.9176
phone-android,medium,2121,look,accepted,observed,0,1.2005,0.3542,0.0480,3.8334,0.0942,5.5303,161,68.6129
phone-android,medium,2122,look,accepted,observed,0,5.1940,0.4160,0.0496,7.4048,0.1092,13.1735,161,66.4389
phone-android,medium,2123,look,accepted,observed,0,1.0176,0.3735,0.0485,3.9661,0.1088,5.5145,161,66.8627
phone-android,medium,2124,move,accepted,moved,1,1.3127,0.5188,0.0611,9.4232,0.1559,11.4717,189,67.1242
phone-android,medium,2125,wait,rejected,invalid_time,0,1.2469,0.4027,0.0474,5.0170,0.1097,6.8238,165,65.8610
phone-android,medium,2126,move,rejected,exit_unavailable,0,1.0337,0.3997,0.0506,7.2529,0.1048,8.8417,169,69.0464
phone-android,medium,2127,move,rejected,exit_unavailable,0,2.5115,0.4655,0.0547,4.7177,0.1040,7.8534,169,65.0329
phone-android,medium,2128,look,accepted,observed,0,1.0581,0.4682,0.0531,7.0720,0.0964,8.7477,161,68.2743
phone-android,medium,2129,look,accepted,observed,0,1.4281,0.3869,0.0483,5.0509,0.1146,7.0289,161,68.5893
phone-android,medium,2130,activate,rejected,not_eligible,0,1.2396,0.4817,0.0527,6.8525,0.1077,8.7342,165,68.3724
phone-android,medium,2131,move,accepted,moved,1,1.4044,0.5001,0.0619,5.0693,0.1180,7.1535,191,66.5693
phone-android,medium,2132,move,accepted,moved,1,1.0263,0.4064,0.0561,7.6075,0.1184,9.2147,189,64.7400
phone-android,medium,2133,move,accepted,moved,1,1.2098,0.4104,0.0553,5.2301,0.1238,7.0293,191,67.9375
phone-android,medium,2134,move,accepted,moved,1,1.1557,0.3991,0.0569,7.8164,0.1264,9.5545,189,65.4271
phone-android,medium,2135,look,accepted,observed,0,1.0183,0.3773,0.0502,3.9480,0.1208,5.5147,161,69.4383
phone-android,medium,2136,wait,rejected,invalid_time,0,3.4852,0.3821,0.1300,6.2694,0.0864,10.3530,165,66.9456
phone-android,medium,2137,wait,rejected,invalid_time,0,1.1901,0.4225,0.0490,4.5384,0.1199,6.3200,165,67.9550
phone-android,medium,2138,move,accepted,moved,1,1.3900,0.6907,0.0728,8.5609,0.1417,10.8561,191,68.1459
phone-android,medium,2139,look,accepted,observed,0,1.0901,0.3965,0.0498,4.4821,0.1338,6.1523,161,65.4550
phone-android,medium,2140,look,accepted,observed,0,1.2886,0.4020,0.0522,6.3180,0.0830,8.1439,161,70.8271
phone-android,medium,2141,take,rejected,not_present,0,1.1495,0.4029,0.0527,4.6799,0.1262,6.4111,164,65.9128
phone-android,medium,2142,move,accepted,moved,1,1.1817,0.4179,0.0622,7.7620,0.1483,9.5721,187,70.2171
phone-android,medium,2143,move,accepted,moved,1,3.1953,0.4348,0.0547,5.3148,0.1301,9.1297,189,65.5701
phone-android,medium,2144,look,accepted,observed,0,0.9688,0.4089,0.0499,6.4379,0.1254,7.9909,161,67.6214
phone-android,medium,2145,choose,rejected,invalid_choice,0,1.0918,0.4957,0.0566,4.8091,0.1253,6.5785,167,65.9212
phone-android,medium,2146,look,accepted,observed,0,1.0126,0.3724,0.0491,6.2155,0.1043,7.7539,161,66.4321
phone-android,medium,2147,move,accepted,moved,1,1.0347,0.4169,0.0560,6.3249,0.1286,7.9611,187,69.4599
phone-android,medium,2148,look,accepted,observed,0,1.5050,0.3716,0.0476,6.5123,0.1125,8.5490,161,65.8806
phone-android,medium,2149,drop,replayed,dropped,0,1.5558,0.3117,0.0021,0.0009,0.0357,1.9063,0,69.2630
phone-android,medium,2150,move,accepted,moved,1,1.9576,0.3720,0.0527,18.3656,0.1331,20.8810,191,65.7085
phone-android,medium,2151,close_choice,rejected,invalid_choice,0,1.0722,0.4161,0.0522,5.0959,0.0966,6.7330,167,69.5189
phone-android,medium,2152,move,accepted,moved,1,2.8177,0.3792,0.0504,7.8118,0.1123,11.1714,187,70.1733
phone-android,medium,2153,look,accepted,observed,0,0.7867,0.3236,0.0456,3.7126,0.0895,4.9580,161,65.3032
phone-android,medium,2154,move,accepted,moved,1,1.3201,0.4489,0.0585,8.2447,0.1260,10.1982,191,65.4590
phone-android,medium,2155,take,rejected,not_present,0,1.2154,0.3931,0.0548,3.9766,0.1073,5.7472,164,68.5068
phone-android,medium,2156,take,rejected,not_present,0,0.9816,0.3873,0.0507,6.8931,0.1453,8.4579,164,66.1859
phone-android,medium,2157,talk,rejected,not_eligible,0,1.3324,0.4022,0.0479,3.9963,0.0931,5.8719,165,65.8327
phone-android,medium,2158,move,accepted,moved,1,1.0342,0.4049,0.0534,7.4487,0.1174,9.0586,189,65.8936
phone-android,medium,2159,move,accepted,moved,1,1.3970,0.4701,0.0627,7.6124,0.1307,9.6729,191,68.2480
phone-android,medium,2160,move,accepted,moved,1,1.3308,0.4220,0.0572,8.2633,0.1275,10.2009,187,65.1181
phone-android,medium,2161,look,accepted,observed,0,1.4441,0.3794,0.0512,3.9881,0.0990,5.9618,161,67.0930
phone-android,medium,2162,look,accepted,observed,0,1.2508,0.5833,0.0551,6.9084,0.1330,8.9306,161,66.6230
phone-android,medium,2163,look,accepted,observed,0,1.0754,0.5026,0.0581,4.9217,0.0978,6.6556,161,66.6001
phone-android,medium,2164,look,accepted,observed,0,1.4765,0.4472,0.0526,6.4072,0.1094,8.4929,161,68.9352
phone-android,medium,2165,take,rejected,not_present,0,4.0225,0.3931,0.0491,4.1883,0.1008,8.7538,164,66.3531
phone-android,medium,2166,wait,rejected,invalid_time,0,0.9460,0.3794,0.0471,6.5535,0.1045,8.0306,165,66.9763
phone-android,medium,2167,move,accepted,moved,1,1.1666,0.5136,0.0637,6.3761,0.1379,8.2580,191,67.3341
phone-android,medium,2168,talk,rejected,not_eligible,0,0.8081,0.3402,0.0461,6.4054,0.0961,7.6960,165,65.8337
phone-android,medium,2169,look,accepted,observed,0,1.1683,0.3821,0.0531,4.8986,0.0989,6.6010,161,73.3234
phone-android,medium,2170,look,accepted,observed,0,1.4195,0.3915,0.0503,6.5885,0.1132,8.5630,161,66.6985
phone-android,medium,2171,move,accepted,moved,1,1.0858,0.5242,0.0616,5.1811,0.1301,6.9828,187,69.7080
phone-android,medium,2172,look,accepted,observed,0,2.0596,0.3954,0.0463,6.2415,0.0911,8.8339,161,66.4220
phone-android,medium,2173,look,accepted,observed,0,0.8430,0.3346,0.0476,3.5314,0.0934,4.8498,161,67.2407
phone-android,medium,2174,move,accepted,moved,1,0.9854,0.4727,0.0609,8.4086,0.1524,10.0801,189,67.9758
phone-android,medium,2175,look,accepted,observed,0,0.9536,0.3783,0.0499,5.0471,0.1079,6.5368,161,64.6848
phone-android,medium,2176,take,accepted,taken,1,0.9146,0.3784,0.0540,7.9814,0.1267,9.4551,189,70.0973
phone-android,medium,2177,look,accepted,observed,0,1.0938,0.4252,0.0499,3.3224,0.1309,5.0221,161,65.1105
phone-android,medium,2178,look,accepted,observed,0,0.9158,0.3755,0.0501,5.8863,0.1301,7.3578,161,69.7487
phone-android,medium,2179,look,accepted,observed,0,1.0908,0.3544,0.0460,3.7949,0.1062,5.3923,161,67.4441
phone-android,medium,2180,move,rejected,exit_unavailable,0,0.8521,0.4657,0.0510,5.9671,0.1017,7.4377,169,68.0855
phone-android,medium,2181,move,accepted,moved,1,0.9432,0.3858,0.0520,5.0470,0.1074,6.5353,187,64.2749
phone-android,medium,2182,choose,rejected,invalid_choice,0,1.3739,0.3929,0.0489,6.7182,0.1261,8.6601,167,68.2969
phone-android,medium,2183,look,accepted,observed,0,1.4361,0.4755,0.0597,5.8991,0.1096,7.9799,161,71.5840
phone-android,medium,2184,move,accepted,moved,1,1.5365,0.5149,0.0663,8.4777,0.1223,10.7177,191,66.3292
phone-android,medium,2185,drop,accepted,dropped,1,1.2266,0.4213,0.0593,6.0943,0.1310,7.9325,198,68.0359
phone-android,medium,2186,move,accepted,moved,1,1.1873,0.3869,0.0537,7.8859,0.1267,9.6406,187,70.0606
phone-android,medium,2187,look,accepted,observed,0,2.7557,0.3798,0.1014,4.2068,0.1083,7.5519,161,60.7153
phone-android,medium,2188,move,accepted,moved,1,0.7776,0.3636,0.0534,4.2267,0.0987,5.5202,189,64.7135
phone-android,medium,2189,move,accepted,moved,1,1.4582,0.4147,0.0543,6.2064,0.1204,8.2540,187,67.7956
phone-android,medium,2190,look,accepted,observed,0,1.1487,0.4857,0.0544,7.1257,0.1252,8.9398,161,66.7331
phone-android,medium,2191,talk,rejected,not_eligible,0,0.9702,0.3610,0.0494,3.9173,0.1243,5.4222,165,68.4670
phone-android,medium,2192,talk,rejected,not_eligible,0,2.8601,0.3584,0.0459,3.5721,0.1142,6.9507,165,66.3205
phone-android,medium,2193,drop,replayed,dropped,0,2.0651,0.3408,0.0016,0.0008,0.0343,2.4426,0,67.3231
phone-android,medium,2194,move,accepted,moved,1,1.2415,0.8378,0.0683,5.9855,0.1906,8.3238,189,65.7939
phone-android,medium,2195,talk,rejected,not_eligible,0,0.9685,0.3689,0.0487,6.8544,0.1443,8.3848,165,66.2204
phone-android,medium,2196,look,accepted,observed,0,1.0681,0.3747,0.0494,4.1645,0.1291,5.7858,161,70.3382
phone-android,medium,2197,look,accepted,observed,0,1.1781,0.4025,0.0517,4.5933,0.1236,6.3492,161,66.7811
phone-android,medium,2198,talk,rejected,not_eligible,0,1.1117,0.4119,0.0501,6.9795,0.1071,8.6603,165,69.1174
phone-android,medium,2199,look,accepted,observed,0,2.2090,0.3777,0.0471,3.9225,0.1198,6.6762,161,65.9078
phone-android,medium,2200,move,accepted,moved,1,1.2312,0.4001,0.0543,7.9071,0.1193,9.7121,187,67.6585
phone-android,medium,2201,look,accepted,observed,0,1.0055,0.4808,0.0538,4.5663,0.1404,6.2467,161,67.3317
phone-android,medium,2202,move,rejected,exit_unavailable,0,1.2130,0.4063,0.0504,6.9083,0.1030,8.6809,169,66.1181
phone-android,medium,2203,move,accepted,moved,1,1.0027,0.4070,0.0580,6.2423,0.1245,7.8345,191,68.7144
phone-android,medium,2204,look,accepted,observed,0,1.0620,0.3765,0.0485,6.3149,0.1006,7.9026,161,66.1185
phone-android,medium,2205,move,accepted,moved,1,0.8527,0.3755,0.0536,5.2883,0.1060,6.6761,189,70.7306
phone-android,medium,2206,look,accepted,observed,0,3.5214,0.3921,0.0471,6.7796,0.1072,10.8474,161,67.4288
phone-android,medium,2207,move,accepted,moved,1,0.9585,0.4101,0.0565,6.6388,0.1857,8.2496,191,68.3809
phone-android,medium,2208,look,accepted,observed,0,1.0027,0.4230,0.0528,7.4251,0.2064,9.1099,161,68.7585
phone-android,medium,2209,look,accepted,observed,0,1.1899,0.3712,0.0486,4.4541,0.1002,6.1640,161,66.1604
phone-android,medium,2210,look,accepted,observed,0,0.9964,0.3709,0.0508,6.4554,0.1093,7.9828,161,71.5562
phone-android,medium,2211,move,accepted,moved,1,1.0619,0.4045,0.0541,6.2277,0.1844,7.9326,187,66.1330
phone-android,medium,2212,look,accepted,observed,0,1.2714,0.4094,0.0544,6.6881,0.1173,8.5406,161,70.4761
phone-android,medium,2213,talk,rejected,not_eligible,0,3.2186,0.4143,0.0479,4.6781,0.1131,8.4720,165,65.5790
phone-android,medium,2214,move,accepted,moved,1,1.0009,0.3785,0.0516,7.4967,0.1357,9.0634,189,67.2135
phone-android,medium,2215,look,accepted,observed,0,1.2078,0.5054,0.0636,4.6153,0.1405,6.5327,161,66.0838
phone-android,medium,2216,activate,rejected,not_eligible,0,0.9802,0.3876,0.0500,6.3813,0.1172,7.9163,165,65.9573
phone-android,medium,2217,look,accepted,observed,0,1.2706,0.4103,0.0527,5.6657,0.1471,7.5464,161,73.1543
phone-android,medium,2218,talk,rejected,not_eligible,0,1.3141,0.4307,0.0544,7.1699,0.1068,9.0759,165,66.3782
phone-android,medium,2219,wait,accepted,waited,1,1.0433,0.4089,0.0509,4.9393,0.1251,6.5673,185,69.0725
phone-android,medium,2220,activate,rejected,not_eligible,0,2.7862,0.4104,0.0511,6.6242,0.1090,9.9809,165,64.4153
phone-android,medium,2221,choose,rejected,stale_view,0,1.0432,0.3682,0.0471,3.9569,0.1223,5.5377,163,67.4191
phone-android,medium,2222,look,accepted,observed,0,1.2399,1.3511,0.0633,7.7804,0.1447,10.5794,161,68.4548
phone-android,medium,2223,look,accepted,observed,0,1.0611,0.3917,0.0509,4.2018,0.1118,5.8173,161,66.7518
phone-android,medium,2224,talk,rejected,not_eligible,0,1.0222,0.3834,0.0512,6.7704,0.1035,8.3307,165,70.3951
phone-android,medium,2225,move,accepted,moved,1,1.2613,0.4296,0.0581,5.7949,0.1298,7.6736,187,65.8466
phone-android,medium,2226,look,accepted,observed,0,1.0053,0.3804,0.0493,7.2506,0.1060,8.7916,161,69.4091
phone-android,medium,2227,move,accepted,moved,1,2.8674,0.4411,0.0556,5.2377,0.1208,8.7227,191,66.5411
phone-android,medium,2228,look,accepted,observed,0,1.0546,0.3961,0.0500,7.2185,0.1066,8.8258,161,67.9887
phone-android,medium,2229,look,accepted,observed,0,1.2411,0.6179,0.1264,4.4605,0.1333,6.5792,161,67.6278
phone-android,medium,2230,take,accepted,taken,1,1.1893,0.4133,0.0585,8.7371,0.1527,10.5509,189,65.6267
phone-android,medium,2231,talk,rejected,not_eligible,0,1.0968,0.4291,0.0494,5.0901,0.1570,6.8223,165,69.7458
phone-android,medium,2232,wait,rejected,invalid_time,0,1.3499,0.4293,0.0471,6.8985,0.1104,8.8353,165,65.6965
phone-android,medium,2233,close_choice,rejected,invalid_choice,0,1.0111,0.4153,0.0534,4.2509,0.1129,5.8435,167,68.4228
phone-android,medium,2234,move,accepted,moved,1,2.7804,0.3864,0.0520,7.4429,0.1149,10.7766,189,66.1139
phone-android,medium,2235,wait,rejected,invalid_time,0,0.8397,0.3840,0.0474,4.3885,0.0926,5.7522,165,71.0595
phone-android,medium,2236,wait,rejected,invalid_time,0,2.1438,0.3746,0.0446,4.4357,0.0971,7.0958,165,67.7422
phone-android,medium,2237,move,accepted,moved,1,1.1389,0.5007,0.0639,6.5298,0.1472,8.3805,191,68.5148
phone-android,medium,2238,move,accepted,moved,1,1.0421,0.4059,0.0569,7.7384,0.1247,9.3680,187,69.9764
phone-android,medium,2239,choose,rejected,invalid_choice,0,2.6658,0.5019,0.0504,4.5330,0.0991,7.8502,167,64.8576
phone-android,medium,2240,wait,rejected,invalid_time,0,1.0724,0.3775,0.0452,6.7954,0.1243,8.4148,165,66.1496
phone-android,medium,2241,take,replayed,not_present,0,1.5529,0.3210,0.0015,0.0003,0.0351,1.9108,0,71.2541
phone-android,medium,2242,drop,accepted,dropped,1,1.1406,0.4224,0.0571,9.5423,0.2046,11.3670,194,67.9950
phone-android,medium,2243,look,accepted,observed,0,1.3043,0.4470,0.0542,5.1030,0.1116,7.0202,161,71.5678
phone-android,medium,2244,take,accepted,taken,1,4.6874,0.3846,0.0556,6.8465,0.1051,12.0791,189,64.6187
phone-android,medium,2245,move,accepted,moved,1,1.0202,0.3966,0.0540,5.5263,0.1490,7.1460,191,67.9308
phone-android,medium,2246,look,accepted,observed,0,1.3644,0.6334,0.0582,7.0482,0.1439,9.2480,161,67.9856
phone-android,medium,2247,drop,replayed,dropped,0,1.5758,0.3195,0.0018,0.0011,0.0351,1.9333,0,65.1487
phone-android,medium,2248,choose,rejected,stale_view,0,1.1011,0.3780,0.0487,6.3842,0.1187,8.0308,163,71.6227
phone-android,medium,2249,look,accepted,observed,0,0.8805,0.3521,0.0471,3.3471,0.0832,4.7101,161,65.3197
phone-android,medium,2250,look,accepted,observed,0,0.9795,0.3849,0.0528,6.2034,0.1231,7.7438,161,69.8743
phone-android,medium,2251,look,accepted,observed,0,2.5648,0.3547,0.0464,3.6106,0.0868,6.6634,161,64.6119
phone-android,medium,2252,talk,rejected,not_eligible,0,0.7652,0.3671,0.0473,6.1606,0.0879,7.4281,165,66.9712
phone-android,medium,2253,look,accepted,observed,0,0.9190,0.4672,0.0545,4.6096,0.1089,6.1591,161,68.1364
phone-android,medium,2254,look,accepted,observed,0,0.8602,0.3583,0.0525,6.7651,0.0970,8.1331,161,66.4033
phone-android,medium,2255,look,accepted,observed,0,1.2740,0.4460,0.0554,6.1144,0.1084,7.9982,161,72.1753
phone-android,medium,2256,move,accepted,moved,1,1.4284,0.4043,0.0538,7.4445,0.1216,9.4526,187,66.4714
phone-android,medium,2257,look,accepted,observed,0,1.4582,0.4497,0.0551,5.1377,0.1098,7.2105,161,70.1935
phone-android,medium,2258,move,accepted,moved,1,3.9299,0.3684,0.0540,6.7431,0.1084,11.2039,191,65.4072
phone-android,medium,2259,move,accepted,moved,1,1.0944,0.3473,0.0516,4.9754,0.1190,6.5878,187,66.5876
phone-android,medium,2260,move,accepted,moved,1,1.1624,0.4033,0.0566,7.4504,0.1218,9.1946,191,70.2774
phone-android,medium,2261,look,accepted,observed,0,0.9674,0.3615,0.0466,5.0584,0.1454,6.5792,161,71.8346
phone-android,medium,2262,drop,accepted,dropped,1,1.0223,0.3965,0.1499,7.6554,0.1214,9.3455,198,68.8703
phone-android,medium,2263,take,accepted,taken,1,1.0810,0.3738,0.0527,4.6528,0.1038,6.2641,189,65.1799
phone-android,medium,2264,move,accepted,moved,1,0.9752,0.3900,0.0974,7.7799,0.1327,9.3752,187,69.4944
phone-android,medium,2265,move,accepted,moved,1,4.8096,0.4179,0.0550,5.6976,0.1198,11.0999,189,66.8556
phone-android,medium,2266,move,accepted,moved,1,1.1998,0.4249,0.0569,7.7253,0.1217,9.5288,187,69.0355
phone-android,medium,2267,move,accepted,moved,1,1.9361,0.4721,0.0564,5.1756,0.1205,7.7607,191,66.3385
phone-android,medium,2268,look,accepted,observed,0,1.0339,0.5034,0.0506,6.3932,0.1062,8.0874,161,66.5480
phone-android,medium,2269,drop,rejected,integrity_conflict,0,1.3930,0.3028,0.0021,0.0006,0.0346,1.7330,0,66.2259
phone-android,medium,2270,move,accepted,moved,1,0.9855,0.4144,0.0556,7.5971,0.1204,9.1731,189,68.8532
phone-android,medium,2271,wait,rejected,invalid_time,0,1.2520,0.4547,0.0512,4.7026,0.1259,6.5863,165,66.6272
phone-android,medium,2272,look,accepted,observed,0,1.0421,0.3803,0.0492,6.8744,0.1080,8.4541,161,74.6487
phone-android,medium,2273,look,accepted,observed,0,2.1191,0.4110,0.0493,4.4706,0.1065,7.1564,161,65.4477
phone-android,medium,2274,look,accepted,observed,0,0.8093,0.3256,0.0445,5.9607,0.0954,7.2356,161,72.1020
phone-android,medium,2275,move,accepted,moved,1,1.0524,0.4804,0.0577,5.7785,0.1162,7.4852,191,69.2666
phone-android,medium,2276,move,accepted,moved,1,1.4964,0.5988,0.0621,8.6095,0.2353,11.0021,189,66.5437
phone-android,medium,2277,drop,accepted,dropped,1,1.3185,0.3891,0.0597,5.1539,0.1270,7.0481,196,71.9659
phone-android,medium,2278,choose,rejected,invalid_choice,0,2.6752,0.4444,0.0466,6.9732,0.1131,10.2524,167,66.9107
phone-android,medium,2279,move,accepted,moved,1,1.0840,0.4405,0.0607,5.4572,0.1222,7.1647,191,68.1457
phone-android,medium,2280,move,accepted,moved,1,1.3089,0.4695,0.0610,8.3500,0.1474,10.3368,187,70.3158
phone-android,medium,2281,look,accepted,observed,0,1.1842,0.3578,0.0482,3.6176,0.0842,5.2919,161,65.9156
phone-android,medium,2282,activate,rejected,not_eligible,0,0.9940,0.3668,0.0494,6.9990,0.1139,8.5231,165,69.6770
phone-android,medium,2283,look,accepted,observed,0,2.8685,0.3907,0.0506,3.7813,0.0879,7.1789,161,65.6455
phone-android,medium,2284,move,accepted,moved,1,0.8388,0.3601,0.0510,7.5951,0.1131,8.9580,191,67.9317
phone-android,medium,2285,choose,rejected,invalid_choice,0,1.4286,0.4983,0.0543,4.6389,0.1845,6.8046,167,69.1868
phone-android,medium,2286,look,accepted,observed,0,1.0632,0.3763,0.0495,6.7868,0.1154,8.3912,161,66.2904
phone-android,medium,2287,look,accepted,observed,0,1.0305,0.3799,0.0486,4.2126,0.1007,5.7722,161,68.4713
phone-android,medium,2288,move,rejected,exit_unavailable,0,1.0331,0.4115,0.1178,6.4896,0.1895,8.2415,169,68.5035
phone-android,medium,2289,move,accepted,moved,1,1.0434,0.5428,0.0687,5.0526,0.1159,6.8235,187,67.2001
phone-android,medium,2290,move,rejected,exit_unavailable,0,0.9277,0.4853,0.0535,6.4043,0.1193,7.9899,169,67.4612
phone-android,medium,2291,move,accepted,moved,1,1.0630,0.4871,0.0572,5.8375,0.1157,7.5605,191,66.7626
phone-android,medium,2292,move,accepted,moved,1,1.1597,0.4183,0.0547,7.8330,0.1258,9.5915,187,68.5904
phone-android,medium,2293,move,accepted,moved,1,1.2326,0.4499,0.0581,21.4100,0.1599,23.3105,189,66.2940
phone-android,medium,2294,move,accepted,moved,1,1.1088,0.4092,0.0543,8.2290,0.1238,9.9249,187,68.6693
phone-android,medium,2295,move,accepted,moved,1,2.6376,0.4326,0.0583,5.0067,0.1363,8.2714,191,67.1715
phone-android,medium,2296,choose,rejected,invalid_choice,0,1.1273,0.4201,0.0494,6.7825,0.1104,8.4897,167,68.1405
phone-android,medium,2297,look,accepted,observed,0,1.2174,0.9661,0.0679,5.0545,0.1698,7.4757,161,66.9061
phone-android,medium,2298,close_choice,rejected,invalid_choice,0,1.0863,0.3838,0.0496,6.3565,0.1028,7.9790,167,66.7163
phone-android,medium,2299,choose,rejected,stale_view,0,1.1097,0.5033,0.0523,4.5167,0.0831,6.2652,163,68.7757
phone-android,medium,2300,move,accepted,moved,1,1.2432,0.4008,0.0538,7.5238,0.1175,9.3390,187,66.0045
phone-android,medium,2301,wait,rejected,invalid_time,0,1.2443,0.4044,0.0489,3.9128,0.0955,5.7058,165,70.2950
phone-android,medium,2302,look,accepted,observed,0,3.0457,0.4074,0.0514,6.7352,0.1071,10.3469,161,65.4265
phone-android,medium,2303,look,accepted,observed,0,0.7769,0.3192,0.0450,3.4981,0.0771,4.7164,161,66.5465
phone-android,medium,2304,move,rejected,exit_unavailable,0,0.9480,0.5180,0.0522,7.3949,0.1419,9.0550,169,68.6908
phone-android,medium,2305,move,accepted,moved,1,1.0175,0.4029,0.0548,5.9777,0.1227,7.5755,189,66.5044
phone-android,medium,2306,look,accepted,observed,0,0.9940,0.3953,0.0520,6.9282,0.1080,8.4774,161,68.0907
phone-android,medium,2307,take,rejected,not_present,0,0.8211,0.3602,0.0480,3.9965,0.0870,5.3128,164,65.3733
phone-android,medium,2308,move,accepted,moved,1,1.0079,0.3973,0.0545,7.5199,0.1347,9.1143,187,73.2868
phone-android,medium,2309,close_choice,rejected,invalid_choice,0,2.5548,0.4023,0.0482,3.2531,0.1052,6.3636,167,65.8197
phone-android,medium,2310,move,accepted,moved,1,1.0376,0.4069,0.0569,8.0257,0.1229,9.6499,189,69.9632
phone-android,medium,2311,talk,rejected,not_eligible,0,1.8967,0.3718,0.0466,3.7701,0.0894,6.1746,165,66.0929
phone-android,medium,2312,look,accepted,observed,0,1.1328,0.3929,0.0520,6.6106,0.1174,8.3058,161,67.5259
phone-android,medium,2313,move,accepted,moved,1,1.3096,0.5284,0.0648,6.0989,0.1531,8.1548,187,66.9085
phone-android,medium,2314,talk,rejected,not_eligible,0,0.9971,0.3948,0.0524,6.6605,0.1074,8.2123,165,66.0559
phone-android,medium,2315,take,rejected,not_present,0,0.9503,0.4496,0.0529,3.1483,0.1197,4.7208,164,70.2567
phone-android,medium,2316,move,accepted,moved,1,1.0417,0.3958,0.0560,7.8054,0.1456,9.4444,191,65.4276
phone-android,medium,2317,activate,rejected,not_eligible,0,1.0003,0.3692,0.0506,3.6021,0.1192,5.1414,165,67.0919
phone-android,medium,2318,take,rejected,not_present,0,2.1508,0.3807,0.0495,6.1870,0.1389,8.9069,164,66.0691
phone-android,medium,2319,activate,rejected,not_eligible,0,1.3001,0.4312,0.0536,4.9411,0.1149,6.8410,165,67.5148
phone-android,medium,2320,wait,rejected,invalid_time,0,0.9593,0.4563,0.0497,8.0845,0.1393,9.6891,165,68.1297
phone-android,medium,2321,look,accepted,observed,0,1.0930,0.3874,0.0501,4.5948,0.1002,6.2255,161,65.9833
phone-android,medium,2322,take,rejected,not_present,0,1.1904,0.4011,0.0498,6.4254,0.1044,8.1711,164,71.6768
phone-android,medium,2323,move,accepted,moved,1,1.2312,0.5395,0.0620,5.3504,0.1317,7.3147,187,66.4119
phone-android,medium,2324,close_choice,rejected,invalid_choice,0,0.9940,0.4579,0.0506,6.7392,0.1046,8.3464,167,70.5201
phone-android,medium,2325,move,accepted,moved,1,3.1226,0.4028,0.0531,5.3978,0.1278,9.1041,189,65.6704
phone-android,medium,2326,look,accepted,observed,0,1.0318,0.3656,0.0502,6.8948,0.1095,8.4520,161,68.0254
phone-android,medium,2327,wait,rejected,invalid_time,0,1.0099,0.4304,0.0484,3.9401,0.1042,5.5330,165,67.2585
phone-android,medium,2328,move,accepted,moved,1,1.0406,0.3884,0.0555,8.1108,0.1395,9.7348,187,65.8832
phone-android,medium,2329,take,rejected,not_present,0,1.0635,0.3828,0.0500,4.4983,0.1130,6.1076,164,68.0741
phone-android,medium,2330,look,accepted,observed,0,1.3141,0.3770,0.0489,6.4194,0.1094,8.2688,161,66.6085
phone-android,medium,2331,take,rejected,not_present,0,1.1165,0.3802,0.0511,4.1379,0.0992,5.7848,164,68.6131
phone-android,medium,2332,look,accepted,observed,0,4.0948,0.4617,0.0507,7.4093,0.1144,12.1308,161,64.9260
phone-android,medium,2333,move,rejected,exit_unavailable,0,1.1993,0.3982,0.0521,5.1655,0.1109,6.9260,169,67.2545
phone-android,medium,2334,look,accepted,observed,0,0.9698,0.4447,0.0524,7.0640,0.1439,8.6747,161,67.9033
phone-android,medium,2335,wait,rejected,invalid_time,0,0.9430,0.3822,0.0443,4.1157,0.1014,5.5865,165,65.4193
phone-android,medium,2336,move,accepted,moved,1,1.1589,0.4648,0.0564,7.6116,0.1264,9.4180,189,69.3825
phone-android,medium,2337,take,rejected,not_present,0,1.0255,0.3910,0.0498,4.6537,0.1117,6.2317,164,66.6229
phone-android,medium,2338,wait,rejected,invalid_time,0,0.9059,0.3877,0.0469,6.5204,0.1110,7.9719,165,72.8395
phone-android,medium,2339,talk,rejected,not_eligible,0,2.2733,0.4003,0.0498,3.6756,0.1026,6.5016,165,65.9046
phone-android,medium,2340,talk,rejected,not_eligible,0,1.0624,0.3949,0.0525,7.0630,0.1074,8.6803,165,68.1602
phone-android,medium,2341,look,accepted,observed,0,0.9778,0.3755,0.0492,4.8371,0.1166,6.3562,161,67.8120
phone-android,medium,2342,move,accepted,moved,1,0.8551,0.3769,0.0544,7.5784,0.1226,8.9873,187,68.1210
phone-android,medium,2343,move,accepted,moved,1,1.1151,0.4842,0.0642,6.3619,0.1432,8.1685,191,69.4350
phone-android,medium,2344,move,accepted,moved,1,0.9834,0.4007,0.0548,7.3197,0.1230,8.8817,189,66.4809
phone-android,medium,2345,look,accepted,observed,0,1.0705,0.4040,0.0509,4.7270,0.0989,6.3512,161,68.8988
phone-android,medium,2346,move,accepted,moved,1,1.1148,0.4215,0.0558,7.7967,0.1368,9.5255,191,66.1466
phone-android,medium,2347,look,accepted,observed,0,1.0547,0.3894,0.0526,5.0585,0.1055,6.6606,161,69.3567
phone-android,medium,2348,look,accepted,observed,0,3.2999,0.4179,0.0519,6.9450,0.1298,10.8446,161,65.5310
phone-android,medium,2349,activate,rejected,not_eligible,0,1.0744,0.3746,0.0501,4.4428,0.1107,6.0527,165,67.8456
phone-android,medium,2350,choose,rejected,stale_view,0,1.0153,0.5515,0.0558,7.7918,0.1405,9.5547,163,68.6069
phone-android,medium,2351,look,accepted,observed,0,1.4354,0.4402,0.0608,5.1626,0.0973,7.1962,161,66.7533
phone-android,medium,2352,look,accepted,observed,0,1.2037,0.3784,0.0496,6.5641,0.1152,8.3111,161,70.9472
phone-android,medium,2353,choose,rejected,invalid_choice,0,1.4418,0.4244,0.0514,4.0281,0.1064,6.0520,167,66.1907
phone-android,medium,2354,move,accepted,moved,1,0.9649,0.4304,0.0567,7.5060,0.1443,9.1023,189,69.6796
phone-android,medium,2355,wait,rejected,invalid_time,0,2.8697,0.3657,0.0436,3.6879,0.0890,7.0559,165,64.6291
phone-android,medium,2356,look,accepted,observed,0,0.8861,0.3448,0.0484,6.4651,0.1086,7.8530,161,68.0017
phone-android,medium,2357,move,accepted,moved,1,1.1109,1.0321,0.0656,6.4606,0.1445,8.8138,191,67.2461
phone-android,medium,2358,wait,rejected,invalid_time,0,1.2070,0.4550,0.0512,6.2531,0.1083,8.0746,165,66.2221
phone-android,medium,2359,look,accepted,observed,0,1.2962,0.4164,0.0523,3.8419,0.0913,5.6981,161,69.3657
phone-android,medium,2360,look,accepted,observed,0,1.3101,0.3850,0.0517,6.8571,0.1180,8.7219,161,66.5419
phone-android,medium,2361,look,accepted,observed,0,1.1352,0.3793,0.0484,3.7694,0.1005,5.4327,161,68.5762
phone-android,medium,2362,wait,accepted,waited,1,2.4997,0.4128,0.0537,7.3050,0.1287,10.3998,201,66.1795
phone-android,medium,2363,talk,rejected,not_eligible,0,0.9848,0.3762,0.0474,4.3779,0.1023,5.8888,165,66.2441
phone-android,medium,2364,drop,replayed,dropped,0,1.4577,0.3151,0.0019,0.0003,0.0341,1.8091,0,66.7045
phone-android,medium,2365,look,accepted,observed,0,1.0224,0.4308,0.0484,7.0636,0.1107,8.6759,161,65.9587
phone-android,medium,2366,look,accepted,observed,0,1.0804,0.3826,0.0519,4.8457,0.1324,6.4930,161,70.0292
phone-android,medium,2367,move,accepted,moved,1,1.0537,0.4136,0.0557,6.8333,0.1306,8.4870,187,66.7513
phone-android,medium,2368,take,rejected,not_present,0,1.3142,0.3965,0.0491,4.2816,0.1114,6.1528,164,70.0818
phone-android,medium,2369,look,accepted,observed,0,1.6571,0.3644,0.0474,5.5143,0.0876,7.6708,161,64.6113
phone-android,medium,2370,look,accepted,observed,0,1.1042,0.3484,0.0502,3.6916,0.0897,5.2842,161,68.7837
phone-android,medium,2371,choose,rejected,stale_view,0,3.1707,0.3637,0.0453,6.3096,0.1017,9.9910,163,64.6963
phone-android,medium,2372,take,replayed,not_present,0,1.0628,0.2892,0.0016,0.0007,0.0340,1.3882,0,66.8081
phone-android,medium,2373,look,accepted,observed,0,1.1241,0.5038,0.0542,7.7738,0.1996,9.6553,161,68.0561
phone-android,medium,2374,talk,rejected,not_eligible,0,1.4011,0.3862,0.0509,3.9711,0.1074,5.9169,165,67.8244
phone-android,medium,2375,move,accepted,moved,1,0.9548,0.4796,0.0593,8.5980,0.1469,10.2386,191,67.7270
phone-android,medium,2376,wait,rejected,invalid_time,0,0.9338,0.3885,0.0448,3.8637,0.0997,5.3306,165,65.2807
phone-android,medium,2377,take,rejected,not_present,0,0.9838,0.3788,0.0490,6.9972,0.1151,8.5239,164,70.3602
phone-android,medium,2378,look,accepted,observed,0,0.9822,0.3730,0.0473,3.7182,0.1111,5.2318,161,67.1298
phone-android,medium,2379,talk,rejected,not_eligible,0,1.1420,0.4134,0.0517,7.2234,0.1047,8.9352,165,68.6769
phone-android,medium,2380,look,accepted,observed,0,2.4112,0.3426,0.0448,3.1204,0.0894,6.0083,161,64.6929
phone-android,medium,2381,move,rejected,exit_unavailable,0,0.8578,0.3803,0.0467,5.9691,0.1054,7.3593,169,66.8106
phone-android,medium,2382,move,accepted,moved,1,0.8558,0.4513,0.0565,5.1386,0.1208,6.6230,187,68.1031
phone-android,medium,2383,choose,rejected,stale_view,0,0.8384,0.3499,0.0464,6.3603,0.0848,7.6798,163,66.6176
phone-android,medium,2384,move,accepted,moved,1,1.3539,0.4517,0.0601,5.9259,0.1225,7.9141,189,69.7802
phone-android,medium,2385,choose,rejected,invalid_choice,0,5.5650,0.5445,0.0500,7.0527,0.1131,13.3253,167,71.5692
phone-android,medium,2386,wait,rejected,invalid_time,0,1.0727,0.3837,0.0435,4.0090,0.0831,5.5920,165,68.2079
phone-android,medium,2387,talk,rejected,not_eligible,0,0.9520,0.4403,0.0545,6.8975,0.1885,8.5329,165,69.5254
phone-android,medium,2388,wait,rejected,invalid_time,0,1.0381,0.3949,0.0474,4.3442,0.1010,5.9257,165,65.2808
phone-android,medium,2389,look,accepted,observed,0,1.1708,0.3913,0.0517,7.0792,0.1230,8.8159,161,71.0884
phone-android,medium,2390,choose,rejected,invalid_choice,0,1.2605,0.4420,0.0531,4.6755,0.1048,6.5360,167,66.5434
phone-android,medium,2391,look,accepted,observed,0,1.2216,0.3951,0.0508,6.6772,0.1100,8.4546,161,69.2888
phone-android,medium,2392,look,accepted,observed,0,3.1180,0.3643,0.0453,4.2491,0.0897,7.8664,161,65.7069
phone-android,medium,2393,activate,rejected,not_eligible,0,0.7805,0.3428,0.0457,6.4981,0.0957,7.7627,165,67.5062
phone-android,medium,2394,wait,rejected,invalid_time,0,1.1200,0.5051,0.0538,4.9593,0.1355,6.7737,165,66.6240
phone-android,medium,2395,talk,rejected,not_eligible,0,1.2009,0.3755,0.0474,6.9273,0.1090,8.6603,165,66.5840
phone-android,medium,2396,look,accepted,observed,0,1.1302,0.4042,0.0514,4.0197,0.0836,5.6892,161,69.4830
phone-android,medium,2397,move,accepted,moved,1,1.2235,0.4265,0.0552,7.9898,0.1327,9.8277,187,65.5904
phone-android,medium,2398,move,accepted,moved,1,0.9969,0.3832,0.0556,5.8825,0.1313,7.4494,191,70.4827
phone-android,medium,2399,choose,rejected,stale_view,0,2.6691,0.3697,0.0466,5.8954,0.1088,9.0896,163,66.5871
phone-android,medium,2400,move,accepted,moved,1,1.2947,0.4066,0.0569,5.6355,0.1191,7.5128,187,67.8605
phone-android,medium,2401,move,accepted,moved,1,0.8208,0.4499,0.0569,7.9580,0.1489,9.4344,189,70.2232
phone-android,medium,2402,move,rejected,exit_unavailable,0,1.0180,0.3873,0.0486,4.6629,0.1271,6.2438,169,66.3036
phone-android,medium,2403,take,rejected,not_present,0,1.1849,0.3941,0.0505,6.7336,0.1110,8.4741,164,70.1569
phone-android,medium,2404,move,accepted,moved,1,1.2202,0.4066,0.0570,6.0472,0.1357,7.8667,187,66.9498
phone-android,medium,2405,talk,rejected,not_eligible,0,1.2201,0.3828,0.0501,6.3952,0.1016,8.1497,165,68.5253
phone-android,medium,2406,move,accepted,moved,1,3.3898,0.5202,0.0598,4.6059,0.1235,8.6992,189,66.5031
phone-android,medium,2407,look,accepted,observed,0,0.9979,0.3689,0.0516,6.5193,0.0999,8.0376,161,68.4595
phone-android,medium,2408,look,accepted,observed,0,1.4338,0.7568,0.0597,15.0336,0.1541,17.4380,161,68.9569
phone-android,medium,2409,move,accepted,moved,1,1.3061,0.5170,0.0670,5.5283,0.1139,7.5323,187,66.6970
phone-android,medium,2410,move,accepted,moved,1,1.4864,0.4030,0.0542,8.3324,0.1249,10.4009,189,70.5923
phone-android,medium,2411,move,accepted,moved,1,1.0730,0.4172,0.0561,5.3909,0.1208,7.0580,187,66.0662
phone-android,medium,2412,move,accepted,moved,1,1.2476,0.4334,0.0589,8.2409,0.1339,10.1147,191,70.1609
phone-android,medium,2413,talk,rejected,not_eligible,0,3.0089,0.4044,0.0500,8.8734,0.1502,12.4869,165,66.9215
phone-android,medium,2414,look,accepted,observed,0,1.0894,0.3753,0.0501,6.6409,0.1059,8.2617,161,67.7350
phone-android,medium,2415,talk,rejected,not_eligible,0,1.0851,0.5221,0.0582,5.0696,0.1422,6.8772,165,67.0471
phone-android,medium,2416,take,rejected,not_present,0,1.1784,0.3907,0.0519,7.1521,0.1076,8.8807,164,66.4540
phone-android,medium,2417,move,rejected,exit_unavailable,0,0.9328,0.3483,0.0502,3.5166,0.0853,4.9331,169,70.3246
phone-android,medium,2418,talk,rejected,not_eligible,0,1.0522,0.4635,0.0548,6.9346,0.1056,8.6108,165,67.0178
phone-android,medium,2419,take,rejected,not_present,0,0.9545,0.3723,0.0504,4.5258,0.1361,6.0392,164,68.8946
phone-android,medium,2420,look,accepted,observed,0,1.2154,0.3961,0.0517,7.2972,0.1082,9.0685,161,65.1591
phone-android,medium,2421,move,accepted,moved,1,1.0077,0.4127,0.0566,5.5334,0.1208,7.1312,187,68.4849
phone-android,medium,2422,look,accepted,observed,0,1.2020,0.3878,0.0503,6.4313,0.0997,8.1711,161,66.3038
phone-android,medium,2423,look,accepted,observed,0,1.1783,0.3872,0.0523,5.0927,0.1017,6.8122,161,71.2969
phone-android,medium,2424,move,rejected,exit_unavailable,0,2.1426,0.3840,0.0471,6.5697,0.0972,9.2406,169,66.0572
phone-android,medium,2425,look,accepted,observed,0,0.9852,0.3374,0.0477,3.6685,0.0948,5.1335,161,67.0079
phone-android,medium,2426,take,rejected,not_present,0,1.1366,0.4189,0.0522,7.2090,0.1452,8.9619,164,67.5414
phone-android,medium,2427,look,accepted,observed,0,1.0752,0.3813,0.0487,4.1030,0.0981,5.7063,161,67.3411
phone-android,medium,2428,move,accepted,moved,1,1.8622,0.6602,0.0567,7.1244,0.1253,9.8288,189,66.0408
phone-android,medium,2429,move,rejected,exit_unavailable,0,1.3031,0.3566,0.0492,3.8238,0.0874,5.6201,169,65.7293
phone-android,medium,2430,move,accepted,moved,1,1.2277,0.4250,0.0532,7.2686,0.1135,9.0881,187,68.1797
phone-android,medium,2431,activate,rejected,not_eligible,0,0.9712,0.4548,0.0508,3.7421,0.0845,5.3034,165,66.1808
phone-android,medium,2432,look,accepted,observed,0,1.1913,0.4177,0.0538,6.7329,0.1207,8.5163,161,67.9677
phone-android,medium,2433,look,accepted,observed,0,0.8694,0.4764,0.0566,4.5730,0.1120,6.0873,161,67.3332
phone-android,medium,2434,look,accepted,observed,0,0.9743,0.3600,0.0482,6.7546,0.1156,8.2527,161,65.8180
phone-android,medium,2435,move,accepted,moved,1,1.0740,0.4093,0.0552,6.1591,0.1178,7.8152,191,69.8371
phone-android,medium,2436,move,accepted,moved,1,3.2642,0.3647,0.0506,7.0783,0.1163,10.8741,187,67.2082
phone-android,medium,2437,look,accepted,observed,0,1.3192,0.4278,0.0547,5.0278,0.1081,6.9376,161,67.6585
phone-android,medium,2438,take,replayed,not_present,0,2.4563,0.3261,0.0020,0.0007,0.0344,2.8196,0,66.9008
phone-android,medium,2439,move,accepted,moved,1,1.0070,0.4834,0.0539,8.1166,0.1347,9.7957,189,67.6040
phone-android,medium,2440,move,accepted,moved,1,1.2326,0.4360,0.0591,6.1803,0.1462,8.0541,187,66.2446
phone-android,medium,2441,choose,rejected,invalid_choice,0,1.1174,0.4385,0.0529,7.2929,0.1014,9.0031,167,64.6281
phone-android,medium,2442,move,accepted,moved,1,1.1389,0.4285,0.0590,4.9507,0.0989,6.6760,189,67.8375
phone-android,medium,2443,look,accepted,observed,0,0.9899,0.3708,0.0490,7.1345,0.1266,8.6708,161,66.3712
phone-android,medium,2444,look,accepted,observed,0,1.3211,0.4363,0.0544,5.1074,0.1093,7.0286,161,67.5690
phone-android,medium,2445,take,replayed,not_present,0,1.5542,0.3085,0.0018,0.0007,0.0343,1.8994,0,66.3871
phone-android,medium,2446,take,rejected,not_present,0,0.9727,0.4005,0.0503,7.0746,0.1016,8.5995,164,66.6696
phone-android,medium,2447,talk,rejected,not_eligible,0,1.1898,0.4223,0.0555,4.8302,0.0981,6.5959,165,70.9499
phone-android,medium,2448,close_choice,rejected,invalid_choice,0,2.8517,0.3616,0.0447,6.1847,0.0942,9.5369,167,66.4260
phone-android,medium,2449,move,accepted,moved,1,0.7593,0.3583,0.0543,5.1258,0.1085,6.4061,187,66.9339
phone-android,medium,2450,move,accepted,moved,1,1.0633,0.4738,0.0603,9.3004,0.1494,11.0472,191,69.0113
phone-android,medium,2451,talk,rejected,not_eligible,0,1.0451,0.3718,0.0496,4.2739,0.1553,5.8957,165,65.6224
phone-android,medium,2452,choose,rejected,stale_view,0,1.0704,0.3818,0.0735,5.8227,0.1544,7.5027,163,68.2091
phone-android,medium,2453,activate,rejected,not_eligible,0,1.0227,0.3733,0.0494,3.7309,0.1340,5.3103,165,65.5281
phone-android,medium,2454,move,accepted,moved,1,1.4357,0.7516,0.1122,7.9936,0.1206,10.4138,187,67.1948
phone-android,medium,2455,move,accepted,moved,1,1.7899,0.3804,0.0523,4.0799,0.1071,6.4097,189,62.3667
phone-android,medium,2456,wait,rejected,invalid_time,0,0.8309,0.3858,0.0443,4.2637,0.0892,5.6139,165,67.8568
phone-android,medium,2457,talk,rejected,not_eligible,0,1.0190,0.4790,0.0546,4.2766,0.1308,5.9599,165,68.2423
phone-android,medium,2458,move,accepted,moved,1,1.1020,0.4426,0.0585,8.4384,0.1278,10.1693,187,66.1218
phone-android,medium,2459,look,accepted,observed,0,0.9591,0.3857,0.0492,4.7527,0.1185,6.2651,161,69.4841
phone-android,medium,2460,look,accepted,observed,0,1.2574,0.3940,0.0506,6.5589,0.1178,8.3787,161,66.7553
phone-android,medium,2461,move,accepted,moved,1,0.9231,0.3766,0.0547,5.4763,0.3476,7.1784,189,70.5109
phone-android,medium,2462,look,accepted,observed,0,3.0536,0.3710,0.0464,6.5048,0.1022,10.0780,161,66.4686
phone-android,medium,2463,move,accepted,moved,1,1.3493,0.4371,0.0589,5.6214,0.1199,7.5865,187,67.5488
phone-android,medium,2464,take,rejected,not_present,0,1.0874,0.4170,0.0545,6.9145,0.1377,8.6111,164,68.6169
phone-android,medium,2465,choose,rejected,invalid_choice,0,1.5146,0.4471,0.0492,4.3005,0.0949,6.4063,167,68.0519
phone-android,medium,2466,move,accepted,moved,1,1.0671,0.4308,0.0560,7.9383,0.1627,9.6548,189,67.7306
phone-android,medium,2467,move,accepted,moved,1,1.0485,0.4072,0.0557,4.9204,0.1009,6.5328,187,66.5120
phone-android,medium,2468,take,rejected,not_present,0,0.7249,0.3346,0.0457,6.4557,0.0943,7.6551,164,70.7959
phone-android,medium,2469,move,accepted,moved,1,1.0327,0.3753,0.0524,5.1730,0.1121,6.7454,189,65.3580
phone-android,medium,2470,move,accepted,moved,1,1.0212,0.4357,0.0566,7.4481,0.1281,9.0898,187,71.0697
phone-android,medium,2471,look,accepted,observed,0,1.3863,0.3866,0.0481,3.4320,0.0956,5.3486,161,71.0872
phone-android,medium,2472,move,rejected,exit_unavailable,0,1.4780,0.4683,0.0554,7.6037,0.1088,9.7141,169,66.1611
phone-android,medium,2473,look,accepted,observed,0,1.3114,0.5069,0.0556,3.9595,0.0985,5.9320,161,66.7940
phone-android,medium,2474,activate,rejected,not_eligible,0,0.9647,0.3776,0.0491,7.3884,0.1124,8.8922,165,67.6755
phone-android,medium,2475,look,accepted,observed,0,1.3409,0.4371,0.2132,3.9702,0.1133,6.0746,161,70.1580
phone-android,medium,2476,look,accepted,observed,0,3.0106,0.3503,0.0471,6.4879,0.0936,9.9894,161,65.9488
phone-android,medium,2477,move,accepted,moved,1,0.7526,0.3442,0.0507,4.7577,0.0996,6.0047,191,65.4504
phone-android,medium,2478,look,accepted,observed,0,0.9567,0.4213,0.0478,6.4167,0.1341,7.9765,161,67.3407
phone-android,medium,2479,move,accepted,moved,1,1.1511,0.5426,0.0652,6.1697,0.1485,8.0772,187,66.8858
phone-android,medium,2480,take,rejected,not_present,0,1.0263,0.3703,0.0505,6.8018,0.1156,8.3644,164,66.1060
phone-android,medium,2481,look,accepted,observed,0,1.1243,0.4133,0.0522,4.2530,0.1126,5.9555,161,68.7854
phone-android,medium,2482,move,accepted,moved,1,1.0475,0.4447,0.0596,8.1115,0.1463,9.8095,189,67.5612
phone-android,medium,2483,look,accepted,observed,0,1.0656,0.3761,0.0507,4.0678,0.1099,5.6703,161,65.7121
phone-android,medium,2484,move,accepted,moved,1,0.9288,0.3901,0.0541,7.8822,0.1406,9.3958,187,70.4538
phone-android,medium,2485,choose,rejected,invalid_choice,0,2.5406,0.4175,0.0502,4.2014,0.1213,7.3309,167,66.3546
phone-android,medium,2486,look,accepted,observed,0,1.1624,0.3669,0.0525,6.9040,0.1026,8.5884,161,66.6204
phone-android,medium,2487,move,accepted,moved,1,0.9826,0.3787,0.0531,4.8948,0.1186,6.4279,189,69.0074
phone-android,medium,2488,move,rejected,exit_unavailable,0,1.2189,0.4032,0.0533,6.4755,0.1060,8.2570,169,66.1609
phone-android,medium,2489,look,accepted,observed,0,0.9747,0.3553,0.0481,4.4867,0.1119,5.9767,161,69.9321
phone-android,medium,2490,move,accepted,moved,1,3.3014,0.4078,0.0535,7.9220,0.1197,11.8044,187,67.7819
phone-android,medium,2491,look,accepted,observed,0,1.0116,0.4127,0.0518,4.4733,0.1500,6.0995,161,67.1374
phone-android,medium,2492,move,accepted,moved,1,1.0566,0.5944,0.0708,9.2661,0.1490,11.1369,191,67.8506
phone-android,medium,2493,talk,rejected,not_eligible,0,1.2848,0.4226,0.0544,4.7736,0.1041,6.6396,165,65.8573
phone-android,medium,2494,take,rejected,not_present,0,1.1729,0.3822,0.0513,6.6264,0.0962,8.3289,164,72.1429
phone-android,medium,2495,look,accepted,observed,0,1.3018,0.3865,0.0468,4.0384,0.1006,5.8740,161,65.9134
phone-android,medium,2496,move,accepted,moved,1,0.8729,0.3806,0.0545,7.9180,0.1436,9.3696,189,69.8957
phone-android,medium,2497,wait,rejected,invalid_time,0,1.0028,0.3795,0.0466,3.8623,0.0869,5.3780,165,65.1744
phone-android,medium,2498,look,accepted,observed,0,0.9799,0.3676,0.1028,6.8347,0.1074,8.3924,161,70.4778
phone-android,medium,2499,choose,rejected,stale_view,0,2.8604,0.3585,0.0448,3.5770,0.0920,6.9328,163,66.1127
phone-android,medium,2500,move,accepted,moved,1,0.7637,0.3749,0.0517,7.5266,0.1045,8.8215,191,69.7919
phone-android,medium,2501,move,accepted,moved,1,1.8272,1.5871,0.0821,5.8627,0.1198,9.4790,187,69.7796
phone-android,medium,2502,move,accepted,moved,1,1.8554,0.5108,0.0568,6.9818,0.1150,9.5198,191,66.0691
phone-android,medium,2503,move,accepted,moved,1,1.1434,0.4775,0.0608,6.4988,0.2267,8.4072,189,79.8481
phone-android,medium,2504,wait,rejected,invalid_time,0,1.1381,0.3817,0.0444,7.0523,0.1223,8.7389,165,66.6682
phone-android,medium,2505,take,replayed,not_present,0,1.6739,0.3058,0.0017,0.0007,0.0347,2.0168,0,69.5813
phone-android,medium,2506,look,accepted,observed,0,2.6452,0.4449,0.0491,6.4858,0.1285,9.7535,161,66.4901
phone-android,medium,2507,look,accepted,observed,0,1.0624,0.3819,0.0532,5.1695,0.1036,6.7707,161,66.6117
phone-android,medium,2508,move,accepted,moved,1,1.0119,0.5090,0.0618,9.0375,0.1458,10.7660,191,69.2803
phone-android,medium,2509,move,accepted,moved,1,1.3156,0.4622,0.0632,5.3541,0.1173,7.3124,189,66.1392
phone-android,medium,2510,take,accepted,taken,1,0.7702,0.3428,0.0544,6.8035,0.1016,8.0724,189,69.7498
phone-android,medium,2511,look,accepted,observed,0,1.4884,0.3738,0.0478,4.3106,0.1006,6.3212,161,66.0040
phone-android,medium,2512,look,accepted,observed,0,0.9525,0.3764,0.1020,7.0506,0.1210,8.6024,161,69.5794
phone-android,medium,2513,look,accepted,observed,0,2.7097,0.4253,0.0512,4.3058,0.0868,7.5787,161,66.6219
phone-android,medium,2514,look,accepted,observed,0,1.0005,0.3741,0.0510,6.9259,0.0948,8.4464,161,68.7534
phone-android,medium,2515,wait,rejected,invalid_time,0,0.8971,0.5156,0.0522,4.5998,0.1383,6.2031,165,68.1505
phone-android,medium,2516,look,accepted,observed,0,1.3039,0.4321,0.0581,7.2752,0.1152,9.1844,161,66.2880
phone-android,medium,2517,wait,rejected,invalid_time,0,0.9172,0.4134,0.0523,3.6199,0.0835,5.0864,165,68.1108
phone-android,medium,2518,look,accepted,observed,0,1.0833,0.4360,0.0481,6.3396,0.1039,8.0109,161,66.6657
phone-android,medium,2519,look,accepted,observed,0,1.0930,0.3795,0.0494,4.9351,0.1069,6.5639,161,68.3757
phone-android,medium,2520,wait,rejected,invalid_time,0,0.9613,0.4588,0.0469,6.3977,0.1177,7.9823,165,69.1168
phone-android,medium,2521,choose,rejected,invalid_choice,0,1.6247,0.4589,0.0502,4.4449,0.1029,6.6815,167,67.2613
phone-android,medium,2522,look,accepted,observed,0,0.9624,0.4194,0.0534,7.6121,0.1959,9.2432,161,68.6756
phone-android,medium,2523,choose,rejected,invalid_choice,0,0.9658,0.3981,0.0478,4.9560,0.0982,6.4659,167,65.9706
phone-android,medium,2524,move,rejected,exit_unavailable,0,1.0243,0.3837,0.0489,6.4260,0.1018,7.9848,169,69.4981
phone-android,medium,2525,activate,rejected,not_eligible,0,0.9970,0.3716,0.0490,4.4623,0.1006,5.9806,165,65.3284
phone-android,medium,2526,move,accepted,moved,1,0.9956,0.3976,0.0550,7.6435,0.1330,9.2248,191,70.0103
phone-android,medium,2527,move,accepted,moved,1,1.2674,0.4188,0.0545,5.6684,0.1966,7.6056,187,66.6348
phone-android,medium,2528,move,accepted,moved,1,0.9751,0.4180,0.0587,7.7949,0.1592,9.4059,189,67.3659
phone-android,medium,2529,move,accepted,moved,1,0.9501,0.4568,0.0602,6.2048,0.1455,7.8173,187,69.8402
phone-android,medium,2530,move,accepted,moved,1,0.9641,0.4660,0.0558,7.6963,0.1297,9.3119,189,66.1509
phone-android,medium,2531,look,accepted,observed,0,1.0842,0.4001,0.0534,4.4804,0.1124,6.1305,161,70.1964
phone-android,medium,2532,look,accepted,observed,0,2.5464,0.4062,0.0501,6.3446,0.0940,9.4413,161,66.3104
phone-android,medium,2533,move,accepted,moved,1,1.2912,0.3919,0.0506,4.5329,0.0958,6.3624,187,66.9428
phone-android,medium,2534,activate,rejected,not_eligible,0,0.8373,0.3885,0.0496,6.9405,0.1409,8.3568,165,68.5890
phone-android,medium,2535,move,accepted,moved,1,0.9777,0.3731,0.0579,4.9154,0.0976,6.4217,189,65.2895
phone-android,medium,2536,look,accepted,observed,0,0.9919,0.3827,0.0511,7.1498,0.1084,8.6839,161,69.7844
phone-android,medium,2537,move,rejected,exit_unavailable,0,2.4396,0.3856,0.0468,4.4443,0.1059,7.4222,169,67.9962
phone-android,medium,2538,look,accepted,observed,0,1.4333,0.4611,0.0582,7.4470,0.1017,9.5014,161,67.3160
phone-android,medium,2539,look,accepted,observed,0,0.9423,1.4825,0.0561,4.4697,0.1144,7.0651,161,65.3248
phone-android,medium,2540,look,accepted,observed,0,0.9458,0.3597,0.0494,6.2644,0.0903,7.7095,161,66.2716
phone-android,medium,2541,activate,rejected,not_eligible,0,1.0991,0.3677,0.0503,3.7711,0.1089,5.3970,165,71.6107
phone-android,medium,2542,talk,rejected,not_eligible,0,3.9370,0.3958,0.0494,6.5595,0.1093,11.0510,165,68.2153
phone-android,medium,2543,look,accepted,observed,0,1.1432,0.4319,0.0578,4.5057,0.1058,6.2444,161,66.9960
phone-android,medium,2544,wait,accepted,waited,1,1.0751,0.4836,0.0545,9.3250,0.1574,11.0956,185,69.0101
phone-android,medium,2545,look,accepted,observed,0,0.9654,0.3744,0.0511,4.8310,0.1019,6.3239,161,66.7271
phone-android,medium,2546,look,accepted,observed,0,1.0542,0.3854,0.0505,6.9610,0.1268,8.5780,161,70.8143
phone-android,medium,2547,drop,accepted,dropped,1,2.5286,0.3915,0.0565,5.4567,0.1076,8.5409,196,64.2300
phone-android,medium,2548,wait,rejected,invalid_time,0,0.8646,0.3819,0.0465,6.6641,0.0997,8.0567,165,67.6780
phone-android,medium,2549,move,accepted,moved,1,1.0344,0.4761,0.0589,5.9652,0.1494,7.6840,187,66.6435
phone-android,medium,2550,wait,rejected,invalid_time,0,1.2521,0.3985,0.0479,15.3631,0.1301,17.1917,165,66.5029
phone-android,medium,2551,wait,rejected,invalid_time,0,1.0451,0.4027,0.0467,4.0106,0.1654,5.6704,165,70.1497
phone-android,medium,2552,wait,rejected,invalid_time,0,3.9939,0.4255,0.0476,7.0168,0.1132,11.5969,165,65.8819
phone-android,medium,2553,look,accepted,observed,0,1.0877,0.3743,0.0509,4.5028,0.1243,6.1400,161,68.5948
phone-android,medium,2554,move,accepted,moved,1,1.4448,0.4741,0.0583,8.5961,0.1359,10.7093,189,68.5942
phone-android,medium,2555,activate,rejected,not_eligible,0,1.2752,0.4043,0.0485,4.0519,0.1021,5.8821,165,66.6348
phone-android,medium,2556,wait,rejected,invalid_time,0,0.8748,0.3529,0.0448,6.2939,0.0882,7.6546,165,71.3220
phone-android,medium,2557,move,accepted,moved,1,4.0842,0.4340,0.0524,5.2996,0.1301,10.0003,187,67.3343
phone-android,medium,2558,move,accepted,moved,1,1.1584,0.5295,0.0590,7.7585,0.1307,9.6361,191,67.9555
phone-android,medium,2559,move,rejected,exit_unavailable,0,1.1072,0.5571,0.0555,5.2166,0.1913,7.1277,169,68.7334
phone-android,medium,2560,look,accepted,observed,0,0.9382,0.4293,0.0487,6.7419,0.1103,8.2683,161,66.6254
phone-android,medium,2561,look,accepted,observed,0,1.1286,0.3984,0.0533,5.1422,0.1035,6.8260,161,70.3255
phone-android,medium,2562,look,accepted,observed,0,4.2578,0.3855,0.0501,6.6082,0.1140,11.4154,161,66.2933
phone-android,medium,2563,move,rejected,exit_unavailable,0,1.0529,0.3930,0.0497,4.0654,0.1142,5.6753,169,68.0821
phone-android,medium,2564,look,accepted,observed,0,1.6611,0.5728,0.0635,7.5676,0.1384,10.0034,161,68.8420
phone-android,medium,2565,take,rejected,not_present,0,1.1977,0.4049,0.0534,5.0246,0.1124,6.7931,164,68.8080
phone-android,medium,2566,move,accepted,moved,1,0.9839,0.3893,0.0549,7.7369,0.1256,9.2906,189,73.4779
phone-android,medium,2567,move,accepted,moved,1,1.0842,0.3759,0.0526,4.7890,0.1095,6.4112,191,64.8907
phone-android,medium,2568,wait,rejected,invalid_time,0,0.8700,0.4697,0.0442,6.2651,0.0933,7.7423,165,68.3589
phone-android,medium,2569,activate,rejected,not_eligible,0,1.0669,0.4905,0.0534,4.2005,0.1255,5.9367,165,67.9369
phone-android,medium,2570,take,rejected,not_present,0,1.2533,0.4019,0.0516,7.0615,0.1110,8.8793,164,66.6082
phone-android,medium,2571,move,accepted,moved,1,0.9434,0.4120,0.0578,5.6776,0.1167,7.2076,189,72.5380
phone-android,medium,2572,drop,rejected,integrity_conflict,0,2.2966,0.3018,0.0019,0.0006,0.0342,2.6351,0,64.4144
phone-android,medium,2573,move,accepted,moved,1,0.9988,0.4714,0.0576,6.9576,0.1005,8.5858,191,67.0876
phone-android,medium,2574,wait,rejected,invalid_time,0,0.9466,0.4894,0.0502,4.5001,0.1460,6.1322,165,67.1764
phone-android,medium,2575,look,accepted,observed,0,1.1120,0.4018,0.0520,6.8635,0.1134,8.5428,161,66.5295
phone-android,medium,2576,move,accepted,moved,1,0.9717,0.3965,0.0559,4.8179,0.1134,6.3555,189,70.0333
phone-android,medium,2577,look,accepted,observed,0,2.6915,0.3869,0.0469,5.9749,0.0871,9.1872,161,66.3782
phone-android,medium,2578,look,accepted,observed,0,0.8803,0.4224,0.0514,4.2926,0.0848,5.7315,161,68.1662
phone-android,medium,2579,take,rejected,not_present,0,1.2436,0.4676,0.0545,7.4180,0.1409,9.3246,164,68.9230
phone-android,medium,2580,look,accepted,observed,0,1.3198,0.3993,0.0507,4.7694,0.1144,6.6536,161,66.1790
phone-android,medium,2581,drop,replayed,dropped,0,1.2758,0.2881,0.0013,0.0007,0.0322,1.5982,0,69.2449
phone-android,medium,2582,look,accepted,observed,0,5.9332,0.4328,0.0503,7.1191,0.1108,13.6462,161,70.7156
phone-android,medium,2583,move,rejected,exit_unavailable,0,1.1712,0.3741,0.0496,3.9983,0.1024,5.6956,169,68.0843
phone-android,medium,2584,choose,rejected,invalid_choice,0,1.8268,0.3685,0.0444,6.0979,0.1136,8.4512,167,64.4670
phone-android,medium,2585,look,accepted,observed,0,1.0704,0.3457,0.0491,3.9450,0.0903,5.5005,161,68.1959
phone-android,medium,2586,look,accepted,observed,0,1.0693,0.4564,0.0535,7.2646,0.1392,8.9830,161,67.8655
phone-android,medium,2587,look,accepted,observed,0,2.5097,0.3955,0.0484,3.9942,0.1027,7.0505,161,65.8333
phone-android,medium,2588,move,accepted,moved,1,0.9672,0.3799,0.0526,8.2094,0.1252,9.7342,191,70.0233
phone-android,medium,2589,talk,rejected,not_eligible,0,4.1143,0.3816,0.0480,4.6474,0.1190,9.3103,165,65.2406
phone-android,medium,2590,talk,rejected,not_eligible,0,0.9571,0.4230,0.0478,5.9931,0.1320,7.5531,165,67.9529
phone-android,medium,2591,take,rejected,not_present,0,1.3426,0.4479,0.0578,3.9251,0.1397,5.9131,164,66.8463
phone-android,medium,2592,take,rejected,not_present,0,0.9333,0.3601,0.0479,7.2677,0.1413,8.7502,164,68.0635
phone-android,medium,2593,look,accepted,observed,0,1.0392,0.4486,0.0530,4.1990,0.1297,5.8695,161,66.6759
phone-android,medium,2594,activate,rejected,not_eligible,0,1.0161,0.3831,0.0507,6.8183,0.1052,8.3734,165,67.5245
phone-android,medium,2595,move,accepted,moved,1,1.0129,0.4664,0.0588,6.1394,0.1357,7.8131,189,67.4100
phone-android,medium,2596,move,accepted,moved,1,1.0403,0.4811,0.0570,8.1766,0.1178,9.8728,191,66.1853
phone-android,medium,2597,look,accepted,observed,0,0.9868,0.3532,0.0464,4.0467,0.1048,5.5379,161,68.2425
phone-android,medium,2598,move,accepted,moved,1,2.7516,0.4014,0.0548,7.4371,0.1023,10.7471,187,65.8440
phone-android,medium,2599,talk,rejected,not_eligible,0,0.7470,0.3728,0.0465,3.4928,0.0867,4.7457,165,65.1966
phone-android,medium,2600,move,accepted,moved,1,0.9931,0.4051,0.0559,7.5527,0.1343,9.1411,189,69.8145
phone-android,medium,2601,look,accepted,observed,0,1.0529,0.3785,0.0522,3.9287,0.1123,5.5245,161,66.2182
phone-android,medium,2602,move,accepted,moved,1,1.0778,0.4240,0.0570,8.2609,0.1240,9.9437,187,67.7752
phone-android,medium,2603,look,accepted,observed,0,0.9245,0.3754,0.0492,3.6265,0.1128,5.0884,161,67.0042
phone-android,medium,2604,move,rejected,exit_unavailable,0,1.0557,0.3991,0.0494,6.7822,0.1111,8.3975,169,67.1522
phone-android,medium,2605,move,accepted,moved,1,1.3170,0.4986,0.0602,5.8518,0.1438,7.8714,189,68.8053
phone-android,medium,2606,activate,rejected,not_eligible,0,1.3856,0.4564,0.0570,7.5614,0.1071,9.5674,165,66.6019
phone-android,medium,2607,look,accepted,observed,0,1.0290,0.3568,0.0472,4.0950,0.1101,5.6382,161,70.0383
phone-android,medium,2608,look,accepted,observed,0,1.2020,0.4618,0.0538,6.9888,0.1150,8.8214,161,66.2467
phone-android,medium,2609,take,accepted,taken,1,1.0346,0.3687,0.0548,5.2564,0.1290,6.8435,189,69.1878
phone-android,medium,2610,wait,rejected,invalid_time,0,3.3107,0.4188,0.0464,6.5549,0.1064,10.4372,165,68.0214
phone-android,medium,2611,look,accepted,observed,0,1.1208,0.4773,0.0531,4.7484,0.1067,6.5063,161,67.7869
phone-android,medium,2612,move,rejected,exit_unavailable,0,1.0834,0.5631,0.0559,7.2332,0.1379,9.0735,169,68.7049
phone-android,medium,2613,look,accepted,observed,0,1.0144,0.3684,0.0512,4.2170,0.1007,5.7517,161,66.1770
phone-android,medium,2614,activate,rejected,not_eligible,0,1.0859,0.3910,0.0529,6.5683,0.0991,8.1973,165,72.5335
phone-android,medium,2615,look,accepted,observed,0,1.2615,0.4009,0.0524,4.3970,0.1037,6.2156,161,66.7742
phone-android,medium,2616,choose,rejected,invalid_choice,0,0.9832,0.3980,0.0480,6.6432,0.1134,8.1858,167,69.2733
phone-android,medium,2617,look,accepted,observed,0,3.4279,0.3542,0.0459,4.4570,0.0919,8.3769,161,66.0127
phone-android,medium,2618,wait,rejected,invalid_time,0,0.9612,0.3794,0.0465,6.0873,0.0927,7.5670,165,67.8400
phone-android,medium,2619,move,accepted,moved,1,1.1569,0.5560,0.0617,5.9751,0.1468,7.8966,187,68.4581
phone-android,medium,2620,look,accepted,observed,0,0.9767,0.3640,0.0480,6.3066,0.1094,7.8046,161,65.9457
phone-android,medium,2621,drop,accepted,dropped,1,1.2168,0.4207,0.0568,6.4297,0.1183,8.2423,194,69.1764
phone-android,medium,2622,move,accepted,moved,1,1.0372,0.3711,0.0531,7.2166,0.1101,8.7880,191,66.6643
phone-android,medium,2623,look,accepted,observed,0,1.1560,0.3859,0.0506,4.2225,0.1021,5.9172,161,67.5212
phone-android,medium,2624,move,accepted,moved,1,1.1258,0.3859,0.0520,8.3981,0.1395,10.1013,189,68.9415
phone-android,medium,2625,choose,rejected,stale_view,0,1.2405,0.4990,0.0482,3.8574,0.0969,5.7421,163,68.3366
phone-android,medium,2626,take,rejected,not_present,0,1.4128,0.5893,0.0605,7.1530,0.1395,9.3551,164,68.1251
phone-android,medium,2627,move,accepted,moved,1,0.9994,0.4074,0.0564,5.2653,0.1225,6.8509,191,67.4325
phone-android,medium,2628,move,accepted,moved,1,1.2160,0.7084,0.0675,8.6092,0.1476,10.7487,187,68.2932
phone-android,medium,2629,wait,rejected,invalid_time,0,1.0462,0.4143,0.0472,4.2667,0.1105,5.8848,165,65.0645
phone-android,medium,2630,take,replayed,taken,0,1.1668,0.3887,0.0020,0.0007,0.0367,1.5948,0,70.3169
phone-android,medium,2631,look,accepted,observed,0,2.4692,0.4263,0.0502,6.5669,0.0932,9.6058,161,66.2154
phone-android,medium,2632,move,accepted,moved,1,0.9106,0.3870,0.0526,5.0242,0.1098,6.4841,191,67.9026
phone-android,medium,2633,take,rejected,not_present,0,1.0837,0.4392,0.0524,7.3022,0.1527,9.0303,164,68.2618
phone-android,medium,2634,wait,rejected,invalid_time,0,1.5198,0.4399,0.0468,3.9861,0.1027,6.0954,165,66.2084
phone-android,medium,2635,talk,rejected,not_eligible,0,0.8448,0.3399,0.0472,6.3235,0.0860,7.6415,165,69.2410
phone-android,medium,2636,take,rejected,not_present,0,1.0319,0.3955,0.0503,3.7455,0.1124,5.3356,164,67.9000
phone-android,medium,2637,wait,rejected,invalid_time,0,0.9738,0.4020,0.0476,6.5664,0.1024,8.0921,165,66.9857
phone-android,medium,2638,talk,rejected,not_eligible,0,1.0420,0.5153,0.0569,5.7391,0.1345,7.4879,165,68.4052
phone-android,medium,2639,choose,rejected,invalid_choice,0,0.8071,0.3724,0.0485,6.8249,0.1414,8.1944,167,66.6261
phone-android,medium,2640,look,accepted,observed,0,1.3562,0.4533,0.0568,4.3759,0.1081,6.3503,161,71.8104
phone-android,medium,2641,look,accepted,observed,0,3.6271,0.5548,0.0603,6.7744,0.1230,11.1397,161,66.3542
phone-android,medium,2642,look,accepted,observed,0,1.1211,0.4217,0.0509,5.2537,0.1212,6.9686,161,68.4224
phone-android,medium,2643,move,accepted,moved,1,1.4790,0.5588,0.0633,9.4365,0.1559,11.6936,187,68.4469
phone-android,medium,2644,wait,rejected,invalid_time,0,1.2173,0.4115,0.0461,4.0453,0.0987,5.8190,165,66.3808
phone-android,medium,2645,look,accepted,observed,0,0.9956,0.4294,0.0520,6.9405,0.1059,8.5234,161,71.9164
phone-android,medium,2646,move,accepted,moved,1,2.4111,0.3796,0.0514,4.9887,0.1055,7.9364,189,64.7661
phone-android,medium,2647,move,accepted,moved,1,1.3942,0.4002,0.0554,7.4295,0.0998,9.3791,187,68.1801
phone-android,medium,2648,look,accepted,observed,0,0.9708,0.4201,0.0510,4.5986,0.1874,6.2279,161,68.2766
phone-android,medium,2649,move,accepted,moved,1,1.1070,0.4131,0.0559,8.0152,0.1176,9.7088,191,66.4345
phone-android,medium,2650,look,accepted,observed,0,1.2881,0.4149,0.0559,5.3799,0.1102,7.2490,161,70.6848
phone-android,medium,2651,wait,rejected,invalid_time,0,3.6677,0.5066,0.0479,6.5835,0.1043,10.9099,165,66.6995
phone-android,medium,2652,drop,rejected,integrity_conflict,0,1.6053,0.3368,0.0022,0.0007,0.0369,1.9819,0,67.4680
phone-android,medium,2653,move,accepted,moved,1,0.9065,0.5005,0.0578,7.6257,0.1511,9.2416,187,68.5069
phone-android,medium,2654,move,rejected,exit_unavailable,0,0.7799,0.3345,0.0455,3.7752,0.0869,5.0219,169,65.6371
phone-android,medium,2655,move,rejected,exit_unavailable,0,0.9793,0.4422,0.0521,6.6586,0.1155,8.2477,169,69.7827
phone-android,medium,2656,activate,rejected,not_eligible,0,3.1454,0.4012,0.0477,4.0392,0.0886,7.7220,165,66.2550
phone-android,medium,2657,choose,rejected,invalid_choice,0,0.7773,0.3566,0.0456,6.5166,0.0899,7.7861,167,68.3085
phone-android,medium,2658,take,accepted,taken,1,1.3024,0.5543,0.0666,6.2836,0.1371,8.3441,189,66.4756
phone-android,medium,2659,drop,accepted,dropped,1,0.9231,0.4453,0.0575,7.8681,0.1298,9.4238,194,65.8733
phone-android,medium,2660,take,accepted,taken,1,1.1549,0.4164,0.0574,5.4765,0.1198,7.2251,189,68.9325
phone-android,medium,2661,look,accepted,observed,0,4.4594,0.3890,0.0480,6.7963,0.1098,11.8025,161,65.9097
phone-android,medium,2662,drop,accepted,dropped,1,0.7689,0.3572,0.0557,4.5614,0.1058,5.8490,194,67.6301
phone-android,medium,2663,wait,rejected,invalid_time,0,2.0324,0.5085,0.0548,7.5365,0.1423,10.2745,165,68.1815
phone-android,medium,2664,activate,rejected,not_eligible,0,1.1037,0.4005,0.0527,5.7295,0.1160,7.4023,165,66.4508
phone-android,medium,2665,look,accepted,observed,0,1.0600,0.3794,0.0511,6.7221,0.1392,8.3518,161,68.9203
phone-android,medium,2666,choose,rejected,invalid_choice,0,1.0442,0.4224,0.0505,3.9204,0.1153,5.5528,167,68.8455
phone-android,medium,2667,talk,rejected,not_eligible,0,0.9907,0.3919,0.0513,6.6660,0.0976,8.1974,165,68.2458
phone-android,medium,2668,wait,rejected,invalid_time,0,1.3271,0.5012,0.0531,4.3374,0.1444,6.3631,165,67.5114
phone-android,medium,2669,wait,rejected,invalid_time,0,0.9946,0.3843,0.0458,6.7092,0.0979,8.2318,165,66.3015
phone-android,medium,2670,look,accepted,observed,0,1.1890,0.3896,0.0510,5.5044,0.1072,7.2412,161,71.1526
phone-android,medium,2671,move,accepted,moved,1,2.6560,0.4152,0.0518,7.0753,0.1102,10.3085,191,66.0336
phone-android,medium,2672,look,accepted,observed,0,0.9079,0.3548,0.0453,14.7007,0.0994,16.1081,161,67.4612
phone-android,medium,2673,close_choice,rejected,invalid_choice,0,1.0701,0.4503,0.0543,7.4451,0.1387,9.1584,167,68.4882
phone-android,medium,2674,move,accepted,moved,1,1.0475,0.4142,0.0562,5.5110,0.1230,7.1519,187,66.9250
phone-android,medium,2675,look,accepted,observed,0,1.2139,0.4443,0.0532,6.4830,0.1063,8.3007,161,70.1635
phone-android,medium,2676,look,accepted,observed,0,3.7235,0.3480,0.0450,3.4296,0.0917,7.6379,161,65.5047
phone-android,medium,2677,look,accepted,observed,0,1.2922,0.4655,0.0489,6.3330,0.0891,8.2286,161,66.9227
phone-android,medium,2678,move,accepted,moved,1,0.8412,0.4479,0.0556,6.6060,0.1154,8.0661,189,66.7318
phone-android,medium,2679,choose,rejected,stale_view,0,1.4266,0.4163,0.0501,6.5314,0.1157,8.5400,163,66.7165
phone-android,medium,2680,move,accepted,moved,1,1.0567,0.4140,0.0567,6.3663,0.1330,8.0266,187,70.6150
phone-android,medium,2681,take,replayed,not_present,0,3.4299,0.4194,0.0022,0.0008,0.0352,3.8875,0,65.2807
phone-android,medium,2682,look,accepted,observed,0,1.2030,0.4299,0.0533,7.2419,0.1074,9.0355,161,67.9984
phone-android,medium,2683,talk,rejected,not_eligible,0,1.1157,0.4277,0.0531,4.6428,0.1312,6.3705,165,67.9962
phone-android,medium,2684,move,accepted,moved,1,1.1611,0.4349,0.0586,7.7759,0.1299,9.5605,191,67.0112
phone-android,medium,2685,take,rejected,not_present,0,1.0032,0.4002,0.0565,4.3728,0.1033,5.9360,164,70.2398
phone-android,medium,2686,close_choice,rejected,invalid_choice,0,2.9866,0.4339,0.0502,6.1567,0.1154,9.7428,167,65.7725
phone-android,medium,2687,look,accepted,observed,0,1.0835,0.3753,0.0485,4.8438,0.0970,6.4482,161,67.7308
phone-android,medium,2688,look,accepted,observed,0,1.3135,0.5337,0.0592,6.6002,0.1238,8.6303,161,68.0841
phone-android,medium,2689,take,rejected,not_present,0,1.0603,0.3729,0.0487,5.0000,0.1125,6.5944,164,65.7729
phone-android,medium,2690,take,rejected,not_present,0,1.2872,0.3843,0.0539,6.4243,0.1092,8.2588,164,71.5064
phone-android,medium,2691,choose,rejected,invalid_choice,0,3.0188,0.5346,0.0618,4.9741,0.0941,8.6833,167,66.8179
phone-android,medium,2692,take,rejected,not_present,0,0.8400,0.4038,0.0490,6.1085,0.0960,7.4973,164,67.9099
phone-android,medium,2693,move,rejected,exit_unavailable,0,1.2629,0.6351,0.1719,5.3072,0.1427,7.5197,169,66.7904
phone-android,medium,2694,look,accepted,observed,0,1.0811,0.3691,0.0469,7.0961,0.1334,8.7265,161,66.0557
phone-android,medium,2695,look,accepted,observed,0,1.1396,0.4024,0.0536,4.7729,0.0994,6.4679,161,69.8361
phone-android,medium,2696,move,accepted,moved,1,1.0443,0.4210,0.0585,5.6490,0.1347,7.3075,189,67.2675
phone-android,medium,2697,look,accepted,observed,0,1.0874,0.4812,0.0632,6.7930,0.0984,8.5232,161,67.6700
phone-android,medium,2698,talk,rejected,not_eligible,0,0.8891,0.5103,0.0548,4.6415,0.1380,6.2336,165,68.3115
phone-android,medium,2699,look,accepted,observed,0,1.2263,0.3593,0.0471,6.5805,0.0991,8.3122,161,65.9952
phone-android,medium,2700,take,rejected,not_present,0,1.0255,0.3875,0.0503,4.3988,0.1264,5.9883,164,72.7917
phone-android,medium,2701,wait,rejected,invalid_time,0,5.2601,0.4223,0.0469,6.8832,0.1257,12.7382,165,66.3217
phone-android,medium,2702,move,accepted,moved,1,0.8623,0.4007,0.0530,4.5533,0.1047,5.9741,191,68.4200
phone-android,medium,2703,look,accepted,observed,0,2.4804,0.3618,0.0489,6.2823,0.0910,9.2644,161,65.7739
phone-android,medium,2704,choose,rejected,invalid_choice,0,0.9833,0.4397,0.0473,3.8533,0.0939,5.4176,167,66.9547
phone-android,medium,2705,activate,rejected,not_eligible,0,0.8264,0.4011,0.0511,7.0417,0.1129,8.4332,165,68.8914
phone-android,medium,2706,look,accepted,observed,0,0.9710,0.4018,0.0504,4.6686,0.1078,6.1996,161,67.2414
phone-android,medium,2707,move,accepted,moved,1,1.2900,0.4524,0.0602,8.6403,0.1220,10.5649,187,68.0694
phone-android,medium,2708,look,accepted,observed,0,0.9331,0.3689,0.0503,4.1369,0.1199,5.6091,161,69.3241
phone-android,medium,2709,activate,rejected,not_eligible,0,1.2736,0.3716,0.0512,6.3860,0.0998,8.1822,165,68.0413
phone-android,medium,2710,talk,rejected,not_eligible,0,1.2580,0.9728,0.0666,5.0011,0.1263,7.4248,165,67.2293
phone-android,medium,2711,move,accepted,moved,1,1.0243,0.3993,0.0570,8.4055,0.1232,10.0092,191,66.2163
phone-android,medium,2712,look,accepted,observed,0,1.3124,0.4243,0.0557,4.7496,0.1024,6.6444,161,70.7427
phone-android,medium,2713,activate,rejected,not_eligible,0,3.6991,0.4130,0.0486,6.3999,0.1216,10.6822,165,66.5931
phone-android,medium,2714,move,rejected,exit_unavailable,0,1.2404,0.4383,0.0525,5.0448,0.0993,6.8754,169,68.2331
phone-android,medium,2715,move,accepted,moved,1,1.0820,0.4918,0.0610,8.4742,0.1474,10.2564,187,67.1216
phone-android,medium,2716,look,accepted,observed,0,1.1862,0.5372,0.0527,4.2631,0.0957,6.1348,161,66.7121
phone-android,medium,2717,take,accepted,taken,1,0.9376,0.3877,0.0537,8.0396,0.1485,9.5670,189,70.8290
phone-android,medium,2718,look,accepted,observed,0,3.0944,0.4301,0.0505,4.4920,0.1122,8.1792,161,65.5420
phone-android,medium,2719,move,rejected,exit_unavailable,0,1.3178,0.3930,0.0495,6.6189,0.1070,8.4862,169,67.6895
phone-android,medium,2720,look,accepted,observed,0,1.0154,0.4651,0.0520,4.7476,0.1342,6.4142,161,68.0726
phone-android,medium,2721,activate,rejected,not_eligible,0,0.8915,0.3348,0.0458,6.4000,0.0860,7.7581,165,67.1126
phone-android,medium,2722,look,accepted,observed,0,1.0830,0.5050,0.0552,5.4136,0.1087,7.1656,161,71.6896
phone-android,medium,2723,look,accepted,observed,0,2.6472,0.3492,0.0456,6.1738,0.0973,9.3131,161,65.7247
phone-android,medium,2724,wait,accepted,waited,1,0.9646,0.3773,0.0498,5.3441,0.1057,6.8415,185,68.2644
phone-android,medium,2725,look,accepted,observed,0,1.1558,0.5501,0.1147,7.2434,0.1395,9.2035,161,68.2825
phone-android,medium,2726,move,accepted,moved,1,1.0297,0.4000,0.0553,4.9633,0.1242,6.5725,191,66.7506
phone-android,medium,2727,move,accepted,moved,1,1.0495,0.4071,0.0546,7.1435,0.1239,8.7786,187,67.0138
phone-android,medium,2728,look,accepted,observed,0,1.0307,0.4517,0.0503,3.9340,0.1171,5.5837,161,65.5555
phone-android,medium,2729,move,accepted,moved,1,0.8653,0.3965,0.0538,7.1139,0.1387,8.5681,189,69.7331
phone-android,medium,2730,take,replayed,not_present,0,5.6089,0.3062,0.0016,0.0005,0.0343,5.9515,0,66.6492
phone-android,medium,2731,move,accepted,moved,1,1.2897,0.4914,0.0627,9.0295,0.1920,11.0653,187,68.4563
phone-android,medium,2732,look,accepted,observed,0,0.9272,0.4923,0.0533,4.7550,0.2303,6.4581,161,66.9101
phone-android,medium,2733,choose,rejected,invalid_choice,0,1.0377,0.4368,0.0552,7.3117,0.1595,9.0009,167,66.1770
phone-android,medium,2734,look,accepted,observed,0,1.0728,0.3742,0.0491,4.7978,0.1964,6.4903,161,70.8028
phone-android,medium,2735,look,accepted,observed,0,1.0616,0.3637,0.0463,6.7072,0.1070,8.2858,161,66.5640
phone-android,medium,2736,move,accepted,moved,1,1.0580,0.5405,0.0573,5.8284,0.1911,7.6754,191,71.8139
phone-android,medium,2737,drop,accepted,dropped,1,3.4755,0.4178,0.0546,8.0889,0.1403,12.1771,198,65.2885
phone-android,medium,2738,move,accepted,moved,1,1.2679,0.4139,0.0585,5.4995,0.1271,7.3668,189,67.7790
phone-android,medium,2739,take,rejected,not_present,0,1.0038,0.5356,0.0579,7.3913,0.1424,9.1309,164,73.8054
phone-android,medium,2740,talk,rejected,not_eligible,0,0.9921,0.3780,0.0514,4.3031,0.1123,5.8368,165,65.3378
phone-android,medium,2741,take,rejected,not_present,0,1.0960,0.3788,0.0485,6.5949,0.1010,8.2192,164,71.0223
phone-android,medium,2742,look,accepted,observed,0,1.3972,0.4227,0.0556,4.5527,0.1119,6.5401,161,66.5270
phone-android,medium,2743,drop,rejected,integrity_conflict,0,1.3661,0.2894,0.0017,0.0006,0.0475,1.7053,0,68.7107
phone-android,medium,2744,look,accepted,observed,0,2.5067,0.3361,0.0445,6.1314,0.0832,9.1019,161,64.9745
phone-android,medium,2745,look,accepted,observed,0,1.1091,0.3264,0.0452,3.9265,0.0954,5.5026,161,67.7509
phone-android,medium,2746,move,accepted,moved,1,1.2058,0.4058,0.0532,7.2020,0.1061,8.9730,191,65.8329
phone-android,medium,2747,wait,rejected,invalid_time,0,0.7717,0.3384,0.0428,3.3818,0.0822,4.6169,165,67.3920
phone-android,medium,2748,move,accepted,moved,1,1.6971,0.3645,0.0517,7.0378,0.1423,9.2934,187,66.1866
phone-android,medium,2749,move,accepted,moved,1,1.0181,0.3863,0.0530,5.3957,0.1249,6.9780,191,67.2109
phone-android,medium,2750,move,accepted,moved,1,0.9126,0.5013,0.0595,9.5648,0.1482,11.1864,187,69.9517
phone-android,medium,2751,look,accepted,observed,0,1.2306,0.4061,0.0528,4.4449,0.1136,6.2480,161,66.4654
phone-android,medium,2752,look,accepted,observed,0,1.0564,0.4035,0.2059,6.7364,0.1011,8.5033,161,71.7034
phone-android,medium,2753,look,accepted,observed,0,1.5179,0.4028,0.0488,4.4322,0.1623,6.5640,161,66.8865
phone-android,medium,2754,look,accepted,observed,0,1.0177,0.3881,0.0505,6.8151,0.1149,8.3862,161,70.0902
phone-android,medium,2755,move,rejected,exit_unavailable,0,1.1211,0.4337,0.0522,3.9797,0.1114,5.6982,169,68.1318
phone-android,medium,2756,take,rejected,not_present,0,1.0555,0.3801,0.1751,7.0946,0.1024,8.8077,164,68.6688
phone-android,medium,2757,look,accepted,observed,0,1.1209,0.4464,0.0526,4.2748,0.1747,6.0693,161,68.7980
phone-android,medium,2758,move,accepted,moved,1,1.0712,0.4278,0.0578,7.4395,0.1024,9.0988,189,66.2780
phone-android,medium,2759,wait,rejected,invalid_time,0,0.9179,0.4011,0.0464,4.3200,0.1001,5.7854,165,70.9560
phone-android,medium,2760,move,accepted,moved,1,1.2914,0.3945,0.0544,7.3308,0.1302,9.2013,187,66.2075
phone-android,medium,2761,talk,rejected,not_eligible,0,1.1424,0.4080,0.0531,5.1444,0.1124,6.8605,165,70.9087
phone-android,medium,2762,look,accepted,observed,0,3.0536,0.3794,0.0465,6.4889,0.1172,10.0856,161,65.2408
phone-android,medium,2763,move,accepted,moved,1,1.1365,0.4259,0.0600,5.8718,0.1246,7.6188,189,68.4060
phone-android,medium,2764,move,rejected,exit_unavailable,0,0.9819,0.4955,0.0516,7.3675,0.1483,9.0448,169,66.8037
phone-android,medium,2765,look,accepted,observed,0,1.0728,0.4080,0.0523,4.2745,0.1018,5.9094,161,66.8342
phone-android,medium,2766,move,rejected,exit_unavailable,0,0.9959,0.3761,0.0493,6.8046,0.1168,8.3428,169,71.1435
phone-android,medium,2767,wait,rejected,invalid_time,0,1.4226,0.4675,0.0508,4.7733,0.1105,6.8247,165,66.8455
phone-android,medium,2768,move,accepted,moved,1,0.9306,0.3651,0.0536,7.4482,0.1174,8.9150,187,69.9848
phone-android,medium,2769,activate,rejected,not_eligible,0,3.0618,0.5778,0.0511,3.8894,0.1080,7.6882,165,66.9914
phone-android,medium,2770,look,accepted,observed,0,1.0833,0.4841,0.0506,6.5568,0.1044,8.2792,161,68.4932
phone-android,medium,2771,wait,rejected,invalid_time,0,1.3257,0.5233,0.0577,4.2450,0.1283,6.2800,165,67.0102
phone-android,medium,2772,look,accepted,observed,0,1.0264,0.3697,0.0511,6.9510,0.1101,8.5083,161,66.3572
phone-android,medium,2773,talk,rejected,not_eligible,0,1.1347,0.4107,0.0509,4.4618,0.1035,6.1616,165,70.8755
phone-android,medium,2774,look,accepted,observed,0,1.1689,0.3918,0.0523,6.9479,1.0497,9.6106,161,67.1765
phone-android,medium,2775,look,accepted,observed,0,1.0269,0.3621,0.0481,3.9661,0.0955,5.4988,161,69.2604
phone-android,medium,2776,look,accepted,observed,0,2.6241,0.3507,0.0448,6.2048,0.1039,9.3283,161,64.8884
phone-android,medium,2777,take,rejected,not_present,0,0.8447,0.3503,0.0470,4.4556,0.1294,5.8269,164,68.4779
phone-android,medium,2778,move,rejected,exit_unavailable,0,0.9591,0.4811,0.0543,7.2726,0.1419,8.9090,169,67.6572
phone-android,medium,2779,talk,rejected,not_eligible,0,1.0746,0.4783,0.0516,4.4595,0.0910,6.1551,165,69.1463
phone-android,medium,2780,activate,rejected,not_eligible,0,0.9709,0.3797,0.0470,7.0738,0.1111,8.5826,165,70.3713
phone-android,medium,2781,move,accepted,moved,1,0.9865,0.4084,0.0544,5.7052,0.1248,7.2792,191,66.4127
phone-android,medium,2782,choose,rejected,invalid_choice,0,1.0540,0.4320,0.0503,7.1638,0.1024,8.8024,167,69.6918
phone-android,medium,2783,talk,rejected,not_eligible,0,3.8974,0.4954,0.0472,3.7880,0.1063,8.3343,165,67.9729
phone-android,medium,2784,activate,rejected,not_eligible,0,1.0590,0.3871,0.0495,6.6108,0.1411,8.2475,165,69.4866
phone-android,medium,2785,wait,rejected,invalid_time,0,1.2246,0.4860,0.0503,4.1468,0.1333,6.0410,165,67.2351
phone-android,medium,2786,look,accepted,observed,0,1.0121,0.3959,0.0505,6.7573,0.1221,8.3381,161,68.0043
phone-android,medium,2787,move,accepted,moved,1,1.0072,0.4094,0.0595,5.3186,0.1157,6.9104,189,69.2306
phone-android,medium,2788,move,accepted,moved,1,1.1759,0.4168,0.0567,7.1203,0.1181,8.8878,191,67.1817
phone-android,medium,2789,move,rejected,exit_unavailable,0,1.0295,0.3932,0.0501,4.4067,0.0985,5.9779,169,68.5881
phone-android,medium,2790,activate,rejected,not_eligible,0,1.2826,0.4371,0.0508,6.7070,0.1094,8.5869,165,68.8263
phone-android,medium,2791,take,replayed,not_present,0,1.8029,0.3285,0.0022,0.0005,0.0362,2.1703,0,67.6870
phone-android,medium,2792,drop,replayed,dropped,0,1.7095,0.3095,0.0017,0.0007,0.0346,2.0560,0,68.9660
phone-android,medium,2793,wait,rejected,invalid_time,0,1.1290,0.4365,0.0480,8.3314,0.1086,10.0534,165,69.1342
phone-android,medium,2794,take,accepted,taken,1,1.1116,0.4588,0.0598,6.1645,0.1443,7.9390,189,68.9652
phone-android,medium,2795,look,accepted,observed,0,1.0871,0.3841,0.0498,7.1833,0.1066,8.8110,161,70.3053
phone-android,medium,2796,wait,rejected,invalid_time,0,1.1553,0.5189,0.0509,4.4101,0.1236,6.2587,165,73.6218
phone-android,medium,2797,look,accepted,observed,0,1.0388,0.4110,0.0483,6.4151,0.1160,8.0292,161,66.2271
phone-android,medium,2798,look,accepted,observed,0,1.2138,0.3791,0.0521,4.7362,0.1014,6.4826,161,66.4833
phone-android,medium,2799,look,accepted,observed,0,1.2196,0.3852,0.0505,6.7218,0.1149,8.4921,161,74.4178
phone-android,medium,2800,look,accepted,observed,0,2.1869,0.3549,0.0485,4.0261,0.0911,6.7075,161,65.4889
phone-android,medium,2801,move,accepted,moved,1,1.2544,0.5117,0.0618,8.2892,0.1046,10.2218,187,66.7092
phone-android,medium,2802,drop,accepted,dropped,1,0.7546,0.4038,0.0567,5.0961,0.0985,6.4097,194,70.7101
phone-android,medium,2803,move,accepted,moved,1,1.3017,0.4122,0.0532,7.9861,0.1218,9.8750,191,67.7435
phone-android,medium,2804,look,accepted,observed,0,1.1603,0.3995,0.0510,4.2332,0.1433,5.9873,161,67.6683
phone-android,medium,2805,talk,rejected,not_eligible,0,0.9788,0.3904,0.0477,6.7870,0.1004,8.3043,165,69.7312
phone-android,medium,2806,wait,rejected,invalid_time,0,1.1864,0.3920,0.0458,3.8609,0.1005,5.5856,165,67.7168
phone-android,medium,2807,look,accepted,observed,0,1.0616,0.3768,0.0470,6.7097,0.1044,8.2994,161,65.9176
phone-android,medium,2808,wait,rejected,invalid_time,0,1.1206,0.3985,0.0468,4.2287,0.1083,5.9030,165,69.3449
phone-android,medium,2809,close_choice,rejected,invalid_choice,0,1.1518,0.3833,0.0489,6.9037,0.1183,8.6060,167,66.4646
phone-android,medium,2810,activate,rejected,not_eligible,0,1.0999,0.3842,0.0511,4.8759,0.1109,6.5221,165,68.3158
phone-android,medium,2811,wait,rejected,invalid_time,0,0.9901,0.4355,0.0486,6.7032,0.1134,8.2908,165,66.1266
phone-android,medium,2812,wait,rejected,invalid_time,0,0.8438,0.3574,0.0443,4.7915,0.0922,6.1292,165,67.2120
phone-android,medium,2813,talk,rejected,not_eligible,0,0.9221,0.3689,0.0497,6.5478,0.0993,7.9877,165,70.7431
phone-android,medium,2814,look,accepted,observed,0,1.0901,0.3899,0.0486,3.6918,0.1077,5.3282,161,66.9349
phone-android,medium,2815,talk,rejected,not_eligible,0,0.8958,0.4056,0.0493,6.8105,0.1215,8.2828,165,68.3749
phone-android,medium,2816,take,rejected,not_present,0,1.4941,0.5765,0.0560,4.3698,0.1277,6.6241,164,67.2211
phone-android,medium,2817,take,rejected,not_present,0,0.9783,0.3722,0.0492,6.2661,0.1038,7.7697,164,66.6320
phone-android,medium,2818,move,accepted,moved,1,1.1789,0.4125,0.0573,5.8382,0.1278,7.6146,187,69.0308
phone-android,medium,2819,move,accepted,moved,1,2.4684,0.4126,0.0532,7.1063,0.1058,10.1463,191,65.4353
phone-android,medium,2820,activate,rejected,not_eligible,0,0.7856,0.3391,0.0465,3.3271,0.0864,4.5846,165,67.9402
phone-android,medium,2821,move,accepted,moved,1,1.0349,0.4635,0.0593,8.3457,0.1469,10.0503,189,68.8021
phone-android,medium,2822,look,accepted,observed,0,0.9889,0.4306,0.0532,4.5684,0.1078,6.1489,161,66.8882
phone-android,medium,2823,move,accepted,moved,1,1.2932,0.6078,0.0630,9.2791,0.2560,11.4990,191,71.5287
phone-android,medium,2824,look,accepted,observed,0,6.0398,0.4115,0.0508,5.2016,0.1160,11.8197,161,66.0768
phone-android,medium,2825,look,accepted,observed,0,1.2816,0.4014,0.0533,6.8428,0.1216,8.7007,161,67.5010
phone-android,medium,2826,move,accepted,moved,1,0.8579,0.4046,0.0564,5.6179,0.1665,7.1032,187,66.8962
phone-android,medium,2827,move,accepted,moved,1,1.1250,0.4161,0.0573,8.5166,0.1265,10.2415,189,66.6483
phone-android,medium,2828,move,accepted,moved,1,0.9790,0.4002,0.0588,5.9259,0.1181,7.4820,187,70.6781
phone-android,medium,2829,look,accepted,observed,0,5.3548,0.4020,0.0495,6.8234,0.1149,12.7446,161,66.9040
phone-android,medium,2830,activate,rejected,not_eligible,0,0.8790,0.3953,0.0490,3.5391,0.0878,4.9501,165,67.5167
phone-android,medium,2831,move,rejected,exit_unavailable,0,1.0171,0.4849,0.0549,7.3469,0.1449,9.0488,169,67.4191
phone-android,medium,2832,look,accepted,observed,0,0.9587,0.3889,0.0503,4.2587,0.1080,5.7646,161,65.4813
phone-android,medium,2833,look,accepted,observed,0,0.7595,0.3386,0.0461,3.7248,0.0861,4.9552,161,70.6238
phone-android,medium,2834,move,accepted,moved,1,2.7122,0.4272,0.0542,7.6226,0.1310,10.9472,189,68.2308
phone-android,medium,2835,move,accepted,moved,1,1.1594,0.4638,0.0608,6.1621,0.1208,7.9669,187,67.6108
phone-android,medium,2836,move,accepted,moved,1,0.7539,0.4866,0.0582,7.9822,0.1482,9.4291,191,69.7924
phone-android,medium,2837,move,accepted,moved,1,0.8129,0.3425,0.0509,4.7100,0.1010,6.0173,187,66.7171
phone-android,medium,2838,move,accepted,moved,1,1.1869,0.4047,0.0555,7.8772,0.1204,9.6446,191,70.1887
phone-android,medium,2839,move,accepted,moved,1,2.6326,0.3778,0.0503,4.2036,0.1040,7.3683,187,65.1552
phone-android,medium,2840,look,accepted,observed,0,0.8255,0.3531,0.1148,6.7384,0.0869,8.1188,161,67.3514
phone-android,medium,2841,take,accepted,taken,1,0.7611,0.4496,0.0588,5.3184,0.1164,6.7043,189,68.1454
phone-android,medium,2842,move,accepted,moved,1,0.9390,0.3842,0.0518,7.3369,0.1043,8.8161,189,66.9327
phone-android,medium,2843,look,accepted,observed,0,1.4133,0.4546,0.0558,5.8902,0.1145,7.9284,161,70.1202
phone-android,medium,2844,take,replayed,taken,0,2.7391,0.3342,0.0019,0.0008,0.0334,3.1093,0,65.9894
phone-android,medium,2845,move,rejected,exit_unavailable,0,1.0360,0.3930,0.0495,6.6735,0.1220,8.2742,169,70.1968
phone-android,medium,2846,move,rejected,exit_unavailable,0,1.0973,0.4474,0.0539,4.4042,0.1275,6.1304,169,69.0178
phone-android,medium,2847,drop,accepted,dropped,1,1.2519,0.4035,0.0571,8.0711,0.1922,9.9758,196,66.4133
phone-android,medium,2848,move,accepted,moved,1,1.0352,0.4032,0.0560,5.7532,0.1955,7.4432,187,72.0099
phone-android,medium,2849,wait,rejected,invalid_time,0,1.0851,0.3819,0.0478,7.1006,0.1204,8.7358,165,66.7919
phone-android,medium,2850,close_choice,rejected,invalid_choice,0,1.4514,0.4419,0.0567,5.0456,0.0998,7.0954,167,67.5779
phone-android,medium,2851,move,accepted,moved,1,0.9650,0.5287,0.0604,8.4910,0.1512,10.1964,189,68.3025
phone-android,medium,2852,take,accepted,taken,1,0.7947,0.3816,0.0546,4.8670,0.1003,6.1982,189,66.7332
phone-android,medium,2853,drop,accepted,dropped,1,1.2129,0.5299,0.0636,8.9052,0.1198,10.8315,196,69.4457
phone-android,medium,2854,look,accepted,observed,0,3.4311,0.3444,0.0461,3.2538,0.0870,7.1623,161,65.8892
phone-android,medium,2855,move,rejected,exit_unavailable,0,1.1056,0.4241,0.0534,5.8921,0.1155,7.5907,169,67.1352
phone-android,medium,2856,activate,rejected,not_eligible,0,0.7891,0.4325,0.0502,4.1161,0.1077,5.4956,165,67.4374
phone-android,medium,2857,talk,rejected,not_eligible,0,0.9765,0.4021,0.0511,6.4159,0.1064,7.9520,165,67.3473
phone-android,medium,2858,choose,rejected,invalid_choice,0,1.0886,0.3932,0.0487,4.0240,0.0969,5.6515,167,70.6534
phone-android,medium,2859,take,accepted,taken,1,5.8402,0.4324,0.0568,7.9780,0.1836,14.4910,189,66.0233
phone-android,medium,2860,look,accepted,observed,0,1.1719,0.3836,0.0484,3.9635,0.1066,5.6740,161,67.9740
phone-android,medium,2861,move,accepted,moved,1,0.9284,0.4835,0.0598,8.7979,0.1449,10.4146,187,68.8407
phone-android,medium,2862,talk,rejected,not_eligible,0,0.9903,0.3784,0.0492,4.9127,0.1029,6.4335,165,66.2176
phone-android,medium,2863,activate,rejected,not_eligible,0,1.2102,0.4022,0.0535,6.5530,0.1038,8.3227,165,71.4637
phone-android,medium,2864,move,accepted,moved,1,2.4973,0.3657,0.0511,4.2598,0.1099,7.2838,191,64.7899
phone-android,medium,2865,talk,rejected,not_eligible,0,0.7620,0.3356,0.0460,6.4729,0.1124,7.7289,165,69.2370
phone-android,medium,2866,look,accepted,observed,0,0.9828,0.4395,0.0537,4.3604,0.1094,5.9457,161,66.9419
phone-android,medium,2867,look,accepted,observed,0,1.3411,0.4161,0.0516,7.1183,0.1247,9.0518,161,74.4234
phone-android,medium,2868,look,accepted,observed,0,2.0233,0.3615,0.0476,3.4863,0.0831,6.0018,161,66.2818
phone-android,medium,2869,talk,rejected,not_eligible,0,1.2415,0.3964,0.0504,6.6101,0.1204,8.4186,165,72.8970
phone-android,medium,2870,move,accepted,moved,1,1.6758,0.4504,0.0618,6.4469,0.1084,8.7432,187,67.1478
phone-android,medium,2871,talk,rejected,not_eligible,0,0.8465,0.4030,0.0511,6.6707,0.1070,8.0783,165,68.1219
phone-android,medium,2872,look,accepted,observed,0,1.3140,0.3863,0.1267,4.1703,0.1044,6.1016,161,66.3712
phone-android,medium,2873,look,accepted,observed,0,0.8836,0.3559,0.0468,6.4827,0.1265,7.8956,161,73.8206
phone-android,medium,2874,drop,accepted,dropped,1,1.0702,0.3843,0.0551,5.4931,0.1230,7.1256,194,67.8524
phone-android,medium,2875,wait,rejected,invalid_time,0,1.4956,0.4672,0.0521,7.7506,0.1182,9.8838,165,69.9244
phone-android,medium,2876,take,accepted,taken,1,1.6216,0.6514,0.0745,6.8767,0.1487,9.3729,189,68.4563
phone-android,medium,2877,wait,rejected,invalid_time,0,1.2779,0.4286,0.0526,6.9807,0.1092,8.8490,165,67.3568
phone-android,medium,2878,look,accepted,observed,0,1.0560,0.3835,0.0507,4.7025,0.0986,6.2914,161,71.6924
phone-android,medium,2879,look,accepted,observed,0,2.6027,0.4061,0.0485,6.0756,0.0873,9.2202,161,65.4905
phone-android,medium,2880,wait,rejected,invalid_time,0,1.4877,0.4791,0.0506,5.2636,0.1158,7.3968,165,68.8933
phone-android,medium,2881,look,accepted,observed,0,0.9774,0.4682,0.0551,7.4532,0.1407,9.0946,161,70.3925
phone-android,medium,2882,wait,rejected,invalid_time,0,0.8569,0.3903,0.0498,5.1212,0.1005,6.5187,165,66.5556
phone-android,medium,2883,move,accepted,moved,1,1.1624,0.4418,0.0573,8.1448,0.1179,9.9244,189,69.5640
phone-android,medium,2884,look,accepted,observed,0,1.9210,0.4012,0.0495,4.0589,0.0896,6.5202,161,66.6820
phone-android,medium,2885,look,accepted,observed,0,0.8556,0.3468,0.0481,6.4593,0.0957,7.8055,161,67.9903
phone-android,medium,2886,move,accepted,moved,1,1.6505,0.4247,0.0554,5.7356,0.2079,8.0742,187,69.8195
phone-android,medium,2887,wait,rejected,invalid_time,0,1.0172,0.3955,0.0472,6.4998,0.1141,8.0740,165,66.0981
phone-android,medium,2888,move,accepted,moved,1,1.2875,0.4319,0.0600,5.9338,0.1201,7.8332,189,69.3124
phone-android,medium,2889,drop,accepted,dropped,1,2.4061,0.3555,0.0509,7.7461,0.1116,10.6702,196,68.0233
phone-android,medium,2890,look,accepted,observed,0,1.0496,0.3786,0.0496,4.8285,0.1006,6.4070,161,68.5976
phone-android,medium,2891,look,accepted,observed,0,1.3234,0.5172,0.0561,7.0556,0.1411,9.0934,161,68.7750
phone-android,medium,2892,look,accepted,observed,0,1.2461,0.4118,0.0522,5.1525,0.1123,6.9750,161,67.0518
phone-android,medium,2893,move,accepted,moved,1,1.1351,0.4021,0.0541,7.8454,0.1187,9.5554,187,69.1896
phone-android,medium,2894,choose,rejected,invalid_choice,0,1.1070,0.5079,0.0507,3.8230,0.1145,5.6031,167,68.2112
phone-android,medium,2895,move,accepted,moved,1,1.0616,0.3996,0.0565,7.2489,0.1278,8.8944,189,68.4791
phone-android,medium,2896,move,accepted,moved,1,1.1118,0.8102,0.0703,6.2165,0.1486,8.3574,187,71.3809
phone-android,medium,2897,wait,rejected,invalid_time,0,1.0602,0.3876,0.0443,6.5982,0.1126,8.2029,165,67.7119
phone-android,medium,2898,move,accepted,moved,1,1.6532,0.5135,0.0662,5.8541,0.1142,8.2011,191,71.6500
phone-android,medium,2899,activate,rejected,not_eligible,0,2.3728,0.3678,0.0466,5.8594,0.0988,8.7453,165,65.7648
phone-android,medium,2900,move,accepted,moved,1,0.7870,0.3556,0.0503,4.8720,0.1036,6.1685,189,67.7302
phone-android,medium,2901,look,accepted,observed,0,0.9657,0.4186,0.0891,8.1409,0.1490,9.7634,161,67.5951
phone-android,medium,2902,look,accepted,observed,0,1.0536,0.3835,0.0520,4.7059,0.0970,6.2920,161,67.2665
phone-android,medium,2903,move,accepted,moved,1,1.2646,0.4090,0.0560,8.0985,0.1237,9.9519,191,69.7687
phone-android,medium,2904,look,accepted,observed,0,3.2112,0.4956,0.0510,3.6769,0.0978,7.5325,161,66.6893
phone-android,medium,2905,choose,rejected,invalid_choice,0,0.7581,0.3767,0.0481,6.2526,0.0867,7.5222,167,68.9297
phone-android,medium,2906,look,accepted,observed,0,1.1427,0.4274,0.0553,4.5384,0.1307,6.2945,161,68.4266
phone-android,medium,2907,look,accepted,observed,0,0.9788,0.4185,0.0516,6.4869,0.1018,8.0376,161,67.1515
phone-android,medium,2908,look,accepted,observed,0,1.1027,0.3943,0.0512,4.7167,0.1091,6.3741,161,71.3178
phone-android,medium,2909,take,rejected,not_present,0,3.1253,0.3845,0.0482,6.4596,0.1127,10.1302,164,67.8415
phone-android,medium,2910,move,accepted,moved,1,0.8933,0.3998,0.0543,5.7206,0.1216,7.1896,187,70.2849
phone-android,medium,2911,move,accepted,moved,1,1.3356,0.5377,0.0649,8.3613,0.1438,10.4431,191,66.7614
phone-android,medium,2912,choose,rejected,stale_view,0,0.9964,0.4504,0.0508,4.3272,0.1143,5.9391,163,66.3807
phone-android,medium,2913,move,accepted,moved,1,1.0218,0.3944,0.0552,7.6229,0.1399,9.2342,189,70.8109
phone-android,medium,2914,move,rejected,exit_unavailable,0,1.1258,0.4178,0.0523,4.0082,0.0866,5.6906,169,65.9889
phone-android,medium,2915,look,accepted,observed,0,1.1328,0.3580,0.0494,6.7377,0.1211,8.3990,161,68.0962
phone-android,medium,2916,choose,rejected,invalid_choice,0,1.3247,0.4816,0.0544,5.3320,0.1330,7.3256,167,68.3480
phone-android,medium,2917,drop,replayed,dropped,0,1.5068,0.3074,0.0024,0.0005,0.0342,1.8514,0,66.3372
phone-android,medium,2918,take,rejected,not_present,0,1.0700,0.3866,0.0519,7.2922,0.1118,8.9126,164,74.1537
phone-android,medium,2919,look,accepted,observed,0,2.1600,0.4003,0.0477,4.0917,0.1046,6.8043,161,65.6468
phone-android,medium,2920,move,accepted,moved,1,1.1042,0.4178,0.0579,8.1319,0.1209,9.8327,191,68.3349
phone-android,medium,2921,talk,rejected,not_eligible,0,1.0168,0.4860,0.0549,4.9756,0.1393,6.6727,165,67.9070
phone-android,medium,2922,choose,rejected,invalid_choice,0,1.2317,0.4328,0.0511,6.7553,0.1010,8.5719,167,66.7677
phone-android,medium,2923,choose,rejected,invalid_choice,0,1.0242,0.4100,0.0491,4.7662,0.1073,6.3569,167,69.6093
phone-android,medium,2924,look,accepted,observed,0,4.0367,0.4061,0.0490,6.6309,0.1127,11.2354,161,66.9445
phone-android,medium,2925,look,accepted,observed,0,1.1750,0.3923,0.0494,4.6122,0.1071,6.3360,161,66.1896
phone-android,medium,2926,look,accepted,observed,0,1.2273,0.4048,0.0496,6.5021,0.0999,8.2839,161,72.1108
phone-android,medium,2927,look,accepted,observed,0,1.3098,0.3659,0.0474,3.9827,0.1006,5.8064,161,66.7130
phone-android,medium,2928,move,accepted,moved,1,0.9695,0.4338,0.0554,7.5311,0.1426,9.1325,187,70.0390
phone-android,medium,2929,move,accepted,moved,1,2.8667,0.3880,0.0561,4.6754,0.1032,8.0894,191,64.7023
phone-android,medium,2930,take,rejected,not_present,0,0.7630,0.3437,0.0487,6.2278,0.0938,7.4770,164,67.7208
phone-android,medium,2931,look,accepted,observed,0,0.8890,0.4824,0.0553,4.6228,0.1149,6.1644,161,65.8922
phone-android,medium,2932,look,accepted,observed,0,1.5141,0.4383,0.0499,6.7205,0.1132,8.8360,161,68.4890
phone-android,medium,2933,look,accepted,observed,0,1.4765,0.5072,0.0590,5.6360,0.1895,7.8681,161,69.3441
phone-android,medium,2934,move,accepted,moved,1,0.9550,0.3866,0.0546,7.5866,0.1315,9.1142,189,66.3868
phone-android,medium,2935,look,accepted,observed,0,1.4962,0.4489,0.0560,3.7913,0.0994,5.8919,161,70.1709
phone-android,medium,2936,activate,rejected,not_eligible,0,2.4669,0.3815,0.0507,7.0721,0.1102,10.0814,165,66.5684
phone-android,medium,2937,close_choice,rejected,invalid_choice,0,1.1517,0.3912,0.0515,3.8966,0.0999,5.5909,167,68.1663
phone-android,medium,2938,wait,accepted,waited,1,1.1109,0.5547,0.0603,31.1813,0.1579,33.0651,185,68.0792
phone-android,medium,2939,look,accepted,observed,0,1.0159,0.3704,0.0509,4.4379,0.1048,5.9800,161,66.5555
phone-android,medium,2940,move,accepted,moved,1,0.9994,0.4092,0.0536,7.8991,0.1182,9.4795,191,70.6474
phone-android,medium,2941,activate,rejected,not_eligible,0,3.0608,0.3399,0.0445,3.1633,0.0868,6.6954,165,65.7941
phone-android,medium,2942,take,rejected,not_present,0,0.7709,0.3277,0.0454,6.2169,0.0970,7.4579,164,68.8251
phone-android,medium,2943,activate,rejected,not_eligible,0,1.0714,0.4035,0.0514,4.3090,0.1672,6.0024,165,67.2502
phone-android,medium,2944,move,accepted,moved,1,1.2895,0.3891,0.0559,7.7503,0.1209,9.6058,187,68.2017
phone-android,medium,2945,look,accepted,observed,0,0.9503,0.4468,0.0532,4.4712,0.2160,6.1374,161,68.5471
phone-android,medium,2946,move,accepted,moved,1,1.2577,0.4203,0.0566,8.1340,0.1255,9.9942,191,67.0715
phone-android,medium,2947,move,accepted,moved,1,0.9701,0.3903,0.0540,5.8428,0.1214,7.3784,189,70.2415
phone-android,medium,2948,wait,rejected,invalid_time,0,2.2827,0.4232,0.0490,5.9511,0.1762,8.8822,165,67.3131
phone-android,medium,2949,look,accepted,observed,0,1.0515,0.3928,0.0529,4.2086,0.1297,5.8355,161,67.5729
phone-android,medium,2950,wait,rejected,invalid_time,0,1.0159,0.6728,0.0560,7.3731,0.1466,9.2644,165,68.5504
phone-android,medium,2951,take,rejected,not_present,0,1.1983,0.3991,0.0480,3.9780,0.0947,5.7180,164,66.6029
phone-android,medium,2952,take,rejected,not_present,0,0.9342,0.3779,0.0488,6.3014,0.1067,7.7690,164,73.4306
phone-android,medium,2953,look,accepted,observed,0,4.2488,0.4180,0.0504,4.1098,0.1052,8.9322,161,67.0442
phone-android,medium,2954,move,rejected,exit_unavailable,0,0.9932,0.3740,0.0479,6.6667,0.1236,8.2054,169,68.8481
phone-android,medium,2955,talk,rejected,not_eligible,0,1.3513,0.6354,0.0559,4.1185,0.1285,6.2896,165,66.2915
phone-android,medium,2956,look,accepted,observed,0,0.9747,0.3826,0.0481,6.7403,0.1095,8.2551,161,66.7373
phone-android,medium,2957,move,accepted,moved,1,1.1444,0.4378,0.0566,5.5109,0.1262,7.2759,191,69.6952
phone-android,medium,2958,wait,rejected,invalid_time,0,2.6099,0.3914,0.0447,6.1867,0.0945,9.3271,165,67.9761
phone-android,medium,2959,move,accepted,moved,1,0.7460,0.3656,0.0967,4.5014,0.1045,5.8142,187,67.6394
phone-android,medium,2960,talk,rejected,not_eligible,0,1.4257,0.5311,0.0590,7.4007,0.1434,9.5598,165,67.8033
phone-android,medium,2961,wait,rejected,invalid_time,0,1.0349,0.3712,0.0444,4.3940,0.1319,5.9764,165,66.0078
phone-android,medium,2962,look,accepted,observed,0,1.1334,0.4056,0.0527,7.0788,0.1068,8.7772,161,72.0597
phone-android,medium,2963,move,accepted,moved,1,3.6659,0.4539,0.0548,5.3217,0.1241,9.6204,191,66.6041
phone-android,medium,2964,move,accepted,moved,1,1.0960,0.3906,0.0577,8.1585,0.1459,9.8486,189,68.0793
phone-android,medium,2965,choose,rejected,invalid_choice,0,1.0522,0.6198,0.0631,4.7522,0.1319,6.6193,167,67.8987
phone-android,medium,2966,look,accepted,observed,0,1.0542,0.3792,0.0501,6.9073,0.1220,8.5127,161,66.8533
phone-android,medium,2967,look,accepted,observed,0,1.0434,0.3931,0.0549,4.2205,0.0971,5.8090,161,71.3442
phone-android,medium,2968,wait,rejected,invalid_time,0,2.6031,0.4111,0.0458,5.9936,0.1170,9.1707,165,65.4539
phone-android,medium,2969,move,accepted,moved,1,0.9801,0.3940,0.0535,4.8352,0.1136,6.3763,191,68.4527
phone-android,medium,2970,look,accepted,observed,0,1.2900,0.5041,0.0532,7.2567,0.1127,9.2167,161,67.7483
phone-android,medium,2971,look,accepted,observed,0,1.0752,0.3968,0.0518,4.5476,0.1024,6.1739,161,66.5233
phone-android,medium,2972,talk,rejected,not_eligible,0,1.1217,0.4969,0.0533,6.9236,0.1188,8.7143,165,71.8167
phone-android,medium,2973,move,rejected,exit_unavailable,0,3.1632,0.4240,0.0493,3.7869,0.1136,7.5370,169,65.4354
phone-android,medium,2974,move,accepted,moved,1,1.0932,0.4330,0.0562,7.5359,0.1231,9.2415,189,68.1555
phone-android,medium,2975,choose,rejected,stale_view,0,1.0845,0.5106,0.0550,5.4313,0.1355,7.2169,163,68.7988
phone-android,medium,2976,look,accepted,observed,0,1.2976,0.4381,0.0553,6.9116,0.1099,8.8125,161,66.8714
phone-android,medium,2977,move,accepted,moved,1,0.8550,0.4627,0.0636,5.0369,0.1093,6.5275,191,70.8792
phone-android,medium,2978,move,accepted,moved,1,4.8083,0.4237,0.0551,7.5891,0.1358,13.0119,187,66.1902
phone-android,medium,2979,take,rejected,not_present,0,1.0778,0.3928,0.0509,4.5157,0.1010,6.1383,164,68.8663
phone-android,medium,2980,look,accepted,observed,0,0.9284,0.4596,0.0532,8.2454,0.1458,9.8324,161,68.5777
phone-android,medium,2981,move,rejected,exit_unavailable,0,1.1613,0.4112,0.0486,4.1873,0.1040,5.9124,169,67.4415
phone-android,medium,2982,move,accepted,moved,1,1.0069,0.5241,0.0604,7.7612,0.1387,9.4913,189,69.1699
phone-android,medium,2983,take,accepted,taken,1,0.9903,0.4577,0.0610,5.5999,0.1238,7.2328,189,66.9676
phone-android,medium,2984,drop,rejected,integrity_conflict,0,2.2237,0.3066,0.0020,0.0005,0.0369,2.5697,0,70.1932
phone-android,medium,2985,look,accepted,observed,0,3.1807,0.3779,0.0488,6.1168,0.0914,9.8156,161,66.8249
phone-android,medium,2986,wait,rejected,invalid_time,0,0.9684,0.3732,0.0479,4.2557,0.0965,5.7418,165,68.4981
phone-android,medium,2987,talk,rejected,not_eligible,0,1.1302,0.5830,0.0571,7.6965,0.1426,9.6093,165,69.0025
phone-android,medium,2988,look,accepted,observed,0,1.0980,0.3726,0.0498,4.2924,0.1040,5.9168,161,66.9715
phone-android,medium,2989,talk,rejected,not_eligible,0,1.2559,0.4100,0.0497,7.0481,0.0989,8.8626,165,72.6483
phone-android,medium,2990,drop,accepted,dropped,1,2.9538,0.3734,0.0526,5.0899,0.1048,8.5745,196,65.5026
phone-android,medium,2991,move,accepted,moved,1,0.8564,0.3936,0.0563,7.0855,0.1043,8.4961,187,68.6440
phone-android,medium,2992,wait,rejected,invalid_time,0,1.5209,0.5420,0.0530,4.3270,0.1311,6.5740,165,67.5554
phone-android,medium,2993,take,rejected,not_present,0,0.8077,0.3304,0.0474,5.8446,0.0955,7.1256,164,68.2726
phone-android,medium,2994,choose,rejected,invalid_choice,0,1.0919,0.5462,0.0536,4.3123,0.0993,6.1033,167,73.1900
phone-android,medium,2995,move,rejected,exit_unavailable,0,1.8984,0.4366,0.0478,5.9087,0.0918,8.3832,169,66.4495
phone-android,medium,2996,move,accepted,moved,1,0.8205,0.3505,0.0525,4.6921,0.1007,6.0163,191,69.1457
phone-android,medium,2997,take,rejected,not_present,0,0.9008,0.4204,0.0564,6.7113,0.1102,8.1991,164,69.3138
phone-android,medium,2998,move,accepted,moved,1,1.2447,0.4129,0.0571,5.3580,0.1089,7.1816,189,65.1949
phone-android,medium,2999,look,accepted,observed,0,0.9988,0.3798,0.1173,6.5155,0.1599,8.1714,161,69.4538
phone-android,stress,1000,move,accepted,moved,1,0.6492,0.3869,0.0566,4.8296,0.1271,6.0494,190,266.1913
phone-android,stress,1001,move,accepted,moved,1,1.1737,0.4002,0.0549,8.4298,0.1030,10.1617,188,256.2770
phone-android,stress,1002,move,accepted,moved,1,1.1051,0.4347,0.0548,9.0204,0.1391,10.7541,190,268.9091
phone-android,stress,1003,wait,rejected,invalid_time,0,0.7858,0.3610,0.0458,7.3113,0.1106,8.6145,164,268.8649
phone-android,stress,1004,move,accepted,moved,1,1.4276,1.0426,0.0567,8.4314,0.1551,11.1134,186,267.3350
phone-android,stress,1005,move,accepted,moved,1,0.9183,0.4389,0.0540,8.8941,0.1287,10.4340,188,256.7544
phone-android,stress,1006,choose,rejected,invalid_choice,0,1.0915,0.3893,0.0476,7.8146,0.1211,9.4642,166,259.5193
phone-android,stress,1007,move,accepted,moved,1,4.2255,0.4485,0.0535,8.3343,0.1085,13.1703,186,265.8274
phone-android,stress,1008,look,accepted,observed,0,1.0090,0.4039,0.0494,8.1647,0.1262,9.7532,160,252.7833
phone-android,stress,1009,take,rejected,not_present,0,0.8154,0.3940,0.0509,7.2188,0.0966,8.5756,163,249.9447
phone-android,stress,1010,move,accepted,moved,1,0.8228,0.3983,0.0575,7.6377,0.1099,9.0262,190,278.8967
phone-android,stress,1011,choose,rejected,invalid_choice,0,0.9894,0.3928,0.0490,8.3249,0.1326,9.8885,166,252.2507
phone-android,stress,1012,look,accepted,observed,0,0.8496,0.3979,0.0518,7.1882,0.1103,8.5978,160,256.5514
phone-android,stress,1013,talk,rejected,not_eligible,0,6.7578,0.3433,0.0453,7.5336,0.1281,14.8081,164,265.7907
phone-android,stress,1014,look,accepted,observed,0,2.0921,0.4136,0.0486,7.7044,0.1107,10.3694,160,261.7647
phone-android,stress,1015,move,accepted,moved,1,0.8073,0.3747,0.0542,8.7035,0.2265,10.1663,188,256.3746
phone-android,stress,1016,wait,rejected,invalid_time,0,1.0061,0.4815,0.0461,7.0988,0.1834,8.8159,164,259.7859
phone-android,stress,1017,look,accepted,observed,0,0.8922,0.4633,0.0533,8.7914,0.1692,10.3694,160,255.9078
phone-android,stress,1018,move,accepted,moved,1,5.3042,0.3889,0.0520,8.3945,0.1456,14.2852,190,255.4431
phone-android,stress,1019,take,accepted,taken,1,1.5113,0.5663,0.0581,10.0373,0.1796,12.3525,188,265.5968
phone-android,stress,1020,look,accepted,observed,0,0.7392,0.3674,0.0490,7.6687,0.1369,8.9613,160,248.9345
phone-android,stress,1021,look,accepted,observed,0,0.8185,0.3920,0.0491,6.9117,0.1052,8.2766,160,267.8338
phone-android,stress,1022,drop,accepted,dropped,1,1.0299,0.4657,0.0575,9.3305,0.1314,11.0149,197,254.2191
phone-android,stress,1023,activate,rejected,stale_view,0,0.7907,0.3329,0.0477,7.2144,0.1051,8.4908,162,257.5599
phone-android,stress,1024,move,accepted,moved,1,8.5362,0.4157,0.0563,8.5953,0.1457,17.7492,186,251.1670
phone-android,stress,1025,look,accepted,observed,0,1.0664,0.3872,0.0499,7.9413,0.1417,9.5865,160,255.4417
phone-android,stress,1026,move,rejected,exit_unavailable,0,1.2164,0.4683,0.0527,7.8606,0.1408,9.7388,168,250.5950
phone-android,stress,1027,move,accepted,moved,1,0.7855,0.3633,0.0520,8.8527,0.1110,10.1646,188,257.0030
phone-android,stress,1028,move,accepted,moved,1,1.4968,0.5595,0.0599,9.5511,0.1518,11.8192,186,253.5059
phone-android,stress,1029,look,accepted,observed,0,1.0631,0.4376,0.0492,8.0384,0.1104,9.6988,160,262.5587
phone-android,stress,1030,move,accepted,moved,1,0.7538,0.3577,0.0524,8.2959,0.1419,9.6017,188,251.1053
phone-android,stress,1031,look,accepted,observed,0,0.9882,0.3578,0.0491,7.7174,0.1508,9.2634,160,255.2559
phone-android,stress,1032,take,rejected,not_present,0,1.3712,0.5349,0.0505,7.8154,0.1017,9.8736,163,253.8939
phone-android,stress,1033,take,rejected,not_present,0,1.4363,0.5167,0.0538,8.2267,0.2355,10.4690,163,261.2573
phone-android,stress,1034,talk,rejected,not_eligible,0,0.8147,0.3714,0.0498,8.0043,0.1183,9.3584,165,253.9303
phone-android,stress,1035,take,rejected,not_present,0,0.8422,0.3636,0.0484,7.5244,0.1313,8.9100,164,256.1536
phone-android,stress,1036,look,accepted,observed,0,1.2897,0.5323,0.0496,7.5017,0.1169,9.4903,161,251.7452
phone-android,stress,1037,move,accepted,moved,1,1.1644,0.3963,0.0552,9.0831,0.1902,10.8892,187,262.7930
phone-android,stress,1038,talk,rejected,not_eligible,0,0.7641,0.3318,0.0470,6.5422,0.1101,7.7952,165,247.3388
phone-android,stress,1039,move,accepted,moved,1,0.8111,0.3644,0.0534,8.0718,0.1646,9.4653,191,264.5311
phone-android,stress,1040,activate,rejected,not_eligible,0,1.8085,0.5526,0.0521,7.5877,0.1082,10.1091,165,271.8963
phone-android,stress,1041,talk,rejected,not_eligible,0,1.3860,0.5220,0.0509,8.4356,0.1434,10.5379,165,267.9320
phone-android,stress,1042,look,accepted,observed,0,0.7440,0.3484,0.1269,7.2253,0.1029,8.5474,161,263.4965
phone-android,stress,1043,move,rejected,exit_unavailable,0,1.3244,0.5020,0.0505,7.6970,0.1143,9.6882,169,251.7484
phone-android,stress,1044,take,replayed,not_present,0,1.0833,0.2801,0.0017,0.0006,0.0323,1.3979,0,333.6494
phone-android,stress,1045,activate,rejected,not_eligible,0,0.8340,0.3712,0.0473,7.3286,0.1019,8.6830,165,253.4917
phone-android,stress,1046,look,accepted,observed,0,0.8691,0.4083,0.0514,7.5374,0.0972,8.9635,161,261.1412
phone-android,stress,1047,look,accepted,observed,0,0.8280,0.3411,0.0468,7.3758,0.1135,8.7053,161,261.5640
phone-android,stress,1048,move,accepted,moved,1,4.5368,0.3877,0.0530,8.2577,0.1208,13.3559,189,254.8815
phone-android,stress,1049,activate,rejected,not_eligible,0,1.8290,0.5155,0.0517,7.7598,0.1038,10.2597,165,257.7453
phone-android,stress,1050,move,accepted,moved,1,1.7348,0.6120,0.0595,10.0675,0.1471,12.6209,191,266.4824
phone-android,stress,1051,look,accepted,observed,0,0.9667,0.3660,0.0513,8.5293,0.1681,10.0814,161,264.9139
phone-android,stress,1052,wait,rejected,invalid_time,0,1.1610,0.5270,0.0995,7.9922,0.1508,9.9306,165,258.7005
phone-android,stress,1053,choose,rejected,invalid_choice,0,0.7995,0.3752,0.0475,7.2657,0.1010,8.5889,167,263.5847
phone-android,stress,1054,wait,rejected,invalid_time,0,4.9677,0.3701,0.0447,8.1240,0.1263,13.6327,165,262.7341
phone-android,stress,1055,look,accepted,observed,0,4.7722,0.3430,0.0459,6.9946,0.1187,12.2744,161,266.0180
phone-android,stress,1056,wait,rejected,invalid_time,0,1.0383,0.7254,0.0538,6.7270,0.0886,8.6331,165,268.0334
phone-android,stress,1057,take,accepted,taken,1,4.3895,0.3521,0.0514,8.4149,0.1367,13.3446,189,263.8749
phone-android,stress,1058,move,accepted,moved,1,1.3738,0.6348,0.0565,8.9640,0.1573,11.1864,187,254.7367
phone-android,stress,1059,move,accepted,moved,1,1.3210,0.7342,0.0571,9.2027,0.1364,11.4514,191,270.2314
phone-android,stress,1060,look,accepted,observed,0,0.8366,0.3202,0.0452,7.5995,0.1077,8.9092,161,256.2873
phone-android,stress,1061,talk,rejected,not_eligible,0,1.4553,0.5960,0.0531,8.6092,0.1460,10.8597,165,254.4243
phone-android,stress,1062,wait,rejected,invalid_time,0,0.7461,0.3507,0.0483,7.1370,0.0967,8.3789,165,252.7957
phone-android,stress,1063,take,replayed,not_present,0,1.8257,0.3835,0.0021,0.0007,0.0367,2.2486,0,261.1774
phone-android,stress,1064,move,accepted,moved,1,0.7765,0.3781,0.0542,9.4042,0.1116,10.7245,187,252.5628
phone-android,stress,1065,choose,rejected,invalid_choice,0,0.9809,0.4387,0.0653,7.4464,0.1067,9.0380,167,255.7710
phone-android,stress,1066,move,accepted,moved,1,1.2003,0.5633,0.0561,8.9730,0.1077,10.9005,191,255.7201
phone-android,stress,1067,move,accepted,moved,1,1.7077,0.5449,0.0563,10.0537,0.1502,12.5128,187,262.0032
phone-android,stress,1068,drop,replayed,dropped,0,0.9983,0.2792,0.0016,0.0007,0.0318,1.3115,0,246.1599
phone-android,stress,1069,look,accepted,observed,0,0.8425,0.3563,0.0468,7.4396,0.1013,8.7865,161,257.6407
phone-android,stress,1070,move,accepted,moved,1,1.4477,0.6219,0.0582,9.5456,0.1424,11.8158,191,252.6348
phone-android,stress,1071,move,accepted,moved,1,1.5894,0.5990,0.0564,9.7010,0.1484,12.0942,187,263.8502
phone-android,stress,1072,talk,rejected,not_eligible,0,1.0912,0.3553,0.0502,8.0778,0.1050,9.6794,165,252.4809
phone-android,stress,1073,activate,rejected,not_eligible,0,1.0162,0.4674,0.0496,8.3992,0.1317,10.0641,165,256.4129
phone-android,stress,1074,move,accepted,moved,1,1.3102,0.5943,0.0583,8.9297,0.1106,11.0031,191,253.4690
phone-android,stress,1075,look,accepted,observed,0,1.2732,0.5361,0.0492,8.3074,0.1443,10.3103,161,264.7079
phone-android,stress,1076,move,accepted,moved,1,0.8748,0.3690,0.0552,9.0184,0.1531,10.4705,189,246.8157
phone-android,stress,1077,move,accepted,moved,1,0.8958,0.3742,0.0541,8.9886,0.1159,10.4287,191,258.0555
phone-android,stress,1078,move,accepted,moved,1,1.0651,0.5840,0.0582,8.5626,0.1142,10.3840,187,252.8905
phone-android,stress,1079,move,accepted,moved,1,1.6407,0.8750,0.0632,9.9636,0.1413,12.6838,189,263.2536
phone-android,stress,1080,move,accepted,moved,1,0.7657,0.3759,0.0563,8.9090,0.1145,10.2215,187,249.7762
phone-android,stress,1081,talk,rejected,not_eligible,0,0.8329,0.3554,0.0463,7.8381,0.0957,9.1683,165,255.0610
phone-android,stress,1082,look,accepted,observed,0,1.3018,0.7460,0.0549,7.8477,0.0939,10.0443,161,253.8235
phone-android,stress,1083,choose,rejected,stale_view,0,1.1555,0.4811,0.0485,7.6017,0.1224,9.4092,163,264.6839
phone-android,stress,1084,activate,rejected,not_eligible,0,0.9700,0.3796,0.0529,7.8438,0.1127,9.3590,165,252.8782
phone-android,stress,1085,wait,rejected,invalid_time,0,0.8517,0.3557,0.0429,6.8718,0.0961,8.2181,165,253.5898
phone-android,stress,1086,move,rejected,exit_unavailable,0,1.0347,0.4294,0.0502,7.8033,0.1229,9.4406,169,255.3297
phone-android,stress,1087,activate,rejected,not_eligible,0,2.1900,0.4598,0.0514,7.9945,0.1381,10.8339,165,261.4449
phone-android,stress,1088,look,accepted,observed,0,0.9196,0.3678,0.1528,7.3701,0.1256,8.9358,161,250.2841
phone-android,stress,1089,move,accepted,moved,1,0.8694,0.3794,0.0542,8.4891,0.1216,9.9138,191,255.2158
phone-android,stress,1090,move,accepted,moved,1,0.9800,0.4064,0.0551,8.2167,0.1110,9.7693,187,254.8673
phone-android,stress,1091,close_choice,rejected,invalid_choice,0,1.6398,0.6362,0.0564,8.3172,0.1416,10.7912,167,263.9187
phone-android,stress,1092,look,accepted,observed,0,0.8290,0.3428,0.0465,7.1889,0.1023,8.5094,161,252.6904
phone-android,stress,1093,activate,rejected,not_eligible,0,1.0334,0.3521,0.0472,7.6677,0.1201,9.2205,165,257.3683
phone-android,stress,1094,move,accepted,moved,1,0.9948,0.4897,0.0569,8.2323,0.1241,9.8979,189,253.1339
phone-android,stress,1095,look,accepted,observed,0,1.0723,0.4632,0.0496,7.7721,0.1148,9.4721,161,265.8573
phone-android,stress,1096,look,accepted,observed,0,0.9886,0.3852,0.0531,7.6454,0.1165,9.1888,161,254.0379
phone-android,stress,1097,move,accepted,moved,1,1.1014,0.4088,0.0559,8.6288,0.1831,10.3780,187,257.3341
phone-android,stress,1098,look,accepted,observed,0,1.0817,0.4899,0.0516,6.2190,0.1051,7.9473,161,257.0206
phone-android,stress,1099,choose,rejected,invalid_choice,0,1.5898,0.5460,0.0533,7.9177,0.1412,10.2480,167,264.1439
phone-android,stress,1100,activate,rejected,not_eligible,0,0.8951,0.3726,0.0519,7.8530,0.1176,9.2902,165,251.6528
phone-android,stress,1101,look,accepted,observed,0,0.8326,0.3431,0.0477,8.0637,0.1337,9.4209,161,258.1958
phone-android,stress,1102,move,accepted,moved,1,1.4417,0.8025,0.0618,8.4557,0.1492,10.9109,191,252.2902
phone-android,stress,1103,move,accepted,moved,1,1.6792,0.8278,0.0636,9.6177,0.1521,12.3404,189,265.1233
phone-android,stress,1104,look,accepted,observed,0,0.9029,0.3437,0.0472,7.5071,0.1152,8.9161,161,251.2983
phone-android,stress,1105,drop,accepted,dropped,1,1.0243,0.4005,0.0544,8.8882,0.1522,10.5195,196,258.5478
phone-android,stress,1106,look,accepted,observed,0,1.0738,0.7368,0.0558,7.7791,0.1398,9.7853,161,255.1828
phone-android,stress,1107,move,accepted,moved,1,1.3711,0.5692,0.0562,9.1968,0.1423,11.3356,191,266.3608
phone-android,stress,1108,move,accepted,moved,1,0.8237,0.3573,0.0544,8.6583,0.1215,10.0152,189,253.1453
phone-android,stress,1109,wait,accepted,waited,1,0.8664,0.3711,0.0522,8.0386,0.1121,9.4405,185,255.9617
phone-android,stress,1110,move,rejected,exit_unavailable,0,1.1636,0.6816,0.0532,8.1763,0.1402,10.2148,169,253.7681
phone-android,stress,1111,move,accepted,moved,1,1.4309,0.5794,0.0592,9.4285,0.1491,11.6470,191,263.0809
phone-android,stress,1112,look,accepted,observed,0,0.9105,0.3598,0.0502,7.6569,0.1678,9.1452,161,252.1953
phone-android,stress,1113,look,accepted,observed,0,0.7804,0.3950,0.0467,7.7990,0.1131,9.1342,161,256.5316
phone-android,stress,1114,look,accepted,observed,0,1.0718,0.5530,0.0517,7.8374,0.1316,9.6455,161,254.1574
phone-android,stress,1115,look,accepted,observed,0,1.5787,0.5339,0.0554,8.6308,0.1362,10.9349,161,259.1116
phone-android,stress,1116,move,accepted,moved,1,0.9332,0.4646,0.0709,8.9757,0.1390,10.5834,187,251.4850
phone-android,stress,1117,look,accepted,observed,0,0.8268,0.3277,0.0473,3.6280,0.0862,4.9160,161,259.0209
phone-android,stress,1118,move,accepted,moved,1,4.7523,0.3795,0.0508,9.0713,0.1458,14.3997,191,252.3539
phone-android,stress,1119,look,accepted,observed,0,1.7601,0.5652,0.0542,9.3169,0.1471,11.8435,161,262.7044
phone-android,stress,1120,look,accepted,observed,0,0.9338,0.3634,0.0483,7.7327,0.1019,9.1801,161,249.5775
phone-android,stress,1121,move,rejected,exit_unavailable,0,0.8903,0.3625,0.0452,7.3595,0.1008,8.7582,169,250.8910
phone-android,stress,1122,activate,rejected,not_eligible,0,1.0812,0.5255,0.0516,7.9510,0.1110,9.7204,165,251.7890
phone-android,stress,1123,wait,rejected,invalid_time,0,1.4779,0.6222,0.0548,8.4219,0.1184,10.6953,165,258.7875
phone-android,stress,1124,look,accepted,observed,0,0.7683,0.3339,0.0459,7.3961,0.0991,8.6433,161,248.4006
phone-android,stress,1125,move,accepted,moved,1,0.7865,0.3751,0.0529,8.3830,0.1092,9.7067,187,254.7079
phone-android,stress,1126,move,accepted,moved,1,1.0544,0.4082,0.0735,8.7491,0.1072,10.3925,191,254.2020
phone-android,stress,1127,choose,rejected,stale_view,0,1.0652,0.3894,0.0469,7.7792,0.1174,9.3981,163,258.6639
phone-android,stress,1128,choose,rejected,invalid_choice,0,0.8760,0.4019,0.0503,7.9955,0.1315,9.4552,167,250.7115
phone-android,stress,1129,look,accepted,observed,0,1.0099,0.4443,0.0522,7.6378,0.1158,9.2602,161,256.4145
phone-android,stress,1130,take,rejected,not_present,0,1.2462,0.4465,0.0503,8.0366,0.1110,9.8906,164,252.2754
phone-android,stress,1131,choose,rejected,invalid_choice,0,1.1863,0.5450,0.0518,7.8001,0.1101,9.6931,167,263.1476
phone-android,stress,1132,look,accepted,observed,0,1.0095,0.3439,0.0491,8.1470,0.1248,9.6743,161,251.3608
phone-android,stress,1133,move,accepted,moved,1,0.8255,0.3699,0.0531,8.6051,0.1160,9.9695,189,253.8122
phone-android,stress,1134,move,rejected,exit_unavailable,0,1.0156,0.5197,0.0504,7.7967,0.1103,9.4928,169,254.4805
phone-android,stress,1135,look,accepted,observed,0,1.4392,0.7604,0.0577,8.3511,0.1473,10.7557,161,264.2423
phone-android,stress,1136,activate,rejected,not_eligible,0,0.9296,0.3794,0.0508,7.6630,0.1092,9.1319,165,251.4222
phone-android,stress,1137,look,accepted,observed,0,0.7884,0.3431,0.0471,7.0027,0.1008,8.2820,161,256.1044
phone-android,stress,1138,look,accepted,observed,0,1.0839,0.5501,0.0504,7.6734,0.1193,9.4770,161,252.0545
phone-android,stress,1139,move,accepted,moved,1,1.6441,0.5886,0.0949,10.7578,0.1440,13.2295,191,260.4979
phone-android,stress,1140,move,accepted,moved,1,0.7495,0.3531,0.0514,8.1034,0.1082,9.3656,187,249.7838
phone-android,stress,1141,choose,rejected,invalid_choice,0,0.9988,0.3919,0.0472,7.4680,0.1142,9.0202,167,257.2901
phone-android,stress,1142,look,accepted,observed,0,1.2816,0.5286,0.0504,7.2270,0.1057,9.1932,161,253.8271
phone-android,stress,1143,move,accepted,moved,1,1.2964,0.8125,0.0636,10.0073,0.1473,12.3271,191,263.5653
phone-android,stress,1144,look,accepted,observed,0,1.0423,0.3315,0.0459,7.2656,0.0984,8.7839,161,250.1223
phone-android,stress,1145,take,rejected,not_present,0,1.1724,0.3855,0.0510,8.0021,0.1097,9.7207,164,257.5750
phone-android,stress,1146,look,accepted,observed,0,1.0733,0.5086,0.0498,7.7642,0.1112,9.5072,161,252.8885
phone-android,stress,1147,wait,rejected,invalid_time,0,1.2736,0.7311,0.0508,7.9662,0.1112,10.1330,165,261.4736
phone-android,stress,1148,choose,rejected,invalid_choice,0,0.7556,0.3703,0.0474,7.5317,0.1130,8.8180,167,251.6827
phone-android,stress,1149,move,accepted,moved,1,0.8170,0.3700,0.0508,8.1684,0.1150,9.5213,189,256.0994
phone-android,stress,1150,take,accepted,taken,1,1.3311,0.5788,0.0578,8.5220,0.1220,10.6118,189,254.3939
phone-android,stress,1151,move,accepted,moved,1,1.4511,0.5039,0.0594,10.6099,0.1480,12.7723,191,261.1742
phone-android,stress,1152,drop,accepted,dropped,1,1.0365,0.3598,0.0570,6.1635,0.1360,7.7528,198,257.2520
phone-android,stress,1153,look,accepted,observed,0,1.3235,0.8025,0.0540,8.7022,0.1445,11.0268,161,263.2450
phone-android,stress,1154,move,accepted,moved,1,0.7518,0.3631,0.0516,8.0252,0.1176,9.3092,189,244.4218
phone-android,stress,1155,look,accepted,observed,0,1.1019,0.3548,0.0468,7.4988,0.1271,9.1294,161,253.8919
phone-android,stress,1156,move,accepted,moved,1,0.8837,0.3564,0.0526,8.3811,0.1163,9.7901,191,255.6346
phone-android,stress,1157,look,accepted,observed,0,1.4134,0.5396,0.0509,7.9838,0.1020,10.0898,161,264.4681
phone-android,stress,1158,move,rejected,exit_unavailable,0,0.8551,0.4094,0.0534,8.3313,0.1279,9.7770,169,256.6052
phone-android,stress,1159,look,accepted,observed,0,1.2155,0.5456,0.0514,7.5647,0.1077,9.4849,161,267.6351
phone-android,stress,1160,move,accepted,moved,1,0.8052,0.3645,0.0535,18.6573,0.1530,20.0335,187,252.8525
phone-android,stress,1161,move,accepted,moved,1,0.7855,0.4080,0.0567,8.7992,0.1520,10.2014,189,256.7633
phone-android,stress,1162,talk,rejected,not_eligible,0,0.8113,0.3977,0.0504,7.5872,0.1083,8.9550,165,253.6598
phone-android,stress,1163,look,accepted,observed,0,6.1002,0.3560,0.0460,8.0464,0.1261,14.6747,161,258.4714
phone-android,stress,1164,look,accepted,observed,0,1.2211,0.5064,0.0506,7.5805,0.1111,9.4697,161,255.3434
phone-android,stress,1165,look,accepted,observed,0,1.6686,0.8129,0.0578,9.4941,0.2046,12.2381,161,271.1702
phone-android,stress,1166,look,accepted,observed,0,0.9158,0.3410,0.0509,7.9957,0.1216,9.4251,161,253.0725
phone-android,stress,1167,move,rejected,exit_unavailable,0,0.8146,0.3607,0.0456,7.7295,0.1967,9.1472,169,258.4562
phone-android,stress,1168,look,accepted,observed,0,1.5313,0.8192,0.0628,9.2383,0.1407,11.7922,161,251.1901
phone-android,stress,1169,wait,rejected,invalid_time,0,1.4578,0.5308,0.0487,8.4385,0.1388,10.6146,165,262.7441
phone-android,stress,1170,move,accepted,moved,1,0.9309,0.4451,0.0548,9.1332,0.1403,10.7044,187,251.1181
phone-android,stress,1171,look,accepted,observed,0,1.0346,0.3626,0.0491,7.6345,0.1170,9.1979,161,256.5710
phone-android,stress,1172,take,rejected,not_present,0,1.1451,0.5548,0.0533,7.5161,0.1087,9.3781,164,254.0473
phone-android,stress,1173,move,accepted,moved,1,1.1501,0.5635,0.0571,8.7830,0.1224,10.6761,191,265.7692
phone-android,stress,1174,activate,rejected,not_eligible,0,0.9116,0.3535,0.0506,7.7749,0.1156,9.2064,165,302.6939
phone-android,stress,1175,wait,rejected,invalid_time,0,1.2760,0.8086,0.0543,7.6862,0.1448,9.9698,165,257.4612
phone-android,stress,1176,take,accepted,taken,1,6.1242,0.3565,0.0538,9.0987,0.1394,15.7726,189,266.3740
phone-android,stress,1177,activate,rejected,not_eligible,0,1.0661,0.3745,0.0480,7.9315,0.1311,9.5513,165,248.2422
phone-android,stress,1178,wait,rejected,invalid_time,0,0.7705,0.3599,0.0467,7.7820,0.0998,9.0590,165,253.8815
phone-android,stress,1179,move,accepted,moved,1,0.8309,0.3692,0.0516,8.5934,0.1449,9.9899,187,251.9687
phone-android,stress,1180,move,accepted,moved,1,1.2813,0.5533,0.0561,8.9915,0.1474,11.0296,189,257.3992
phone-android,stress,1181,choose,rejected,invalid_choice,0,1.0613,0.4132,0.0505,8.2484,0.1472,9.9206,167,249.6587
phone-android,stress,1182,wait,rejected,invalid_time,0,4.9062,0.3759,0.0442,7.2883,0.1360,12.7506,165,258.3802
phone-android,stress,1183,look,accepted,observed,0,1.3882,0.4755,0.0505,7.3724,0.1169,9.4034,161,253.2293
phone-android,stress,1184,look,accepted,observed,0,1.4769,0.5696,0.0527,9.2047,0.1897,11.4936,161,262.1704
phone-android,stress,1185,move,accepted,moved,1,0.7359,0.3471,0.0529,8.9063,0.1474,10.1896,187,255.6628
phone-android,stress,1186,activate,rejected,not_eligible,0,0.7754,0.3503,0.0468,7.5990,0.1003,8.8718,165,259.8729
phone-android,stress,1187,close_choice,rejected,invalid_choice,0,1.7720,0.5233,0.0509,8.3821,0.1091,10.8374,167,252.1933
phone-android,stress,1188,move,accepted,moved,1,1.7849,0.8065,0.0641,9.8317,0.1352,12.6224,191,267.2871
phone-android,stress,1189,close_choice,rejected,invalid_choice,0,0.9790,0.3491,0.0481,7.7486,0.1138,9.2385,167,250.8830
phone-android,stress,1190,look,accepted,observed,0,1.0128,0.3675,0.0488,7.6517,0.1078,9.1886,161,257.2987
phone-android,stress,1191,move,rejected,exit_unavailable,0,1.3355,0.4343,0.0486,7.2517,0.1099,9.1799,169,255.6890
phone-android,stress,1192,look,accepted,observed,0,1.3793,0.5475,0.0508,7.8098,0.1452,9.9326,161,258.2768
phone-android,stress,1193,look,accepted,observed,0,0.7538,0.3257,0.0513,8.4664,0.1317,9.7289,161,249.9988
phone-android,stress,1194,wait,rejected,invalid_time,0,0.7922,0.3516,0.0457,7.6863,0.0998,8.9757,165,256.1665
phone-android,stress,1195,move,accepted,moved,1,1.3631,0.5420,0.0570,9.0146,0.1195,11.0962,187,252.3424
phone-android,stress,1196,choose,rejected,invalid_choice,0,1.7611,0.8234,0.0590,9.0119,0.1433,11.7986,167,266.7278
phone-android,stress,1197,talk,rejected,not_eligible,0,0.7515,0.3253,0.0460,7.3471,0.1015,8.5714,165,250.6131
phone-android,stress,1198,move,rejected,exit_unavailable,0,1.0171,0.4014,0.0521,8.6463,0.1054,10.2222,169,257.0288
phone-android,stress,1199,look,accepted,observed,0,1.2865,0.5378,0.0509,7.7313,0.1225,9.7290,161,255.5479
phone-android,stress,1200,talk,rejected,not_eligible,0,1.6321,0.6315,0.0526,7.5880,0.1364,10.0405,165,263.5884
phone-android,stress,1201,look,accepted,observed,0,0.7255,0.3420,0.0470,7.4520,0.1234,8.6900,161,250.8354
phone-android,stress,1202,drop,accepted,dropped,1,0.8510,0.3720,0.0545,8.4001,0.1198,9.7974,194,259.9377
phone-android,stress,1203,look,accepted,observed,0,1.0282,0.3839,0.0484,7.5352,0.1106,9.1064,161,269.8274
phone-android,stress,1204,move,accepted,moved,1,1.9940,0.4413,0.0565,9.9835,0.1516,12.6269,189,266.0013
phone-android,stress,1205,look,accepted,observed,0,0.8900,0.3436,0.0474,7.4221,0.1107,8.8139,161,250.4419
phone-android,stress,1206,move,accepted,moved,1,1.0282,0.3849,0.0546,9.2852,0.1433,10.8962,187,264.3040
phone-android,stress,1207,move,accepted,moved,1,1.0384,0.5153,0.0556,8.6209,0.1078,10.3381,189,257.8175
phone-android,stress,1208,look,accepted,observed,0,1.2482,0.6365,0.0552,7.4849,0.1342,9.5589,161,259.9378
phone-android,stress,1209,move,accepted,moved,1,0.9667,0.4020,0.0553,8.5552,0.1315,10.1106,187,265.7835
phone-android,stress,1210,take,accepted,taken,1,1.0933,0.3851,0.0538,8.7824,0.1244,10.4389,189,258.3553
phone-android,stress,1211,choose,rejected,invalid_choice,0,1.6659,0.5108,0.0514,8.4027,0.1324,10.7632,167,261.1598
phone-android,stress,1212,look,accepted,observed,0,0.9589,0.3733,0.0523,8.3547,0.1342,9.8734,161,257.3836
phone-android,stress,1213,move,accepted,moved,1,1.5063,0.5020,0.0653,8.9486,0.1121,11.1343,189,249.7154
phone-android,stress,1214,move,rejected,exit_unavailable,0,5.7619,0.3831,0.0495,7.9087,0.1153,14.2184,169,256.5586
phone-android,stress,1215,move,accepted,moved,1,1.6658,0.7972,0.0554,10.2010,0.1480,12.8676,187,251.7598
phone-android,stress,1216,look,accepted,observed,0,0.7365,0.3134,0.0446,7.3290,0.1013,8.5247,161,259.0571
phone-android,stress,1217,move,accepted,moved,1,1.3451,0.5227,0.0573,9.1944,0.1318,11.2514,191,256.6373
phone-android,stress,1218,look,accepted,observed,0,1.4629,0.5196,0.0502,8.0677,0.1384,10.2388,161,266.2236
phone-android,stress,1219,choose,rejected,stale_view,0,0.9580,0.3660,0.0507,7.9740,0.1121,9.4608,163,254.1485
phone-android,stress,1220,wait,rejected,invalid_time,0,0.8748,0.3542,0.0431,7.4607,0.1376,8.8705,165,258.3277
phone-android,stress,1221,look,accepted,observed,0,1.2374,0.6123,0.0514,7.3597,0.1085,9.3692,161,252.2745
phone-android,stress,1222,look,accepted,observed,0,1.3881,0.5292,0.0506,8.5588,0.1470,10.6738,161,262.5774
phone-android,stress,1223,move,accepted,moved,1,0.7446,0.3376,0.0545,8.7757,0.1412,10.0538,189,252.8256
phone-android,stress,1224,wait,rejected,invalid_time,0,0.9929,0.3861,0.0472,8.0064,0.1232,9.5559,165,254.9330
phone-android,stress,1225,drop,accepted,dropped,1,1.4338,0.4747,0.0589,9.1213,0.1221,11.2108,196,251.7980
phone-android,stress,1226,move,accepted,moved,1,1.7072,0.6497,0.0605,9.6912,0.1487,12.2574,191,264.2142
phone-android,stress,1227,move,rejected,exit_unavailable,0,0.8827,0.3939,0.0504,8.2422,0.1244,9.6936,169,251.7833
phone-android,stress,1228,move,accepted,moved,1,1.0298,0.4172,0.0571,9.2645,0.1317,10.9004,189,257.4311
phone-android,stress,1229,look,accepted,observed,0,1.1793,0.4208,0.0532,8.9522,0.1511,10.7567,161,254.1681
phone-android,stress,1230,look,accepted,observed,0,1.7979,0.4695,0.0508,8.1722,0.1353,10.6257,161,264.9670
phone-android,stress,1231,take,accepted,taken,1,0.9678,0.4665,0.0581,9.9042,0.2154,11.6120,189,244.6711
phone-android,stress,1232,drop,accepted,dropped,1,0.8558,0.3604,0.0544,8.1307,0.1197,9.5211,196,256.1838
phone-android,stress,1233,wait,rejected,invalid_time,0,1.6568,0.8822,0.0565,8.0709,0.1127,10.7792,165,253.6759
phone-android,stress,1234,choose,rejected,invalid_choice,0,1.7189,0.6178,0.0521,9.1746,0.1456,11.7091,167,262.6261
phone-android,stress,1235,look,accepted,observed,0,0.9599,0.3599,0.0471,8.1226,0.1341,9.6236,161,248.5187
phone-android,stress,1236,drop,replayed,dropped,0,1.0450,0.2873,0.0020,0.0005,0.0330,1.3678,0,258.6318
phone-android,stress,1237,move,accepted,moved,1,1.3302,0.6168,0.0568,8.9703,0.1107,11.0847,191,254.6536
phone-android,stress,1238,move,accepted,moved,1,1.7138,0.8570,0.0598,9.8344,0.1543,12.6194,187,261.8890
phone-android,stress,1239,take,rejected,not_present,0,1.0947,0.4063,0.0522,8.0772,0.1459,9.7763,164,252.6950
phone-android,stress,1240,move,accepted,moved,1,1.0333,0.4216,0.1309,8.9499,0.1336,10.6694,189,256.4920
phone-android,stress,1241,choose,rejected,stale_view,0,1.2985,0.5106,0.0498,8.0175,0.1175,9.9939,163,257.1185
phone-android,stress,1242,move,accepted,moved,1,2.4546,0.7995,0.0626,9.9772,0.1515,13.4454,187,261.5343
phone-android,stress,1243,move,accepted,moved,1,1.0367,0.4212,0.0581,10.3839,0.1404,12.0403,189,254.2329
phone-android,stress,1244,move,accepted,moved,1,0.8734,0.3626,0.0535,8.2219,0.1356,9.6471,187,257.4297
phone-android,stress,1245,move,accepted,moved,1,0.9655,0.7419,0.0596,9.4067,0.1167,11.2904,191,253.7002
phone-android,stress,1246,close_choice,rejected,invalid_choice,0,1.7386,0.5724,0.0552,8.3748,0.1534,10.8945,167,260.5835
phone-android,stress,1247,activate,rejected,not_eligible,0,0.9288,0.4372,0.0550,8.1027,0.1160,9.6397,165,251.9865
phone-android,stress,1248,move,accepted,moved,1,0.8238,0.3640,0.0535,9.3725,0.1415,10.7553,189,256.2716
phone-android,stress,1249,wait,rejected,invalid_time,0,1.0016,0.5172,0.0493,8.1598,0.1476,9.8756,165,253.6057
phone-android,stress,1250,take,accepted,taken,1,1.4581,0.7235,0.0614,9.8232,0.1521,12.2183,189,262.8682
phone-android,stress,1251,wait,rejected,invalid_time,0,1.0179,0.4109,0.0458,7.8973,0.1306,9.5025,165,249.7289
phone-android,stress,1252,move,accepted,moved,1,0.8868,0.3760,0.0539,8.1605,0.1105,9.5877,191,257.4646
phone-android,stress,1253,look,accepted,observed,0,1.0486,0.5020,0.0516,7.2468,0.1112,8.9602,161,254.8437
phone-android,stress,1254,wait,rejected,invalid_time,0,1.3022,0.4482,0.0467,8.5665,0.1450,10.5087,165,263.1017
phone-android,stress,1255,look,accepted,observed,0,0.9541,0.3670,0.0490,8.0972,0.1098,9.5771,161,252.2810
phone-android,stress,1256,talk,rejected,not_eligible,0,0.8865,0.3401,0.0481,7.6117,0.0983,8.9846,165,256.7618
phone-android,stress,1257,move,accepted,moved,1,0.9200,0.4907,0.0540,9.6956,0.1160,11.2763,189,252.9483
phone-android,stress,1258,move,accepted,moved,1,2.0433,0.4495,0.0572,9.6417,0.1495,12.3411,191,265.5944
phone-android,stress,1259,move,accepted,moved,1,0.8832,0.3648,0.0526,8.6023,0.1293,10.0321,189,251.6357
phone-android,stress,1260,look,accepted,observed,0,0.8452,0.3488,0.0466,7.2194,0.1026,8.5626,161,255.9003
phone-android,stress,1261,wait,rejected,invalid_time,0,1.1076,0.5531,0.0500,8.0063,0.1139,9.8308,165,253.2880
phone-android,stress,1262,move,accepted,moved,1,1.6316,0.5771,0.0710,9.8759,0.1501,12.3057,191,262.9904
phone-android,stress,1263,talk,rejected,not_eligible,0,0.9418,0.3723,0.0485,7.8114,0.1189,9.2929,165,249.3034
phone-android,stress,1264,look,accepted,observed,0,1.0009,0.4184,0.0481,7.4694,0.1342,9.0710,161,255.8365
phone-android,stress,1265,move,accepted,moved,1,1.1302,0.7391,0.0599,8.5587,0.1132,10.6011,189,253.2114
phone-android,stress,1266,move,accepted,moved,1,1.3943,0.4439,0.0562,9.6722,0.1465,11.7132,191,261.9306
phone-android,stress,1267,look,accepted,observed,0,0.9766,0.3911,0.0529,8.2227,0.1270,9.7703,161,249.8184
phone-android,stress,1268,look,accepted,observed,0,0.7897,0.3456,0.0454,7.5208,0.1242,8.8257,161,257.2535
phone-android,stress,1269,look,accepted,observed,0,1.0002,0.4912,0.0509,7.9501,0.1221,9.6145,161,254.4465
phone-android,stress,1270,move,accepted,moved,1,1.8740,0.3742,0.0519,8.3821,0.1212,10.8033,187,255.8698
phone-android,stress,1271,look,accepted,observed,0,0.9805,0.4290,0.0525,7.9752,0.1368,9.5740,161,252.3261
phone-android,stress,1272,drop,accepted,dropped,1,0.8226,0.3584,0.0535,8.3464,0.1137,9.6946,194,259.4113
phone-android,stress,1273,move,accepted,moved,1,1.0767,0.4128,0.0555,8.7895,0.1200,10.4544,189,258.5218
phone-android,stress,1274,look,accepted,observed,0,1.5298,0.5659,0.0539,8.8053,0.1377,11.0925,161,260.8528
phone-android,stress,1275,look,accepted,observed,0,0.7673,0.3266,0.0467,7.1282,0.1047,8.3735,161,257.0708
phone-android,stress,1276,take,rejected,not_present,0,0.8861,0.3628,0.0498,7.1450,0.1001,8.5438,164,250.3242
phone-android,stress,1277,look,accepted,observed,0,1.4656,0.5699,0.0528,7.9015,0.1420,10.1319,161,265.1588
phone-android,stress,1278,look,accepted,observed,0,0.7207,0.3322,0.0458,7.2849,0.0967,8.4803,161,250.0677
phone-android,stress,1279,look,accepted,observed,0,0.8287,0.3547,0.0476,7.8307,0.1332,9.1948,161,256.5282
phone-android,stress,1280,take,rejected,not_present,0,1.2765,0.5037,0.0519,8.1176,0.1391,10.0888,164,253.1261
phone-android,stress,1281,move,accepted,moved,1,0.7896,0.3565,0.0527,8.2598,0.1133,9.5719,187,262.4984
phone-android,stress,1282,look,accepted,observed,0,1.3173,0.5942,0.0520,8.0946,0.1137,10.1719,161,269.3546
phone-android,stress,1283,move,accepted,moved,1,1.6757,0.4466,0.1070,10.6139,0.1518,12.9951,191,266.4270
phone-android,stress,1284,wait,accepted,waited,1,0.8852,0.3910,0.0529,8.8805,0.1438,10.3533,185,255.9429
phone-android,stress,1285,look,accepted,observed,0,0.8074,0.3387,0.0472,8.1546,0.1660,9.5140,161,258.3230
phone-android,stress,1286,move,accepted,moved,1,1.6785,0.5566,0.0599,9.4923,0.1486,11.9359,189,258.7667
phone-android,stress,1287,move,accepted,moved,1,1.0471,0.4079,0.0575,9.2072,0.1404,10.8601,191,254.2649
phone-android,stress,1288,look,accepted,observed,0,1.0339,0.3756,0.0505,7.7314,0.1080,9.2993,161,251.8225
phone-android,stress,1289,move,accepted,moved,1,1.0618,0.4102,0.0544,8.8999,0.1260,10.5523,189,260.2843
phone-android,stress,1290,wait,rejected,invalid_time,0,1.1760,0.4469,0.0497,8.1978,0.1444,10.0148,165,255.1936
phone-android,stress,1291,look,accepted,observed,0,2.0289,0.5470,0.0544,9.1243,0.1417,11.8963,161,267.0126
phone-android,stress,1292,wait,rejected,invalid_time,0,0.7230,0.3405,0.0456,8.2053,0.1264,9.4406,165,251.9236
phone-android,stress,1293,move,accepted,moved,1,1.0792,0.4068,0.0568,9.4992,0.1429,11.1848,191,258.6859
phone-android,stress,1294,wait,rejected,invalid_time,0,1.0909,0.4161,0.0479,7.0101,0.1140,8.6789,165,256.0297
phone-android,stress,1295,look,accepted,observed,0,1.7557,0.5948,0.0539,8.5545,0.1435,11.1023,161,261.8877
phone-android,stress,1296,move,accepted,moved,1,0.7754,0.3455,0.0528,8.0714,0.1065,9.3515,189,253.7503
phone-android,stress,1297,activate,rejected,not_eligible,0,0.8651,0.3308,0.0459,6.9341,0.0928,8.2685,165,257.3188
phone-android,stress,1298,look,accepted,observed,0,1.2359,0.5176,0.0506,7.3878,0.1165,9.3083,161,255.0908
phone-android,stress,1299,look,accepted,observed,0,1.0919,0.4640,0.0486,7.5531,0.1091,9.2668,161,259.1649
phone-android,stress,1300,talk,rejected,not_eligible,0,1.0497,0.3522,0.0473,6.9697,0.1035,8.5223,165,252.2562
phone-android,stress,1301,take,rejected,not_present,0,0.9739,0.3894,0.0483,8.2193,0.1076,9.7385,164,253.9563
phone-android,stress,1302,move,accepted,moved,1,1.0330,0.5784,0.0564,9.6082,0.1226,11.3986,191,254.8412
phone-android,stress,1303,move,rejected,exit_unavailable,0,1.3068,0.7156,0.0529,7.5772,0.1101,9.7626,169,264.3245
phone-android,stress,1304,look,accepted,observed,0,0.8916,0.3823,0.0501,7.7315,0.1244,9.1798,161,257.1927
phone-android,stress,1305,wait,rejected,invalid_time,0,0.8310,0.3477,0.0433,6.8743,0.0966,8.1929,165,257.8454
phone-android,stress,1306,move,accepted,moved,1,1.5465,0.9533,0.0646,8.9683,0.1306,11.6634,189,254.2299
phone-android,stress,1307,activate,rejected,not_eligible,0,1.7399,0.5749,0.0535,7.8680,0.1460,10.3824,165,260.7568
phone-android,stress,1308,look,accepted,observed,0,0.9751,0.3629,0.0515,8.1304,0.1271,9.6470,161,248.2580
phone-android,stress,1309,look,accepted,observed,0,0.9427,0.3650,0.0475,6.9623,0.0940,8.4114,161,251.4275
phone-android,stress,1310,look,accepted,observed,0,1.8210,0.5226,0.0512,7.6836,0.1627,10.2411,161,252.7872
phone-android,stress,1311,wait,rejected,invalid_time,0,1.7464,0.5056,0.0486,8.2592,0.1452,10.7051,165,261.9504
phone-android,stress,1312,look,accepted,observed,0,1.0430,0.3743,0.0517,8.1657,0.1302,9.7648,161,250.4459
phone-android,stress,1313,look,accepted,observed,0,1.0170,0.3783,0.0498,8.0584,0.1236,9.6272,161,254.8747
phone-android,stress,1314,wait,rejected,invalid_time,0,1.0365,0.4029,0.0464,7.3456,0.1116,8.9430,165,251.6609
phone-android,stress,1315,take,rejected,not_present,0,1.3277,0.7573,0.0544,8.0636,0.1347,10.3377,164,261.9253
phone-android,stress,1316,wait,rejected,invalid_time,0,0.7257,0.3467,0.0448,7.2826,0.1005,8.5002,165,248.6235
phone-android,stress,1317,look,accepted,observed,0,1.3432,0.3549,0.0462,7.7882,0.1167,9.6492,161,256.4386
phone-android,stress,1318,look,accepted,observed,0,1.3592,0.3954,0.0492,7.3393,0.1461,9.2891,161,255.9478
phone-android,stress,1319,activate,rejected,not_eligible,0,1.7435,0.7984,0.0583,8.6579,0.1478,11.4058,165,263.0963
phone-android,stress,1320,look,accepted,observed,0,0.9403,0.3435,0.0478,7.6759,0.1196,9.1272,161,250.4902
phone-android,stress,1321,activate,rejected,not_eligible,0,1.0167,0.3834,0.0502,7.8622,0.1574,9.4698,165,255.3640
phone-android,stress,1322,look,accepted,observed,0,1.2743,0.6052,0.0521,3.7928,0.1100,5.8344,161,253.7101
phone-android,stress,1323,look,accepted,observed,0,1.5111,0.4235,0.0496,7.6290,0.1408,9.7541,161,264.5836
phone-android,stress,1324,move,accepted,moved,1,1.0476,0.3928,0.0552,9.4861,0.1379,11.1196,191,249.9858
phone-android,stress,1325,look,accepted,observed,0,1.0062,0.3727,0.0490,8.1534,0.1186,9.6999,161,256.5913
phone-android,stress,1326,wait,rejected,invalid_time,0,1.1527,0.4024,0.0468,7.0557,0.1103,8.7679,165,253.5966
phone-android,stress,1327,look,accepted,observed,0,1.6686,0.5847,0.0533,8.4405,0.1443,10.8915,161,261.6428
phone-android,stress,1328,wait,rejected,invalid_time,0,1.0492,0.3861,0.0468,7.6801,0.1220,9.2841,165,252.5311
phone-android,stress,1329,look,accepted,observed,0,0.8099,0.3524,0.0485,7.3654,0.1119,8.6882,161,255.9296
phone-android,stress,1330,look,accepted,observed,0,2.0806,0.3946,0.0504,6.8451,0.1107,9.4814,161,250.5064
phone-android,stress,1331,look,accepted,observed,0,1.4503,0.5303,0.0495,7.5399,0.1136,9.6836,161,262.6217
phone-android,stress,1332,take,rejected,not_present,0,0.8864,0.3695,0.0516,7.5027,0.1153,8.9254,164,253.0165
phone-android,stress,1333,move,accepted,moved,1,0.8068,0.3727,0.0555,8.6111,0.1151,9.9610,187,262.9080
phone-android,stress,1334,choose,rejected,invalid_choice,0,1.0611,0.7603,0.0542,7.9007,0.1026,9.8789,167,269.9522
phone-android,stress,1335,move,rejected,exit_unavailable,0,1.3351,0.4866,0.0521,7.9888,0.1403,10.0029,169,265.8875
phone-android,stress,1336,wait,rejected,invalid_time,0,0.9514,0.3752,0.0454,7.7179,0.1099,9.1997,165,262.6047
phone-android,stress,1337,move,accepted,moved,1,1.2704,0.7490,0.0588,8.8906,0.1468,11.1156,189,255.2793
phone-android,stress,1338,look,accepted,observed,0,0.7516,0.4003,0.0501,7.0276,0.1124,8.3420,161,255.7977
phone-android,stress,1339,look,accepted,observed,0,1.5878,0.6163,0.0547,8.3340,0.1421,10.7349,161,264.6783
phone-android,stress,1340,move,accepted,moved,1,0.7610,0.3654,0.0527,8.4551,0.1305,9.7646,187,254.1739
phone-android,stress,1341,move,accepted,moved,1,1.2784,0.5897,0.0627,9.8153,0.1486,11.8947,189,260.0352
phone-android,stress,1342,move,accepted,moved,1,0.7619,0.3595,0.0537,8.0763,0.1200,9.3714,187,258.8618
phone-android,stress,1343,look,accepted,observed,0,1.0969,0.3848,0.0505,6.8707,0.0965,8.4994,161,256.7164
phone-android,stress,1344,move,accepted,moved,1,0.8087,0.3714,0.0539,8.0653,0.1091,9.4084,189,257.4704
phone-android,stress,1345,move,accepted,moved,1,0.9981,0.4080,0.0551,13.6688,0.1067,15.2367,187,260.2800
phone-android,stress,1346,move,rejected,exit_unavailable,0,1.1391,0.6185,0.0542,7.9430,0.1415,9.8962,169,266.2716
phone-android,stress,1347,wait,rejected,invalid_time,0,0.8090,1.1944,0.0509,8.1117,0.1188,10.2847,165,257.5492
phone-android,stress,1348,look,accepted,observed,0,1.0486,0.4926,0.0505,7.1964,0.1217,8.9098,161,255.8828
phone-android,stress,1349,move,accepted,moved,1,1.4530,0.4106,0.0560,9.1394,0.1497,11.2087,189,251.2173
phone-android,stress,1350,look,accepted,observed,0,0.7795,0.8099,0.0593,7.0249,0.0958,8.7695,161,261.4791
phone-android,stress,1351,wait,rejected,invalid_time,0,1.3980,0.7532,0.0517,7.7644,0.1077,10.0749,165,251.9528
phone-android,stress,1352,talk,rejected,not_eligible,0,1.3328,0.4621,0.0515,7.9817,0.1457,9.9739,165,263.0106
phone-android,stress,1353,wait,rejected,invalid_time,0,0.9970,0.4006,0.0494,8.1264,0.1122,9.6856,165,253.6122
phone-android,stress,1354,move,accepted,moved,1,0.9752,0.3967,0.0534,9.5323,0.1266,11.0841,187,264.1075
phone-android,stress,1355,move,accepted,moved,1,1.2968,0.7678,0.0592,8.9160,0.1124,11.1522,191,256.9982
phone-android,stress,1356,close_choice,rejected,invalid_choice,0,1.1757,0.5930,0.0540,8.4837,0.1483,10.4547,167,261.6811
phone-android,stress,1357,talk,rejected,not_eligible,0,0.9368,0.3703,0.0545,7.9793,0.1264,9.4671,165,255.1835
phone-android,stress,1358,move,accepted,moved,1,1.1774,0.4322,0.0554,9.9754,0.1433,11.7838,189,252.5536
phone-android,stress,1359,choose,rejected,invalid_choice,0,1.4203,0.5426,0.0506,7.7058,0.1807,9.8999,167,265.6594
phone-android,stress,1360,move,accepted,moved,1,1.0798,0.4017,0.0552,8.8889,0.1360,10.5616,191,249.8140
phone-android,stress,1361,move,accepted,moved,1,1.1234,0.4068,0.0553,9.5154,0.1393,11.2402,187,263.1954
phone-android,stress,1362,move,rejected,exit_unavailable,0,1.1689,0.5319,0.0527,8.0804,0.1474,9.9812,169,256.5377
phone-android,stress,1363,move,accepted,moved,1,0.8324,0.3641,0.0522,8.2138,0.1480,9.6105,189,259.3650
phone-android,stress,1364,move,accepted,moved,1,1.3572,0.4406,0.0573,9.0681,0.1546,11.0778,187,265.7184
phone-android,stress,1365,move,rejected,exit_unavailable,0,0.7585,0.3596,0.0493,8.3538,0.1089,9.6302,169,264.7445
phone-android,stress,1366,move,accepted,moved,1,1.2191,0.6136,0.0617,9.6786,0.1942,11.7671,189,262.2176
phone-android,stress,1367,activate,accepted,activated,1,1.0262,0.3948,0.0544,8.1313,0.1367,9.7433,197,255.3146
phone-android,stress,1368,talk,rejected,not_owned,0,0.8151,0.3553,0.0478,6.9869,0.1032,8.3083,162,249.3095
phone-android,stress,1369,move,accepted,moved,1,2.3586,0.3684,0.0514,9.2826,0.2477,12.3086,187,248.6505
phone-android,stress,1370,activate,rejected,not_eligible,0,0.8752,0.3602,0.0494,8.1097,0.1196,9.5142,165,262.3146
phone-android,stress,1371,look,accepted,observed,0,1.2088,0.5389,0.0535,8.3658,0.1971,10.3641,161,270.3786
phone-android,stress,1372,look,accepted,observed,0,0.9872,0.3684,0.0495,8.4181,0.1445,9.9677,161,259.0174
phone-android,stress,1373,look,accepted,observed,0,5.7829,0.3516,0.0457,8.3512,0.1463,14.6777,161,278.4083
phone-android,stress,1374,move,accepted,moved,1,0.9254,0.4006,0.0562,9.5613,0.1308,11.0743,191,257.8249
phone-android,stress,1375,look,accepted,observed,0,5.7192,0.4391,0.0486,7.4179,0.1332,13.7579,161,247.7789
phone-android,stress,1376,move,accepted,moved,1,0.7587,0.4092,0.0535,8.7705,0.1114,10.1033,189,259.1913
phone-android,stress,1377,move,rejected,exit_unavailable,0,1.4289,0.5913,0.0534,8.6270,0.1455,10.8460,169,251.8261
phone-android,stress,1378,move,accepted,moved,1,0.7747,0.4231,0.0558,7.9285,0.1071,9.2892,191,260.1662
phone-android,stress,1379,wait,rejected,invalid_time,0,0.9669,0.4668,0.0473,10.9144,0.1369,12.5323,165,255.8490
phone-android,stress,1380,look,accepted,observed,0,1.4104,0.5088,0.0506,7.7345,0.1135,9.8177,161,264.1235
phone-android,stress,1381,look,accepted,observed,0,0.9069,0.3436,0.0471,7.5308,0.1033,8.9318,161,251.5607
phone-android,stress,1382,look,accepted,observed,0,0.8182,0.3478,0.0462,7.1266,0.0965,8.4353,161,253.8078
phone-android,stress,1383,move,accepted,moved,1,1.1799,0.6295,0.0579,8.5531,0.1103,10.5307,189,256.9745
phone-android,stress,1384,take,replayed,not_present,0,1.7514,0.4063,0.0019,0.0010,0.0380,2.1986,0,260.7916
phone-android,stress,1385,move,rejected,exit_unavailable,0,0.9503,0.3851,0.0476,8.9436,0.1819,10.5084,169,251.5966
phone-android,stress,1386,look,accepted,observed,0,0.9825,0.3514,0.0470,6.9580,0.1139,8.4528,161,251.3631
phone-android,stress,1387,take,rejected,not_present,0,1.5478,0.7661,0.0581,6.6100,0.1148,9.0968,164,251.5806
phone-android,stress,1388,look,accepted,observed,0,1.5531,0.5515,0.0529,8.0145,0.1430,10.3149,161,269.4870
phone-android,stress,1389,look,accepted,observed,0,0.8526,0.3465,0.0482,7.5923,0.1154,8.9551,161,251.4753
phone-android,stress,1390,wait,rejected,invalid_time,0,0.9790,0.3954,0.0451,8.3526,0.1232,9.8953,165,258.4575
phone-android,stress,1391,look,accepted,observed,0,1.4493,0.3877,0.0510,8.0797,0.1149,10.0826,161,251.4679
phone-android,stress,1392,choose,rejected,invalid_choice,0,1.6162,0.9853,0.0592,9.2043,0.1984,12.0634,167,267.8962
phone-android,stress,1393,move,accepted,moved,1,0.9506,0.3978,0.0578,8.2101,0.1334,9.7497,191,250.7115
phone-android,stress,1394,choose,rejected,invalid_choice,0,1.0423,0.5121,0.0501,7.7131,0.1099,9.4275,167,254.7212
phone-android,stress,1395,look,accepted,observed,0,1.4661,0.5169,0.0514,8.1130,0.1158,10.2633,161,256.2732
phone-android,stress,1396,move,accepted,moved,1,1.4341,0.5739,0.0571,8.9073,0.1540,11.1264,189,263.2212
phone-android,stress,1397,move,accepted,moved,1,0.7791,0.3616,0.0510,8.9084,0.1089,10.2090,191,253.5437
phone-android,stress,1398,look,accepted,observed,0,0.9759,0.3677,0.0484,8.0344,0.1138,9.5402,161,256.7436
phone-android,stress,1399,move,accepted,moved,1,1.0340,0.4083,0.0553,8.6239,0.1209,10.2424,189,254.5655
phone-android,stress,1400,take,rejected,not_present,0,1.1717,0.5377,0.0531,7.9964,0.1482,9.9071,164,262.9691
phone-android,stress,1401,take,rejected,not_present,0,0.6934,0.3784,0.0473,6.6733,0.1039,7.8963,164,248.8494
phone-android,stress,1402,wait,rejected,invalid_time,0,1.0705,0.3756,0.0450,7.5034,0.1290,9.1235,165,256.4913
phone-android,stress,1403,look,accepted,observed,0,1.2241,0.4473,0.0514,7.1388,0.1133,8.9749,161,257.5093
phone-android,stress,1404,look,accepted,observed,0,1.4210,0.4753,0.0607,28.6109,0.1636,30.7317,161,265.1372
phone-android,stress,1405,look,accepted,observed,0,0.7560,0.3390,0.0473,7.9750,0.1284,9.2457,161,256.0703
phone-android,stress,1406,look,accepted,observed,0,0.8598,0.3315,0.0475,7.7140,0.1324,9.0853,161,258.2179
phone-android,stress,1407,look,accepted,observed,0,1.2569,0.4219,0.0532,7.7991,0.1459,9.6770,161,254.8382
phone-android,stress,1408,wait,rejected,invalid_time,0,1.1985,0.5481,0.0494,7.8577,0.1133,9.7670,165,261.8176
phone-android,stress,1409,move,accepted,moved,1,0.7540,0.3604,0.0528,8.9471,0.1404,10.2547,191,253.0686
phone-android,stress,1410,move,accepted,moved,1,0.9342,0.3578,0.0607,7.9817,0.1060,9.4405,187,260.8139
phone-android,stress,1411,wait,rejected,invalid_time,0,1.6113,0.5427,0.0473,7.4783,0.1184,9.7981,165,271.9846
phone-android,stress,1412,move,accepted,moved,1,1.1946,0.4044,0.0542,9.1816,0.1574,10.9921,189,260.6767
phone-android,stress,1413,look,accepted,observed,0,0.7270,0.3306,0.0477,3.6708,0.0872,4.8632,161,252.9115
phone-android,stress,1414,wait,rejected,invalid_time,0,0.8337,0.4094,0.0435,7.6929,0.1135,9.0932,165,257.0149
phone-android,stress,1415,look,accepted,observed,0,1.2357,0.4585,0.0495,7.7638,0.1122,9.6198,161,261.0124
phone-android,stress,1416,talk,rejected,not_owned,0,1.0280,0.3643,0.0474,7.1427,0.1021,8.6845,162,258.1277
phone-android,stress,1417,move,accepted,moved,1,0.9440,0.3790,0.0545,8.3272,0.1130,9.8176,187,253.2543
phone-android,stress,1418,look,accepted,observed,0,1.1199,0.5040,0.0517,7.4766,0.1096,9.2617,161,256.1940
phone-android,stress,1419,look,accepted,observed,0,4.9123,0.3571,0.0457,7.2190,0.1178,12.6519,161,258.1576
phone-android,stress,1420,look,accepted,observed,0,4.3207,0.3624,0.0479,7.8680,0.1169,12.7159,161,272.2552
phone-android,stress,1421,move,accepted,moved,1,0.8032,0.3677,0.0532,8.4016,0.1168,9.7424,189,260.9182
phone-android,stress,1422,move,accepted,moved,1,1.8994,0.5161,0.0559,9.7117,0.1504,12.3335,187,257.1675
phone-android,stress,1423,move,rejected,exit_unavailable,0,1.0067,0.3909,0.0499,7.6254,0.1276,9.2004,169,262.8581
phone-android,stress,1424,move,accepted,moved,1,1.3208,0.5419,0.0564,9.5701,0.1522,11.6414,191,265.5622
phone-android,stress,1425,look,accepted,observed,0,0.8363,0.4492,0.0493,6.7884,0.1072,8.2304,161,251.4772
phone-android,stress,1426,move,accepted,moved,1,0.8540,0.3505,0.0540,8.0905,0.1222,9.4712,187,257.7852
phone-android,stress,1427,move,accepted,moved,1,0.7967,0.3707,0.0531,7.9099,0.1124,9.2430,191,261.5138
phone-android,stress,1428,take,rejected,not_present,0,1.2665,0.3440,0.0477,7.9713,0.1115,9.7409,164,256.2392
phone-android,stress,1429,look,accepted,observed,0,1.3574,0.5144,0.0495,7.8486,0.1471,9.9171,161,267.6475
phone-android,stress,1430,look,accepted,observed,0,0.9191,0.3677,0.0516,8.1084,0.1201,9.5669,161,254.4565
phone-android,stress,1431,talk,rejected,not_eligible,0,0.9822,0.4041,0.0497,7.6536,0.1142,9.2039,165,256.0678
phone-android,stress,1432,look,accepted,observed,0,1.4348,0.5219,0.0512,4.2049,0.1093,6.3222,161,255.5536
phone-android,stress,1433,move,rejected,exit_unavailable,0,1.7247,0.8249,0.0570,9.8156,0.1462,12.5684,169,264.6115
phone-android,stress,1434,move,accepted,moved,1,0.7059,0.3985,0.0540,8.0903,0.1368,9.3855,187,255.6577
phone-android,stress,1435,move,accepted,moved,1,1.1857,0.7469,0.0596,9.5310,0.1201,11.6434,191,260.9511
phone-android,stress,1436,move,accepted,moved,1,0.8786,0.3846,0.0559,8.5178,0.1254,9.9624,187,258.3196
phone-android,stress,1437,look,accepted,observed,0,0.7984,0.3432,0.0489,7.2087,0.0953,8.4945,161,255.7860
phone-android,stress,1438,move,accepted,moved,1,0.8478,0.3648,0.0521,8.4709,0.1435,9.8791,189,256.8683
phone-android,stress,1439,move,rejected,exit_unavailable,0,1.3621,0.6628,0.0516,7.6909,0.1551,9.9224,169,252.3497
phone-android,stress,1440,move,accepted,moved,1,1.6196,0.5993,0.0593,9.8309,0.1510,12.2601,187,264.6823
phone-android,stress,1441,move,accepted,moved,1,0.8121,0.3603,0.0523,8.3358,0.1286,9.6891,189,261.2497
phone-android,stress,1442,look,accepted,observed,0,1.5022,0.5793,0.0523,8.4260,0.1384,10.6983,161,250.4325
phone-android,stress,1443,wait,rejected,invalid_time,0,0.7949,0.4178,0.0477,7.7487,0.1109,9.1201,165,256.3182
phone-android,stress,1444,move,rejected,exit_unavailable,0,0.7927,0.4468,0.0494,8.1787,0.1262,9.5939,169,257.4005
phone-android,stress,1445,talk,rejected,not_owned,0,1.0630,0.3841,0.0493,7.2992,0.1162,8.9118,162,262.2004
phone-android,stress,1446,look,accepted,observed,0,1.7352,0.5381,0.0536,8.8052,0.1431,11.2753,161,263.1652
phone-android,stress,1447,look,accepted,observed,0,0.9777,0.4818,0.0533,8.0033,0.1476,9.6637,161,256.2578
phone-android,stress,1448,look,accepted,observed,0,0.8156,0.4100,0.0505,7.6099,0.1078,8.9938,161,257.8465
phone-android,stress,1449,choose,rejected,invalid_choice,0,1.3185,0.5913,0.0531,8.7604,0.1488,10.8721,167,264.6347
phone-android,stress,1450,talk,rejected,not_owned,0,1.0184,0.3748,0.0528,7.3686,0.1102,8.9249,162,254.2560
phone-android,stress,1451,activate,rejected,not_eligible,0,0.8917,0.3526,0.0477,6.9526,0.1364,8.3810,165,258.3461
phone-android,stress,1452,look,accepted,observed,0,1.4042,0.5001,0.0504,8.0017,0.1129,10.0693,161,254.7570
phone-android,stress,1453,look,accepted,observed,0,1.5927,0.5510,0.0543,8.8326,0.1378,11.1683,161,265.0541
phone-android,stress,1454,move,accepted,moved,1,0.8433,0.3914,0.0526,8.8590,0.1427,10.2889,187,262.8359
phone-android,stress,1455,wait,accepted,waited,1,1.4872,0.6327,0.0559,10.0930,0.1514,12.4202,185,265.4445
phone-android,stress,1456,drop,rejected,integrity_conflict,0,1.0344,0.3401,0.0015,0.0006,0.0354,1.4118,0,254.0887
phone-android,stress,1457,move,accepted,moved,1,1.0274,0.4085,0.0534,8.8010,0.1188,10.4092,189,253.6295
phone-android,stress,1458,talk,rejected,not_owned,0,1.3172,0.5643,0.0514,7.4743,0.1046,9.5118,162,260.8447
phone-android,stress,1459,look,accepted,observed,0,1.6421,0.5604,0.0518,8.3361,0.1436,10.7341,161,262.4040
phone-android,stress,1460,wait,rejected,invalid_time,0,0.7407,0.3901,0.0480,7.3238,0.0938,8.5963,165,256.1618
phone-android,stress,1461,move,rejected,exit_unavailable,0,0.9247,0.3969,0.0494,7.6565,0.1077,9.1352,169,252.0279
phone-android,stress,1462,take,replayed,not_present,0,1.9129,0.4084,0.0027,0.0005,0.0369,2.3615,0,256.9849
phone-android,stress,1463,take,rejected,not_present,0,1.0473,0.3908,0.0504,7.4993,0.1159,9.1037,164,252.2848
phone-android,stress,1464,move,accepted,moved,1,3.6797,0.4568,0.0530,7.6655,0.1265,11.9815,187,255.1814
phone-android,stress,1465,wait,rejected,invalid_time,0,1.8193,0.5010,0.0494,8.3883,0.1438,10.9018,165,269.1361
phone-android,stress,1466,move,accepted,moved,1,0.9329,0.4806,0.0596,10.0520,0.1360,11.6611,189,267.1024
phone-android,stress,1467,move,accepted,moved,1,1.0094,0.4014,0.0535,8.9901,0.1283,10.5826,187,257.3068
phone-android,stress,1468,choose,rejected,invalid_choice,0,7.4919,0.4406,0.0501,7.5336,0.1233,15.6395,167,257.1348
phone-android,stress,1469,talk,rejected,not_eligible,0,1.1500,0.5185,0.0518,8.1948,0.1370,10.0522,165,260.4751
phone-android,stress,1470,activate,rejected,not_eligible,0,0.8275,0.3436,0.0477,8.3767,0.1345,9.7301,165,262.8928
phone-android,stress,1471,take,accepted,taken,1,4.1783,0.3708,0.0534,8.6296,0.1449,13.3769,189,263.4809
phone-android,stress,1472,look,accepted,observed,0,0.9751,0.3779,0.0511,8.0986,0.1262,9.6289,161,268.5669
phone-android,stress,1473,look,accepted,observed,0,0.8159,0.4179,0.0460,6.9240,0.1211,8.3250,161,251.3766
phone-android,stress,1474,look,accepted,observed,0,1.8501,0.7139,0.0557,8.5706,0.1635,11.3538,161,252.4142
phone-android,stress,1475,activate,rejected,not_eligible,0,0.8114,0.3188,0.0457,7.2791,0.1024,8.5574,165,253.8779
phone-android,stress,1476,drop,accepted,dropped,1,1.0011,0.4471,0.0579,9.4908,0.1412,11.1382,194,266.7059
phone-android,stress,1477,look,accepted,observed,0,1.7709,0.4959,0.0503,8.0318,0.1149,10.4638,161,258.1487
phone-android,stress,1478,look,accepted,observed,0,0.9524,0.4620,0.0682,8.0437,0.1106,9.6369,161,261.5984
phone-android,stress,1479,drop,replayed,dropped,0,1.8051,0.3804,0.0020,0.0007,0.0369,2.2250,0,268.2708
phone-android,stress,1480,move,accepted,moved,1,0.9839,0.5477,0.0584,10.1461,0.1452,11.8811,189,257.6216
phone-android,stress,1481,move,accepted,moved,1,4.7947,0.3673,0.0525,8.7965,0.1596,14.1706,187,256.7861
phone-android,stress,1482,wait,rejected,invalid_time,0,0.9553,0.5835,0.0500,7.5738,0.1427,9.3052,165,266.6282
phone-android,stress,1483,choose,rejected,stale_view,0,0.7745,0.3969,0.0496,7.8088,0.1733,9.2030,163,258.7813
phone-android,stress,1484,look,accepted,observed,0,1.6122,0.7289,0.0479,8.0563,0.1108,10.5560,161,258.1476
phone-android,stress,1485,move,rejected,exit_unavailable,0,0.9379,0.5233,0.0520,8.0118,0.1503,9.6753,169,262.3338
phone-android,stress,1486,wait,rejected,invalid_time,0,1.2314,0.4772,0.0483,8.6948,0.1409,10.5927,165,259.1833
phone-android,stress,1487,look,accepted,observed,0,1.0559,0.5057,0.0506,7.7416,0.1120,9.4658,161,266.2412
phone-android,stress,1488,move,rejected,exit_unavailable,0,0.7455,0.3715,0.0460,7.9810,0.1245,9.2685,169,260.1228
phone-android,stress,1489,move,accepted,moved,1,1.7292,0.5914,0.0605,6.3663,0.1414,8.8886,191,263.8458
phone-android,stress,1490,look,accepted,observed,0,0.7495,0.3222,0.0460,6.7771,0.0928,7.9876,161,256.6574
phone-android,stress,1491,wait,rejected,invalid_time,0,0.7730,0.4359,0.0476,7.6378,0.1088,9.0030,165,251.0668
phone-android,stress,1492,move,accepted,moved,1,0.8350,0.4141,0.0553,9.6167,0.1458,11.0668,187,255.5615
phone-android,stress,1493,look,accepted,observed,0,0.7585,0.4008,0.0499,7.9055,0.1085,9.2233,161,259.8291
phone-android,stress,1494,take,accepted,taken,1,1.1695,0.4193,0.0567,9.2700,0.1476,11.0631,189,261.3810
phone-android,stress,1495,look,accepted,observed,0,1.5702,0.5564,0.0523,7.9508,0.1450,10.2746,161,253.8172
phone-android,stress,1496,look,accepted,observed,0,1.7588,0.7677,0.0565,8.2535,0.1429,10.9794,161,264.5998
phone-android,stress,1497,move,accepted,moved,1,0.8946,0.3754,0.0535,9.1547,0.1364,10.6146,191,255.5466
phone-android,stress,1498,move,accepted,moved,1,0.8308,0.3652,0.0514,8.2936,0.1269,9.6678,187,261.6770
phone-android,stress,1499,move,accepted,moved,1,1.3445,0.4135,0.0551,8.4316,0.1547,10.3995,189,255.7520
phone-android,stress,1500,move,rejected,exit_unavailable,0,1.4105,0.6097,0.0534,8.6695,0.1431,10.8863,169,266.5671
phone-android,stress,1501,take,replayed,not_present,0,1.2845,0.3043,0.0013,0.0005,0.0349,1.6255,0,251.0918
phone-android,stress,1502,talk,accepted,choice_opened,1,0.9621,0.3619,0.0548,8.7348,0.1227,10.2364,218,266.0888
phone-android,stress,1503,talk,accepted,choice_opened,1,1.3543,0.4867,0.0549,8.9503,0.1178,10.9640,192,257.1701
phone-android,stress,1504,look,accepted,observed,0,1.4426,0.5761,0.0518,7.4918,0.1430,9.7052,161,265.9215
phone-android,stress,1505,wait,rejected,invalid_time,0,0.9218,0.3908,0.0475,8.0183,0.1152,9.4935,165,253.1055
phone-android,stress,1506,move,accepted,moved,1,1.0888,0.4039,0.0557,8.7934,0.1310,10.4729,187,257.2177
phone-android,stress,1507,move,accepted,moved,1,1.3607,0.5405,0.0583,8.9630,0.1102,11.0326,189,254.6260
phone-android,stress,1508,look,accepted,observed,0,1.0212,0.4798,0.0509,8.0491,0.1460,9.7470,161,262.1851
phone-android,stress,1509,look,accepted,observed,0,0.9411,0.4426,0.0538,7.8754,0.1153,9.4281,161,255.8105
phone-android,stress,1510,look,accepted,observed,0,0.9098,0.3334,0.0463,7.3238,0.0942,8.7075,161,261.1709
phone-android,stress,1511,move,accepted,moved,1,1.0628,0.4148,0.0570,8.4848,0.1157,10.1351,187,255.2258
phone-android,stress,1512,take,replayed,taken,0,1.9801,0.4153,0.0020,0.0007,0.0385,2.4366,0,259.5190
phone-android,stress,1513,move,accepted,moved,1,0.7456,0.3715,0.0526,8.1657,0.1134,9.4489,189,252.8851
phone-android,stress,1514,take,replayed,not_present,0,1.3378,0.3167,0.0022,0.0009,0.0340,1.6916,0,257.4478
phone-android,stress,1515,look,accepted,observed,0,1.5439,0.5678,0.0521,7.7781,0.1084,10.0504,161,255.6071
phone-android,stress,1516,look,accepted,observed,0,1.7362,0.5578,0.0528,8.6063,0.1471,11.1002,161,264.7129
phone-android,stress,1517,move,accepted,moved,1,0.9594,0.4346,0.0602,8.5409,0.1471,10.1423,187,252.0551
phone-android,stress,1518,move,accepted,moved,1,0.8248,0.3708,0.0529,7.6564,0.1438,9.0488,189,256.3120
phone-android,stress,1519,look,accepted,observed,0,1.0658,0.4202,0.0496,7.0767,0.1121,8.7244,161,255.7892
phone-android,stress,1520,look,accepted,observed,0,1.2589,0.5182,0.0516,7.9509,0.1470,9.9266,161,261.0420
phone-android,stress,1521,look,accepted,observed,0,0.7560,0.4249,0.0504,8.0818,0.1146,9.4278,161,253.0525
phone-android,stress,1522,look,accepted,observed,0,0.9905,0.3593,0.0482,8.1663,0.1148,9.6790,161,255.6464
phone-android,stress,1523,move,accepted,moved,1,1.1381,0.6141,0.0561,8.6310,0.1112,10.5505,187,254.2953
phone-android,stress,1524,move,accepted,moved,1,1.0938,0.5708,0.0645,9.2632,0.1193,11.1116,189,259.8853
phone-android,stress,1525,move,accepted,moved,1,0.8490,0.3386,0.0513,8.1732,0.1090,9.5210,187,252.0765
phone-android,stress,1526,drop,accepted,dropped,1,1.0297,0.3924,0.0557,8.3249,0.1146,9.9173,194,261.8930
phone-android,stress,1527,move,accepted,moved,1,1.3610,0.5290,0.0564,8.4392,0.1508,10.5363,191,258.6541
phone-android,stress,1528,look,accepted,observed,0,1.5188,0.7782,0.0564,8.9589,0.1509,11.4632,161,253.5386
phone-android,stress,1529,look,accepted,observed,0,0.7758,0.4067,0.0511,7.2305,0.1080,8.5722,161,259.7597
phone-android,stress,1530,wait,rejected,invalid_time,0,1.0333,0.5054,0.0480,7.6031,0.1098,9.2996,165,255.8971
phone-android,stress,1531,move,accepted,moved,1,1.8330,0.5140,0.0557,9.7393,0.1389,12.2809,189,267.2642
phone-android,stress,1532,look,accepted,observed,0,0.7603,0.3172,0.0454,6.9587,0.0945,8.1761,161,255.8328
phone-android,stress,1533,talk,rejected,not_eligible,0,0.8068,0.4001,0.0505,7.5121,0.1271,8.8966,165,257.5191
phone-android,stress,1534,look,accepted,observed,0,0.9998,0.5719,0.0504,7.3452,0.1217,9.0891,161,250.7990
phone-android,stress,1535,look,accepted,observed,0,1.3676,0.5346,0.0520,7.7088,0.1134,9.7765,161,264.1584
phone-android,stress,1536,move,rejected,exit_unavailable,0,0.8195,0.3467,0.0474,7.3351,0.1127,8.6614,169,253.5783
phone-android,stress,1537,activate,rejected,not_eligible,0,0.9679,0.4454,0.0499,7.5167,0.1089,9.0889,165,255.7957
phone-android,stress,1538,take,rejected,not_present,0,0.9760,0.5614,0.0515,7.0710,0.1160,8.7759,164,252.4275
phone-android,stress,1539,move,accepted,moved,1,1.4302,0.5919,0.0569,9.3709,0.1849,11.6348,191,266.4864
phone-android,stress,1540,move,accepted,moved,1,0.8500,0.4016,0.0532,8.7534,0.1296,10.1879,189,253.3560
phone-android,stress,1541,take,replayed,not_present,0,1.0846,0.2913,0.0014,0.0007,0.0337,1.4117,0,252.4800
phone-android,stress,1542,move,accepted,moved,1,1.9009,0.6207,0.0685,8.8896,0.1216,11.6014,191,257.9401
phone-android,stress,1543,move,accepted,moved,1,1.5355,0.6034,0.0601,9.6173,0.1522,11.9684,189,265.3005
phone-android,stress,1544,move,accepted,moved,1,0.7102,0.3442,0.0503,8.0947,0.1079,9.3073,191,254.2390
phone-android,stress,1545,take,rejected,not_present,0,1.0160,0.3852,0.1354,7.8126,0.1506,9.4998,164,253.9430
phone-android,stress,1546,activate,rejected,not_eligible,0,1.1141,0.4201,0.0511,6.7623,0.1102,8.4578,165,254.2828
phone-android,stress,1547,move,accepted,moved,1,1.9694,0.5832,0.0596,8.8197,0.1503,11.5823,187,258.9120
phone-android,stress,1548,look,accepted,observed,0,1.3390,0.4284,0.0493,8.4040,0.1105,10.3311,161,259.6143
phone-android,stress,1549,look,accepted,observed,0,1.1125,0.5083,0.0546,7.8726,0.1118,9.6597,161,262.7548
phone-android,stress,1550,look,accepted,observed,0,1.1962,0.5174,0.0529,8.1149,0.2009,10.0824,161,260.7492
phone-android,stress,1551,move,accepted,moved,1,1.2407,0.5581,0.0572,8.5224,0.1217,10.5001,189,259.1341
phone-android,stress,1552,move,accepted,moved,1,1.6850,0.6177,0.0581,10.0981,0.1559,12.6147,187,259.8087
phone-android,stress,1553,look,accepted,observed,0,1.4254,0.5958,0.0512,7.9064,0.1115,10.0903,161,265.9800
phone-android,stress,1554,move,accepted,moved,1,0.7549,0.3588,0.0527,8.7786,0.1427,10.0877,191,260.1451
phone-android,stress,1555,look,accepted,observed,0,0.9725,0.3533,0.0492,7.6894,0.1247,9.1891,161,261.1661
phone-android,stress,1556,look,accepted,observed,0,1.4077,0.5128,0.0510,7.9339,0.1843,10.0897,161,257.5677
phone-android,stress,1557,talk,rejected,not_eligible,0,1.4915,0.3937,0.0486,8.3953,0.1500,10.4791,165,266.3093
phone-android,stress,1558,choose,rejected,not_owned,0,1.3177,0.4168,0.0509,8.3549,0.1222,10.2624,162,258.1644
phone-android,stress,1559,move,accepted,moved,1,1.9698,0.4201,0.0540,9.5303,0.1539,12.1281,189,265.0788
phone-android,stress,1560,take,rejected,not_present,0,0.9887,0.3709,0.0496,8.0518,0.1161,9.5772,164,256.5820
phone-android,stress,1561,move,accepted,moved,1,6.2431,0.3893,0.0529,8.8139,0.1441,15.6432,191,250.8104
phone-android,stress,1562,take,rejected,not_present,0,0.7956,0.5105,0.0497,7.6317,0.1095,9.0970,164,264.4431
phone-android,stress,1563,activate,rejected,not_eligible,0,0.8082,0.3484,0.0468,7.0499,0.1126,8.3659,165,249.1045
phone-android,stress,1564,move,accepted,moved,1,0.8404,0.4055,0.0559,8.8683,0.1150,10.2851,187,255.4123
phone-android,stress,1565,look,accepted,observed,0,1.0473,0.4036,0.0528,8.7917,0.1321,10.4274,161,256.4639
phone-android,stress,1566,move,accepted,moved,1,0.8893,0.3934,0.0562,9.0445,0.1298,10.5132,189,259.3665
phone-android,stress,1567,look,accepted,observed,0,1.0938,0.3766,0.0483,8.1074,0.1098,9.7360,161,253.4350
phone-android,stress,1568,look,accepted,observed,0,1.0378,0.5141,0.0525,7.7834,0.1079,9.4956,161,279.3726
phone-android,stress,1569,move,accepted,moved,1,0.9969,0.5003,0.0530,8.4024,0.1084,10.0609,187,256.4042
phone-android,stress,1570,look,accepted,observed,0,6.2944,0.3618,0.0465,8.2482,0.1374,15.0883,161,255.6174
phone-android,stress,1571,take,accepted,taken,1,1.0580,0.5506,0.0566,8.1057,0.1219,9.8927,189,253.2727
phone-android,stress,1572,close_choice,accepted,choice_closed,1,0.9565,0.6349,0.0581,9.5267,0.1526,11.3289,202,260.7957
phone-android,stress,1573,activate,rejected,not_eligible,0,1.6939,0.6042,0.0533,8.8244,0.1870,11.3629,165,258.1841
phone-android,stress,1574,drop,accepted,dropped,1,0.7750,0.4288,0.0597,8.4016,0.1072,9.7723,194,267.9070
phone-android,stress,1575,take,accepted,taken,1,1.7214,0.3941,0.0551,8.9291,0.1256,11.2252,189,260.6585
phone-android,stress,1576,move,rejected,exit_unavailable,0,1.8757,0.5782,0.0512,8.4254,0.1473,11.0778,169,264.8840
phone-android,stress,1577,drop,rejected,integrity_conflict,0,1.2170,0.2937,0.0015,0.0012,0.0344,1.5479,0,262.0240
phone-android,stress,1578,move,rejected,exit_unavailable,0,1.0179,0.4173,0.0499,7.7896,0.1224,9.3971,169,251.9154
phone-android,stress,1579,wait,rejected,invalid_time,0,1.0506,0.4499,0.0453,7.0030,0.1133,8.6621,165,255.4318
phone-android,stress,1580,move,accepted,moved,1,1.5296,0.5693,0.0577,8.3672,0.1414,10.6652,191,267.4078
phone-android,stress,1581,look,accepted,observed,0,0.9128,0.3656,0.0485,7.5585,0.1080,8.9935,161,254.0365
phone-android,stress,1582,talk,rejected,not_eligible,0,0.8120,0.3425,0.0474,7.9917,0.1365,9.3301,165,250.5711
phone-android,stress,1583,activate,rejected,not_eligible,0,1.0296,0.3799,0.0489,7.6111,0.1165,9.1859,165,251.4279
phone-android,stress,1584,drop,accepted,dropped,1,0.9264,0.3556,0.0548,8.2503,0.1096,9.6967,198,263.0668
phone-android,stress,1585,activate,rejected,not_eligible,0,1.9602,0.7309,0.0569,7.5484,0.1094,10.4059,165,261.4242
phone-android,stress,1586,look,accepted,observed,0,0.9968,0.5301,0.0502,7.5754,0.1674,9.3198,161,265.4192
phone-android,stress,1587,close_choice,rejected,invalid_choice,0,0.9746,1.1989,0.0607,8.1283,0.1503,10.5128,167,259.1822
phone-android,stress,1588,move,rejected,exit_unavailable,0,1.0204,0.5547,0.0523,7.2314,0.1132,8.9721,169,267.1983
phone-android,stress,1589,drop,replayed,dropped,0,1.8635,0.7037,0.0029,0.0011,0.0449,2.6160,0,263.9535
phone-android,stress,1590,take,accepted,taken,1,1.0166,0.5910,0.1153,8.5880,0.1096,10.4205,189,261.5917
phone-android,stress,1591,wait,rejected,invalid_time,0,1.2542,0.5368,0.0494,7.4389,0.1084,9.3878,165,260.0500
phone-android,stress,1592,look,accepted,observed,0,0.9596,0.3861,0.0493,8.6060,0.1444,10.1454,161,263.6714
phone-android,stress,1593,move,rejected,exit_unavailable,0,0.9605,0.4510,0.0532,8.5010,0.1417,10.1075,169,255.1549
phone-android,stress,1594,look,accepted,observed,0,0.8830,0.3457,0.0485,8.0036,0.1059,9.3867,161,255.2249
phone-android,stress,1595,look,accepted,observed,0,1.2035,0.4956,0.0509,8.0687,0.1327,9.9514,161,261.8738
phone-android,stress,1596,wait,rejected,invalid_time,0,1.9850,0.4773,0.0484,8.3043,0.1507,10.9658,165,258.0399
phone-android,stress,1597,wait,rejected,invalid_time,0,5.6356,0.3467,0.0435,7.6856,0.1177,13.8292,165,256.4352
phone-android,stress,1598,move,accepted,moved,1,1.4301,0.5911,0.0564,8.6281,0.1292,10.8348,187,253.8200
phone-android,stress,1599,move,accepted,moved,1,1.5632,0.8631,0.0564,9.2493,0.1447,11.8767,189,266.6014
phone-android,stress,1600,look,accepted,observed,0,1.0460,0.3782,0.0509,8.0490,0.1122,9.6363,161,255.3445
phone-android,stress,1601,look,accepted,observed,0,0.7786,0.3247,0.0449,7.4737,0.0914,8.7134,161,260.0965
phone-android,stress,1602,choose,rejected,invalid_choice,0,1.1521,0.4133,0.0496,7.4858,0.1106,9.2114,167,260.1239
phone-android,stress,1603,talk,accepted,choice_opened,1,1.1842,0.5265,0.0614,9.3411,0.1500,11.2631,218,259.3615
phone-android,stress,1604,look,accepted,observed,0,1.0054,0.3900,0.0495,7.7513,0.1094,9.3055,161,257.4723
phone-android,stress,1605,wait,rejected,invalid_time,0,6.1935,0.3812,0.0454,7.5610,0.1257,14.3069,165,257.1148
phone-android,stress,1606,talk,accepted,choice_opened,1,1.0618,0.5491,0.0552,8.9375,0.1140,10.7176,192,255.5960
phone-android,stress,1607,move,rejected,exit_unavailable,0,1.1380,0.4550,0.0509,7.7478,0.1157,9.5074,169,261.7314
phone-android,stress,1608,look,accepted,observed,0,0.8678,0.3357,0.0494,7.1195,0.1100,8.4824,161,254.3530
phone-android,stress,1609,wait,rejected,invalid_time,0,1.0581,0.3968,0.0478,8.1260,0.1103,9.7390,165,258.9736
phone-android,stress,1610,look,accepted,observed,0,1.2740,0.7226,0.0548,7.5358,0.1070,9.6942,161,257.2676
phone-android,stress,1611,move,accepted,moved,1,0.9682,0.4675,0.0608,10.3062,0.1285,11.9312,187,255.9097
phone-android,stress,1612,move,accepted,moved,1,1.2652,0.5522,0.0595,9.4945,0.1524,11.5239,189,255.5937
phone-android,stress,1613,look,accepted,observed,0,0.9514,0.4416,0.0532,7.1252,0.1359,8.7072,161,258.8407
phone-android,stress,1614,choose,accepted,resolved_carry,1,1.5093,0.8864,0.5009,12.3098,127.9070,143.1135,458,254.5563
phone-android,stress,1615,look,accepted,observed,0,1.7565,0.5151,0.0512,8.1637,0.1420,10.6284,161,262.2750
phone-android,stress,1616,drop,accepted,dropped,1,1.8816,0.7666,0.0624,9.8261,0.1514,12.6881,196,254.5232
phone-android,stress,1617,choose,rejected,invalid_choice,0,5.2309,0.3717,0.0447,7.3183,0.0938,13.0594,167,255.4784
phone-android,stress,1618,look,accepted,observed,0,1.7271,0.5393,0.0502,6.9269,0.1114,9.3549,161,254.4489
phone-android,stress,1619,move,accepted,moved,1,1.1471,0.4888,0.0561,9.1456,0.1510,10.9887,187,266.9056
phone-android,stress,1620,take,rejected,not_present,0,0.9148,0.3586,0.0492,8.1886,0.1081,9.6194,164,319.8332
phone-android,stress,1621,look,accepted,observed,0,2.2573,0.4221,0.0530,8.5610,0.1423,11.4357,161,255.8649
phone-android,stress,1622,move,accepted,moved,1,5.8566,0.3927,0.0529,8.3535,0.1263,14.7819,191,269.4429
phone-android,stress,1623,move,accepted,moved,1,0.9616,0.4913,0.0553,8.8305,0.1258,10.4644,187,257.3130
phone-android,stress,1624,talk,rejected,not_eligible,0,0.7276,0.3885,0.0504,7.6700,0.1033,8.9398,165,260.1111
phone-android,stress,1625,move,accepted,moved,1,1.2844,0.5451,0.0591,9.2976,0.1470,11.3332,189,255.9079
phone-android,stress,1626,move,accepted,moved,1,0.7581,0.4348,0.0564,8.4858,0.1628,9.8979,187,269.7669
phone-android,stress,1627,wait,rejected,invalid_time,0,0.9654,0.3665,0.0445,7.7498,0.1193,9.2454,165,314.1396
phone-android,stress,1628,move,rejected,exit_unavailable,0,1.1461,0.3660,0.0484,7.9845,0.0974,9.6424,169,268.1436
phone-android,stress,1629,move,accepted,moved,1,0.9578,0.3993,0.0568,8.5262,0.1312,10.0713,191,258.6137
phone-android,stress,1630,take,rejected,not_present,0,1.4439,0.5658,0.0522,8.2988,0.1471,10.5078,164,262.8703
phone-android,stress,1631,look,accepted,observed,0,0.9085,0.3704,0.0487,8.5776,0.1228,10.0279,161,256.5174
phone-android,stress,1632,look,accepted,observed,0,1.0045,0.3597,0.0492,8.4608,0.1318,10.0061,161,251.4985
phone-android,stress,1633,wait,rejected,invalid_time,0,0.8363,0.4412,0.0466,7.6933,0.0961,9.1135,165,258.1661
phone-android,stress,1634,look,accepted,observed,0,1.4024,1.1019,0.0538,7.2290,0.1175,9.9046,161,252.6509
phone-android,stress,1635,choose,rejected,invalid_choice,0,1.6929,1.0289,0.0520,8.3754,0.1458,11.2950,167,266.5921
phone-android,stress,1636,look,accepted,observed,0,0.8234,0.3709,0.0487,7.6459,0.1259,9.0149,161,253.4903
phone-android,stress,1637,move,rejected,exit_unavailable,0,0.8814,0.3583,0.0475,7.7526,0.0995,9.1393,169,257.0203
phone-android,stress,1638,move,accepted,moved,1,1.3176,0.5424,0.0555,9.3106,0.1524,11.3785,187,271.4974
phone-android,stress,1639,wait,accepted,waited,1,1.0947,0.4018,0.0504,9.2526,0.1767,10.9763,185,254.1497
phone-android,stress,1640,take,rejected,not_present,0,7.0289,0.3649,0.0465,8.7761,0.1368,16.3532,164,256.9666
phone-android,stress,1641,move,accepted,moved,1,1.3340,0.4107,0.0539,8.9559,0.1210,10.8756,189,250.9783
phone-android,stress,1642,look,accepted,observed,0,1.1553,0.5128,0.0509,8.1022,0.1092,9.9305,161,258.7008
phone-android,stress,1643,talk,rejected,not_eligible,0,1.2653,0.4668,0.0530,8.6043,0.1448,10.5342,165,257.1433
phone-android,stress,1644,look,accepted,observed,0,0.8197,0.3696,0.0505,8.0512,0.1177,9.4088,161,263.2101
phone-android,stress,1645,take,accepted,taken,1,1.4380,0.4035,0.0569,8.8390,0.1966,10.9341,189,256.6790
phone-android,stress,1646,talk,rejected,not_eligible,0,1.3182,0.5184,0.0491,7.7428,0.2194,9.8479,165,266.7352
phone-android,stress,1647,look,accepted,observed,0,0.7290,0.3315,0.0470,7.4991,0.0890,8.6956,161,252.0226
phone-android,stress,1648,look,accepted,observed,0,0.9820,0.3520,0.0477,8.0538,0.1305,9.5659,161,258.5819
phone-android,stress,1649,wait,rejected,invalid_time,0,1.0210,0.7659,0.0474,6.7579,0.1089,8.7011,165,257.0143
phone-android,stress,1650,move,accepted,moved,1,1.2099,0.5783,0.0591,9.6479,0.1531,11.6484,187,258.2339
phone-android,stress,1651,move,accepted,moved,1,1.5760,0.5952,0.0603,9.6391,0.1510,12.0217,189,255.3497
phone-android,stress,1652,look,accepted,observed,0,5.6335,0.3557,0.0462,7.5368,0.1256,13.6978,161,258.7573
phone-android,stress,1653,drop,accepted,dropped,1,1.2931,0.5624,0.0582,9.1689,0.2019,11.2845,196,254.5714
phone-android,stress,1654,look,accepted,observed,0,1.3266,0.5545,0.0566,8.0253,0.1434,10.1064,161,268.2374
phone-android,stress,1655,wait,rejected,invalid_time,0,0.8876,0.3934,0.0469,7.8477,0.1149,9.2905,165,253.4647
phone-android,stress,1656,take,accepted,taken,1,0.8339,0.3561,0.0529,7.1288,0.1180,8.4896,189,260.2848
phone-android,stress,1657,move,accepted,moved,1,4.5269,0.4706,0.0524,7.4332,0.1183,12.6015,187,254.2328
phone-android,stress,1658,move,accepted,moved,1,1.6417,0.8067,0.0640,9.9971,0.1462,12.6557,191,257.6140
phone-android,stress,1659,wait,rejected,invalid_time,0,1.5622,0.5776,0.0484,9.3828,0.1502,11.7211,165,256.3914
phone-android,stress,1660,activate,rejected,not_eligible,0,5.2186,0.3678,0.0469,7.4428,0.1218,13.1978,165,259.5923
phone-android,stress,1661,look,accepted,observed,0,1.0089,0.3905,0.0488,7.9299,0.1427,9.5208,161,252.8854
phone-android,stress,1662,move,rejected,exit_unavailable,0,1.4202,0.4373,0.0515,8.6313,0.1399,10.6802,169,270.4104
phone-android,stress,1663,wait,rejected,invalid_time,0,0.7131,0.3535,0.0440,19.5570,0.1216,20.7893,165,255.2663
phone-android,stress,1664,take,replayed,not_present,0,1.1111,0.2790,0.0015,0.0006,0.0327,1.4249,0,253.4097
phone-android,stress,1665,close_choice,rejected,invalid_choice,0,2.3298,0.6998,0.0507,7.4225,0.1139,10.6168,167,256.2883
phone-android,stress,1666,look,accepted,observed,0,1.3627,0.6704,0.0533,8.2644,0.1398,10.4905,161,254.9949
phone-android,stress,1667,look,accepted,observed,0,1.6304,0.4518,0.0502,7.6289,0.1122,9.8735,161,254.5424
phone-android,stress,1668,move,accepted,moved,1,5.9548,0.3632,0.0518,8.6832,0.1580,15.2110,189,259.1233
phone-android,stress,1669,look,accepted,observed,0,1.0295,0.4988,0.0518,8.5840,0.1151,10.2791,161,255.0849
phone-android,stress,1670,drop,accepted,dropped,1,1.4465,0.6075,0.0601,9.3443,0.1533,11.6117,196,270.9986
phone-android,stress,1671,talk,rejected,not_eligible,0,0.9040,0.3492,0.0498,7.6252,0.1233,9.0516,165,258.7071
phone-android,stress,1672,choose,rejected,stale_view,0,1.5765,0.4014,0.0482,8.4848,0.1171,10.6280,163,258.1945
phone-android,stress,1673,look,accepted,observed,0,0.9687,0.5156,0.0515,7.3341,0.1116,8.9815,161,256.9383
phone-android,stress,1674,look,accepted,observed,0,1.8716,0.5522,0.0554,8.4338,0.1450,11.0579,161,259.1188
phone-android,stress,1675,take,accepted,taken,1,1.5664,0.6230,0.0582,9.4257,0.1498,11.8232,189,257.8531
phone-android,stress,1676,move,accepted,moved,1,0.8010,0.4087,0.0567,8.6871,0.1143,10.0678,191,258.5234
phone-android,stress,1677,look,accepted,observed,0,1.3327,0.3882,0.0514,7.9261,0.1114,9.8098,161,253.9363
phone-android,stress,1678,move,accepted,moved,1,1.7213,0.8122,0.0601,9.7474,0.1547,12.4958,189,265.6090
phone-android,stress,1679,look,accepted,observed,0,0.7477,0.3201,0.0463,7.0847,0.1109,8.3097,161,252.2729
phone-android,stress,1680,wait,rejected,invalid_time,0,0.8272,0.3615,0.0443,8.0901,0.1049,9.4281,165,257.6302
phone-android,stress,1681,look,accepted,observed,0,0.9715,0.5574,0.0521,7.6786,0.2158,9.4754,161,255.1465
phone-android,stress,1682,wait,rejected,invalid_time,0,1.8037,0.7356,0.0574,8.1453,0.1372,10.8792,165,262.0477
phone-android,stress,1683,look,accepted,observed,0,1.4997,0.6132,0.0511,8.4477,0.1463,10.7580,161,253.7877
phone-android,stress,1684,choose,rejected,invalid_choice,0,5.0463,0.3721,0.0457,7.7352,0.0972,13.2966,167,257.8720
phone-android,stress,1685,look,accepted,observed,0,1.2680,0.7190,0.0542,7.4656,0.1099,9.6167,161,255.3883
phone-android,stress,1686,move,accepted,moved,1,1.7421,0.5863,0.0572,9.3500,0.1513,11.8869,191,263.2467
phone-android,stress,1687,drop,rejected,integrity_conflict,0,1.0899,0.2983,0.0017,0.0007,0.0338,1.4244,0,251.7321
phone-android,stress,1688,move,accepted,moved,1,1.0252,0.4039,0.0541,8.9936,0.1448,10.6216,187,257.2625
phone-android,stress,1689,look,accepted,observed,0,1.4928,0.3889,0.0495,7.8597,0.1127,9.9035,161,253.8989
phone-android,stress,1690,wait,rejected,invalid_time,0,1.1462,0.5746,0.0492,8.4380,0.1414,10.3494,165,258.8105
phone-android,stress,1691,drop,accepted,dropped,1,1.9880,0.7605,0.0661,9.6848,0.1537,12.6532,194,253.4663
phone-android,stress,1692,move,rejected,exit_unavailable,0,1.0309,0.4793,0.0529,7.6155,0.1313,9.3099,169,264.7152
phone-android,stress,1693,look,accepted,observed,0,1.3750,0.4275,0.0496,6.6546,0.1126,8.6194,161,256.7142
phone-android,stress,1694,move,accepted,moved,1,1.4682,0.5933,0.0570,9.2767,0.1550,11.5503,191,262.0982
phone-android,stress,1695,look,accepted,observed,0,0.7378,0.4537,0.0461,7.6278,0.1106,8.9760,161,251.6515
phone-android,stress,1696,look,accepted,observed,0,0.9717,0.3642,0.0472,6.9116,0.1261,8.4208,161,256.0298
phone-android,stress,1697,activate,rejected,not_eligible,0,1.3664,0.5368,0.0502,7.5726,0.1110,9.6369,165,260.8770
phone-android,stress,1698,move,accepted,moved,1,0.9920,0.5363,0.0562,9.9878,0.1478,11.7201,187,260.0050
phone-android,stress,1699,move,accepted,moved,1,1.3599,0.5146,0.0564,9.3254,0.1508,11.4072,191,255.7741
phone-android,stress,1700,look,accepted,observed,0,4.4853,0.3590,0.0464,7.2971,0.1062,12.2940,161,257.9548
phone-android,stress,1701,take,replayed,not_present,0,1.4297,0.3581,0.0019,0.0005,0.0354,1.8256,0,259.6084
phone-android,stress,1702,take,rejected,not_present,0,1.4156,0.5890,0.0518,8.6156,0.1457,10.8177,164,266.0366
phone-android,stress,1703,look,accepted,observed,0,0.7527,0.3342,0.0469,7.6117,0.1006,8.8460,161,252.5781
phone-android,stress,1704,look,accepted,observed,0,1.0074,0.3834,0.0515,7.7580,0.1102,9.3105,161,254.6925
phone-android,stress,1705,choose,rejected,invalid_choice,0,1.0455,0.5307,0.0505,7.4889,0.1243,9.2399,167,259.2650
phone-android,stress,1706,activate,rejected,not_eligible,0,1.2707,0.4034,0.0524,8.7273,0.1494,10.6032,165,257.7092
phone-android,stress,1707,move,rejected,exit_unavailable,0,1.3663,0.7333,0.0528,8.3315,0.1095,10.5933,169,254.5893
phone-android,stress,1708,wait,rejected,invalid_time,0,5.0126,0.4289,0.0435,7.5227,0.1124,13.1201,165,257.9837
phone-android,stress,1709,move,accepted,moved,1,0.9873,0.4104,0.0560,8.4401,0.1172,10.0109,187,254.4449
phone-android,stress,1710,look,accepted,observed,0,2.3466,0.4561,0.0520,8.0022,0.1497,11.0066,161,269.4854
phone-android,stress,1711,activate,rejected,not_eligible,0,0.9146,0.3736,0.0507,7.3803,0.1168,8.8360,165,258.0774
phone-android,stress,1712,talk,rejected,not_eligible,0,0.9757,0.3697,0.0478,7.6109,0.1074,9.1116,165,256.3538
phone-android,stress,1713,look,accepted,observed,0,1.3984,0.5010,0.0509,6.6884,0.1141,8.7529,161,259.0395
phone-android,stress,1714,drop,replayed,dropped,0,1.6829,0.3776,0.0022,0.0006,0.0391,2.1024,0,259.7726
phone-android,stress,1715,move,accepted,moved,1,1.2806,0.6006,0.0585,9.2956,0.1537,11.3890,189,257.9235
phone-android,stress,1716,look,accepted,observed,0,1.0715,0.4384,0.0490,7.5311,0.1167,9.2067,161,273.5220
phone-android,stress,1717,activate,rejected,not_eligible,0,0.8294,0.3556,0.0505,7.1856,0.1051,8.5262,165,261.9666
phone-android,stress,1718,wait,rejected,invalid_time,0,1.3993,0.5543,0.0497,8.8252,0.1426,10.9710,165,272.8128
phone-android,stress,1719,wait,rejected,invalid_time,0,0.9760,0.4171,0.0476,7.5615,0.1666,9.1689,165,257.7033
phone-android,stress,1720,wait,rejected,invalid_time,0,0.7405,0.3744,0.0484,7.3549,0.0965,8.6147,165,260.3109
phone-android,stress,1721,move,accepted,moved,1,1.4281,0.5605,0.0591,9.7804,0.1506,11.9788,187,254.8308
phone-android,stress,1722,look,accepted,observed,0,0.8544,0.3777,0.0502,8.1019,0.1158,9.5001,161,256.5789
phone-android,stress,1723,look,accepted,observed,0,0.9605,0.3641,0.0463,7.5792,0.1053,9.0554,161,252.9741
phone-android,stress,1724,choose,rejected,invalid_choice,0,0.8177,0.4216,0.0463,7.1305,0.1149,8.5311,167,264.6362
phone-android,stress,1725,choose,rejected,stale_view,0,1.3766,0.5245,0.0492,7.8468,0.1455,9.9426,163,255.2635
phone-android,stress,1726,move,rejected,exit_unavailable,0,5.4449,0.4660,0.0507,7.8544,0.1327,13.9486,169,261.6395
phone-android,stress,1727,activate,rejected,not_eligible,0,1.3603,0.4992,0.0515,7.6894,0.1125,9.7129,165,262.5677
phone-android,stress,1728,choose,rejected,invalid_choice,0,1.4036,1.1002,0.0629,8.5036,0.1382,11.2085,167,265.8844
phone-android,stress,1729,look,accepted,observed,0,0.7739,0.3317,0.0473,7.8045,0.1270,9.0844,161,253.0180
phone-android,stress,1730,look,accepted,observed,0,0.8782,0.3483,0.1081,6.8211,0.0921,8.2479,161,258.0403
phone-android,stress,1731,activate,rejected,not_eligible,0,1.0141,0.5246,0.0537,7.8032,0.1113,9.5069,165,258.2580
phone-android,stress,1732,look,accepted,observed,0,1.6248,0.5409,0.0533,9.1884,0.1490,11.5565,161,264.5340
phone-android,stress,1733,drop,replayed,dropped,0,4.1280,0.2963,0.0017,0.0004,0.0329,4.4593,0,249.4239
phone-android,stress,1734,move,accepted,moved,1,5.6722,0.3954,0.0536,9.0963,0.1358,15.3533,191,258.9279
phone-android,stress,1735,wait,rejected,invalid_time,0,1.4061,0.4133,0.0483,7.3288,0.1085,9.3049,165,257.4821
phone-android,stress,1736,move,accepted,moved,1,1.5903,0.6258,0.0595,9.9964,0.1505,12.4224,187,265.5046
phone-android,stress,1737,take,accepted,taken,1,1.0058,0.3911,0.0560,8.9520,0.1385,10.5435,189,255.0014
phone-android,stress,1738,wait,rejected,invalid_time,0,0.7896,0.3659,0.0447,7.1964,0.1192,8.5158,165,258.7883
phone-android,stress,1739,talk,rejected,not_eligible,0,1.3991,0.5528,0.0497,7.8366,0.1083,9.9466,165,259.1880
phone-android,stress,1740,look,accepted,observed,0,1.1178,0.5092,0.0523,8.0541,0.1440,9.8773,161,258.5581
phone-android,stress,1741,look,accepted,observed,0,1.2147,0.4190,0.0527,8.2568,0.1396,10.0828,161,254.5931
phone-android,stress,1742,move,accepted,moved,1,5.2132,0.3716,0.0538,8.1564,0.1467,13.9417,191,258.2253
phone-android,stress,1743,look,accepted,observed,0,1.2517,0.4294,0.0539,8.6214,0.2032,10.5596,161,256.4121
phone-android,stress,1744,activate,rejected,not_eligible,0,1.7279,0.5103,0.0520,8.2783,0.1373,10.7059,165,262.9190
phone-android,stress,1745,look,accepted,observed,0,0.9506,0.3580,0.0470,7.7817,0.1297,9.2670,161,257.5492
phone-android,stress,1746,activate,rejected,not_eligible,0,1.0286,0.4858,0.0499,7.6841,0.1213,9.3697,165,260.0396
phone-android,stress,1747,move,accepted,moved,1,0.9944,0.8533,0.0624,8.1928,0.1118,10.2146,189,256.8455
phone-android,stress,1748,move,accepted,moved,1,0.9505,0.5811,0.0601,9.1938,0.1531,10.9386,191,256.2670
phone-android,stress,1749,move,accepted,moved,1,1.6856,0.5537,0.0579,10.7647,0.1445,13.2064,189,257.4643
phone-android,stress,1750,drop,accepted,dropped,1,5.7217,0.3715,0.0515,8.6208,0.1729,14.9383,196,257.4938
phone-android,stress,1751,move,accepted,moved,1,1.0398,0.5181,0.0572,9.4048,0.1192,11.1391,191,263.0111
phone-android,stress,1752,move,accepted,moved,1,1.2368,0.5794,0.0591,9.4032,0.1495,11.4280,187,267.1900
phone-android,stress,1753,choose,rejected,invalid_choice,0,0.7805,0.3620,0.0455,8.0039,0.1375,9.3294,167,264.9660
phone-android,stress,1754,look,accepted,observed,0,1.5303,0.8451,0.0558,8.2283,0.1404,10.7998,161,256.9684
phone-android,stress,1755,talk,rejected,not_eligible,0,0.7431,0.3293,0.0461,7.3243,0.1031,8.5460,165,281.0940
phone-android,stress,1756,move,accepted,moved,1,1.0028,0.3978,0.0541,9.3098,0.1494,10.9140,191,257.4415
phone-android,stress,1757,talk,rejected,not_eligible,0,6.6168,0.3430,0.0452,7.6790,0.1269,14.8108,165,250.3234
phone-android,stress,1758,look,accepted,observed,0,0.7436,0.3475,0.0480,7.1458,0.0913,8.3762,161,257.4895
phone-android,stress,1759,move,accepted,moved,1,1.1547,0.5872,0.0596,9.8828,0.1537,11.8380,187,254.2088
phone-android,stress,1760,take,rejected,not_present,0,5.8605,0.3618,0.0464,6.9572,0.1170,13.3430,164,258.3887
phone-android,stress,1761,move,rejected,exit_unavailable,0,4.1759,0.3750,0.0465,7.2716,0.1385,12.0075,169,267.0406
phone-android,stress,1762,move,accepted,moved,1,0.7959,0.3741,0.0529,8.1415,0.1315,9.4960,191,253.5615
phone-android,stress,1763,look,accepted,observed,0,0.9977,0.4521,0.0524,8.1920,0.1954,9.8896,161,255.8731
phone-android,stress,1764,look,accepted,observed,0,0.7105,0.3315,0.0467,7.7099,0.1577,8.9564,161,256.0832
phone-android,stress,1765,close_choice,rejected,invalid_choice,0,1.6097,0.4778,0.0523,9.0671,0.1462,11.3531,167,265.5379
phone-android,stress,1766,wait,rejected,invalid_time,0,0.9555,0.3928,0.0498,8.0619,0.1234,9.5835,165,251.2839
phone-android,stress,1767,move,accepted,moved,1,1.0258,0.4166,0.0577,8.6998,0.1270,10.3269,187,265.1366
phone-android,stress,1768,take,rejected,not_present,0,1.3011,0.7467,0.0548,6.4335,0.0979,8.6340,164,271.3015
phone-android,stress,1769,look,accepted,observed,0,1.9582,0.7939,0.0636,8.7734,0.1447,11.7339,161,258.3111
phone-android,stress,1770,move,rejected,exit_unavailable,0,0.7871,0.3610,0.0491,7.5671,0.1255,8.8898,169,262.0658
phone-android,stress,1771,take,rejected,not_present,0,1.2782,2.1018,0.0738,7.3482,0.1108,10.9128,164,273.0198
phone-android,stress,1772,move,accepted,moved,1,1.0322,0.5063,0.0565,8.8634,0.1101,10.5684,191,262.1754
phone-android,stress,1773,look,accepted,observed,0,1.6322,0.7156,0.0523,8.2550,0.1306,10.7857,161,262.5257
phone-android,stress,1774,look,accepted,observed,0,0.9662,0.3676,0.0519,8.2517,0.1200,9.7574,161,259.2223
phone-android,stress,1775,move,accepted,moved,1,0.8290,0.3707,0.0535,8.7111,0.1405,10.1048,189,250.7743
phone-android,stress,1776,wait,rejected,invalid_time,0,1.0799,0.5501,0.0569,7.9936,0.1129,9.7934,165,259.1171
phone-android,stress,1777,move,accepted,moved,1,0.8458,0.3761,0.0544,8.3021,0.1072,9.6857,191,256.1679
phone-android,stress,1778,look,accepted,observed,0,1.1269,0.5845,0.0518,7.2355,0.0989,9.0976,161,268.2343
phone-android,stress,1779,move,accepted,moved,1,1.5916,0.6455,0.0602,9.0387,0.1782,11.5142,189,260.2668
phone-android,stress,1780,look,accepted,observed,0,0.8436,0.7253,0.0570,8.7853,0.1411,10.5523,161,259.9838
phone-android,stress,1781,wait,rejected,invalid_time,0,4.7951,0.3604,0.0445,7.7742,0.1067,13.0809,165,253.1627
phone-android,stress,1782,take,accepted,taken,1,1.0656,0.4837,0.0555,9.0636,0.1536,10.8222,189,259.7737
phone-android,stress,1783,look,accepted,observed,0,1.0790,0.3936,0.0504,7.9816,0.1135,9.6182,161,253.7803
phone-android,stress,1784,look,accepted,observed,0,6.1283,0.3576,0.0473,8.1836,0.1160,14.8328,161,260.8723
phone-android,stress,1785,move,accepted,moved,1,1.3455,0.5479,0.0556,8.9949,0.1205,11.0644,191,250.8861
phone-android,stress,1786,talk,rejected,not_eligible,0,1.2587,0.4852,0.0538,8.2502,0.1432,10.1911,165,268.3307
phone-android,stress,1787,move,accepted,moved,1,1.3372,0.4103,0.0557,5.3288,0.1287,7.2607,189,253.2574
phone-android,stress,1788,drop,accepted,dropped,1,0.8799,0.3441,0.0525,8.3003,0.1183,9.6951,196,257.1028
phone-android,stress,1789,wait,rejected,invalid_time,0,1.3473,0.5440,0.0486,7.6701,0.1093,9.7193,165,259.4313
phone-android,stress,1790,choose,rejected,stale_view,0,0.9515,0.4794,0.0495,7.5411,0.1153,9.1368,163,264.4345
phone-android,stress,1791,activate,rejected,not_eligible,0,1.7892,0.5802,0.0533,8.1783,0.1468,10.7478,165,256.0320
phone-android,stress,1792,talk,rejected,not_eligible,0,6.3722,0.3467,0.0453,7.3209,0.1311,14.2162,165,259.8371
phone-android,stress,1793,move,accepted,moved,1,1.0407,0.4178,0.0552,8.5287,0.1197,10.1621,191,258.1261
phone-android,stress,1794,wait,rejected,invalid_time,0,0.9580,0.5128,0.0480,8.0368,0.1455,9.7010,165,267.3333
phone-android,stress,1795,move,rejected,exit_unavailable,0,0.7421,0.3348,0.0451,6.9347,0.1332,8.1899,169,252.3370
phone-android,stress,1796,move,accepted,moved,1,1.0610,0.3953,0.0548,8.8421,0.1292,10.4824,187,264.2735
phone-android,stress,1797,close_choice,rejected,invalid_choice,0,1.0623,0.5107,0.0501,8.0844,0.1129,9.8203,167,269.5170
phone-android,stress,1798,take,rejected,not_present,0,1.5330,0.5349,0.0507,8.1571,0.1168,10.3924,164,260.8362
phone-android,stress,1799,look,accepted,observed,0,1.0200,0.3822,0.0495,8.2365,0.1172,9.8054,161,260.3008
phone-android,stress,1800,look,accepted,observed,0,1.6897,0.5412,0.0536,7.3988,0.1373,9.8206,161,270.2920
phone-android,stress,1801,look,accepted,observed,0,1.6907,0.5007,0.0508,7.6028,0.1137,9.9588,161,273.6205
phone-android,stress,1802,drop,replayed,dropped,0,1.8895,0.3901,0.0021,0.0005,0.0371,2.3193,0,271.5793
phone-android,stress,1803,move,rejected,exit_unavailable,0,0.8802,0.3668,0.0472,7.7182,0.1049,9.1172,169,269.6870
phone-android,stress,1804,look,accepted,observed,0,1.0298,0.4975,0.0486,8.4860,0.1130,10.1750,161,261.6207
phone-android,stress,1805,take,rejected,not_present,0,1.3345,0.3829,0.0499,7.4918,0.1867,9.4457,164,270.0835
phone-android,stress,1806,look,accepted,observed,0,1.8814,0.4179,0.0519,7.6211,0.1418,10.1140,161,264.7464
phone-android,stress,1807,look,accepted,observed,0,0.8052,0.3481,0.0474,7.2808,0.1211,8.6027,161,260.5487
phone-android,stress,1808,drop,rejected,integrity_conflict,0,1.2915,0.3545,0.0015,0.0008,0.0382,1.6865,0,272.4658
phone-android,stress,1809,look,accepted,observed,0,1.3340,0.5514,0.0517,6.6090,0.1091,8.6552,161,267.0383
phone-android,stress,1810,wait,rejected,invalid_time,0,1.8113,0.6395,0.0504,8.0079,0.1464,10.6555,165,270.9010
phone-android,stress,1811,look,accepted,observed,0,1.0439,0.3594,0.0485,5.0027,0.1069,6.5613,161,265.1329
phone-android,stress,1812,move,rejected,exit_unavailable,0,1.5099,0.5256,0.0544,8.1220,0.1145,10.3265,169,257.9527
phone-android,stress,1813,move,accepted,moved,1,5.6644,0.3807,0.0510,8.8545,0.1664,15.1170,189,257.2274
phone-android,stress,1814,move,rejected,exit_unavailable,0,1.7040,0.6685,0.0541,7.9379,0.1431,10.5077,169,254.2933
phone-android,stress,1815,choose,rejected,invalid_choice,0,0.7720,0.7454,0.0536,7.6690,0.1021,9.3421,167,259.3711
phone-android,stress,1816,talk,rejected,not_eligible,0,1.0969,0.3910,0.0496,7.3942,0.1205,9.0522,165,260.0382
phone-android,stress,1817,move,accepted,moved,1,1.7967,0.5562,0.0591,9.6608,0.1497,12.2226,187,265.7397
phone-android,stress,1818,wait,rejected,invalid_time,0,0.9244,0.3892,0.0451,8.1965,0.1679,9.7231,165,265.0761
phone-android,stress,1819,look,accepted,observed,0,1.0470,0.5202,0.0544,7.8309,0.1129,9.5654,161,256.8953
phone-android,stress,1820,wait,accepted,waited,1,6.2199,0.3807,0.0496,8.6019,0.1209,15.3730,185,283.9980
phone-android,stress,1821,move,rejected,exit_unavailable,0,1.0408,0.4030,0.0512,9.0484,0.1396,10.6831,169,258.3477
phone-android,stress,1822,look,accepted,observed,0,7.6819,0.3380,0.0466,8.1717,0.1251,16.3632,161,258.3005
phone-android,stress,1823,move,accepted,moved,1,1.0242,0.4762,0.0591,8.7288,0.1330,10.4213,191,257.6245
phone-android,stress,1824,look,accepted,observed,0,0.9768,0.4309,0.0497,7.4805,0.1521,9.0901,161,253.0563
phone-android,stress,1825,move,accepted,moved,1,1.6715,0.5253,0.0566,9.7352,0.1470,12.1355,187,269.9771
phone-android,stress,1826,look,accepted,observed,0,0.7568,0.3379,0.0484,7.4044,0.1032,8.6507,161,263.6984
phone-android,stress,1827,wait,rejected,invalid_time,0,1.5171,0.4316,0.0477,8.3597,0.1471,10.5031,165,260.5691
phone-android,stress,1828,look,accepted,observed,0,5.3653,0.3666,0.0466,6.8455,0.1151,12.7391,161,276.2167
phone-android,stress,1829,talk,rejected,not_eligible,0,0.7950,0.3441,0.0453,7.8027,0.1624,9.1494,165,255.2389
phone-android,stress,1830,move,accepted,moved,1,0.7922,0.4152,0.1292,9.5721,0.1358,11.0446,189,261.9442
phone-android,stress,1831,move,accepted,moved,1,1.1326,0.4778,0.0546,7.8598,0.1103,9.6350,187,259.5819
phone-android,stress,1832,choose,rejected,invalid_choice,0,0.9510,0.7464,0.0521,7.6726,0.1139,9.5360,167,262.8485
phone-android,stress,1833,take,rejected,not_present,0,1.3613,0.5199,0.0499,7.3121,0.1112,9.3544,164,269.2412
phone-android,stress,1834,move,accepted,moved,1,0.7881,0.4726,0.0643,8.4406,0.1121,9.8778,191,256.5802
phone-android,stress,1835,look,accepted,observed,0,0.7427,0.3705,0.0473,7.5430,0.1019,8.8055,161,254.0930
phone-android,stress,1836,move,accepted,moved,1,1.8015,0.6180,0.0583,10.1514,0.1500,12.7792,189,252.3428
phone-android,stress,1837,move,rejected,exit_unavailable,0,0.8006,0.4582,0.0497,6.8027,0.1002,8.2114,169,270.3307
phone-android,stress,1838,choose,rejected,invalid_choice,0,1.0898,0.4142,0.0516,8.0962,0.1345,9.7863,167,253.6360
phone-android,stress,1839,look,accepted,observed,0,1.0180,0.4158,0.0522,8.5781,0.1411,10.2053,161,257.8837
phone-android,stress,1840,take,accepted,taken,1,0.9838,0.4343,0.0585,9.8074,0.1497,11.4338,189,249.9960
phone-android,stress,1841,move,accepted,moved,1,0.8489,0.4181,0.0551,9.1832,0.1193,10.6246,191,261.4142
phone-android,stress,1842,move,accepted,moved,1,0.9856,0.3963,0.0550,9.1061,0.2227,10.7657,189,257.7939
phone-android,stress,1843,move,accepted,moved,1,1.3531,0.7661,0.0629,9.2376,0.1158,11.5355,191,265.5020
phone-android,stress,1844,look,accepted,observed,0,1.4710,0.8060,0.0984,8.4713,0.1438,10.9905,161,263.9160
phone-android,stress,1845,activate,rejected,not_eligible,0,1.0417,0.3701,0.0507,7.7257,0.1164,9.3046,165,259.8429
phone-android,stress,1846,look,accepted,observed,0,0.8056,0.3476,0.0479,7.2064,0.1013,8.5088,161,249.2703
phone-android,stress,1847,activate,rejected,not_eligible,0,1.2211,0.5272,0.0511,7.3336,0.1130,9.2459,165,251.1942
phone-android,stress,1848,choose,rejected,stale_view,0,0.7701,0.3355,0.0451,6.7750,0.1131,8.0387,163,253.6604
phone-android,stress,1849,look,accepted,observed,0,1.2828,0.4681,0.0505,7.3076,0.0926,9.2016,161,264.7929
phone-android,stress,1850,activate,rejected,not_eligible,0,1.4750,0.5361,0.0527,8.1541,0.1418,10.3597,165,261.9735
phone-android,stress,1851,drop,accepted,dropped,1,0.7970,0.4387,0.0562,8.9250,0.1464,10.3633,198,257.8367
phone-android,stress,1852,talk,rejected,not_eligible,0,0.8316,0.4059,0.0500,7.3919,0.1078,8.7872,165,256.0960
phone-android,stress,1853,look,accepted,observed,0,0.9318,0.4696,0.0482,7.9936,0.1406,9.5839,161,255.7683
phone-android,stress,1854,talk,rejected,not_eligible,0,1.0747,0.7398,0.0537,8.7801,0.1479,10.7963,165,253.3169
phone-android,stress,1855,wait,rejected,invalid_time,0,0.7908,0.4203,0.0476,7.1087,0.0983,8.4657,165,264.4309
phone-android,stress,1856,look,accepted,observed,0,1.0076,0.5031,0.0502,7.7831,0.1201,9.4641,161,255.3208
phone-android,stress,1857,look,accepted,observed,0,2.1871,0.4327,0.0517,8.1856,0.1441,11.0012,161,264.8414
phone-android,stress,1858,look,accepted,observed,0,1.0135,0.3490,0.0480,7.8892,0.1229,9.4226,161,259.6526
phone-android,stress,1859,look,accepted,observed,0,0.7635,0.3443,0.0465,7.6989,0.1153,8.9686,161,257.5501
phone-android,stress,1860,move,accepted,moved,1,1.2330,0.6460,0.0576,8.3892,0.1152,10.4410,189,262.3572
phone-android,stress,1861,talk,rejected,not_eligible,0,1.6176,0.4990,0.0538,8.1317,0.1511,10.4531,165,265.0274
phone-android,stress,1862,move,accepted,moved,1,1.0228,0.4319,0.0535,8.5304,0.1157,10.1543,191,250.2526
phone-android,stress,1863,look,accepted,observed,0,0.7387,0.3670,0.0494,7.0843,0.0921,8.3316,161,260.2504
phone-android,stress,1864,take,replayed,taken,0,1.5557,0.3778,0.0019,0.0005,0.0362,1.9721,0,261.9942
phone-android,stress,1865,move,accepted,moved,1,1.4362,0.6015,0.0591,9.0179,0.1305,11.2452,189,262.5974
phone-android,stress,1866,take,rejected,not_present,0,0.9011,0.3560,0.0515,7.9294,0.1119,9.3499,164,258.5330
phone-android,stress,1867,look,accepted,observed,0,0.9966,0.5179,0.0523,8.0686,0.1119,9.7473,161,256.1090
phone-android,stress,1868,activate,rejected,not_eligible,0,1.7126,0.4694,0.0495,4.4747,0.1119,6.8181,165,256.9170
phone-android,stress,1869,look,accepted,observed,0,1.0409,0.4194,0.0492,8.5603,0.1142,10.1840,161,255.0781
phone-android,stress,1870,drop,rejected,integrity_conflict,0,6.2971,0.3078,0.0017,0.0007,0.0359,6.6432,0,258.3765
phone-android,stress,1871,look,accepted,observed,0,1.4795,0.7918,0.0621,7.5294,0.1105,9.9733,161,252.3598
phone-android,stress,1872,talk,rejected,not_eligible,0,1.6998,0.5594,0.0541,8.1611,0.1421,10.6165,165,263.8821
phone-android,stress,1873,move,accepted,moved,1,0.8550,0.3585,0.0544,8.2624,0.1097,9.6401,191,254.9463
phone-android,stress,1874,move,accepted,moved,1,1.1030,0.4198,0.0581,9.3746,0.1388,11.0944,187,259.7640
phone-android,stress,1875,move,accepted,moved,1,1.3617,0.4727,0.0534,9.1772,0.1132,11.1782,191,258.0868
phone-android,stress,1876,talk,rejected,not_eligible,0,1.6667,0.5629,0.0541,8.3916,0.1424,10.8177,165,262.2422
phone-android,stress,1877,move,accepted,moved,1,1.2065,0.8923,0.0630,9.8383,0.1420,12.1421,189,254.4249
phone-android,stress,1878,look,accepted,observed,0,4.9786,0.3702,0.0477,7.7644,0.1033,13.2642,161,261.7593
phone-android,stress,1879,move,accepted,moved,1,1.0045,0.5239,0.0571,8.7745,0.1291,10.4892,191,259.4410
phone-android,stress,1880,move,accepted,moved,1,1.1537,0.4258,0.0547,8.3760,0.1250,10.1353,189,267.3256
phone-android,stress,1881,move,accepted,moved,1,0.7527,0.3546,0.0515,8.2269,0.1259,9.5116,191,251.5143
phone-android,stress,1882,wait,rejected,invalid_time,0,0.7884,0.4451,0.0450,7.1319,0.1070,8.5174,165,261.2447
phone-android,stress,1883,look,accepted,observed,0,1.4329,0.3866,0.0499,8.1626,0.1224,10.1543,161,257.4692
phone-android,stress,1884,move,rejected,exit_unavailable,0,0.9828,0.5741,0.0547,8.3541,0.1535,10.1191,169,261.7329
phone-android,stress,1885,move,accepted,moved,1,1.6622,0.5532,0.0576,9.5186,0.1384,11.9301,189,254.4042
phone-android,stress,1886,look,accepted,observed,0,4.8303,0.3689,0.0499,7.2778,0.1319,12.6587,161,257.3823
phone-android,stress,1887,wait,rejected,invalid_time,0,1.0045,0.4728,0.0511,8.5633,0.1137,10.2054,165,257.1469
phone-android,stress,1888,look,accepted,observed,0,1.6070,0.3959,0.0521,8.2252,0.1949,10.4752,161,271.2063
phone-android,stress,1889,move,accepted,moved,1,0.9668,0.4062,0.0553,9.4485,0.1202,10.9970,191,255.1473
phone-android,stress,1890,look,accepted,observed,0,0.9496,0.3691,0.0501,8.0390,0.1199,9.5277,161,258.5703
phone-android,stress,1891,move,accepted,moved,1,1.0540,0.5220,0.0583,8.9325,0.1496,10.7164,187,258.2841
phone-android,stress,1892,move,accepted,moved,1,1.3073,0.5381,0.0593,9.9517,0.1478,12.0043,189,266.1431
phone-android,stress,1893,wait,rejected,invalid_time,0,1.0509,0.5307,0.0471,7.8024,0.1106,9.5416,165,254.2498
phone-android,stress,1894,look,accepted,observed,0,4.7977,0.3548,0.0464,7.1920,0.1185,12.5094,161,257.4454
phone-android,stress,1895,choose,rejected,invalid_choice,0,1.0653,0.5371,0.0524,7.9398,0.1161,9.7107,167,253.6147
phone-android,stress,1896,look,accepted,observed,0,1.4049,0.5210,0.0497,7.8344,0.1310,9.9410,161,270.9958
phone-android,stress,1897,activate,rejected,not_eligible,0,0.9354,0.4692,0.0524,7.5042,0.1084,9.0695,165,254.3423
phone-android,stress,1898,move,rejected,exit_unavailable,0,0.9570,0.4301,0.0477,8.0886,0.1295,9.6530,169,259.9251
phone-android,stress,1899,move,rejected,exit_unavailable,0,0.9295,0.4883,0.0523,8.2054,0.1245,9.8000,169,259.2609
phone-android,stress,1900,move,accepted,moved,1,2.0381,0.6178,0.0597,10.1757,0.1504,13.0417,187,263.3321
phone-android,stress,1901,move,accepted,moved,1,1.4723,0.9096,0.0649,9.8476,0.1644,12.4588,191,256.1909
phone-android,stress,1902,move,accepted,moved,1,0.7664,0.3671,0.0517,8.5258,0.1142,9.8252,189,264.6925
phone-android,stress,1903,move,accepted,moved,1,1.0235,0.5197,0.0562,9.2253,0.1224,10.9472,191,258.0346
phone-android,stress,1904,look,accepted,observed,0,1.7298,0.5657,0.0523,8.4487,0.1419,10.9384,161,270.0785
phone-android,stress,1905,take,accepted,taken,1,0.8776,0.3806,0.0549,8.5003,0.1276,9.9410,189,255.6842
phone-android,stress,1906,look,accepted,observed,0,1.0095,0.3756,0.0483,7.6357,0.1301,9.1992,161,258.9989
phone-android,stress,1907,talk,rejected,not_eligible,0,1.1138,0.5058,0.0509,7.6686,0.1200,9.4591,165,260.3445
phone-android,stress,1908,look,accepted,observed,0,1.6048,0.5598,0.0517,8.3719,0.1457,10.7339,161,259.2105
phone-android,stress,1909,look,accepted,observed,0,2.1782,0.4108,0.0508,8.5654,0.1462,11.3515,161,254.4321
phone-android,stress,1910,move,accepted,moved,1,6.2057,0.3868,0.0537,9.4597,0.1457,16.2517,189,256.2359
phone-android,stress,1911,move,accepted,moved,1,1.3783,0.4149,0.0553,9.1002,0.1671,11.1159,191,257.5767
phone-android,stress,1912,look,accepted,observed,0,1.8026,0.7720,0.0588,9.1583,0.1927,11.9844,161,266.2933
phone-android,stress,1913,move,accepted,moved,1,0.8992,0.3756,0.0560,8.9332,0.1290,10.3930,187,253.9907
phone-android,stress,1914,move,accepted,moved,1,0.8727,0.3732,0.0531,8.4942,0.1187,9.9119,189,256.8287
phone-android,stress,1915,drop,rejected,integrity_conflict,0,1.9589,0.3876,0.0020,0.0006,0.0380,2.3870,0,255.7196
phone-android,stress,1916,look,accepted,observed,0,1.2995,0.4167,0.0516,8.2033,0.1418,10.1130,161,260.4033
phone-android,stress,1917,move,accepted,moved,1,1.3078,0.6961,0.0614,9.8028,0.1545,12.0226,187,255.0074
phone-android,stress,1918,look,accepted,observed,0,0.7914,0.4524,0.0511,6.1215,0.0965,7.5129,161,260.6639
phone-android,stress,1919,choose,rejected,invalid_choice,0,1.0133,0.4248,0.0506,7.5199,0.1146,9.1232,167,256.5660
phone-android,stress,1920,wait,rejected,invalid_time,0,1.8442,0.5920,0.0483,9.0032,0.1350,11.6228,165,267.2942
phone-android,stress,1921,move,accepted,moved,1,0.7669,0.4796,0.0549,7.7960,0.1141,9.2116,191,254.4796
phone-android,stress,1922,look,accepted,observed,0,0.8730,0.3438,0.0484,31.5807,0.1783,33.0242,161,259.9477
phone-android,stress,1923,look,accepted,observed,0,1.6945,0.4573,0.0496,8.3197,0.1452,10.6663,161,256.4303
phone-android,stress,1924,look,accepted,observed,0,1.3412,0.5503,0.0510,7.6133,0.1112,9.6670,161,255.7236
phone-android,stress,1925,wait,rejected,invalid_time,0,1.6423,0.5080,0.0483,8.1440,0.1441,10.4867,165,259.2424
phone-android,stress,1926,look,accepted,observed,0,6.2656,0.3637,0.0466,7.5882,0.1196,14.3836,161,260.3635
phone-android,stress,1927,wait,rejected,invalid_time,0,1.6314,0.5644,0.0487,7.8024,0.1212,10.1681,165,255.7722
phone-android,stress,1928,move,accepted,moved,1,1.4630,0.5450,0.0574,9.5230,0.1467,11.7351,187,265.5417
phone-android,stress,1929,move,accepted,moved,1,0.9589,0.3690,0.0531,8.4495,0.1334,9.9638,191,256.8030
phone-android,stress,1930,look,accepted,observed,0,1.0406,0.3864,0.0510,7.3023,0.1160,8.8963,161,261.4575
phone-android,stress,1931,wait,rejected,invalid_time,0,1.2440,0.5183,0.0506,7.4396,0.1104,9.3629,165,263.3022
phone-android,stress,1932,look,accepted,observed,0,1.6978,0.3821,0.0486,7.9749,0.1777,10.2811,161,267.9682
phone-android,stress,1933,move,accepted,moved,1,0.9428,0.7465,0.0552,9.0393,0.1508,10.9346,187,255.1873
phone-android,stress,1934,talk,rejected,not_eligible,0,0.8106,0.3135,0.0445,6.6209,0.1034,7.8929,165,260.4686
phone-android,stress,1935,talk,rejected,not_eligible,0,1.4646,0.5700,0.0546,7.0460,0.1278,9.2629,165,256.0744
phone-android,stress,1936,move,accepted,moved,1,1.6619,0.5858,0.0595,9.3515,0.1530,11.8117,191,266.1279
phone-android,stress,1937,move,accepted,moved,1,0.8841,0.3484,0.0646,8.1775,0.1169,9.5916,187,258.6218
phone-android,stress,1938,move,rejected,exit_unavailable,0,0.8147,0.4184,0.0473,7.3380,0.0930,8.7114,169,258.0651
phone-android,stress,1939,drop,accepted,dropped,1,1.3649,0.5584,0.0576,8.5718,0.1176,10.6703,194,257.3540
phone-android,stress,1940,wait,rejected,invalid_time,0,1.2436,0.7184,0.0504,7.9292,0.1143,10.0560,165,265.2867
phone-android,stress,1941,talk,rejected,not_eligible,0,1.1615,0.4782,0.0503,7.5887,0.1103,9.3889,165,257.9550
phone-android,stress,1942,move,accepted,moved,1,5.5583,0.3768,0.0514,8.5736,0.1423,14.7024,189,264.4951
phone-android,stress,1943,choose,rejected,invalid_choice,0,1.8024,0.8046,0.0544,8.6608,0.1105,11.4328,167,273.4175
phone-android,stress,1944,look,accepted,observed,0,2.5813,0.4207,0.0536,8.1933,0.1462,11.3952,161,260.7998
phone-android,stress,1945,move,rejected,exit_unavailable,0,0.8245,0.3615,0.0495,8.6484,0.1209,10.0048,169,261.3343
phone-android,stress,1946,look,accepted,observed,0,2.5446,0.5148,0.0524,9.5417,0.1429,12.7964,161,267.4469
phone-android,stress,1947,look,accepted,observed,0,1.3427,0.5393,0.0508,7.3936,0.1046,9.4310,161,270.8776
phone-android,stress,1948,take,rejected,not_present,0,2.0588,0.8039,0.0507,8.4974,0.1424,11.5533,164,273.4700
phone-android,stress,1949,look,accepted,observed,0,0.9319,0.3733,0.0542,7.8198,0.1461,9.3254,161,270.5198
phone-android,stress,1950,move,accepted,moved,1,0.8411,0.3605,0.0543,8.5528,0.1414,9.9499,187,259.1468
phone-android,stress,1951,look,accepted,observed,0,1.2066,0.4192,0.0530,9.6096,0.1447,11.4331,161,263.4800
phone-android,stress,1952,activate,rejected,not_eligible,0,0.9788,0.5358,0.0520,8.3981,0.1253,10.0900,165,262.8941
phone-android,stress,1953,move,accepted,moved,1,0.8376,0.3829,0.0532,8.3407,0.1064,9.7208,189,260.5365
phone-android,stress,1954,look,accepted,observed,0,1.2588,0.4192,0.0509,8.5540,0.1415,10.4244,161,256.6753
phone-android,stress,1955,look,accepted,observed,0,6.4395,0.3697,0.0476,7.7786,0.1306,14.7659,161,267.2296
phone-android,stress,1956,look,accepted,observed,0,3.6125,1.4683,0.0515,8.9910,0.1753,14.2986,161,271.3082
phone-android,stress,1957,look,accepted,observed,0,1.3840,0.5209,0.0502,8.0677,0.1571,10.1798,161,270.3933
phone-android,stress,1958,look,accepted,observed,0,0.8021,0.3819,0.0494,7.9438,0.1119,9.2892,161,261.8454
phone-android,stress,1959,look,accepted,observed,0,1.8278,0.8802,0.0531,8.0292,0.1343,10.9246,161,256.7211
phone-android,stress,1960,look,accepted,observed,0,0.9767,0.4468,0.0523,7.8932,0.1253,9.4943,161,264.8737
phone-android,stress,1961,move,accepted,moved,1,1.3292,0.4565,0.0569,9.0921,0.1144,11.0491,187,268.1967
phone-android,stress,1962,drop,replayed,dropped,0,1.0342,0.2752,0.0016,0.0007,0.0326,1.3442,0,254.5994
phone-android,stress,1963,activate,rejected,not_eligible,0,0.8393,0.3698,0.0484,8.7584,0.0974,10.1132,165,251.1420
phone-android,stress,1964,look,accepted,observed,0,0.9973,0.4556,0.0504,7.5860,0.1127,9.2020,161,264.1252
phone-android,stress,1965,move,accepted,moved,1,0.9406,0.4474,0.0549,9.6208,0.1259,11.1896,191,253.0281
phone-android,stress,1966,look,accepted,observed,0,1.0823,0.3698,0.0488,7.9234,0.1108,9.5352,161,258.4984
phone-android,stress,1967,activate,rejected,not_eligible,0,1.1770,0.4697,0.0517,8.6488,0.1414,10.4885,165,255.7350
phone-android,stress,1968,move,accepted,moved,1,0.7534,0.4506,0.0562,8.5905,0.1127,9.9633,189,270.0774
phone-android,stress,1969,wait,rejected,invalid_time,0,0.8439,0.3698,0.0454,8.4226,0.1033,9.7850,165,267.5034
phone-android,stress,1970,look,accepted,observed,0,0.7938,0.3414,0.0469,7.6321,0.1041,8.9183,161,270.1882
phone-android,stress,1971,close_choice,rejected,invalid_choice,0,0.9537,0.3976,0.0497,8.6087,0.1225,10.1322,167,303.2511
phone-android,stress,1972,move,accepted,moved,1,1.3845,0.4098,0.0548,8.4743,0.1145,10.4381,191,258.4679
phone-android,stress,1973,look,accepted,observed,0,1.5403,0.5621,0.0546,8.9635,0.1448,11.2653,161,261.4945
phone-android,stress,1974,activate,rejected,not_eligible,0,4.9935,0.3751,0.0473,7.5665,0.1211,13.1036,165,263.8791
phone-android,stress,1975,move,accepted,moved,1,1.0000,0.5335,0.0562,9.2006,0.1442,10.9345,189,269.1026
phone-android,stress,1976,move,accepted,moved,1,0.8101,0.3751,0.0526,8.0059,0.1810,9.4247,191,253.6726
phone-android,stress,1977,move,accepted,moved,1,0.7638,0.4329,0.0572,8.0385,0.1312,9.4236,189,265.0268
phone-android,stress,1978,move,accepted,moved,1,5.5031,0.3884,0.0512,9.0397,0.1233,15.1057,191,256.4820
phone-android,stress,1979,drop,replayed,dropped,0,1.5984,0.3765,0.0020,0.0007,0.0361,2.0138,0,255.4361
phone-android,stress,1980,move,accepted,moved,1,0.7641,0.3661,0.0520,8.6609,0.1124,9.9557,187,274.1957
phone-android,stress,1981,look,accepted,observed,0,0.9724,0.4035,0.0489,7.6808,0.1102,9.2157,161,255.0670
phone-android,stress,1982,move,accepted,moved,1,1.0701,0.4371,0.0585,10.4767,0.1486,12.1911,191,256.7348
phone-android,stress,1983,look,accepted,observed,0,0.9437,0.5678,0.0522,7.8097,0.1417,9.5151,161,252.2459
phone-android,stress,1984,drop,replayed,dropped,0,1.2340,0.2747,0.0017,0.0007,0.0331,1.5442,0,256.2238
phone-android,stress,1985,look,accepted,observed,0,0.9701,0.4580,0.0496,7.5007,0.1207,9.0991,161,254.0238
phone-android,stress,1986,move,accepted,moved,1,1.0887,0.4868,0.0549,8.7922,0.1199,10.5426,187,262.1642
phone-android,stress,1987,take,accepted,taken,1,1.0770,0.5690,0.0574,8.7108,0.1210,10.5353,189,261.5580
phone-android,stress,1988,look,accepted,observed,0,0.7554,0.3353,0.0468,9.0044,0.1158,10.2578,161,255.8209
phone-android,stress,1989,move,accepted,moved,1,0.8336,0.3543,0.0522,6.8047,0.1084,8.1533,189,259.6594
phone-android,stress,1990,move,accepted,moved,1,1.5591,0.7709,0.0627,10.2306,0.1412,12.7645,187,257.9519
phone-android,stress,1991,look,accepted,observed,0,0.7874,0.3467,0.0477,7.4772,0.1016,8.7606,161,253.7679
phone-android,stress,1992,move,accepted,moved,1,0.8145,0.3707,0.0526,9.2038,0.1206,10.5622,189,261.8358
phone-android,stress,1993,move,accepted,moved,1,1.0165,0.4784,0.0557,8.8120,0.1430,10.5057,187,255.6706
phone-android,stress,1994,look,accepted,observed,0,5.9964,0.4189,0.0554,7.5523,0.0935,14.1165,161,260.1059
phone-android,stress,1995,look,accepted,observed,0,1.0104,0.3865,0.0483,8.0848,0.1130,9.6430,161,255.8438
phone-android,stress,1996,wait,rejected,invalid_time,0,1.1096,0.4692,0.0463,8.3002,0.1446,10.0699,165,264.6813
phone-android,stress,1997,look,accepted,observed,0,0.7197,0.3419,0.0481,7.6850,0.0945,8.8892,161,252.6662
phone-android,stress,1998,wait,rejected,invalid_time,0,1.0204,0.3714,0.0450,7.1539,0.1212,8.7119,165,259.3446
phone-android,stress,1999,talk,rejected,not_eligible,0,0.9558,0.7085,0.0621,7.7100,0.1174,9.5539,165,256.9018
phone-android,stress,2000,move,accepted,moved,1,1.0008,0.4420,0.0560,9.3848,0.1487,11.0323,189,251.3398
phone-android,stress,2001,look,accepted,observed,0,1.0038,0.4911,0.0517,8.5786,0.1128,10.2380,161,253.1670
phone-android,stress,2002,move,accepted,moved,1,0.7456,0.3645,0.0548,8.0304,0.1096,9.3050,187,259.4207
phone-android,stress,2003,move,accepted,moved,1,1.0128,0.4054,0.0544,9.2438,0.1577,10.8742,191,256.4011
phone-android,stress,2004,move,accepted,moved,1,1.6633,0.5733,0.0592,9.8215,0.1521,12.2695,189,263.8639
phone-android,stress,2005,wait,accepted,waited,1,0.9692,0.4046,0.0522,8.6467,0.1339,10.2066,185,251.6222
phone-android,stress,2006,close_choice,rejected,invalid_choice,0,1.0540,0.3903,0.0514,8.1486,0.1353,9.7795,167,259.3567
phone-android,stress,2007,move,accepted,moved,1,0.9379,0.4461,0.0545,9.2521,0.1386,10.8292,191,256.1546
phone-android,stress,2008,activate,rejected,not_eligible,0,1.2559,0.5697,0.0534,5.1701,0.1398,7.1889,165,256.4096
phone-android,stress,2009,move,accepted,moved,1,1.0857,0.5646,0.0578,9.8722,0.1532,11.7335,187,265.8553
phone-android,stress,2010,move,rejected,exit_unavailable,0,0.8821,0.3994,0.0523,10.6008,0.1061,12.0408,169,257.3368
phone-android,stress,2011,move,accepted,moved,1,1.5344,0.5808,0.0590,9.7522,0.1515,12.0778,189,255.1874
phone-android,stress,2012,look,accepted,observed,0,1.7359,0.4745,0.0511,9.1999,0.1317,11.5931,161,264.0134
phone-android,stress,2013,wait,rejected,invalid_time,0,0.8012,0.3516,0.0448,8.0027,0.1440,9.3443,165,253.1254
phone-android,stress,2014,move,accepted,moved,1,0.8099,0.4194,0.0542,8.6234,0.1318,10.0387,187,255.9774
phone-android,stress,2015,look,accepted,observed,0,0.9480,0.4967,0.0509,8.0827,0.1208,9.6991,161,255.5163
phone-android,stress,2016,wait,rejected,invalid_time,0,1.1545,0.4301,0.0472,8.5722,0.1429,10.3469,165,257.9518
phone-android,stress,2017,drop,accepted,dropped,1,1.2983,0.6048,0.0605,10.6233,0.1503,12.7372,194,255.3471
phone-android,stress,2018,take,accepted,taken,1,5.2117,0.3706,0.0520,9.0502,0.1365,14.8209,189,260.6546
phone-android,stress,2019,look,accepted,observed,0,1.1310,0.4945,0.0516,8.1412,0.1103,9.9286,161,261.4759
phone-android,stress,2020,move,accepted,moved,1,1.3060,0.5438,0.0568,9.4122,0.1496,11.4684,189,266.1487
phone-android,stress,2021,activate,rejected,not_eligible,0,0.7828,0.4394,0.0524,7.6259,0.0885,8.9891,165,251.1797
phone-android,stress,2022,look,accepted,observed,0,0.9247,0.3326,0.0447,8.0569,0.1224,9.4813,161,263.2390
phone-android,stress,2023,look,accepted,observed,0,1.4849,0.8690,0.0567,7.8926,0.1393,10.4424,161,258.5564
phone-android,stress,2024,look,accepted,observed,0,0.9975,0.3898,0.0492,7.2986,0.1567,8.8918,161,260.1909
phone-android,stress,2025,move,accepted,moved,1,1.2813,0.4387,0.0568,10.4092,0.1504,12.3365,187,254.9068
phone-android,stress,2026,choose,rejected,stale_view,0,5.8803,0.3685,0.0454,8.0136,0.1219,14.4297,163,257.8608
phone-android,stress,2027,look,accepted,observed,0,1.3881,0.3958,0.0496,3.9916,0.1101,5.9352,161,256.3201
phone-android,stress,2028,move,accepted,moved,1,1.3416,0.6081,0.0583,9.2128,0.1492,11.3700,189,264.7382
phone-android,stress,2029,drop,accepted,dropped,1,0.7508,0.4283,0.0599,8.7470,0.1167,10.1027,196,253.5842
phone-android,stress,2030,move,accepted,moved,1,1.2210,0.3793,0.0530,8.1085,0.1381,9.8999,187,266.5964
phone-android,stress,2031,look,accepted,observed,0,1.4212,0.5520,0.0492,7.6565,0.1044,9.7833,161,273.0899
phone-android,stress,2032,take,rejected,not_present,0,2.4956,0.5611,0.0520,7.8915,0.1395,11.1397,164,255.7934
phone-android,stress,2033,activate,rejected,not_eligible,0,0.9379,0.3515,0.0461,7.4985,0.0946,8.9286,165,271.4467
phone-android,stress,2034,move,accepted,moved,1,1.3647,0.5129,0.0568,9.9496,0.1434,12.0274,189,264.7240
phone-android,stress,2035,move,accepted,moved,1,1.0007,0.5429,0.0568,9.0356,0.1493,10.7853,187,268.4977
phone-android,stress,2036,wait,rejected,invalid_time,0,0.9959,0.4336,0.0484,8.8783,0.1386,10.4949,165,261.3041
phone-android,stress,2037,move,accepted,moved,1,0.9624,0.4602,0.0592,9.5581,0.1429,11.1828,191,256.2972
phone-android,stress,2038,move,accepted,moved,1,1.0034,0.4799,0.0593,10.4069,0.1376,12.0871,187,293.2447
phone-android,stress,2039,look,accepted,observed,0,2.0651,0.4498,0.0479,7.2196,0.1097,9.8921,161,255.7677
phone-android,stress,2040,move,accepted,moved,1,1.0315,0.3995,0.0536,8.7385,0.1306,10.3537,189,261.6825
phone-android,stress,2041,move,accepted,moved,1,4.1267,0.3832,0.0531,8.6727,0.1500,13.3856,187,272.2946
phone-android,stress,2042,look,accepted,observed,0,0.9883,0.5750,0.0510,7.9917,0.1141,9.7201,161,254.2362
phone-android,stress,2043,move,accepted,moved,1,0.8904,0.4121,0.0572,8.6817,0.1244,10.1658,191,257.4379
phone-android,stress,2044,move,accepted,moved,1,1.2911,0.4242,0.0552,10.0560,0.1494,11.9760,187,260.0390
phone-android,stress,2045,move,accepted,moved,1,1.1558,0.4006,0.0540,9.2030,0.1671,10.9805,191,259.4063
phone-android,stress,2046,look,accepted,observed,0,2.8679,0.4556,0.1262,8.0615,0.1406,11.6518,161,262.0367
phone-android,stress,2047,move,accepted,moved,1,0.8604,0.4713,0.0580,11.0244,0.1504,12.5644,189,259.3973
phone-android,stress,2048,look,accepted,observed,0,0.7540,0.3883,0.0475,7.2706,0.0898,8.5502,161,255.7479
phone-android,stress,2049,look,accepted,observed,0,1.2526,0.4491,0.0504,8.2336,0.1493,10.1350,161,258.6635
phone-android,stress,2050,take,rejected,not_present,0,1.1168,0.7064,0.0538,7.9954,0.1101,9.9824,164,255.7751
phone-android,stress,2051,move,accepted,moved,1,0.9504,0.4659,0.1006,8.1507,0.1304,9.7981,191,266.2741
phone-android,stress,2052,talk,rejected,not_eligible,0,1.7018,0.5955,0.0550,8.6994,0.1411,11.1929,165,254.4934
phone-android,stress,2053,move,rejected,exit_unavailable,0,1.2058,0.4342,0.0502,8.2249,0.1410,10.0561,169,264.5699
phone-android,stress,2054,look,accepted,observed,0,2.9855,0.3386,0.0458,6.1840,0.1154,9.6693,161,255.8745
phone-android,stress,2055,look,accepted,observed,0,1.0273,0.3828,0.0488,8.5386,0.0984,10.0959,161,257.6802
phone-android,stress,2056,move,accepted,moved,1,1.3479,0.5434,0.0565,8.6010,0.1145,10.6633,187,262.8661
phone-android,stress,2057,move,accepted,moved,1,0.8572,0.3865,0.0529,6.8554,0.1176,8.2695,191,249.2119
phone-android,stress,2058,look,accepted,observed,0,0.7451,0.3943,0.0499,8.2742,0.1112,9.5746,161,258.3960
phone-android,stress,2059,talk,rejected,not_eligible,0,7.3448,0.4048,0.0498,7.7160,0.1145,15.6301,165,252.4585
phone-android,stress,2060,look,accepted,observed,0,1.1212,0.3556,0.0479,7.2939,0.1107,8.9293,161,258.5899
phone-android,stress,2061,drop,replayed,dropped,0,1.5209,0.2916,0.0020,0.0005,0.0334,1.8484,0,262.4674
phone-android,stress,2062,move,rejected,exit_unavailable,0,0.8170,0.3721,0.0477,7.9801,0.1152,9.3320,169,254.8162
phone-android,stress,2063,talk,rejected,not_eligible,0,0.9045,0.3886,0.0506,7.8293,0.1435,9.3166,165,254.2892
phone-android,stress,2064,look,accepted,observed,0,1.8191,0.3919,0.0477,7.9722,0.1133,10.3442,161,260.6347
phone-android,stress,2065,move,accepted,moved,1,1.0171,0.5360,0.0572,5.0130,0.1183,6.7416,189,253.5135
phone-android,stress,2066,move,rejected,exit_unavailable,0,5.2395,0.3670,0.0447,8.1564,0.1235,13.9312,169,257.4760
phone-android,stress,2067,activate,rejected,not_eligible,0,2.2327,0.4366,0.0502,7.1357,0.1189,9.9740,165,256.6763
phone-android,stress,2068,move,accepted,moved,1,1.4765,0.5846,0.0587,10.0364,0.1493,12.3055,191,267.0365
phone-android,stress,2069,choose,rejected,invalid_choice,0,0.8235,0.3857,0.0471,7.2041,0.0971,8.5574,167,252.0771
phone-android,stress,2070,move,accepted,moved,1,0.7984,0.3739,0.0520,8.8570,0.1359,10.2172,187,262.7537
phone-android,stress,2071,take,rejected,not_present,0,1.1533,0.4935,0.0505,7.7298,0.1399,9.5671,164,268.1948
phone-android,stress,2072,wait,rejected,invalid_time,0,1.0027,0.5069,0.0480,7.4863,0.1168,9.1607,165,258.4217
phone-android,stress,2073,look,accepted,observed,0,0.8169,0.3815,0.0484,7.1548,0.1304,8.5320,161,262.7294
phone-android,stress,2074,look,accepted,observed,0,2.3147,0.4578,0.0536,8.3810,0.1541,11.3612,161,266.7033
phone-android,stress,2075,move,accepted,moved,1,0.9849,0.5872,0.0604,8.8284,0.1227,10.5835,191,262.5814
phone-android,stress,2076,move,accepted,moved,1,1.3124,0.4953,0.0539,5.4979,0.1457,7.5053,187,269.1108
phone-android,stress,2077,look,accepted,observed,0,0.9905,0.4708,0.0538,8.7016,0.1304,10.3470,161,255.9579
phone-android,stress,2078,move,accepted,moved,1,0.9265,0.4709,0.0594,10.1281,0.1649,11.7498,189,254.5157
phone-android,stress,2079,talk,rejected,not_eligible,0,6.6147,0.3657,0.0478,8.7961,0.1388,15.9631,165,262.0758
phone-android,stress,2080,look,accepted,observed,0,1.7695,0.5326,0.0540,8.2148,0.1438,10.7146,161,253.0736
phone-android,stress,2081,look,accepted,observed,0,0.7258,0.3309,0.0461,6.5031,0.1094,7.7153,161,266.5704
phone-android,stress,2082,wait,rejected,invalid_time,0,0.8170,0.3630,0.0448,8.1434,0.1094,9.4776,165,250.1863
phone-android,stress,2083,talk,rejected,not_eligible,0,0.9493,0.4294,0.0518,8.7217,0.1345,10.2867,165,255.8875
phone-android,stress,2084,move,accepted,moved,1,0.9888,0.4559,0.0595,10.5651,0.1457,12.2149,187,256.7309
phone-android,stress,2085,activate,rejected,not_eligible,0,0.8339,0.3706,0.0499,7.3991,0.1085,8.7620,165,268.6797
phone-android,stress,2086,talk,rejected,not_eligible,0,1.0278,0.3688,0.0476,7.5162,0.1202,9.0805,165,257.0214
phone-android,stress,2087,wait,rejected,invalid_time,0,1.0190,0.4038,0.0491,8.1865,0.1256,9.7840,165,260.0036
phone-android,stress,2088,move,accepted,moved,1,1.0434,0.4063,0.0542,8.8003,0.1327,10.4369,191,252.3056
phone-android,stress,2089,look,accepted,observed,0,1.1357,0.3824,0.0485,7.9058,0.1407,9.6131,161,258.4953
phone-android,stress,2090,wait,rejected,invalid_time,0,0.8068,0.3662,0.0437,7.1123,0.0903,8.4194,165,257.5997
phone-android,stress,2091,wait,rejected,invalid_time,0,4.8568,0.4238,0.0468,8.0670,0.1248,13.5193,165,259.0641
phone-android,stress,2092,activate,rejected,not_eligible,0,1.4241,0.4133,0.0507,7.9031,0.1389,9.9299,165,256.1891
phone-android,stress,2093,look,accepted,observed,0,0.8565,0.7124,0.0553,7.3793,0.0833,9.0869,161,261.1550
phone-android,stress,2094,take,rejected,not_present,0,1.4232,0.5513,0.0512,7.7698,0.0999,9.8954,164,254.7885
phone-android,stress,2095,look,accepted,observed,0,1.6990,0.8351,0.0581,8.7231,0.1426,11.4578,161,266.3267
phone-android,stress,2096,wait,rejected,invalid_time,0,0.8885,0.3463,0.0449,7.3387,0.1185,8.7369,165,252.5353
phone-android,stress,2097,look,accepted,observed,0,1.0217,0.3749,0.0490,7.9207,0.1205,9.4868,161,260.2338
phone-android,stress,2098,take,rejected,not_present,0,1.0334,0.3842,0.0496,7.7506,0.1467,9.3645,164,255.3464
phone-android,stress,2099,activate,rejected,not_eligible,0,1.0313,0.5072,0.0514,7.5012,0.1097,9.2008,165,262.1893
phone-android,stress,2100,move,accepted,moved,1,1.0152,0.4099,0.0545,8.5990,0.1207,10.1993,187,259.5936
phone-android,stress,2101,look,accepted,observed,0,1.4199,0.5717,0.0536,8.5894,0.1433,10.7779,161,270.9620
phone-android,stress,2102,move,rejected,exit_unavailable,0,1.0959,0.3878,0.0489,7.5346,0.1098,9.1770,169,261.4139
phone-android,stress,2103,move,accepted,moved,1,1.2569,0.4455,0.0574,9.9208,0.1540,11.8346,191,262.3791
phone-android,stress,2104,talk,rejected,not_eligible,0,0.9154,0.3653,0.0495,8.0098,0.1235,9.4635,165,261.2607
phone-android,stress,2105,move,accepted,moved,1,0.8050,0.4281,0.0550,8.9403,0.1228,10.3511,187,256.0384
phone-android,stress,2106,move,accepted,moved,1,0.8053,0.4327,0.0566,8.5613,0.1091,9.9649,191,257.3311
phone-android,stress,2107,move,accepted,moved,1,0.7795,0.3702,0.0535,8.2804,0.1153,9.5988,187,269.8443
phone-android,stress,2108,look,accepted,observed,0,1.3561,0.4088,0.0481,8.0226,0.1407,9.9763,161,269.9526
phone-android,stress,2109,move,accepted,moved,1,0.9411,0.4655,0.0574,8.7489,0.1452,10.3581,191,265.8368
phone-android,stress,2110,talk,rejected,not_eligible,0,1.2246,0.5778,0.0528,7.9927,0.1427,9.9906,165,253.8599
phone-android,stress,2111,activate,rejected,not_eligible,0,0.8103,0.3461,0.0481,6.8641,0.0969,8.1655,165,263.6140
phone-android,stress,2112,look,accepted,observed,0,1.2202,0.5271,0.0540,8.7480,0.1345,10.6838,161,256.9557
phone-android,stress,2113,look,accepted,observed,0,1.2005,0.3821,0.0493,8.1083,0.1089,9.8491,161,272.6395
phone-android,stress,2114,move,accepted,moved,1,0.9353,0.3897,0.0567,8.4473,0.1217,9.9507,189,254.7856
phone-android,stress,2115,look,accepted,observed,0,1.0216,0.3814,0.0492,8.3945,0.1209,9.9676,161,257.1916
phone-android,stress,2116,move,accepted,moved,1,1.8448,0.5747,0.0577,7.9241,0.1164,10.5178,191,259.0568
phone-android,stress,2117,look,accepted,observed,0,1.4335,0.5233,0.0513,7.2653,0.1105,9.3839,161,262.2342
phone-android,stress,2118,move,rejected,exit_unavailable,0,1.4034,0.5454,0.0496,7.8030,0.1453,9.9466,169,254.3977
phone-android,stress,2119,look,accepted,observed,0,5.6573,0.3629,0.0479,7.2844,0.0972,13.4496,161,260.2455
phone-android,stress,2120,look,accepted,observed,0,1.3974,0.3892,0.0495,6.8687,0.1075,8.8123,161,256.0333
phone-android,stress,2121,look,accepted,observed,0,1.4560,0.7862,0.0582,8.5185,0.1456,10.9646,161,263.2920
phone-android,stress,2122,look,accepted,observed,0,1.0777,0.3638,0.0524,7.6302,0.1127,9.2367,161,253.1563
phone-android,stress,2123,look,accepted,observed,0,0.9685,0.4311,0.0507,7.8677,0.1184,9.4365,161,261.1235
phone-android,stress,2124,move,accepted,moved,1,1.0600,0.4066,0.0554,9.1695,0.1260,10.8174,189,259.9092
phone-android,stress,2125,wait,rejected,invalid_time,0,1.2685,0.7794,0.0526,8.9267,0.1361,11.1633,165,260.4889
phone-android,stress,2126,move,rejected,exit_unavailable,0,1.1270,0.4097,0.0512,7.9788,0.1146,9.6814,169,254.8866
phone-android,stress,2127,move,rejected,exit_unavailable,0,0.7773,0.3768,0.0511,6.7469,0.0932,8.0454,169,261.7803
phone-android,stress,2128,look,accepted,observed,0,1.1182,0.4888,0.0501,7.6986,0.1395,9.4952,161,254.5152
phone-android,stress,2129,look,accepted,observed,0,1.3638,0.5152,0.0498,7.7455,0.1433,9.8176,161,263.5116
phone-android,stress,2130,activate,rejected,not_eligible,0,0.7707,0.3114,0.0448,8.1148,0.0902,9.3318,165,253.7731
phone-android,stress,2131,move,accepted,moved,1,0.9586,0.4001,0.0532,8.6790,0.1425,10.2334,191,260.1409
phone-android,stress,2132,move,accepted,moved,1,1.3560,0.5630,0.0585,8.4233,0.1207,10.5216,189,256.4596
phone-android,stress,2133,move,accepted,moved,1,1.6734,0.5608,0.0591,9.7829,0.1524,12.2285,191,260.3345
phone-android,stress,2134,move,accepted,moved,1,1.1153,0.5132,0.0566,9.5567,0.1506,11.3924,189,252.6742
phone-android,stress,2135,look,accepted,observed,0,0.7210,0.3740,0.0494,6.6785,0.1018,7.9248,161,257.8755
phone-android,stress,2136,wait,rejected,invalid_time,0,1.2929,0.6340,0.0495,8.1919,0.1206,10.2890,165,258.8623
phone-android,stress,2137,wait,rejected,invalid_time,0,1.2195,0.5414,0.0514,8.3117,0.1910,10.3149,165,266.4217
phone-android,stress,2138,move,accepted,moved,1,0.7398,0.3642,0.0548,8.1954,0.1128,9.4670,191,251.7383
phone-android,stress,2139,look,accepted,observed,0,1.0282,0.3851,0.0488,7.9494,0.1096,9.5210,161,260.5083
phone-android,stress,2140,look,accepted,observed,0,1.4017,0.5724,0.0502,7.5601,0.1098,9.6941,161,258.0571
phone-android,stress,2141,take,rejected,not_present,0,1.3132,0.5405,0.0521,8.1396,0.1396,10.1849,164,259.6988
phone-android,stress,2142,move,accepted,moved,1,1.2931,0.4484,0.0574,9.6879,0.1516,11.6384,187,261.0270
phone-android,stress,2143,move,accepted,moved,1,2.3608,0.4812,0.0603,10.0018,0.1485,13.0527,189,270.6550
phone-android,stress,2144,look,accepted,observed,0,0.9460,0.3560,0.0507,7.5563,0.1140,9.0231,161,255.3478
phone-android,stress,2145,choose,rejected,invalid_choice,0,0.8030,0.3709,0.0449,7.7019,0.1182,9.0390,167,254.6289
phone-android,stress,2146,look,accepted,observed,0,1.1005,0.3683,0.0477,7.8653,0.1305,9.5122,161,258.2833
phone-android,stress,2147,move,accepted,moved,1,0.8365,0.3747,0.0523,7.8615,0.1069,9.2319,187,268.9213
phone-android,stress,2148,look,accepted,observed,0,1.0072,0.5527,0.0528,6.8633,0.1103,8.5863,161,261.8492
phone-android,stress,2149,drop,replayed,dropped,0,1.6782,0.3313,0.0016,0.0007,0.0342,2.0460,0,266.7261
phone-android,stress,2150,move,accepted,moved,1,4.2759,0.3810,0.0520,8.6238,0.1565,13.4891,191,267.8187
phone-android,stress,2151,close_choice,rejected,invalid_choice,0,1.1072,0.3901,0.0525,7.9101,0.1155,9.5753,167,263.5485
phone-android,stress,2152,move,accepted,moved,1,1.1134,0.4235,0.0567,8.9385,0.1548,10.6869,187,258.5080
phone-android,stress,2153,look,accepted,observed,0,1.4100,0.7538,0.0532,7.8677,0.1461,10.2309,161,253.5227
phone-android,stress,2154,move,accepted,moved,1,1.1923,0.5831,0.0578,8.7080,0.1736,10.7148,191,251.1672
phone-android,stress,2155,take,rejected,not_present,0,0.9919,0.4884,0.0516,7.7077,0.1430,9.3826,164,267.9285
phone-android,stress,2156,take,rejected,not_present,0,0.9647,0.4631,0.0557,8.0614,0.1211,9.6660,164,251.2640
phone-android,stress,2157,talk,rejected,not_eligible,0,0.9789,0.3767,0.0492,8.3570,0.1181,9.8798,165,258.2042
phone-android,stress,2158,move,accepted,moved,1,0.9383,0.5886,0.0566,9.0824,0.1149,10.7809,189,258.1173
phone-android,stress,2159,move,accepted,moved,1,1.1603,0.5660,0.0567,9.0087,0.1482,10.9398,191,258.1457
phone-android,stress,2160,move,accepted,moved,1,1.5050,0.5373,0.0570,9.3468,0.1210,11.5672,187,260.4210
phone-android,stress,2161,look,accepted,observed,0,1.0419,0.7516,0.0547,7.5184,0.1111,9.4778,161,272.0258
phone-android,stress,2162,look,accepted,observed,0,0.9702,0.3716,0.0485,9.0677,0.1157,10.5737,161,263.7174
phone-android,stress,2163,look,accepted,observed,0,1.2131,0.4441,0.0543,8.8634,0.1351,10.7099,161,268.2093
phone-android,stress,2164,look,accepted,observed,0,0.7215,0.3358,0.0485,7.1451,0.0924,8.3432,161,256.8896
phone-android,stress,2165,take,rejected,not_present,0,1.0697,0.3757,0.0518,7.4348,0.1163,9.0484,164,259.2515
phone-android,stress,2166,wait,rejected,invalid_time,0,0.7869,0.3543,0.0436,7.5791,0.1177,8.8816,165,262.7046
phone-android,stress,2167,move,accepted,moved,1,1.0030,0.5058,0.0578,8.4296,0.1060,10.1022,191,263.9236
phone-android,stress,2168,talk,rejected,not_eligible,0,1.5419,0.4518,0.0486,7.4789,0.1341,9.6554,165,268.5971
phone-android,stress,2169,look,accepted,observed,0,4.0786,0.3660,0.0466,7.3772,0.0947,11.9631,161,256.7151
phone-android,stress,2170,look,accepted,observed,0,0.8115,0.3379,0.0464,7.0198,0.0967,8.3122,161,261.5017
phone-android,stress,2171,move,accepted,moved,1,1.3601,0.4067,0.0554,9.2877,0.1495,11.2593,187,262.7519
phone-android,stress,2172,look,accepted,observed,0,1.3795,0.6487,0.0535,8.3596,0.1408,10.5822,161,266.8559
phone-android,stress,2173,look,accepted,observed,0,0.9115,0.3637,0.0548,7.3516,0.1102,8.7917,161,261.8302
phone-android,stress,2174,move,accepted,moved,1,1.2743,0.5767,0.0592,9.3445,0.1495,11.4043,189,265.3339
phone-android,stress,2175,look,accepted,observed,0,0.9584,0.3745,0.0506,7.5301,0.1341,9.0478,161,261.0854
phone-android,stress,2176,take,accepted,taken,1,0.9658,0.4919,0.0602,9.1319,0.1290,10.7788,189,252.9362
phone-android,stress,2177,look,accepted,observed,0,0.9070,0.4604,0.0524,8.0126,0.1355,9.5679,161,256.3763
phone-android,stress,2178,look,accepted,observed,0,0.8246,0.3916,0.0498,8.0921,0.1759,9.5341,161,257.0457
phone-android,stress,2179,look,accepted,observed,0,0.8371,0.3467,0.0455,7.6188,0.0938,8.9419,161,264.2718
phone-android,stress,2180,move,rejected,exit_unavailable,0,0.9737,0.3789,0.0456,7.6323,0.1109,9.1415,169,259.7339
phone-android,stress,2181,move,accepted,moved,1,0.9585,0.3751,0.0528,8.3415,0.1313,9.8590,187,265.2464
phone-android,stress,2182,choose,rejected,invalid_choice,0,1.1622,0.4171,0.0494,7.9064,0.1146,9.6497,167,258.5017
phone-android,stress,2183,look,accepted,observed,0,6.2017,0.3640,0.0466,7.5803,0.1147,14.3074,161,261.1515
phone-android,stress,2184,move,accepted,moved,1,1.0454,0.4419,0.0556,8.8380,0.1608,10.5416,191,253.6024
phone-android,stress,2185,drop,accepted,dropped,1,1.4348,0.5633,0.0575,8.8846,0.1503,11.0905,198,272.8071
phone-android,stress,2186,move,accepted,moved,1,0.8681,0.3996,0.0556,8.9759,0.1340,10.4332,187,254.7895
phone-android,stress,2187,look,accepted,observed,0,1.1131,0.3548,0.0472,7.9326,0.1171,9.5647,161,256.8932
phone-android,stress,2188,move,accepted,moved,1,0.9909,0.4921,0.0557,8.8713,0.1222,10.5321,189,255.5580
phone-android,stress,2189,move,accepted,moved,1,0.9767,0.5047,0.0561,9.2536,0.1522,10.9432,187,260.9873
phone-android,stress,2190,look,accepted,observed,0,1.4326,0.5756,0.0515,7.8768,0.1482,10.0846,161,255.4731
phone-android,stress,2191,talk,rejected,not_eligible,0,0.7806,0.3360,0.0477,7.7770,0.1129,9.0541,165,250.8683
phone-android,stress,2192,talk,rejected,not_eligible,0,1.0189,0.4543,0.0537,6.7489,0.1171,8.3929,165,562.9514
phone-android,stress,2193,drop,replayed,dropped,0,1.9193,0.4024,0.0023,0.0008,0.0382,2.3631,0,264.7171
phone-android,stress,2194,move,accepted,moved,1,0.9736,0.4959,0.0577,9.6428,0.1517,11.3217,189,251.4833
phone-android,stress,2195,talk,rejected,not_eligible,0,0.8452,0.3540,0.0483,7.5143,0.1030,8.8648,165,256.7413
phone-android,stress,2196,look,accepted,observed,0,0.8221,0.3458,0.0467,8.0511,0.1005,9.3662,161,254.8559
phone-android,stress,2197,look,accepted,observed,0,0.9482,0.5180,0.0512,7.3530,0.1128,8.9832,161,262.8195
phone-android,stress,2198,talk,rejected,not_eligible,0,1.2113,0.7633,0.0552,8.1440,0.1504,10.3241,165,259.3454
phone-android,stress,2199,look,accepted,observed,0,0.7881,0.3346,0.0491,7.3590,0.1031,8.6338,161,261.2417
phone-android,stress,2200,move,accepted,moved,1,1.0603,0.5324,0.0576,8.3496,0.1459,10.1458,187,252.5517
phone-android,stress,2201,look,accepted,observed,0,1.1096,0.4622,0.0484,7.9166,0.1383,9.6752,161,262.2974
phone-android,stress,2202,move,rejected,exit_unavailable,0,0.9547,0.3864,0.0520,7.8983,0.1344,9.4258,169,255.0558
phone-android,stress,2203,move,accepted,moved,1,1.2294,0.5351,0.0580,9.5300,0.1475,11.4999,191,253.7932
phone-android,stress,2204,look,accepted,observed,0,0.8368,0.3505,0.0472,8.1319,0.1039,9.4702,161,262.1148
phone-android,stress,2205,move,accepted,moved,1,1.0106,0.4096,0.0574,9.4411,0.1432,11.0619,189,255.5873
phone-android,stress,2206,look,accepted,observed,0,0.8077,0.3454,0.0470,7.5905,0.0978,8.8884,161,255.1068
phone-android,stress,2207,move,accepted,moved,1,0.9622,0.4145,0.0580,9.5567,0.1334,11.1248,191,258.1481
phone-android,stress,2208,look,accepted,observed,0,4.1847,0.3556,0.0473,7.3077,0.1202,12.0155,161,256.7829
phone-android,stress,2209,look,accepted,observed,0,3.5786,0.4024,0.0469,7.8207,0.1255,11.9741,161,261.5242
phone-android,stress,2210,look,accepted,observed,0,1.3797,0.6981,0.0538,3.6901,0.1082,5.9299,161,259.3818
phone-android,stress,2211,move,accepted,moved,1,0.7612,0.3645,0.0522,8.7876,0.1189,10.0844,187,257.9961
phone-android,stress,2212,look,accepted,observed,0,1.1635,0.4445,0.0502,8.4912,0.1435,10.2929,161,252.6052
phone-android,stress,2213,talk,rejected,not_eligible,0,0.7757,0.3346,0.0474,7.1572,0.1036,8.4186,165,257.2779
phone-android,stress,2214,move,accepted,moved,1,1.6410,1.3797,0.0692,7.7004,0.1121,10.9024,189,255.1566
phone-android,stress,2215,look,accepted,observed,0,1.5817,0.6536,0.0592,8.5844,0.1444,11.0233,161,261.4842
phone-android,stress,2216,activate,rejected,not_eligible,0,0.7514,0.3677,0.0495,7.5903,0.1818,8.9406,165,251.3389
phone-android,stress,2217,look,accepted,observed,0,0.7874,0.3781,0.0506,7.3535,0.1192,8.6888,161,253.5857
phone-android,stress,2218,talk,rejected,not_eligible,0,1.0169,0.3837,0.0505,8.1099,0.1143,9.6754,165,252.3244
phone-android,stress,2219,wait,accepted,waited,1,4.1958,0.3910,0.0491,8.4326,0.1301,13.1986,185,260.9680
phone-android,stress,2220,activate,rejected,not_eligible,0,0.9866,0.4270,0.0493,7.7347,0.1089,9.3064,165,259.1468
phone-android,stress,2221,choose,rejected,stale_view,0,0.8258,0.4589,0.0495,7.1561,0.1138,8.6041,163,253.7216
phone-android,stress,2222,look,accepted,observed,0,0.9828,0.4975,0.0505,7.7099,0.1416,9.3823,161,254.3488
phone-android,stress,2223,look,accepted,observed,0,6.4529,0.3568,0.0470,7.0363,0.1316,14.0245,161,252.5660
phone-android,stress,2224,talk,rejected,not_eligible,0,0.9071,0.5280,0.0490,8.1228,0.1005,9.7073,165,256.9439
phone-android,stress,2225,move,accepted,moved,1,1.1542,0.5218,0.0563,8.8062,0.1524,10.6909,187,261.5716
phone-android,stress,2226,look,accepted,observed,0,0.7084,0.3173,0.0468,7.3509,0.1127,8.5361,161,251.1909
phone-android,stress,2227,move,accepted,moved,1,1.1530,0.5460,0.0614,9.5345,0.1471,11.4419,191,255.3335
phone-android,stress,2228,look,accepted,observed,0,0.7831,0.3766,0.0512,7.8522,0.1092,9.1723,161,265.4122
phone-android,stress,2229,look,accepted,observed,0,1.1512,0.3658,0.0479,6.6969,0.1146,8.3764,161,254.2834
phone-android,stress,2230,take,accepted,taken,1,5.3979,0.3756,0.0522,8.7159,0.1540,14.6957,189,249.1188
phone-android,stress,2231,talk,rejected,not_eligible,0,0.8724,0.3427,0.0477,6.9621,0.1006,8.3255,165,255.8918
phone-android,stress,2232,wait,rejected,invalid_time,0,4.1595,0.3763,0.0448,8.0602,0.1728,12.8135,165,255.3101
phone-android,stress,2233,close_choice,rejected,invalid_choice,0,3.6838,0.3698,0.0465,6.8941,0.1685,11.1626,167,256.1858
phone-android,stress,2234,move,accepted,moved,1,0.9885,0.4728,0.0551,8.9103,0.1186,10.5453,189,259.8149
phone-android,stress,2235,wait,rejected,invalid_time,0,0.7895,0.3634,0.0455,7.6028,0.0989,8.9001,165,259.8354
phone-android,stress,2236,wait,rejected,invalid_time,0,1.0386,0.3868,0.0460,7.4643,0.1052,9.0409,165,253.7098
phone-android,stress,2237,move,accepted,moved,1,5.2979,0.3865,0.0506,8.6972,0.1566,14.5889,191,255.0649
phone-android,stress,2238,move,accepted,moved,1,0.9568,0.4401,0.0542,9.3835,0.1088,10.9433,187,254.1787
phone-android,stress,2239,choose,rejected,invalid_choice,0,0.9887,0.4409,0.0498,7.6824,0.1124,9.2743,167,260.1164
phone-android,stress,2240,wait,rejected,invalid_time,0,1.0380,0.3689,0.0448,7.3752,0.1141,8.9410,165,252.9302
phone-android,stress,2241,take,replayed,not_present,0,2.4018,0.3701,0.0016,0.0005,0.0361,2.8101,0,253.9864
phone-android,stress,2242,drop,accepted,dropped,1,5.1232,0.3792,0.0549,8.3104,0.1397,14.0074,194,258.1247
phone-android,stress,2243,look,accepted,observed,0,1.0232,0.3823,0.0520,7.9674,0.1230,9.5479,161,251.7106
phone-android,stress,2244,take,accepted,taken,1,0.8978,0.3692,0.0534,8.2219,0.1204,9.6627,189,249.6877
phone-android,stress,2245,move,accepted,moved,1,1.2954,0.5345,0.0552,9.0920,0.1514,11.1284,191,258.2200
phone-android,stress,2246,look,accepted,observed,0,1.3894,0.5664,0.0512,7.7154,0.1454,9.8678,161,253.6332
phone-android,stress,2247,drop,replayed,dropped,0,5.6745,0.3035,0.0015,0.0005,0.0340,6.0140,0,259.5571
phone-android,stress,2248,choose,rejected,stale_view,0,4.2035,0.3598,0.0452,8.3918,0.1293,13.1295,163,253.5612
phone-android,stress,2249,look,accepted,observed,0,1.3143,0.4266,0.0496,6.5276,0.0925,8.4106,161,266.5882
phone-android,stress,2250,look,accepted,observed,0,1.0615,0.3855,0.0487,8.0655,0.1244,9.6857,161,254.6046
phone-android,stress,2251,look,accepted,observed,0,5.8850,0.4048,0.0476,7.5405,0.1345,14.0124,161,254.3689
phone-android,stress,2252,talk,rejected,not_eligible,0,1.2986,0.5709,0.0549,9.0391,0.1417,11.1053,165,254.7957
phone-android,stress,2253,look,accepted,observed,0,5.5316,0.3570,0.0453,7.0210,0.1222,13.0771,161,253.8840
phone-android,stress,2254,look,accepted,observed,0,1.7228,0.3947,0.0499,7.7741,0.1094,10.0509,161,256.1283
phone-android,stress,2255,look,accepted,observed,0,1.8060,0.7996,0.0571,8.8530,0.1429,11.6585,161,262.6850
phone-android,stress,2256,move,accepted,moved,1,1.0042,0.5001,0.0586,9.6115,0.1461,11.3204,187,250.4231
phone-android,stress,2257,look,accepted,observed,0,0.7819,0.3330,0.0466,7.9676,0.1148,9.2438,161,255.4029
phone-android,stress,2258,move,accepted,moved,1,0.9047,0.3819,0.0523,8.2961,0.1057,9.7408,191,255.4617
phone-android,stress,2259,move,accepted,moved,1,3.7985,0.3913,0.0509,8.5847,0.1468,12.9722,187,255.8613
phone-android,stress,2260,move,accepted,moved,1,1.2303,0.5521,0.0606,9.7760,0.1480,11.7669,191,262.3962
phone-android,stress,2261,look,accepted,observed,0,0.7383,0.3212,0.0440,7.3253,0.1030,8.5317,161,256.8561
phone-android,stress,2262,drop,accepted,dropped,1,1.1987,0.4769,0.0564,9.2496,0.1483,11.1299,198,249.8383
phone-android,stress,2263,take,accepted,taken,1,0.7842,0.4299,0.0568,9.3797,0.1239,10.7745,189,259.2373
phone-android,stress,2264,move,accepted,moved,1,1.0713,0.5946,0.0671,8.8148,0.1404,10.6883,187,252.8725
phone-android,stress,2265,move,accepted,moved,1,1.5034,0.5827,0.0598,9.4975,0.1517,11.7951,189,258.5816
phone-android,stress,2266,move,accepted,moved,1,1.0913,0.4022,0.0579,9.4415,0.1325,11.1254,187,253.5524
phone-android,stress,2267,move,accepted,moved,1,1.6246,0.7408,0.0598,9.9797,0.1511,12.5561,191,253.8620
phone-android,stress,2268,look,accepted,observed,0,5.0899,0.3611,0.0480,7.1991,0.1172,12.8154,161,256.9322
phone-android,stress,2269,drop,rejected,integrity_conflict,0,1.1329,0.2922,0.0019,0.0005,0.0344,1.4618,0,247.9377
phone-android,stress,2270,move,accepted,moved,1,1.0530,0.4102,0.0555,8.9314,0.1341,10.5842,189,253.6631
phone-android,stress,2271,wait,rejected,invalid_time,0,1.6509,0.5159,0.0492,8.0688,0.1407,10.4255,165,263.4064
phone-android,stress,2272,look,accepted,observed,0,0.7272,0.3318,0.0464,7.2901,0.1037,8.4992,161,257.4545
phone-android,stress,2273,look,accepted,observed,0,0.8027,0.3412,0.0474,6.9963,0.0959,8.2836,161,255.7302
phone-android,stress,2274,look,accepted,observed,0,1.4230,0.4716,0.0502,7.4595,0.1114,9.5155,161,257.6154
phone-android,stress,2275,move,accepted,moved,1,1.8580,0.5893,0.0593,9.8629,0.1551,12.5245,191,261.0547
phone-android,stress,2276,move,accepted,moved,1,0.8069,0.4234,0.0543,9.2056,0.1194,10.6096,189,251.0376
phone-android,stress,2277,drop,accepted,dropped,1,0.7865,0.3922,0.0564,8.0930,0.1161,9.4441,196,255.5505
phone-android,stress,2278,choose,rejected,invalid_choice,0,0.8052,0.3871,0.0472,7.7287,0.1017,9.0698,167,253.3983
phone-android,stress,2279,move,accepted,moved,1,1.0384,0.5129,0.0564,8.1837,0.1094,9.9007,191,263.8733
phone-android,stress,2280,move,accepted,moved,1,1.1696,0.5545,0.0568,9.6570,0.1471,11.5850,187,269.7322
phone-android,stress,2281,look,accepted,observed,0,1.0027,0.4797,0.0511,7.5054,0.1073,9.1463,161,266.7364
phone-android,stress,2282,activate,rejected,not_eligible,0,0.7917,0.3300,0.0444,7.0619,0.0945,8.3225,165,261.1304
phone-android,stress,2283,look,accepted,observed,0,1.0641,0.5032,0.0512,7.2065,0.1190,8.9440,161,263.2104
phone-android,stress,2284,move,accepted,moved,1,0.8287,0.4255,0.0565,8.3026,0.1118,9.7251,191,258.1133
phone-android,stress,2285,choose,rejected,invalid_choice,0,0.7540,0.3714,0.0473,6.6378,0.0971,7.9076,167,268.3599
phone-android,stress,2286,look,accepted,observed,0,1.0271,0.3785,0.0535,8.5495,0.1382,10.1469,161,252.0161
phone-android,stress,2287,look,accepted,observed,0,1.0842,0.3983,0.0534,8.4184,0.1421,10.0964,161,258.7572
phone-android,stress,2288,move,rejected,exit_unavailable,0,0.9693,0.5558,0.0540,8.3646,0.1363,10.0799,169,252.5309
phone-android,stress,2289,move,accepted,moved,1,1.2251,0.8179,0.0655,7.8839,0.1117,10.1041,187,264.9923
phone-android,stress,2290,move,rejected,exit_unavailable,0,0.8910,0.3633,0.0486,7.4535,0.1002,8.8565,169,265.9210
phone-android,stress,2291,move,accepted,moved,1,4.8164,0.4526,0.0536,8.8577,0.1109,14.2913,191,259.3170
phone-android,stress,2292,move,accepted,moved,1,0.9761,0.5796,0.0576,8.3871,0.1067,10.1071,187,257.8433
phone-android,stress,2293,move,accepted,moved,1,4.0969,0.3842,0.0519,8.4236,0.1515,13.1081,189,260.3464
phone-android,stress,2294,move,accepted,moved,1,1.0298,0.4134,0.0571,8.6851,0.1518,10.3372,187,267.1300
phone-android,stress,2295,move,accepted,moved,1,0.8276,0.3736,0.0523,8.2311,0.1316,9.6162,191,255.4952
phone-android,stress,2296,choose,rejected,invalid_choice,0,1.2681,0.4987,0.0507,8.6604,0.1500,10.6279,167,259.1365
phone-android,stress,2297,look,accepted,observed,0,0.8567,0.3218,0.0485,7.0651,0.1035,8.3956,161,255.5921
phone-android,stress,2298,close_choice,rejected,invalid_choice,0,0.7561,0.3379,0.0478,7.1118,0.1144,8.3679,167,251.2195
phone-android,stress,2299,choose,rejected,stale_view,0,1.0463,0.3606,0.0461,8.3666,0.1231,9.9427,163,257.8662
phone-android,stress,2300,move,accepted,moved,1,1.4923,0.6065,0.0588,9.2830,0.1454,11.5860,187,264.4584
phone-android,stress,2301,wait,rejected,invalid_time,0,1.3149,0.4130,0.0477,7.9717,0.1110,9.8584,165,260.3195
phone-android,stress,2302,look,accepted,observed,0,0.9751,0.4031,0.0502,7.8171,0.1420,9.3874,161,264.2875
phone-android,stress,2303,look,accepted,observed,0,0.7994,0.3979,0.0594,7.7073,0.1306,9.0946,161,253.7772
phone-android,stress,2304,move,rejected,exit_unavailable,0,0.7373,0.3632,0.0469,7.3732,0.0996,8.6203,169,253.7124
phone-android,stress,2305,move,accepted,moved,1,1.0468,0.7668,0.0661,8.2009,0.1084,10.1892,189,252.5618
phone-android,stress,2306,look,accepted,observed,0,0.9626,0.4915,0.0511,8.8900,0.1111,10.5063,161,260.1701
phone-android,stress,2307,take,rejected,not_present,0,0.9160,0.3626,0.0491,7.2220,0.1340,8.6837,164,248.5889
phone-android,stress,2308,move,accepted,moved,1,0.7524,0.3513,0.0511,7.5731,0.1206,8.8485,187,256.0174
phone-android,stress,2309,close_choice,rejected,invalid_choice,0,0.9754,0.6035,0.0514,7.3659,0.0973,9.0936,167,268.9246
phone-android,stress,2310,move,accepted,moved,1,1.7741,0.4886,0.0574,9.9769,0.1541,12.4511,189,260.9146
phone-android,stress,2311,talk,rejected,not_eligible,0,0.7356,0.3329,0.0484,7.7955,0.1434,9.0559,165,248.5419
phone-android,stress,2312,look,accepted,observed,0,0.8716,0.3470,0.0476,6.9610,0.0899,8.3171,161,251.4934
phone-android,stress,2313,move,accepted,moved,1,1.7829,0.6320,0.0583,9.2408,0.1485,11.8625,187,256.3912
phone-android,stress,2314,talk,rejected,not_eligible,0,1.0594,0.4994,0.0504,7.4890,0.1411,9.2393,165,260.7153
phone-android,stress,2315,take,rejected,not_present,0,0.7867,0.3811,0.0514,7.2173,0.1037,8.5403,164,258.1990
phone-android,stress,2316,move,accepted,moved,1,1.9669,0.8632,0.0638,9.7718,0.1859,12.8516,191,257.1541
phone-android,stress,2317,activate,rejected,not_eligible,0,0.9493,0.3665,0.0472,8.2072,0.1284,9.6986,165,250.4601
phone-android,stress,2318,take,rejected,not_present,0,0.8193,0.4481,0.0520,7.7319,0.1087,9.1599,164,251.0572
phone-android,stress,2319,activate,rejected,not_eligible,0,2.2864,0.5780,0.0534,8.0138,0.1407,11.0722,165,260.2373
phone-android,stress,2320,wait,rejected,invalid_time,0,0.8959,0.3885,0.0462,7.8515,0.1114,9.2934,165,248.9656
phone-android,stress,2321,look,accepted,observed,0,0.7865,0.3981,0.0478,7.2437,0.1338,8.6098,161,261.9354
phone-android,stress,2322,take,rejected,not_present,0,1.1385,0.4015,0.0497,8.4874,0.1370,10.2141,164,248.6361
phone-android,stress,2323,move,accepted,moved,1,0.7290,0.4640,0.0580,9.1936,0.1461,10.5906,187,252.1731
phone-android,stress,2324,close_choice,rejected,invalid_choice,0,0.7668,0.4186,0.0510,6.8404,0.1060,8.1829,167,258.1643
phone-android,stress,2325,move,accepted,moved,1,0.8383,0.3902,0.0537,8.3872,0.1511,9.8205,189,256.6503
phone-android,stress,2326,look,accepted,observed,0,1.0292,0.3938,0.0503,7.5772,0.1079,9.1583,161,247.3838
phone-android,stress,2327,wait,rejected,invalid_time,0,1.3347,0.5938,0.0510,8.4474,0.1423,10.5693,165,263.7389
phone-android,stress,2328,move,accepted,moved,1,1.0281,0.4124,0.0561,9.6825,0.2172,11.3965,187,257.6815
phone-android,stress,2329,take,rejected,not_present,0,1.3484,0.5100,0.0526,8.6118,0.1376,10.6603,164,264.6617
phone-android,stress,2330,look,accepted,observed,0,0.9663,0.4626,0.0474,7.4928,0.1096,9.0785,161,248.9299
phone-android,stress,2331,take,rejected,not_present,0,0.7953,0.3958,0.0963,7.0747,0.1071,8.4692,164,256.3236
phone-android,stress,2332,look,accepted,observed,0,1.2489,0.4627,0.0522,8.1379,0.1487,10.0504,161,253.2067
phone-android,stress,2333,move,rejected,exit_unavailable,0,0.9302,0.3968,0.0471,7.5182,0.1258,9.0180,169,259.7588
phone-android,stress,2334,look,accepted,observed,0,4.1978,0.3620,0.0465,7.4891,0.1355,12.2308,161,266.1337
phone-android,stress,2335,wait,rejected,invalid_time,0,1.6282,0.5978,0.0516,8.4581,0.1341,10.8697,165,254.6925
phone-android,stress,2336,move,accepted,moved,1,0.9806,0.4293,0.0596,9.5679,0.1491,11.1865,189,252.3802
phone-android,stress,2337,take,rejected,not_present,0,1.3932,0.5676,0.0524,9.4538,0.1470,11.6140,164,255.3099
phone-android,stress,2338,wait,rejected,invalid_time,0,1.0838,0.5540,0.0507,8.7479,0.1366,10.5730,165,251.7295
phone-android,stress,2339,talk,rejected,not_eligible,0,1.0060,0.3936,0.0489,8.4028,0.1473,9.9986,165,256.2028
phone-android,stress,2340,talk,rejected,not_eligible,0,1.0371,0.4734,0.0500,7.9062,0.1096,9.5763,165,250.2937
phone-android,stress,2341,look,accepted,observed,0,1.3843,0.4650,0.0504,8.1012,0.2232,10.2241,161,259.3289
phone-android,stress,2342,move,accepted,moved,1,0.8139,0.3576,0.0530,8.0234,0.1111,9.3589,187,255.7263
phone-android,stress,2343,move,accepted,moved,1,1.2336,0.7215,0.0595,9.0915,0.1371,11.2432,191,256.0658
phone-android,stress,2344,move,accepted,moved,1,1.5432,0.5932,0.0585,9.7711,0.1511,12.1171,189,255.3633
phone-android,stress,2345,look,accepted,observed,0,1.4321,0.4556,0.0524,8.3496,0.1351,10.4248,161,249.2601
phone-android,stress,2346,move,accepted,moved,1,0.8569,0.3634,0.0523,8.0499,0.1064,9.4290,191,256.6562
phone-android,stress,2347,look,accepted,observed,0,0.9478,0.3517,0.0513,7.6709,0.1096,9.1314,161,249.2418
phone-android,stress,2348,look,accepted,observed,0,1.5589,0.6126,0.0534,8.0940,0.1407,10.4596,161,260.0802
phone-android,stress,2349,activate,rejected,not_eligible,0,0.6962,0.3214,0.0456,7.6109,0.1092,8.7833,165,248.9541
phone-android,stress,2350,choose,rejected,stale_view,0,1.0141,0.4749,0.0485,8.2670,0.1433,9.9478,163,254.1722
phone-android,stress,2351,look,accepted,observed,0,0.7492,0.3459,0.0460,7.3028,0.1109,8.5549,161,262.1850
phone-android,stress,2352,look,accepted,observed,0,1.0079,0.3802,0.0496,7.8319,0.1162,9.3858,161,254.0556
phone-android,stress,2353,choose,rejected,invalid_choice,0,5.4526,0.4021,0.0483,7.7535,0.1401,13.7966,167,249.8066
phone-android,stress,2354,move,accepted,moved,1,0.7960,0.4313,0.0536,8.4861,0.1442,9.9113,189,253.4125
phone-android,stress,2355,wait,rejected,invalid_time,0,4.4728,0.3822,0.0460,6.9786,0.1343,12.0140,165,256.0723
phone-android,stress,2356,look,accepted,observed,0,3.7778,0.3581,0.0458,7.3528,0.1404,11.6749,161,256.8122
phone-android,stress,2357,move,accepted,moved,1,1.1379,0.5448,0.0555,8.6249,0.1495,10.5126,191,259.4106
phone-android,stress,2358,wait,rejected,invalid_time,0,0.7276,0.4077,0.0473,7.8743,0.1103,9.1672,165,255.8175
phone-android,stress,2359,look,accepted,observed,0,0.7752,0.3363,0.0459,7.5842,0.1268,8.8684,161,255.1396
phone-android,stress,2360,look,accepted,observed,0,1.6745,0.5244,0.0494,7.9929,0.1418,10.3829,161,257.3362
phone-android,stress,2361,look,accepted,observed,0,1.3643,0.7008,0.0537,7.7824,0.1079,10.0091,161,259.6028
phone-android,stress,2362,wait,accepted,waited,1,1.0072,0.4655,0.0573,10.0397,0.1442,11.7139,201,253.2861
phone-android,stress,2363,talk,rejected,not_eligible,0,0.7885,0.3476,0.0489,7.1740,0.1090,8.4679,165,254.2349
phone-android,stress,2364,drop,replayed,dropped,0,1.8946,0.4197,0.0027,0.0007,0.0369,2.3545,0,258.6605
phone-android,stress,2365,look,accepted,observed,0,0.9356,0.3872,0.0494,7.9445,0.1231,9.4399,161,251.7097
phone-android,stress,2366,look,accepted,observed,0,1.2886,0.4042,0.0519,8.1539,0.1305,10.0291,161,249.8434
phone-android,stress,2367,move,accepted,moved,1,0.8178,0.3656,0.0532,9.2239,0.1271,10.5876,187,265.7158
phone-android,stress,2368,take,rejected,not_present,0,1.0968,0.3830,0.2166,7.6548,0.1124,9.4636,164,255.8027
phone-android,stress,2369,look,accepted,observed,0,6.0320,0.3732,0.0467,7.4298,0.1072,13.9890,161,251.2643
phone-android,stress,2370,look,accepted,observed,0,0.8104,0.3442,0.0461,7.3218,0.1051,8.6277,161,255.2219
phone-android,stress,2371,choose,rejected,stale_view,0,0.8141,0.3571,0.0441,7.2127,0.1095,8.5375,163,258.5835
phone-android,stress,2372,take,replayed,not_present,0,4.1834,0.3059,0.0017,0.0005,0.0358,4.5273,0,256.7623
phone-android,stress,2373,look,accepted,observed,0,1.5022,0.6613,0.0522,7.7627,0.1137,10.0921,161,261.0864
phone-android,stress,2374,talk,rejected,not_eligible,0,0.7736,0.4030,0.0512,7.7330,0.1445,9.1053,165,256.0622
phone-android,stress,2375,move,accepted,moved,1,1.1373,0.4060,0.0548,8.7378,0.1770,10.5130,191,254.7632
phone-android,stress,2376,wait,rejected,invalid_time,0,4.2442,0.3815,0.0445,7.7628,0.1293,12.5622,165,261.8042
phone-android,stress,2377,take,rejected,not_present,0,1.4326,0.4298,0.0527,8.0229,0.1390,10.0769,164,258.2871
phone-android,stress,2378,look,accepted,observed,0,0.7870,0.3817,0.0501,8.0600,0.1334,9.4121,161,267.3011
phone-android,stress,2379,talk,rejected,not_eligible,0,0.7636,0.3465,0.0489,6.6554,0.0949,7.9092,165,253.7782
phone-android,stress,2380,look,accepted,observed,0,0.7801,0.4022,0.0506,7.3816,0.0982,8.7126,161,252.6724
phone-android,stress,2381,move,rejected,exit_unavailable,0,0.7393,0.3811,0.0484,8.0814,0.1121,9.3623,169,261.8412
phone-android,stress,2382,move,accepted,moved,1,0.8267,0.3616,0.0540,8.4999,0.1063,9.8485,187,252.2193
phone-android,stress,2383,choose,rejected,stale_view,0,0.7175,0.3457,0.0443,6.7217,0.0928,7.9220,163,254.7427
phone-android,stress,2384,move,accepted,moved,1,0.9961,0.3967,0.0548,8.4431,0.1500,10.0407,189,255.7713
phone-android,stress,2385,choose,rejected,invalid_choice,0,0.9790,0.3797,0.0470,7.8505,0.1823,9.4384,167,256.4741
phone-android,stress,2386,wait,rejected,invalid_time,0,0.9289,0.5135,0.0486,7.8872,0.1158,9.4940,165,256.6693
phone-android,stress,2387,talk,rejected,not_eligible,0,1.2020,0.3992,0.0510,7.5009,0.1140,9.2670,165,259.7650
phone-android,stress,2388,wait,rejected,invalid_time,0,0.9998,0.8652,0.0504,7.7624,0.1104,9.7883,165,264.9099
phone-android,stress,2389,look,accepted,observed,0,0.7905,0.3922,0.0498,7.4347,0.1155,8.7828,161,254.1943
phone-android,stress,2390,choose,rejected,invalid_choice,0,4.8361,0.4071,0.0478,7.4503,0.1104,12.8518,167,263.6283
phone-android,stress,2391,look,accepted,observed,0,0.8403,0.3427,0.0456,6.6666,0.1208,8.0159,161,304.2837
phone-android,stress,2392,look,accepted,observed,0,4.4783,1.3963,0.0615,8.4454,0.1515,14.5330,161,269.2237
phone-android,stress,2393,activate,rejected,not_eligible,0,5.3946,0.3451,0.0457,7.6891,0.1809,13.6554,165,268.0782
phone-android,stress,2394,wait,rejected,invalid_time,0,4.8771,0.4281,0.0454,7.7439,0.1394,13.2339,165,259.5488
phone-android,stress,2395,talk,rejected,not_eligible,0,4.7529,0.3649,0.0456,7.2261,0.1282,12.5178,165,262.8016
phone-android,stress,2396,look,accepted,observed,0,3.7200,0.5290,0.0497,7.3862,0.1242,11.8091,161,263.0568
phone-android,stress,2397,move,accepted,moved,1,5.1990,0.3647,0.0502,9.1118,0.1426,14.8683,187,257.1616
phone-android,stress,2398,move,accepted,moved,1,4.0517,0.3872,0.0516,9.1384,0.1803,13.8092,191,254.0983
phone-android,stress,2399,choose,rejected,stale_view,0,2.1813,0.4238,0.0491,8.4327,0.1079,11.1947,163,263.8215
phone-android,stress,2400,move,accepted,moved,1,0.7770,0.3663,0.0518,8.1417,0.1030,9.4397,187,252.8488
phone-android,stress,2401,move,accepted,moved,1,0.7652,0.4619,0.0564,8.9829,0.1148,10.3811,189,259.8858
phone-android,stress,2402,move,rejected,exit_unavailable,0,5.9488,0.4298,0.0500,7.6655,0.1434,14.2376,169,266.5432
phone-android,stress,2403,take,rejected,not_present,0,4.8624,0.3621,0.0479,7.2428,0.1258,12.6411,164,260.4176
phone-android,stress,2404,move,accepted,moved,1,1.0273,0.3873,0.0534,8.2046,0.1282,9.8009,187,258.0024
phone-android,stress,2405,talk,rejected,not_eligible,0,0.9836,0.5602,0.0509,8.0327,0.1241,9.7515,165,255.2038
phone-android,stress,2406,move,accepted,moved,1,1.1276,0.6754,0.0635,9.6596,0.1387,11.6648,189,266.1487
phone-android,stress,2407,look,accepted,observed,0,0.8939,0.3665,0.0484,8.0137,0.1203,9.4428,161,258.5075
phone-android,stress,2408,look,accepted,observed,0,2.3447,0.3826,0.0483,8.1148,0.1235,11.0140,161,252.8285
phone-android,stress,2409,move,accepted,moved,1,6.5017,0.4317,0.0549,8.9310,0.2254,16.1447,187,258.6426
phone-android,stress,2410,move,accepted,moved,1,1.0326,0.4848,0.0572,8.7845,0.1855,10.5446,189,256.7105
phone-android,stress,2411,move,accepted,moved,1,1.1181,0.5078,0.0564,8.3911,0.1153,10.1886,187,258.9154
phone-android,stress,2412,move,accepted,moved,1,0.8787,0.5698,0.0593,10.2079,0.1461,11.8617,191,254.7936
phone-android,stress,2413,talk,rejected,not_eligible,0,0.7681,0.4381,0.0498,7.3353,0.1069,8.6982,165,251.9346
phone-android,stress,2414,look,accepted,observed,0,0.9934,0.4593,0.0497,7.1261,0.1134,8.7420,161,257.5340
phone-android,stress,2415,talk,rejected,not_eligible,0,1.6772,0.6052,0.0535,8.5751,0.1461,11.0571,165,252.5631
phone-android,stress,2416,take,rejected,not_present,0,6.0144,0.3675,0.0479,7.6410,0.1321,14.2029,164,256.7757
phone-android,stress,2417,move,rejected,exit_unavailable,0,1.3049,0.5373,0.0495,7.9494,0.0983,9.9394,169,254.8178
phone-android,stress,2418,talk,rejected,not_eligible,0,1.2004,0.5551,0.0510,7.5535,0.1460,9.5059,165,263.1379
phone-android,stress,2419,take,rejected,not_present,0,0.7095,0.3318,0.0455,7.6799,0.1008,8.8675,164,253.8637
phone-android,stress,2420,look,accepted,observed,0,0.9244,0.4901,0.0503,7.7984,0.1440,9.4071,161,251.6272
phone-android,stress,2421,move,accepted,moved,1,0.8115,0.3698,0.0536,8.1841,0.1108,9.5298,187,253.7206
phone-android,stress,2422,look,accepted,observed,0,1.4976,0.5247,0.0504,7.7094,0.1108,9.8929,161,260.2396
phone-android,stress,2423,look,accepted,observed,0,0.8144,0.3292,0.0484,6.9998,0.1178,8.3096,161,255.7695
phone-android,stress,2424,move,rejected,exit_unavailable,0,1.0504,0.5527,0.0508,7.0158,0.1144,8.7840,169,248.9028
phone-android,stress,2425,look,accepted,observed,0,0.7746,0.3388,0.0457,28.5845,0.1194,29.8630,161,251.7790
phone-android,stress,2426,take,rejected,not_present,0,1.2708,0.5103,0.0493,8.2639,0.1132,10.2074,164,259.8503
phone-android,stress,2427,look,accepted,observed,0,0.9569,0.3512,0.0468,7.5923,0.1175,9.0647,161,251.8962
phone-android,stress,2428,move,accepted,moved,1,1.3650,0.4651,0.0569,9.0608,0.1538,11.1015,189,256.2888
phone-android,stress,2429,move,rejected,exit_unavailable,0,1.0809,0.4068,0.0512,8.0146,0.1255,9.6790,169,262.0599
phone-android,stress,2430,move,accepted,moved,1,1.2898,0.5104,0.0559,9.0415,0.1537,11.0514,187,267.4798
phone-android,stress,2431,activate,rejected,not_eligible,0,1.0502,0.4231,0.0524,8.5483,0.1424,10.2164,165,259.7193
phone-android,stress,2432,look,accepted,observed,0,0.9184,0.3716,0.0484,8.2174,0.1179,9.6737,161,253.6150
phone-android,stress,2433,look,accepted,observed,0,0.8615,0.4284,0.0568,7.7046,0.1028,9.1541,161,247.2763
phone-android,stress,2434,look,accepted,observed,0,0.7357,0.8666,0.0672,4.2562,0.1072,6.0330,161,264.0544
phone-android,stress,2435,move,accepted,moved,1,0.8618,0.3702,0.0539,8.6082,0.1842,10.0783,191,247.5478
phone-android,stress,2436,move,accepted,moved,1,0.7332,0.3569,0.0538,8.2626,0.1149,9.5215,187,258.1541
phone-android,stress,2437,look,accepted,observed,0,1.1279,0.3798,0.0498,7.5204,0.1103,9.1882,161,250.5137
phone-android,stress,2438,take,replayed,not_present,0,1.2763,0.2903,0.0016,0.0008,0.0339,1.6028,0,252.5691
phone-android,stress,2439,move,accepted,moved,1,1.0182,0.6203,0.0572,9.0843,0.1166,10.8967,189,255.2661
phone-android,stress,2440,move,accepted,moved,1,1.4549,0.4241,0.0565,9.3477,0.1640,11.4471,187,260.9650
phone-android,stress,2441,choose,rejected,invalid_choice,0,0.7623,0.3992,0.0503,8.2094,0.1447,9.5659,167,254.7121
phone-android,stress,2442,move,accepted,moved,1,0.8438,0.4075,0.0563,8.4527,0.1389,9.8991,189,261.3024
phone-android,stress,2443,look,accepted,observed,0,2.2364,1.0336,0.0583,8.4245,0.1435,11.8964,161,262.0691
phone-android,stress,2444,look,accepted,observed,0,0.7132,0.4026,0.0514,8.0844,0.1433,9.3949,161,256.6179
phone-android,stress,2445,take,replayed,not_present,0,1.2618,0.2755,0.0015,0.0006,0.0333,1.5727,0,255.9813
phone-android,stress,2446,take,rejected,not_present,0,1.7517,2.1902,0.0701,7.2948,0.1156,11.4224,164,254.9968
phone-android,stress,2447,talk,rejected,not_eligible,0,5.4356,0.3668,0.0469,7.7165,0.1136,13.6794,165,261.0692
phone-android,stress,2448,close_choice,rejected,invalid_choice,0,4.2695,0.3701,0.0472,7.4950,0.0954,12.2771,167,262.6237
phone-android,stress,2449,move,accepted,moved,1,1.0029,0.4731,0.0553,8.8597,0.1323,10.5234,187,270.8392
phone-android,stress,2450,move,accepted,moved,1,2.0791,0.5129,0.0535,9.3923,0.1521,12.1899,191,255.1501
phone-android,stress,2451,talk,rejected,not_eligible,0,0.8025,0.3469,0.0463,7.2256,0.1204,8.5417,165,250.5552
phone-android,stress,2452,choose,rejected,stale_view,0,5.1179,2.8208,0.0572,6.9859,0.1890,15.1708,163,266.8160
phone-android,stress,2453,activate,rejected,not_eligible,0,1.6797,0.5927,0.0534,8.7234,0.1401,11.1892,165,260.4710
phone-android,stress,2454,move,accepted,moved,1,0.7955,0.4045,0.0531,5.0994,0.1451,6.4977,187,253.3508
phone-android,stress,2455,move,accepted,moved,1,4.8361,0.3601,0.0501,8.4293,0.1376,13.8131,189,254.9800
phone-android,stress,2456,wait,rejected,invalid_time,0,1.2636,0.5739,0.0515,8.3036,0.1413,10.3339,165,262.9210
phone-android,stress,2457,talk,rejected,not_eligible,0,1.0639,0.4103,0.0535,7.7948,0.1272,9.4497,165,256.3775
phone-android,stress,2458,move,accepted,moved,1,1.4994,0.8456,0.0625,10.2747,0.1401,12.8222,187,250.7909
phone-android,stress,2459,look,accepted,observed,0,0.8423,0.6960,0.0542,6.6395,0.0949,8.3270,161,255.7466
phone-android,stress,2460,look,accepted,observed,0,1.8683,0.3888,0.0493,7.4416,0.1048,9.8529,161,254.6900
phone-android,stress,2461,move,accepted,moved,1,1.6244,0.5991,0.0595,9.3278,0.1472,11.7580,189,266.9405
phone-android,stress,2462,look,accepted,observed,0,0.7219,0.3305,0.0476,6.8522,0.0969,8.0491,161,259.0633
phone-android,stress,2463,move,accepted,moved,1,1.3389,0.5630,0.0572,7.9478,0.1198,10.0267,187,249.0775
phone-android,stress,2464,take,rejected,not_present,0,0.7399,0.3416,0.0489,6.9378,0.0996,8.1678,164,253.3345
phone-android,stress,2465,choose,rejected,invalid_choice,0,1.4118,0.5391,0.0505,7.4756,0.1483,9.6253,167,260.9579
phone-android,stress,2466,move,accepted,moved,1,0.8219,0.3477,0.0534,8.4218,0.1289,9.7736,189,260.3974
phone-android,stress,2467,move,accepted,moved,1,1.0355,0.4184,0.0551,8.3533,0.1208,9.9831,187,255.8396
phone-android,stress,2468,take,rejected,not_present,0,1.2040,0.5394,0.0527,8.3951,0.1434,10.3346,164,253.5228
phone-android,stress,2469,move,accepted,moved,1,1.2201,0.5567,0.0551,8.8689,0.1201,10.8208,189,254.8278
phone-android,stress,2470,move,accepted,moved,1,1.5288,0.6023,0.0601,9.7482,0.1501,12.0894,187,261.5608
phone-android,stress,2471,look,accepted,observed,0,0.7972,0.3336,0.0477,7.3352,0.1104,8.6241,161,253.4100
phone-android,stress,2472,move,rejected,exit_unavailable,0,0.8355,0.3651,0.0472,7.2614,0.1004,8.6095,169,251.4088
phone-android,stress,2473,look,accepted,observed,0,2.0311,0.5083,0.0507,8.0364,0.1502,10.7767,161,263.2985
phone-android,stress,2474,activate,rejected,not_eligible,0,0.9566,0.3778,0.0490,7.0941,0.0922,8.5698,165,249.7485
phone-android,stress,2475,look,accepted,observed,0,0.9972,0.3712,0.0512,7.5446,0.1045,9.0688,161,254.6572
phone-android,stress,2476,look,accepted,observed,0,1.8133,0.5858,0.0524,8.7980,0.1455,11.3952,161,251.7193
phone-android,stress,2477,move,accepted,moved,1,5.1346,0.3826,0.0514,8.7777,0.1084,14.4546,191,254.1798
phone-android,stress,2478,look,accepted,observed,0,1.0005,0.3840,0.0486,7.5739,0.1142,9.1211,161,252.1315
phone-android,stress,2479,move,accepted,moved,1,1.6598,0.6033,0.0608,9.8074,0.1543,12.2856,187,263.0306
phone-android,stress,2480,take,rejected,not_present,0,0.7314,0.3428,0.0488,7.1477,0.1067,8.3774,164,253.0361
phone-android,stress,2481,look,accepted,observed,0,0.8494,0.4189,0.0498,7.4704,0.1117,8.9001,161,250.0931
phone-android,stress,2482,move,accepted,moved,1,0.9863,0.4611,0.0595,9.9906,0.1511,11.6486,189,258.5363
phone-android,stress,2483,look,accepted,observed,0,1.7468,0.5481,0.0526,9.0138,0.1459,11.5072,161,263.6920
phone-android,stress,2484,move,accepted,moved,1,1.1834,0.7268,0.0600,8.7324,0.1204,10.8230,187,251.8952
phone-android,stress,2485,choose,rejected,invalid_choice,0,0.8402,0.7815,0.0578,6.7431,0.1074,8.5299,167,263.1325
phone-android,stress,2486,look,accepted,observed,0,1.0380,0.3712,0.0475,8.1496,0.1369,9.7432,161,250.8864
phone-android,stress,2487,move,accepted,moved,1,1.0709,0.4581,0.0598,9.2109,0.2374,11.0372,189,258.9749
phone-android,stress,2488,move,rejected,exit_unavailable,0,0.7984,0.3934,0.0488,7.6588,0.1481,9.0474,169,253.8011
phone-android,stress,2489,look,accepted,observed,0,5.7401,0.3509,0.0459,7.1316,0.1036,13.3721,161,265.0107
phone-android,stress,2490,move,accepted,moved,1,1.7044,0.7289,0.0591,9.6425,0.1496,12.2845,187,258.8737
phone-android,stress,2491,look,accepted,observed,0,1.4016,0.7719,0.0583,9.0663,0.1376,11.4357,161,252.1224
phone-android,stress,2492,move,accepted,moved,1,5.7241,0.3897,0.0522,8.3569,0.1398,14.6628,191,257.2666
phone-android,stress,2493,talk,rejected,not_eligible,0,1.3534,0.5620,0.0503,7.7527,0.1106,9.8289,165,254.0387
phone-android,stress,2494,take,rejected,not_present,0,1.3553,0.5551,0.0502,7.4905,0.1134,9.5644,164,263.1144
phone-android,stress,2495,look,accepted,observed,0,0.8796,0.3478,0.0502,8.0531,0.0951,9.4258,161,251.5640
phone-android,stress,2496,move,accepted,moved,1,1.4890,0.5615,0.0582,9.6167,0.1513,11.8766,189,257.4210
phone-android,stress,2497,wait,rejected,invalid_time,0,1.0881,0.5185,0.0502,8.6356,0.1265,10.4190,165,263.1148
phone-android,stress,2498,look,accepted,observed,0,1.6591,0.9360,0.0571,7.7834,0.1438,10.5794,161,264.2167
phone-android,stress,2499,choose,rejected,stale_view,0,0.9464,1.3580,0.0582,8.5190,0.1405,11.0219,163,272.0275
phone-android,stress,2500,move,accepted,moved,1,0.8484,0.3620,0.0514,8.0884,0.1180,9.4682,191,257.8762
phone-android,stress,2501,move,accepted,moved,1,6.3384,0.3993,0.0539,8.4142,0.1505,15.3563,187,248.2834
phone-android,stress,2502,move,accepted,moved,1,0.7873,0.4128,0.0574,8.9365,0.1277,10.3216,191,260.5842
phone-android,stress,2503,move,accepted,moved,1,1.0342,0.4029,0.0566,8.4964,0.1414,10.1314,189,256.0704
phone-android,stress,2504,wait,rejected,invalid_time,0,7.6458,0.3834,0.0448,7.3092,0.1212,15.5045,165,252.0288
phone-android,stress,2505,take,replayed,not_present,0,7.3130,0.3114,0.0017,0.0007,0.0340,7.6607,0,254.1647
phone-android,stress,2506,look,accepted,observed,0,0.9439,0.8484,0.0551,7.2155,0.1099,9.1727,161,259.9793
phone-android,stress,2507,look,accepted,observed,0,1.3767,0.7551,0.0526,7.4628,0.1050,9.7521,161,262.1979
phone-android,stress,2508,move,accepted,moved,1,0.7902,0.6366,0.0589,8.0235,0.1041,9.6133,191,254.2129
phone-android,stress,2509,move,accepted,moved,1,5.8097,0.3628,0.0493,8.9952,0.1425,15.3594,189,272.1554
phone-android,stress,2510,take,accepted,taken,1,0.8015,0.3486,0.0532,8.7076,0.1496,10.0606,189,254.6833
phone-android,stress,2511,look,accepted,observed,0,0.8005,0.4716,0.0511,7.9668,0.1277,9.4177,161,262.6218
phone-android,stress,2512,look,accepted,observed,0,0.8231,0.4042,0.0460,7.0579,0.1269,8.4581,161,256.2381
phone-android,stress,2513,look,accepted,observed,0,1.0009,0.3844,0.0473,8.4076,0.1176,9.9578,161,252.7442
phone-android,stress,2514,look,accepted,observed,0,0.7662,0.3282,0.0450,8.0256,0.1178,9.2828,161,258.6845
phone-android,stress,2515,wait,rejected,invalid_time,0,0.7252,0.3517,0.0444,8.1467,0.1263,9.3943,165,256.9606
phone-android,stress,2516,look,accepted,observed,0,0.7916,0.3292,0.0454,7.6345,0.0998,8.9004,161,249.9515
phone-android,stress,2517,wait,rejected,invalid_time,0,0.7348,0.3734,0.0454,6.7910,0.0921,8.0367,165,244.8429
phone-android,stress,2518,look,accepted,observed,0,0.8983,0.4298,0.0533,8.4750,0.1897,10.0462,161,255.9574
phone-android,stress,2519,look,accepted,observed,0,0.8642,0.3329,0.0465,6.9190,0.0980,8.2606,161,248.4975
phone-android,stress,2520,wait,rejected,invalid_time,0,1.0447,0.3873,0.0464,8.0882,0.1198,9.6865,165,251.9940
phone-android,stress,2521,choose,rejected,invalid_choice,0,0.9941,0.5016,0.0486,7.9654,0.2053,9.7150,167,248.1669
phone-android,stress,2522,look,accepted,observed,0,0.8269,0.3895,0.0509,7.6040,0.0978,8.9691,161,268.9239
phone-android,stress,2523,choose,rejected,invalid_choice,0,0.8006,0.3731,0.0479,7.4910,0.0976,8.8102,167,251.0853
phone-android,stress,2524,move,rejected,exit_unavailable,0,1.0235,0.3702,0.0481,7.5707,0.1286,9.1412,169,252.5459
phone-android,stress,2525,activate,rejected,not_eligible,0,0.9349,0.3693,0.0478,7.2059,0.1169,8.6748,165,250.1030
phone-android,stress,2526,move,accepted,moved,1,1.0061,0.4020,0.0553,7.8166,0.1113,9.3913,191,266.1142
phone-android,stress,2527,move,accepted,moved,1,1.0103,0.4117,0.0587,8.6189,0.1411,10.2407,187,249.0577
phone-android,stress,2528,move,accepted,moved,1,0.8377,0.4081,0.0570,8.5898,0.1455,10.0380,189,257.2746
phone-android,stress,2529,move,accepted,moved,1,0.7543,0.3663,0.0539,8.2093,0.1093,9.4929,187,254.5275
phone-android,stress,2530,move,accepted,moved,1,1.4711,0.5730,0.0587,9.8935,0.1530,12.1493,189,255.3928
phone-android,stress,2531,look,accepted,observed,0,1.5797,0.8112,0.0587,8.8240,0.1390,11.4126,161,252.1052
phone-android,stress,2532,look,accepted,observed,0,5.8432,0.3663,0.0462,6.8871,0.1110,13.2538,161,262.6384
phone-android,stress,2533,move,accepted,moved,1,1.3973,0.4233,0.0555,8.6622,0.1257,10.6640,187,255.4287
phone-android,stress,2534,activate,rejected,not_eligible,0,1.4480,0.5665,0.0509,7.7861,0.1156,9.9671,165,258.4651
phone-android,stress,2535,move,accepted,moved,1,0.9548,0.3945,0.0576,8.2943,0.1281,9.8292,189,255.1873
phone-android,stress,2536,look,accepted,observed,0,1.1662,0.3887,0.0491,7.3161,0.1203,9.0404,161,255.3984
phone-android,stress,2537,move,rejected,exit_unavailable,0,1.1986,0.4051,0.0494,7.0032,0.1153,8.7716,169,249.7085
phone-android,stress,2538,look,accepted,observed,0,1.4364,0.7002,0.0535,8.4653,0.1458,10.8011,161,259.7244
phone-android,stress,2539,look,accepted,observed,0,1.0755,0.3742,0.0495,8.7758,0.1429,10.4178,161,252.1477
phone-android,stress,2540,look,accepted,observed,0,1.0996,0.3639,0.0480,7.9120,0.1129,9.5363,161,250.9598
phone-android,stress,2541,activate,rejected,not_eligible,0,1.3619,0.4458,0.0546,7.9079,0.1345,9.9048,165,250.9870
phone-android,stress,2542,talk,rejected,not_eligible,0,1.3665,0.4065,0.0504,8.0571,0.1441,10.0245,165,260.0942
phone-android,stress,2543,look,accepted,observed,0,0.9280,0.3633,0.0505,7.8309,0.1068,9.2794,161,253.1251
phone-android,stress,2544,wait,accepted,waited,1,0.9422,0.3922,0.0507,8.4140,0.1289,9.9280,185,251.4528
phone-android,stress,2545,look,accepted,observed,0,1.3646,0.4235,0.0491,8.0096,0.1216,9.9685,161,249.9412
phone-android,stress,2546,look,accepted,observed,0,2.0926,0.5386,0.0504,7.8391,0.1442,10.6648,161,262.2880
phone-android,stress,2547,drop,accepted,dropped,1,0.9531,0.3990,0.0556,9.4546,0.1303,10.9926,196,257.8377
phone-android,stress,2548,wait,rejected,invalid_time,0,1.6308,0.4353,0.0475,8.1092,0.1450,10.3678,165,264.5203
phone-android,stress,2549,move,accepted,moved,1,0.7672,0.4020,0.0509,7.6216,0.1122,8.9539,187,252.2521
phone-android,stress,2550,wait,rejected,invalid_time,0,0.9621,0.3761,0.0458,7.7011,0.1141,9.1993,165,252.9982
phone-android,stress,2551,wait,rejected,invalid_time,0,1.0789,0.3977,0.0453,8.0066,0.1369,9.6653,165,249.0939
phone-android,stress,2552,wait,rejected,invalid_time,0,0.9588,0.5233,0.0503,7.9036,0.1153,9.5514,165,264.5023
phone-android,stress,2553,look,accepted,observed,0,0.8562,0.4089,0.0506,8.0698,0.1400,9.5255,161,259.5743
phone-android,stress,2554,move,accepted,moved,1,0.7569,0.3879,0.0534,9.0035,0.1364,10.3380,189,255.5145
phone-android,stress,2555,activate,rejected,not_eligible,0,8.5845,0.4781,0.0495,8.0251,0.1119,17.2491,165,258.3203
phone-android,stress,2556,wait,rejected,invalid_time,0,0.7751,0.7686,0.0577,8.0919,0.1373,9.8306,165,274.4834
phone-android,stress,2557,move,accepted,moved,1,0.9939,0.4311,0.0558,8.4729,0.1304,10.0840,187,250.1286
phone-android,stress,2558,move,accepted,moved,1,0.8895,0.4781,0.0581,9.5757,0.1431,11.1446,191,251.8751
phone-android,stress,2559,move,rejected,exit_unavailable,0,0.7230,0.3450,0.0483,7.3879,0.1033,8.6076,169,254.7504
phone-android,stress,2560,look,accepted,observed,0,1.0037,0.3324,0.0454,7.5984,0.1141,9.0941,161,254.8339
phone-android,stress,2561,look,accepted,observed,0,0.7394,0.3874,0.0470,7.5280,0.0997,8.8016,161,254.9693
phone-android,stress,2562,look,accepted,observed,0,0.8761,0.3309,0.0472,7.3069,0.1070,8.6682,161,249.5129
phone-android,stress,2563,move,rejected,exit_unavailable,0,1.0279,0.4029,0.0508,8.2045,0.1330,9.8191,169,255.6373
phone-android,stress,2564,look,accepted,observed,0,0.9698,0.5258,0.0499,8.2878,0.1086,9.9419,161,254.1793
phone-android,stress,2565,take,rejected,not_present,0,1.5071,0.6223,0.0539,9.1415,0.1442,11.4690,164,262.6650
phone-android,stress,2566,move,accepted,moved,1,0.7283,0.4599,0.0568,8.2721,0.1062,9.6234,189,255.9801
phone-android,stress,2567,move,accepted,moved,1,1.3342,0.5706,0.0570,8.6045,0.1180,10.6843,191,255.4231
phone-android,stress,2568,wait,rejected,invalid_time,0,0.8563,0.6177,0.0466,7.4013,0.1841,9.1060,165,257.6107
phone-android,stress,2569,activate,rejected,not_eligible,0,1.0422,0.4304,0.0480,8.1864,0.1438,9.8508,165,251.6498
phone-android,stress,2570,take,rejected,not_present,0,0.8365,0.4334,0.0508,8.3949,0.1125,9.8282,164,264.3304
phone-android,stress,2571,move,accepted,moved,1,1.4864,0.8462,0.0556,9.5094,0.1488,12.0464,189,256.8739
phone-android,stress,2572,drop,rejected,integrity_conflict,0,1.8648,0.3701,0.0020,0.0007,0.0373,2.2749,0,266.1558
phone-android,stress,2573,move,accepted,moved,1,0.8051,0.4626,0.0568,8.6201,0.1099,10.0544,191,256.1037
phone-android,stress,2574,wait,rejected,invalid_time,0,5.2766,0.3791,0.0437,7.7883,0.1057,13.5933,165,263.6200
phone-android,stress,2575,look,accepted,observed,0,0.8032,0.3429,0.0468,7.1890,0.1488,8.5307,161,245.3896
phone-android,stress,2576,move,accepted,moved,1,0.9547,0.5141,0.0570,9.8057,0.1420,11.4735,189,253.8500
phone-android,stress,2577,look,accepted,observed,0,0.7744,0.3662,0.0490,7.3710,0.1054,8.6660,161,256.1287
phone-android,stress,2578,look,accepted,observed,0,5.4669,0.3758,0.0467,7.9674,0.1473,14.0042,161,263.4008
phone-android,stress,2579,take,rejected,not_present,0,1.3851,0.4947,0.0497,7.9072,0.1168,9.9535,164,250.0198
phone-android,stress,2580,look,accepted,observed,0,0.7776,0.3474,0.0475,7.3366,0.1161,8.6252,161,259.2803
phone-android,stress,2581,drop,replayed,dropped,0,1.8547,0.3795,0.0019,0.0005,0.0384,2.2751,0,265.8259
phone-android,stress,2582,look,accepted,observed,0,0.8611,0.4045,0.0494,7.5129,0.1120,8.9400,161,255.9009
phone-android,stress,2583,move,rejected,exit_unavailable,0,0.7672,0.3542,0.0463,6.3207,0.1040,7.5924,169,260.6924
phone-android,stress,2584,choose,rejected,invalid_choice,0,4.9589,0.3846,0.0452,7.8136,0.1082,13.3105,167,259.1790
phone-android,stress,2585,look,accepted,observed,0,6.7035,0.3637,0.0470,6.5902,0.1204,13.8247,161,262.6897
phone-android,stress,2586,look,accepted,observed,0,1.0246,0.4153,0.0499,7.7758,0.1170,9.3826,161,262.7745
phone-android,stress,2587,look,accepted,observed,0,4.8610,0.4669,0.0509,7.5125,0.1367,13.0281,161,267.5262
phone-android,stress,2588,move,accepted,moved,1,4.9984,0.4068,0.0528,8.4473,0.1528,14.0581,191,258.4740
phone-android,stress,2589,talk,rejected,not_eligible,0,1.2049,0.5973,0.0918,7.7897,0.1107,9.7945,165,256.6168
phone-android,stress,2590,talk,rejected,not_eligible,0,1.0064,0.3919,0.0499,7.6795,0.1155,9.2431,165,264.5646
phone-android,stress,2591,take,rejected,not_present,0,0.8109,0.3492,0.0482,7.2964,0.1024,8.6070,164,250.4473
phone-android,stress,2592,take,rejected,not_present,0,1.3513,0.7543,0.1084,6.5353,0.1312,8.8805,164,256.9555
phone-android,stress,2593,look,accepted,observed,0,4.9341,0.3358,0.0454,7.2611,0.1097,12.6861,161,247.5639
phone-android,stress,2594,activate,rejected,not_eligible,0,1.2600,0.5268,0.0503,7.9854,0.1171,9.9396,165,255.5344
phone-android,stress,2595,move,accepted,moved,1,1.0939,0.5275,0.0557,8.8246,0.1324,10.6342,189,254.5243
phone-android,stress,2596,move,accepted,moved,1,1.6255,0.5731,0.0583,9.4617,0.1495,11.8681,191,257.3893
phone-android,stress,2597,look,accepted,observed,0,0.7526,0.3386,0.0490,7.5530,0.1311,8.8243,161,252.7811
phone-android,stress,2598,move,accepted,moved,1,0.8628,0.3683,0.0531,8.5842,0.1093,9.9777,187,252.5217
phone-android,stress,2599,talk,rejected,not_eligible,0,1.8338,0.4464,0.0510,7.6353,0.1298,10.0963,165,251.4127
phone-android,stress,2600,move,accepted,moved,1,0.7465,0.3779,0.0531,7.8851,0.1089,9.1714,189,262.0790
phone-android,stress,2601,look,accepted,observed,0,1.7224,0.5189,0.0499,8.0813,0.1436,10.5161,161,259.0214
phone-android,stress,2602,move,accepted,moved,1,1.2562,0.5001,0.0587,9.9366,0.1545,11.9062,187,258.8970
phone-android,stress,2603,look,accepted,observed,0,0.8833,0.3577,0.0487,8.4883,0.1427,9.9207,161,254.5776
phone-android,stress,2604,move,rejected,exit_unavailable,0,1.0531,0.4132,0.0509,8.3963,0.1139,10.0274,169,252.3219
phone-android,stress,2605,move,accepted,moved,1,1.2181,0.5221,0.0573,9.5547,0.1538,11.5060,189,264.8004
phone-android,stress,2606,activate,rejected,not_eligible,0,1.0532,0.3744,0.0529,7.7969,0.1131,9.3905,165,263.6463
phone-android,stress,2607,look,accepted,observed,0,1.1079,0.3767,0.0486,7.7726,0.1296,9.4355,161,260.9946
phone-android,stress,2608,look,accepted,observed,0,1.0606,0.7038,0.0539,7.9026,0.1038,9.8246,161,270.6624
phone-android,stress,2609,take,accepted,taken,1,1.2791,0.4030,0.0561,9.5865,0.1524,11.4771,189,260.9970
phone-android,stress,2610,wait,rejected,invalid_time,0,1.1892,0.5466,0.0499,8.6229,0.1501,10.5586,165,252.9928
phone-android,stress,2611,look,accepted,observed,0,5.7944,0.3634,0.1001,7.5527,0.1302,13.9409,161,253.4682
phone-android,stress,2612,move,rejected,exit_unavailable,0,1.6055,0.7265,0.0564,8.9073,0.1285,11.4243,169,257.5779
phone-android,stress,2613,look,accepted,observed,0,1.2516,0.5133,0.0546,8.6081,0.1507,10.5784,161,259.4257
phone-android,stress,2614,activate,rejected,not_eligible,0,0.7084,0.3215,0.0454,7.6390,0.1216,8.8359,165,253.4122
phone-android,stress,2615,look,accepted,observed,0,1.1581,0.3855,0.0505,8.1909,0.1258,9.9108,161,256.4116
phone-android,stress,2616,choose,rejected,invalid_choice,0,1.3662,0.7899,0.0568,7.7294,0.1295,10.0718,167,254.4279
phone-android,stress,2617,look,accepted,observed,0,1.5758,0.5787,0.0525,8.2863,0.1450,10.6383,161,263.7474
phone-android,stress,2618,wait,rejected,invalid_time,0,0.8994,0.4236,0.0468,7.7902,0.1426,9.3026,165,246.7046
phone-android,stress,2619,move,accepted,moved,1,0.7683,0.3633,0.0514,7.9975,0.1208,9.3013,187,252.8375
phone-android,stress,2620,look,accepted,observed,0,1.3244,0.5542,0.0531,7.1657,0.1377,9.2351,161,252.5538
phone-android,stress,2621,drop,accepted,dropped,1,1.2902,0.3994,0.0569,9.9977,0.1501,11.8942,194,261.8389
phone-android,stress,2622,move,accepted,moved,1,0.9649,0.4042,0.0555,8.9353,0.1329,10.4929,191,254.4397
phone-android,stress,2623,look,accepted,observed,0,1.1909,0.5336,0.0528,7.6269,0.1464,9.5506,161,260.4660
phone-android,stress,2624,move,accepted,moved,1,0.7364,0.3439,0.0528,8.1021,0.1249,9.3602,189,250.5968
phone-android,stress,2625,choose,rejected,stale_view,0,0.7791,0.3311,0.0451,6.6565,0.1010,7.9128,163,252.8630
phone-android,stress,2626,take,rejected,not_present,0,1.0688,0.3951,0.0519,8.3453,0.1438,10.0048,164,251.5416
phone-android,stress,2627,move,accepted,moved,1,1.3551,0.5699,0.0563,9.3628,0.1142,11.4583,191,275.6501
phone-android,stress,2628,move,accepted,moved,1,0.7945,0.3875,0.0521,8.2319,0.1251,9.5911,187,251.2633
phone-android,stress,2629,wait,rejected,invalid_time,0,6.3138,0.3791,0.0443,7.7368,0.1476,14.6215,165,251.2860
phone-android,stress,2630,take,replayed,taken,0,7.0246,0.3067,0.0018,0.0009,0.0341,7.3680,0,256.8922
phone-android,stress,2631,look,accepted,observed,0,1.3946,0.4432,0.0526,9.0713,0.1398,11.1014,161,249.6146
phone-android,stress,2632,move,accepted,moved,1,1.5971,0.5832,0.0573,9.0037,0.1478,11.3891,191,264.3220
phone-android,stress,2633,take,rejected,not_present,0,1.1095,0.4208,0.0528,8.1409,0.1167,9.8406,164,299.1468
phone-android,stress,2634,wait,rejected,invalid_time,0,2.6099,0.5042,0.0489,12.4063,0.1168,15.6861,165,253.6175
phone-android,stress,2635,talk,rejected,not_eligible,0,4.7557,0.4188,0.0580,7.1581,0.1492,12.5397,165,265.4179
phone-android,stress,2636,take,rejected,not_present,0,4.9090,0.3799,0.0477,7.4745,0.1152,12.9264,164,260.6548
phone-android,stress,2637,wait,rejected,invalid_time,0,4.8363,0.3790,0.0461,8.0876,0.1715,13.5204,165,269.5684
phone-android,stress,2638,talk,rejected,not_eligible,0,5.3334,0.3723,0.0473,8.1074,0.1369,13.9973,165,266.7013
phone-android,stress,2639,choose,rejected,invalid_choice,0,4.8518,0.3787,0.0469,7.9807,0.1168,13.3749,167,265.6461
phone-android,stress,2640,look,accepted,observed,0,4.6175,0.3614,0.0459,7.6090,0.1424,12.7761,161,259.5671
phone-android,stress,2641,look,accepted,observed,0,1.3020,0.3941,0.0512,7.2392,0.1014,9.0879,161,269.5101
phone-android,stress,2642,look,accepted,observed,0,5.2033,0.4169,0.0466,7.6589,0.1212,13.4470,161,266.7737
phone-android,stress,2643,move,accepted,moved,1,1.2527,0.3839,0.1259,7.9559,0.1188,9.8371,187,257.0011
phone-android,stress,2644,wait,rejected,invalid_time,0,1.4206,0.8446,0.0471,7.5080,0.1220,9.9423,165,250.4886
phone-android,stress,2645,look,accepted,observed,0,1.3165,0.5409,0.0521,9.2102,0.1463,11.2659,161,263.2095
phone-android,stress,2646,move,accepted,moved,1,0.9297,0.3924,0.0601,8.6131,0.1219,10.1173,189,254.3382
phone-android,stress,2647,move,accepted,moved,1,1.0677,0.5806,0.0612,10.7160,0.1528,12.5783,187,256.6085
phone-android,stress,2648,look,accepted,observed,0,0.6906,0.3421,0.0502,7.3661,0.0925,8.5415,161,253.8595
phone-android,stress,2649,move,accepted,moved,1,1.0261,0.4856,0.0563,8.8201,0.1206,10.5086,191,265.1910
phone-android,stress,2650,look,accepted,observed,0,0.7553,0.3398,0.0464,6.7785,0.1065,8.0266,161,262.5937
phone-android,stress,2651,wait,rejected,invalid_time,0,1.2480,0.4477,0.0537,8.1688,0.1454,10.0636,165,253.6113
phone-android,stress,2652,drop,rejected,integrity_conflict,0,6.0163,0.3114,0.0021,0.0005,0.0372,6.3674,0,274.6459
phone-android,stress,2653,move,accepted,moved,1,1.0629,0.5547,0.0594,8.3185,0.1313,10.1267,187,254.3011
phone-android,stress,2654,move,rejected,exit_unavailable,0,1.0039,0.4890,0.0539,8.2070,0.1212,9.8749,169,250.4442
phone-android,stress,2655,move,rejected,exit_unavailable,0,0.8026,0.4118,0.0516,7.4370,0.1006,8.8035,169,262.7347
phone-android,stress,2656,activate,rejected,not_eligible,0,1.0329,0.4890,0.0530,8.6153,0.1391,10.3292,165,252.9433
phone-android,stress,2657,choose,rejected,invalid_choice,0,8.3900,0.3935,0.0477,7.1513,0.1277,16.1102,167,251.6151
phone-android,stress,2658,take,accepted,taken,1,6.1403,0.3609,0.0519,8.5521,0.1280,15.2332,189,255.5743
phone-android,stress,2659,drop,accepted,dropped,1,0.8127,0.3516,0.0523,7.9117,0.1459,9.2743,194,255.2278
phone-android,stress,2660,take,accepted,taken,1,1.2694,0.8377,0.0705,8.4967,0.1082,10.7826,189,251.6488
phone-android,stress,2661,look,accepted,observed,0,1.3740,0.4384,0.0543,7.3920,0.1406,9.3993,161,263.8417
phone-android,stress,2662,drop,accepted,dropped,1,0.9568,0.3854,0.0593,8.7065,0.1282,10.2362,194,251.3187
phone-android,stress,2663,wait,rejected,invalid_time,0,1.1166,0.3850,0.0463,8.3298,0.1230,10.0007,165,256.0503
phone-android,stress,2664,activate,rejected,not_eligible,0,1.7797,0.3938,0.0496,8.1897,0.1123,10.5251,165,252.8412
phone-android,stress,2665,look,accepted,observed,0,1.3289,0.4601,0.0517,8.3434,0.1400,10.3240,161,260.2888
phone-android,stress,2666,choose,rejected,invalid_choice,0,0.9155,0.3906,0.0497,7.6257,0.1234,9.1049,167,247.6839
phone-android,stress,2667,talk,rejected,not_eligible,0,0.9347,0.3852,0.0507,7.9581,0.2105,9.5392,165,257.1840
phone-android,stress,2668,wait,rejected,invalid_time,0,1.6495,0.4134,0.0472,7.6881,0.1241,9.9223,165,255.4286
phone-android,stress,2669,wait,rejected,invalid_time,0,1.4771,0.4533,0.0486,8.0455,0.1266,10.1511,165,261.0839
phone-android,stress,2670,look,accepted,observed,0,0.8988,0.3745,0.0524,7.8137,0.1215,9.2609,161,252.6861
phone-android,stress,2671,move,accepted,moved,1,1.1181,0.4090,0.0544,8.4193,0.1395,10.1403,191,259.4723
phone-android,stress,2672,look,accepted,observed,0,1.5171,0.4911,0.0580,7.5414,0.1011,9.7088,161,263.2755
phone-android,stress,2673,close_choice,rejected,invalid_choice,0,1.7116,1.1404,0.0552,7.9959,0.1383,11.0414,167,264.9253
phone-android,stress,2674,move,accepted,moved,1,0.7385,0.3563,0.0526,8.3583,0.1075,9.6132,187,252.9199
phone-android,stress,2675,look,accepted,observed,0,0.9337,0.5128,0.0507,7.6203,0.1174,9.2350,161,249.8637
phone-android,stress,2676,look,accepted,observed,0,0.7502,0.3403,0.0488,6.7351,0.0980,7.9723,161,252.9250
phone-android,stress,2677,look,accepted,observed,0,0.7676,0.3464,0.0457,7.1353,0.1541,8.4491,161,253.0222
phone-android,stress,2678,move,accepted,moved,1,3.6907,0.3822,0.0521,4.4581,0.1049,8.6880,189,257.1927
phone-android,stress,2679,choose,rejected,stale_view,0,1.7282,0.5532,0.0526,8.3352,0.1992,10.8684,163,261.5355
phone-android,stress,2680,move,accepted,moved,1,0.9079,0.4341,0.0569,10.6609,0.1499,12.2097,187,256.5615
phone-android,stress,2681,take,replayed,not_present,0,1.1682,0.2870,0.0015,0.0005,0.0333,1.4905,0,256.8651
phone-android,stress,2682,look,accepted,observed,0,1.6609,0.5904,0.0529,7.8166,0.1455,10.2663,161,261.9962
phone-android,stress,2683,talk,rejected,not_eligible,0,0.7341,0.3306,0.0481,7.6019,0.1221,8.8369,165,257.7317
phone-android,stress,2684,move,accepted,moved,1,0.9734,0.4067,0.0536,8.8301,0.1282,10.3920,191,260.9221
phone-android,stress,2685,take,rejected,not_present,0,0.9885,0.5136,0.0509,7.7708,0.1143,9.4382,164,270.1965
phone-android,stress,2686,close_choice,rejected,invalid_choice,0,1.7085,1.1356,0.0550,8.7403,0.1844,11.8239,167,263.7614
phone-android,stress,2687,look,accepted,observed,0,0.9760,0.3782,0.1604,7.7834,0.1217,9.4197,161,267.5235
phone-android,stress,2688,look,accepted,observed,0,1.4000,0.5356,0.0529,19.3503,0.1897,21.5285,161,255.2147
phone-android,stress,2689,take,rejected,not_present,0,0.7934,1.2747,0.0552,6.9995,0.1023,9.2252,164,274.7807
phone-android,stress,2690,take,rejected,not_present,0,0.8554,0.3588,0.0455,7.6851,0.1032,9.0479,164,255.5874
phone-android,stress,2691,choose,rejected,invalid_choice,0,0.9854,0.4354,0.0528,7.9691,0.1270,9.5696,167,257.8570
phone-android,stress,2692,take,rejected,not_present,0,1.1813,0.3786,0.0464,7.9183,0.1071,9.6317,164,260.9004
phone-android,stress,2693,move,rejected,exit_unavailable,0,4.9324,0.3891,0.0483,7.3359,0.1465,12.8522,169,264.1120
phone-android,stress,2694,look,accepted,observed,0,4.2708,0.3715,0.0497,7.9709,0.1012,12.7641,161,263.9638
phone-android,stress,2695,look,accepted,observed,0,2.5508,0.6834,0.0533,6.6953,0.1436,10.1264,161,261.6942
phone-android,stress,2696,move,accepted,moved,1,4.3954,0.3803,0.0545,7.8911,0.1434,12.8647,189,255.9013
phone-android,stress,2697,look,accepted,observed,0,1.3863,0.5194,0.0532,4.6512,0.0969,6.7070,161,254.0520
phone-android,stress,2698,talk,rejected,not_eligible,0,1.5870,0.5324,0.0527,8.9139,0.1876,11.2735,165,259.4406
phone-android,stress,2699,look,accepted,observed,0,0.8012,0.3362,0.0470,7.6163,0.1131,8.9139,161,252.6263
phone-android,stress,2700,take,rejected,not_present,0,1.6049,0.5857,0.0516,8.1968,0.1446,10.5838,164,255.8986
phone-android,stress,2701,wait,rejected,invalid_time,0,5.5256,0.3629,0.0429,7.7834,0.1439,13.8587,165,253.2040
phone-android,stress,2702,move,accepted,moved,1,1.0497,0.5563,0.0589,9.0804,0.1456,10.8908,191,262.6296
phone-android,stress,2703,look,accepted,observed,0,0.9604,0.4606,0.0520,7.9500,0.1318,9.5548,161,263.4603
phone-android,stress,2704,choose,rejected,invalid_choice,0,2.0144,0.5764,0.0543,8.7968,0.1549,11.5968,167,258.4615
phone-android,stress,2705,activate,rejected,not_eligible,0,5.8056,0.3676,0.0485,8.2355,0.1292,14.5864,165,272.4162
phone-android,stress,2706,look,accepted,observed,0,1.1087,0.3924,0.0522,8.4844,0.1173,10.1552,161,253.8250
phone-android,stress,2707,move,accepted,moved,1,6.7064,0.3880,0.0552,9.2670,0.1863,16.6028,187,253.9401
phone-android,stress,2708,look,accepted,observed,0,0.8192,0.3486,0.0467,6.0232,0.0982,7.3359,161,247.9705
phone-android,stress,2709,activate,rejected,not_eligible,0,1.4193,0.5351,0.0521,7.6251,0.1052,9.7367,165,268.8260
phone-android,stress,2710,talk,rejected,not_eligible,0,1.0260,0.3880,0.0516,7.9905,0.1132,9.5694,165,247.1838
phone-android,stress,2711,move,accepted,moved,1,0.7918,0.4010,0.0560,8.7311,0.1227,10.1025,191,260.8974
phone-android,stress,2712,look,accepted,observed,0,0.8656,0.3495,0.0473,6.3253,0.1053,7.6929,161,258.3755
phone-android,stress,2713,activate,rejected,not_eligible,0,1.7319,0.4815,0.0499,7.3398,0.1010,9.7043,165,265.3558
phone-android,stress,2714,move,rejected,exit_unavailable,0,1.6773,0.9006,0.0574,8.2133,0.1383,10.9870,169,267.5286
phone-android,stress,2715,move,accepted,moved,1,1.0625,0.4086,0.0555,8.3697,0.1330,10.0293,187,254.1854
phone-android,stress,2716,look,accepted,observed,0,1.5372,0.5711,0.0522,8.2951,0.1471,10.6027,161,250.1070
phone-android,stress,2717,take,accepted,taken,1,0.7952,0.4361,0.0578,9.0096,0.1089,10.4076,189,257.2047
phone-android,stress,2718,look,accepted,observed,0,0.8688,0.3360,0.0448,7.2342,0.1038,8.5876,161,253.0297
phone-android,stress,2719,move,rejected,exit_unavailable,0,4.5484,0.3806,0.0468,6.6908,0.1141,11.7807,169,255.9534
phone-android,stress,2720,look,accepted,observed,0,1.5073,0.5753,0.0527,8.9627,0.1442,11.2422,161,259.8568
phone-android,stress,2721,activate,rejected,not_eligible,0,0.9262,0.3781,0.0521,8.0664,0.1403,9.5631,165,254.8572
phone-android,stress,2722,look,accepted,observed,0,5.2280,0.3689,0.0466,7.1880,0.1270,12.9585,161,248.3216
phone-android,stress,2723,look,accepted,observed,0,1.4544,0.5403,0.0512,7.6179,0.1105,9.7743,161,260.4772
phone-android,stress,2724,wait,accepted,waited,1,0.9327,0.3946,0.0509,8.7002,0.1523,10.2307,185,255.7539
phone-android,stress,2725,look,accepted,observed,0,1.1015,0.3761,0.0495,7.9592,0.1271,9.6134,161,256.2456
phone-android,stress,2726,move,accepted,moved,1,1.1385,0.5282,0.0578,8.8064,0.1138,10.6447,191,251.6923
phone-android,stress,2727,move,accepted,moved,1,1.3456,0.6359,0.0567,9.2036,0.1206,11.3623,187,258.4220
phone-android,stress,2728,look,accepted,observed,0,0.9598,0.3771,0.0521,7.9454,0.1240,9.4584,161,249.5036
phone-android,stress,2729,move,accepted,moved,1,1.0283,0.3966,0.0566,8.8812,0.1460,10.5088,189,258.2755
phone-android,stress,2730,take,replayed,not_present,0,2.9376,0.4070,0.0019,0.0008,0.0384,3.3857,0,255.2559
phone-android,stress,2731,move,accepted,moved,1,1.7790,0.5422,0.0576,9.9397,0.1531,12.4716,187,265.8344
phone-android,stress,2732,look,accepted,observed,0,0.8591,0.3755,0.0545,7.7963,0.1164,9.2018,161,245.4935
phone-android,stress,2733,choose,rejected,invalid_choice,0,0.8106,0.3607,0.0461,7.1946,0.1454,8.5573,167,254.8866
phone-android,stress,2734,look,accepted,observed,0,1.0052,0.3906,0.0484,7.6642,0.1125,9.2209,161,246.8216
phone-android,stress,2735,look,accepted,observed,0,0.9042,0.3372,0.0476,7.8458,0.1216,9.2564,161,257.8831
phone-android,stress,2736,move,accepted,moved,1,0.7249,0.3590,0.0518,8.1966,0.1321,9.4644,191,250.6593
phone-android,stress,2737,drop,accepted,dropped,1,1.0738,0.4578,0.0546,8.3302,0.1372,10.0535,198,256.9460
phone-android,stress,2738,move,accepted,moved,1,1.0427,0.5339,0.0570,8.1896,0.1104,9.9335,189,254.2078
phone-android,stress,2739,take,rejected,not_present,0,1.3768,0.5219,0.0490,7.6068,0.2082,9.7627,164,265.8403
phone-android,stress,2740,talk,rejected,not_eligible,0,0.8202,0.3301,0.0456,7.3403,0.1107,8.6468,165,250.3524
phone-android,stress,2741,take,rejected,not_present,0,0.7951,0.3518,0.0472,7.1176,0.1001,8.4117,164,256.7327
phone-android,stress,2742,look,accepted,observed,0,1.3040,0.7031,0.0545,7.9960,0.1122,10.1697,161,251.1868
phone-android,stress,2743,drop,rejected,integrity_conflict,0,1.8463,0.3776,0.0017,0.0007,0.0377,2.2640,0,259.1887
phone-android,stress,2744,look,accepted,observed,0,0.7455,0.3291,0.0460,7.6892,0.1299,8.9397,161,249.2698
phone-android,stress,2745,look,accepted,observed,0,0.8578,0.3475,0.0485,7.4148,0.1005,8.7691,161,256.4147
phone-android,stress,2746,move,accepted,moved,1,1.3206,0.7575,0.0608,9.4291,0.1140,11.6820,191,256.5273
phone-android,stress,2747,wait,rejected,invalid_time,0,1.6155,0.5661,0.0518,8.6036,0.1390,10.9759,165,263.3898
phone-android,stress,2748,move,accepted,moved,1,0.9523,0.4185,0.0552,8.9940,0.1414,10.5615,187,255.8537
phone-android,stress,2749,move,accepted,moved,1,1.5853,0.6121,0.0584,9.8303,0.1543,12.2405,191,262.4146
phone-android,stress,2750,move,accepted,moved,1,0.9002,0.3936,0.0544,9.0799,0.1341,10.5622,187,256.3611
phone-android,stress,2751,look,accepted,observed,0,0.8054,0.4136,0.0482,7.8361,0.1371,9.2405,161,256.0247
phone-android,stress,2752,look,accepted,observed,0,1.0182,0.3839,0.0498,7.8530,0.1311,9.4360,161,264.2848
phone-android,stress,2753,look,accepted,observed,0,4.7418,0.3968,0.0474,7.5686,0.1361,12.8908,161,261.9839
phone-android,stress,2754,look,accepted,observed,0,5.2615,0.3658,0.0468,7.6251,0.1949,13.4941,161,284.2184
phone-android,stress,2755,move,rejected,exit_unavailable,0,0.9838,0.4423,0.0497,7.9091,0.0976,9.4825,169,268.3592
phone-android,stress,2756,take,rejected,not_present,0,1.4358,0.4187,0.0519,8.1095,0.1474,10.1633,164,264.2391
phone-android,stress,2757,look,accepted,observed,0,0.9313,0.5030,0.0506,6.8619,0.1049,8.4517,161,268.2476
phone-android,stress,2758,move,accepted,moved,1,4.9538,0.3863,0.0519,8.5809,0.1565,14.1294,189,261.9395
phone-android,stress,2759,wait,rejected,invalid_time,0,1.2717,0.5338,0.0480,7.8376,0.1053,9.7964,165,251.4638
phone-android,stress,2760,move,accepted,moved,1,1.5599,0.6350,0.0712,10.0899,0.2171,12.5732,187,264.3406
phone-android,stress,2761,talk,rejected,not_eligible,0,0.9711,0.3794,0.0495,7.4516,0.1187,8.9704,165,263.8555
phone-android,stress,2762,look,accepted,observed,0,2.6315,0.4250,0.0519,4.6870,0.2230,8.0183,161,256.7164
phone-android,stress,2763,move,accepted,moved,1,4.8660,0.3926,0.0533,8.5682,0.1523,14.0325,189,262.7324
phone-android,stress,2764,move,rejected,exit_unavailable,0,0.8980,0.3728,0.0482,7.1729,0.1056,8.5974,169,251.3671
phone-android,stress,2765,look,accepted,observed,0,0.9813,0.4210,0.0556,7.6847,0.1367,9.2794,161,253.7630
phone-android,stress,2766,move,rejected,exit_unavailable,0,0.7849,0.3584,0.0458,7.1067,0.1060,8.4018,169,253.0047
phone-android,stress,2767,wait,rejected,invalid_time,0,1.3672,0.5108,0.0483,7.5403,0.1410,9.6076,165,255.2507
phone-android,stress,2768,move,accepted,moved,1,1.6364,0.8396,0.0595,9.8354,0.1718,12.5428,187,258.0673
phone-android,stress,2769,activate,rejected,not_eligible,0,1.4533,0.4452,0.0524,8.4058,0.1414,10.4981,165,263.5903
phone-android,stress,2770,look,accepted,observed,0,0.7946,0.3231,0.0478,7.1799,0.0990,8.4444,161,257.2868
phone-android,stress,2771,wait,rejected,invalid_time,0,1.3335,0.5644,0.0511,8.3773,0.1410,10.4673,165,268.6514
phone-android,stress,2772,look,accepted,observed,0,0.8228,0.3510,0.0474,7.3577,0.1003,8.6792,161,253.2989
phone-android,stress,2773,talk,rejected,not_eligible,0,0.7627,0.3471,0.0466,6.6027,0.1406,7.8996,165,255.3041
phone-android,stress,2774,look,accepted,observed,0,1.2744,0.7694,0.0545,8.1049,0.1435,10.3468,161,259.7843
phone-android,stress,2775,look,accepted,observed,0,5.6669,0.3700,0.0483,8.0658,0.1697,14.3207,161,252.2354
phone-android,stress,2776,look,accepted,observed,0,4.0324,0.3890,0.0467,7.8358,0.1569,12.4608,161,264.0661
phone-android,stress,2777,take,rejected,not_present,0,0.8266,0.4096,0.0500,7.5345,0.1230,8.9437,164,258.5249
phone-android,stress,2778,move,rejected,exit_unavailable,0,1.0034,0.5282,0.0508,6.7848,0.1226,8.4897,169,265.3740
phone-android,stress,2779,talk,rejected,not_eligible,0,0.7939,0.3507,0.0485,7.9591,0.2292,9.3815,165,252.9794
phone-android,stress,2780,activate,rejected,not_eligible,0,0.8590,0.4196,0.0498,8.2644,0.1102,9.7030,165,258.0287
phone-android,stress,2781,move,accepted,moved,1,1.3389,0.4093,0.0543,9.2510,0.1378,11.1911,191,253.0256
phone-android,stress,2782,choose,rejected,invalid_choice,0,0.7908,0.4976,0.0520,8.1525,0.1055,9.5983,167,261.2954
phone-android,stress,2783,talk,rejected,not_eligible,0,1.1159,0.3893,0.0512,7.8948,0.1251,9.5763,165,252.3574
phone-android,stress,2784,activate,rejected,not_eligible,0,0.9843,0.3855,0.1033,7.4483,0.1136,9.0350,165,250.8610
phone-android,stress,2785,wait,rejected,invalid_time,0,0.8134,0.3586,0.0446,7.5848,0.1088,8.9102,165,250.4663
phone-android,stress,2786,look,accepted,observed,0,0.9289,0.3802,0.0468,7.3406,0.0968,8.7933,161,266.3091
phone-android,stress,2787,move,accepted,moved,1,1.0192,0.4140,0.0568,8.8604,0.1477,10.4980,189,252.1158
phone-android,stress,2788,move,accepted,moved,1,0.8240,0.4727,0.0564,8.5302,0.1058,9.9891,191,252.7451
phone-android,stress,2789,move,rejected,exit_unavailable,0,0.7154,0.3894,0.0466,7.0991,0.0987,8.3492,169,254.6928
phone-android,stress,2790,activate,rejected,not_eligible,0,1.3267,0.5753,0.0534,8.4793,0.1457,10.5804,165,258.4149
phone-android,stress,2791,take,replayed,not_present,0,1.6536,0.4284,0.0019,0.0006,0.0366,2.1212,0,252.6529
phone-android,stress,2792,drop,replayed,dropped,0,6.3566,0.3042,0.0018,0.0007,0.0339,6.6972,0,260.7736
phone-android,stress,2793,wait,rejected,invalid_time,0,1.9130,0.6406,0.0500,8.1845,0.1299,10.9180,165,257.1970
phone-android,stress,2794,take,accepted,taken,1,1.7813,0.6156,0.0589,9.4973,0.1501,12.1032,189,262.1953
phone-android,stress,2795,look,accepted,observed,0,0.8315,0.3407,0.0517,7.8045,0.1165,9.1449,161,250.7812
phone-android,stress,2796,wait,rejected,invalid_time,0,0.8432,0.3416,0.0429,7.3793,0.1045,8.7115,165,256.3768
phone-android,stress,2797,look,accepted,observed,0,0.9934,0.4453,0.0994,7.3858,0.1126,9.0364,161,251.1405
phone-android,stress,2798,look,accepted,observed,0,1.6605,0.5766,0.0531,8.6085,0.1399,11.0386,161,267.6876
phone-android,stress,2799,look,accepted,observed,0,0.9278,0.3825,0.0512,7.6662,0.1190,9.1467,161,251.9967
phone-android,stress,2800,look,accepted,observed,0,1.1376,0.3548,0.0471,7.7303,0.1248,9.3946,161,254.7739
phone-android,stress,2801,move,accepted,moved,1,1.3509,0.5879,0.0589,9.3741,0.1404,11.5120,187,249.2805
phone-android,stress,2802,drop,accepted,dropped,1,1.3411,0.8069,0.0622,9.7924,0.1503,12.1530,194,264.2409
phone-android,stress,2803,move,accepted,moved,1,0.7760,0.3703,0.0534,8.6277,0.1477,9.9751,191,258.0679
phone-android,stress,2804,look,accepted,observed,0,1.7555,0.5463,0.0521,8.3435,0.2440,10.9414,161,262.6337
phone-android,stress,2805,talk,rejected,not_eligible,0,0.9933,0.3720,0.0531,8.2308,0.1216,9.7708,165,252.8629
phone-android,stress,2806,wait,rejected,invalid_time,0,0.8465,0.4534,0.0459,8.0070,0.1291,9.4819,165,252.3283
phone-android,stress,2807,look,accepted,observed,0,0.9483,0.4419,0.0496,7.1144,0.1126,8.6669,161,258.1417
phone-android,stress,2808,wait,rejected,invalid_time,0,3.5166,0.3637,0.0449,6.6626,0.0955,10.6832,165,260.2717
phone-android,stress,2809,close_choice,rejected,invalid_choice,0,1.1017,0.4028,0.0515,7.8556,0.1305,9.5420,167,258.5145
phone-android,stress,2810,activate,rejected,not_eligible,0,1.3566,0.5497,0.0558,7.2777,0.1137,9.3535,165,257.9290
phone-android,stress,2811,wait,rejected,invalid_time,0,0.9786,0.4046,0.0484,7.8141,0.1181,9.3638,165,254.9677
phone-android,stress,2812,wait,rejected,invalid_time,0,1.3510,0.4709,0.0477,7.3940,0.1155,9.3791,165,260.2314
phone-android,stress,2813,talk,rejected,not_eligible,0,0.7945,0.3986,0.0854,8.3792,0.1048,9.7626,165,261.1010
phone-android,stress,2814,look,accepted,observed,0,2.3026,0.3906,0.0484,7.7920,0.1143,10.6479,161,260.3440
phone-android,stress,2815,talk,rejected,not_eligible,0,1.3565,0.4022,0.0512,8.5867,0.1413,10.5380,165,259.4166
phone-android,stress,2816,take,rejected,not_present,0,1.7597,0.6544,0.0564,8.4202,0.1482,11.0390,164,266.6808
phone-android,stress,2817,take,rejected,not_present,0,0.9473,0.4655,0.0540,8.3835,0.1466,9.9969,164,255.8339
phone-android,stress,2818,move,accepted,moved,1,0.7629,0.3763,0.0537,8.2539,0.1214,9.5682,187,252.6341
phone-android,stress,2819,move,accepted,moved,1,1.3149,0.5445,0.0543,9.3526,0.1515,11.4179,191,253.5079
phone-android,stress,2820,activate,rejected,not_eligible,0,0.7767,0.4209,0.0465,6.9787,0.1303,8.3531,165,257.6810
phone-android,stress,2821,move,accepted,moved,1,1.5990,0.5902,0.0590,9.8244,0.2153,12.2878,189,263.5452
phone-android,stress,2822,look,accepted,observed,0,0.9661,0.4086,0.0520,8.9150,0.1348,10.4767,161,251.2597
phone-android,stress,2823,move,accepted,moved,1,0.8040,0.4110,0.0572,8.9908,0.1529,10.4158,191,258.2462
phone-android,stress,2824,look,accepted,observed,0,0.7990,0.3474,0.0470,7.7837,0.1241,9.1012,161,260.6808
phone-android,stress,2825,look,accepted,observed,0,1.6638,0.8326,0.0486,7.4639,0.1151,10.1239,161,264.1517
phone-android,stress,2826,move,accepted,moved,1,5.1178,0.3702,0.0514,8.2747,0.2039,14.0179,187,257.1641
phone-android,stress,2827,move,accepted,moved,1,1.3760,0.5819,0.0578,8.6529,0.1116,10.7802,189,254.9275
phone-android,stress,2828,move,accepted,moved,1,1.6262,0.5897,0.0588,10.0262,0.1465,12.4473,187,264.2354
phone-android,stress,2829,look,accepted,observed,0,0.9367,0.3709,0.0499,7.6908,0.1137,9.1621,161,253.7024
phone-android,stress,2830,activate,rejected,not_eligible,0,1.3210,0.5203,0.0495,7.4842,0.1131,9.4881,165,252.0243
phone-android,stress,2831,move,rejected,exit_unavailable,0,0.7318,0.3443,0.0473,7.0391,0.1023,8.2648,169,251.4528
phone-android,stress,2832,look,accepted,observed,0,1.2010,0.5043,0.0495,7.5108,0.1146,9.3802,161,260.5759
phone-android,stress,2833,look,accepted,observed,0,0.7258,0.3172,0.0449,7.1173,0.0897,8.2949,161,249.9640
phone-android,stress,2834,move,accepted,moved,1,1.0999,0.4122,0.0589,8.4908,0.1321,10.1939,189,256.2762
phone-android,stress,2835,move,accepted,moved,1,1.2043,0.6106,0.0562,8.4424,0.1129,10.4265,187,254.6421
phone-android,stress,2836,move,accepted,moved,1,1.3805,0.5654,0.0579,8.9255,0.1485,11.0778,191,264.0562
phone-android,stress,2837,move,accepted,moved,1,0.7372,0.3505,0.0520,8.5567,0.1338,9.8302,187,257.3632
phone-android,stress,2838,move,accepted,moved,1,1.2227,0.4586,0.0589,10.2076,0.1465,12.0942,191,262.2318
phone-android,stress,2839,move,accepted,moved,1,1.1597,0.3997,0.0562,9.0759,0.1494,10.8409,187,254.0576
phone-android,stress,2840,look,accepted,observed,0,1.0774,0.5174,0.0533,8.1600,0.1145,9.9226,161,269.5713
phone-android,stress,2841,take,accepted,taken,1,0.7477,0.3588,0.0523,8.3616,0.1319,9.6522,189,250.2130
phone-android,stress,2842,move,accepted,moved,1,0.7085,0.3428,0.0518,9.2222,0.1265,10.4519,189,254.8491
phone-android,stress,2843,look,accepted,observed,0,0.7667,0.4432,0.0469,7.4785,0.0965,8.8318,161,250.0616
phone-android,stress,2844,take,replayed,taken,0,1.2965,0.7067,0.0020,0.0005,0.0373,2.0430,0,254.3425
phone-android,stress,2845,move,rejected,exit_unavailable,0,1.3067,0.4109,0.0501,7.9589,0.1480,9.8746,169,251.9316
phone-android,stress,2846,move,rejected,exit_unavailable,0,5.2430,0.3827,0.0456,7.7259,0.1827,13.5798,169,255.9258
phone-android,stress,2847,drop,accepted,dropped,1,1.3809,0.7165,0.0608,8.9872,0.1070,11.2525,196,259.1030
phone-android,stress,2848,move,accepted,moved,1,1.0807,0.4050,0.0536,9.2399,0.1494,10.9286,187,261.3199
phone-android,stress,2849,wait,rejected,invalid_time,0,0.7751,0.4378,0.0481,7.7996,0.1369,9.1974,165,256.4770
phone-android,stress,2850,close_choice,rejected,invalid_choice,0,0.7974,0.4126,0.0522,7.7357,0.1179,9.1158,167,250.3306
phone-android,stress,2851,move,accepted,moved,1,0.7671,0.3549,0.0515,6.9464,0.1141,8.2341,189,261.1084
phone-android,stress,2852,take,accepted,taken,1,1.9557,0.4955,0.0587,10.1817,0.1905,12.8821,189,257.2237
phone-android,stress,2853,drop,accepted,dropped,1,1.1886,0.5318,0.0606,10.0427,0.1525,11.9761,196,270.5184
phone-android,stress,2854,look,accepted,observed,0,0.8605,0.3988,0.0530,7.9857,0.1404,9.4383,161,254.9996
phone-android,stress,2855,move,rejected,exit_unavailable,0,0.8321,0.4239,0.0503,6.8015,0.1065,8.2142,169,259.4439
phone-android,stress,2856,activate,rejected,not_eligible,0,1.2394,0.5423,0.0536,8.7154,0.1417,10.6924,165,256.7898
phone-android,stress,2857,talk,rejected,not_eligible,0,5.7018,0.3681,0.0476,7.2089,0.1151,13.4415,165,256.8186
phone-android,stress,2858,choose,rejected,invalid_choice,0,4.1796,0.3958,0.0467,7.6707,0.1143,12.4071,167,264.4240
phone-android,stress,2859,take,accepted,taken,1,1.0371,0.4299,0.0571,9.3716,0.1461,11.0419,189,256.0795
phone-android,stress,2860,look,accepted,observed,0,1.9928,0.4934,0.0511,8.1960,0.1517,10.8849,161,257.2414
phone-android,stress,2861,move,accepted,moved,1,5.0017,0.4010,0.0523,9.1528,0.1497,14.7575,187,252.1081
phone-android,stress,2862,talk,rejected,not_eligible,0,3.9865,0.3661,0.0461,7.3568,0.1298,11.8853,165,255.9159
phone-android,stress,2863,activate,rejected,not_eligible,0,1.2032,0.4800,0.0501,7.7783,0.1164,9.6280,165,259.0372
phone-android,stress,2864,move,accepted,moved,1,0.7258,0.4297,0.0540,8.6054,0.1247,9.9396,191,259.5160
phone-android,stress,2865,talk,rejected,not_eligible,0,4.5563,0.3435,0.0444,7.7187,0.1024,12.7652,165,255.2210
phone-android,stress,2866,look,accepted,observed,0,1.6737,0.7173,0.0540,7.2963,0.1429,9.8841,161,263.8591
phone-android,stress,2867,look,accepted,observed,0,0.7336,0.3364,0.0442,7.4894,0.1041,8.7077,161,250.9358
phone-android,stress,2868,look,accepted,observed,0,0.8198,0.3504,0.0481,7.3248,0.1123,8.6555,161,256.7800
phone-android,stress,2869,talk,rejected,not_eligible,0,1.4144,0.4153,0.0492,7.3917,0.1127,9.3833,165,251.5629
phone-android,stress,2870,move,accepted,moved,1,1.3648,0.4998,0.0583,10.6864,0.1565,12.7659,187,260.9500
phone-android,stress,2871,talk,rejected,not_eligible,0,0.9524,0.4991,0.0518,8.4972,0.1192,10.1197,165,247.2659
phone-android,stress,2872,look,accepted,observed,0,1.0713,0.3602,0.0484,7.2449,0.1184,8.8432,161,254.9833
phone-android,stress,2873,look,accepted,observed,0,1.0121,0.4218,0.0490,7.2347,0.1107,8.8284,161,249.9789
phone-android,stress,2874,drop,accepted,dropped,1,1.6385,0.5829,0.0579,9.7146,0.1492,12.1431,194,260.0547
phone-android,stress,2875,wait,rejected,invalid_time,0,0.9571,0.4056,0.0449,8.1645,0.1195,9.6916,165,248.4437
phone-android,stress,2876,take,accepted,taken,1,0.8562,0.3372,0.0506,9.5172,0.1503,10.9116,189,254.2561
phone-android,stress,2877,wait,rejected,invalid_time,0,1.2318,0.6706,0.0511,7.5980,0.1138,9.6654,165,249.5338
phone-android,stress,2878,look,accepted,observed,0,1.4042,0.5398,0.0509,7.5481,0.1119,9.6548,161,258.0723
phone-android,stress,2879,look,accepted,observed,0,1.1012,0.3753,0.0530,8.0481,0.1158,9.6934,161,257.7464
phone-android,stress,2880,wait,rejected,invalid_time,0,0.8191,0.3629,0.0442,7.3497,0.1226,8.6983,165,255.4335
phone-android,stress,2881,look,accepted,observed,0,1.2857,0.5210,0.0520,7.4840,0.0981,9.4407,161,253.6660
phone-android,stress,2882,wait,rejected,invalid_time,0,1.6055,0.5967,0.0504,7.6792,0.1488,10.0806,165,261.5846
phone-android,stress,2883,move,accepted,moved,1,0.8590,0.3638,0.0529,7.9804,0.1395,9.3957,189,249.8073
phone-android,stress,2884,look,accepted,observed,0,0.8106,0.3496,0.1223,7.0510,0.1017,8.4352,161,257.5183
phone-android,stress,2885,look,accepted,observed,0,1.0590,0.4552,0.0493,7.6194,0.1115,9.2944,161,251.7293
phone-android,stress,2886,move,accepted,moved,1,1.1349,0.9225,0.0564,9.2512,0.1941,11.5592,187,261.8851
phone-android,stress,2887,wait,rejected,invalid_time,0,0.7972,0.3487,0.0446,7.7140,0.1246,9.0292,165,245.1081
phone-android,stress,2888,move,accepted,moved,1,0.8054,0.3665,0.0517,8.4893,0.1050,9.8179,189,257.4027
phone-android,stress,2889,drop,accepted,dropped,1,1.6276,0.3646,0.0526,7.2693,0.1233,9.4373,196,255.0836
phone-android,stress,2890,look,accepted,observed,0,1.1297,0.3871,0.0502,6.3635,0.1097,8.0403,161,261.1585
phone-android,stress,2891,look,accepted,observed,0,0.7734,0.4043,0.0512,7.8344,0.1083,9.1716,161,251.9682
phone-android,stress,2892,look,accepted,observed,0,1.6036,0.5596,0.0524,6.1016,0.1030,8.4203,161,239.7806
phone-android,stress,2893,move,accepted,moved,1,1.2520,0.6089,0.0916,7.6348,0.2066,9.7939,187,238.7836
phone-android,stress,2894,choose,rejected,invalid_choice,0,0.7491,0.4193,0.0494,4.4636,0.0956,5.7771,167,253.4482
phone-android,stress,2895,move,accepted,moved,1,1.4357,0.7666,0.0620,9.2773,0.1101,11.6517,189,248.7043
phone-android,stress,2896,move,accepted,moved,1,1.5368,0.6243,0.0570,8.3293,0.1449,10.6923,187,249.2015
phone-android,stress,2897,wait,rejected,invalid_time,0,0.9657,0.4330,0.0498,8.2483,0.1837,9.8806,165,247.0223
phone-android,stress,2898,move,accepted,moved,1,0.7586,0.4443,0.0573,8.7469,0.1669,10.1740,191,248.5295
phone-android,stress,2899,activate,rejected,not_eligible,0,0.9368,0.3463,0.0467,6.2288,0.0994,7.6580,165,252.5620
phone-android,stress,2900,move,accepted,moved,1,3.7397,0.3926,0.0517,8.1172,0.1464,12.4476,189,259.6345
phone-android,stress,2901,look,accepted,observed,0,1.4683,0.5874,0.0535,8.9232,0.1440,11.1765,161,249.0896
phone-android,stress,2902,look,accepted,observed,0,0.9512,0.4784,0.0540,7.4489,0.1168,9.0493,161,252.0281
phone-android,stress,2903,move,accepted,moved,1,1.4935,0.5206,0.0593,10.5427,0.1476,12.7638,191,246.5696
phone-android,stress,2904,look,accepted,observed,0,1.8994,0.4547,0.0512,8.2648,0.1419,10.8121,161,256.4710
phone-android,stress,2905,choose,rejected,invalid_choice,0,0.7196,0.3489,0.0446,6.8715,0.0958,8.0804,167,246.0678
phone-android,stress,2906,look,accepted,observed,0,1.0161,0.3722,0.0481,7.7544,0.1112,9.3020,161,247.8370
phone-android,stress,2907,look,accepted,observed,0,0.9712,0.4454,0.0502,7.7073,0.1129,9.2870,161,248.2389
phone-android,stress,2908,look,accepted,observed,0,2.3054,0.6142,0.0567,8.9777,0.1424,12.0964,161,254.6972
phone-android,stress,2909,take,rejected,not_present,0,0.7474,0.3365,0.0466,7.4209,0.1041,8.6554,164,244.0228
phone-android,stress,2910,move,accepted,moved,1,1.2255,0.3924,0.0547,8.9503,0.1349,10.7579,187,257.5723
phone-android,stress,2911,move,accepted,moved,1,0.9796,0.4735,0.0554,8.6218,0.1278,10.2582,191,254.0550
phone-android,stress,2912,choose,rejected,stale_view,0,1.7809,0.4808,0.0511,7.9682,0.1408,10.4219,163,261.8492
phone-android,stress,2913,move,accepted,moved,1,0.9153,0.3957,0.0532,8.7450,0.1315,10.2407,189,255.2962
phone-android,stress,2914,move,rejected,exit_unavailable,0,0.9837,0.3946,0.0495,8.5107,0.1494,10.0879,169,263.3268
phone-android,stress,2915,look,accepted,observed,0,0.9011,0.3677,0.0479,7.7605,0.1179,9.1951,161,256.8663
phone-android,stress,2916,choose,rejected,invalid_choice,0,0.9976,0.4328,0.0512,5.3099,0.1187,6.9102,167,254.0170
phone-android,stress,2917,drop,replayed,dropped,0,1.1192,0.2850,0.0012,0.0006,0.0326,1.4386,0,256.5363
phone-android,stress,2918,take,rejected,not_present,0,4.5954,0.3726,0.0493,7.8719,0.1201,13.0093,164,266.5728
phone-android,stress,2919,look,accepted,observed,0,1.1917,0.3722,0.0503,8.0756,0.1225,9.8122,161,256.2088
phone-android,stress,2920,move,accepted,moved,1,1.3008,0.6014,0.0580,9.0312,0.1674,11.1589,191,253.5816
phone-android,stress,2921,talk,rejected,not_eligible,0,1.5979,0.5902,0.0524,8.3131,0.1365,10.6901,165,259.8520
phone-android,stress,2922,choose,rejected,invalid_choice,0,1.6246,0.5446,0.0801,7.0001,0.1113,9.3606,167,250.1395
phone-android,stress,2923,choose,rejected,invalid_choice,0,5.9361,0.4018,0.0484,7.8126,0.1355,14.3344,167,259.3497
phone-android,stress,2924,look,accepted,observed,0,1.3011,0.8404,0.0594,6.8098,0.1165,9.1271,161,252.0872
phone-android,stress,2925,look,accepted,observed,0,1.3394,0.5081,0.0553,8.0343,0.1457,10.0828,161,261.1859
phone-android,stress,2926,look,accepted,observed,0,1.1219,0.3779,0.0521,7.7715,0.1084,9.4318,161,252.7800
phone-android,stress,2927,look,accepted,observed,0,0.9453,0.3529,0.0466,7.8321,0.1281,9.3050,161,255.5887
phone-android,stress,2928,move,accepted,moved,1,1.8709,0.4495,0.0541,9.0233,0.1439,11.5416,187,251.4768
phone-android,stress,2929,move,accepted,moved,1,1.5854,0.6023,0.0693,9.2580,0.1376,11.6525,191,256.7952
phone-android,stress,2930,take,rejected,not_present,0,1.1359,0.4041,0.0523,8.4682,0.1527,10.2132,164,248.6298
phone-android,stress,2931,look,accepted,observed,0,0.8093,0.3817,0.0477,7.7148,0.1335,9.0870,161,256.2961
phone-android,stress,2932,look,accepted,observed,0,1.3124,0.5061,0.0492,7.4820,0.1036,9.4533,161,250.5309
phone-android,stress,2933,look,accepted,observed,0,1.2156,0.5114,0.0509,8.7207,0.1402,10.6388,161,262.3430
phone-android,stress,2934,move,accepted,moved,1,0.8338,0.3455,0.0543,7.8613,0.1037,9.1986,189,254.7550
phone-android,stress,2935,look,accepted,observed,0,1.6785,0.6010,0.0570,9.0724,0.1866,11.5956,161,263.5648
phone-android,stress,2936,activate,rejected,not_eligible,0,0.9652,0.3667,0.0528,7.5283,0.1257,9.0387,165,253.1516
phone-android,stress,2937,close_choice,rejected,invalid_choice,0,0.8695,0.3548,0.0486,7.2683,0.1027,8.6440,167,255.7246
phone-android,stress,2938,wait,accepted,waited,1,1.2820,0.4670,0.0558,33.0827,0.1716,35.0591,185,260.7727
phone-android,stress,2939,look,accepted,observed,0,5.1276,0.3922,0.0484,8.3197,0.1249,14.0129,161,266.5543
phone-android,stress,2940,move,accepted,moved,1,1.0395,0.4105,0.0567,9.8304,0.1767,11.5138,191,252.7779
phone-android,stress,2941,activate,rejected,not_eligible,0,1.3059,0.5040,0.0551,8.8281,0.1457,10.8389,165,251.9864
phone-android,stress,2942,take,rejected,not_present,0,0.7898,0.3294,0.0452,7.0859,0.0952,8.3455,164,251.7804
phone-android,stress,2943,activate,rejected,not_eligible,0,4.6583,0.4160,0.0470,7.4904,0.1427,12.7544,165,257.5009
phone-android,stress,2944,move,accepted,moved,1,1.3815,0.4092,0.0539,9.6228,0.1501,11.6174,187,259.3333
phone-android,stress,2945,look,accepted,observed,0,0.8074,0.3958,0.0510,7.8440,0.1377,9.2359,161,253.3368
phone-android,stress,2946,move,accepted,moved,1,1.0375,0.4505,0.0602,9.6645,0.1437,11.3564,191,251.5897
phone-android,stress,2947,move,accepted,moved,1,1.4467,0.5574,0.0598,9.7654,0.1499,11.9793,189,264.7907
phone-android,stress,2948,wait,rejected,invalid_time,0,0.8413,0.3619,0.0459,7.7773,0.1155,9.1419,165,261.8611
phone-android,stress,2949,look,accepted,observed,0,1.2957,0.9881,0.0623,7.4119,0.1104,9.8684,161,251.3025
phone-android,stress,2950,wait,rejected,invalid_time,0,0.7623,0.4042,0.0476,7.4384,0.1116,8.7641,165,273.9464
phone-android,stress,2951,take,rejected,not_present,0,0.8188,0.3524,0.0465,7.1883,0.0976,8.5035,164,252.0400
phone-android,stress,2952,take,rejected,not_present,0,7.7674,0.4066,0.0499,7.9660,0.1285,16.3184,164,257.3389
phone-android,stress,2953,look,accepted,observed,0,0.7946,0.4566,0.0558,7.4552,0.1030,8.8652,161,261.5530
phone-android,stress,2954,move,rejected,exit_unavailable,0,1.9939,0.4313,0.0487,6.7290,0.0961,9.2990,169,266.0352
phone-android,stress,2955,talk,rejected,not_eligible,0,4.6088,0.4180,0.0496,6.8959,0.1272,12.0995,165,260.9608
phone-android,stress,2956,look,accepted,observed,0,5.2867,0.3697,0.0482,7.9486,0.1075,13.7608,161,270.4155
phone-android,stress,2957,move,accepted,moved,1,3.8855,0.4286,0.0553,8.9792,0.1678,13.5163,191,258.3988
phone-android,stress,2958,wait,rejected,invalid_time,0,1.0112,0.4434,0.0492,7.7622,0.1180,9.3841,165,250.9761
phone-android,stress,2959,move,accepted,moved,1,1.2920,0.5097,0.0578,9.7408,0.1502,11.7505,187,263.6071
phone-android,stress,2960,talk,rejected,not_eligible,0,0.8614,0.3332,0.0456,6.6077,0.0924,7.9403,165,262.8514
phone-android,stress,2961,wait,rejected,invalid_time,0,0.7955,0.3423,0.0441,7.1598,0.1304,8.4721,165,255.1122
phone-android,stress,2962,look,accepted,observed,0,0.9398,0.4160,0.0516,6.9770,0.1138,8.4982,161,254.0015
phone-android,stress,2963,move,accepted,moved,1,1.2718,0.5416,0.0580,9.6635,0.1547,11.6896,191,261.3065
phone-android,stress,2964,move,accepted,moved,1,0.7343,0.3556,0.0515,8.8165,0.1391,10.0970,189,255.1955
phone-android,stress,2965,choose,rejected,invalid_choice,0,1.6862,0.5189,0.0517,8.1123,0.1624,10.5315,167,264.4405
phone-android,stress,2966,look,accepted,observed,0,0.9357,0.3745,0.0487,8.3249,0.1090,9.7928,161,253.8348
phone-android,stress,2967,look,accepted,observed,0,0.8204,0.3898,0.0493,7.3192,0.0943,8.6729,161,250.9023
phone-android,stress,2968,wait,rejected,invalid_time,0,0.9887,0.3728,0.0450,6.5078,0.1071,8.0214,165,260.3614
phone-android,stress,2969,move,accepted,moved,1,4.1090,0.3905,0.0525,8.1064,0.1270,12.7853,191,261.4188
phone-android,stress,2970,look,accepted,observed,0,0.9571,0.3772,0.0489,7.4549,0.1153,8.9534,161,256.3653
phone-android,stress,2971,look,accepted,observed,0,1.0105,0.3581,0.0462,7.9296,0.1377,9.4821,161,246.4839
phone-android,stress,2972,talk,rejected,not_eligible,0,1.6984,0.5538,0.0489,7.7073,0.1105,10.1190,165,262.5707
phone-android,stress,2973,move,rejected,exit_unavailable,0,0.9967,0.4010,0.0509,7.7532,0.1180,9.3198,169,251.8988
phone-android,stress,2974,move,accepted,moved,1,0.9642,0.4041,0.0575,9.6146,0.2092,11.2496,189,262.1155
phone-android,stress,2975,choose,rejected,stale_view,0,1.1506,0.4505,0.0496,8.2876,0.1345,10.0728,163,256.6670
phone-android,stress,2976,look,accepted,observed,0,0.8352,0.3307,0.0477,7.2513,0.0971,8.5620,161,259.8423
phone-android,stress,2977,move,accepted,moved,1,1.7395,0.4698,0.0552,9.1243,0.1743,11.5631,191,262.9887
phone-android,stress,2978,move,accepted,moved,1,0.9898,0.4377,0.0572,9.7301,0.1472,11.3621,187,252.5764
phone-android,stress,2979,take,rejected,not_present,0,0.9438,0.4331,0.0541,8.7753,0.1430,10.3493,164,254.5086
phone-android,stress,2980,look,accepted,observed,0,0.8657,0.3503,0.0491,6.7607,0.1015,8.1272,161,254.7528
phone-android,stress,2981,move,rejected,exit_unavailable,0,4.6251,0.4465,0.0514,7.9288,0.1052,13.1569,169,256.6473
phone-android,stress,2982,move,accepted,moved,1,1.9016,0.5086,0.0571,9.6932,0.1530,12.3135,189,264.9574
phone-android,stress,2983,take,accepted,taken,1,1.0094,0.4763,0.0606,8.9162,0.1418,10.6042,189,252.8526
phone-android,stress,2984,drop,rejected,integrity_conflict,0,1.0857,0.2797,0.0015,0.0006,0.0352,1.4027,0,253.0105
phone-android,stress,2985,look,accepted,observed,0,1.3204,0.7382,0.0530,7.2129,0.1176,9.4420,161,253.2434
phone-android,stress,2986,wait,rejected,invalid_time,0,1.3391,0.5498,0.0470,7.7965,0.1092,9.8417,165,257.9418
phone-android,stress,2987,talk,rejected,not_eligible,0,1.1668,0.7182,0.0540,7.9902,0.1470,10.0761,165,261.8295
phone-android,stress,2988,look,accepted,observed,0,0.9728,0.4330,0.0523,8.4303,0.1418,10.0302,161,254.4059
phone-android,stress,2989,talk,rejected,not_eligible,0,0.7133,0.4146,0.0494,7.3764,0.0875,8.6412,165,254.0427
phone-android,stress,2990,drop,accepted,dropped,1,1.8114,0.6027,0.0608,9.7543,0.1493,12.3784,196,263.3081
phone-android,stress,2991,move,accepted,moved,1,0.9183,0.3983,0.0556,8.2990,0.1187,9.7900,187,256.7150
phone-android,stress,2992,wait,rejected,invalid_time,0,1.9457,0.6395,0.0516,8.4567,0.1376,11.2311,165,249.5802
phone-android,stress,2993,take,rejected,not_present,0,0.7459,0.3606,0.0487,7.6153,0.1483,8.9188,164,254.4130
phone-android,stress,2994,choose,rejected,invalid_choice,0,0.8127,0.4196,0.0476,7.5478,0.1108,8.9385,167,254.9013
phone-android,stress,2995,move,rejected,exit_unavailable,0,4.0665,0.3736,0.0470,7.2040,0.1310,11.8221,169,260.8614
phone-android,stress,2996,move,accepted,moved,1,1.7058,0.5964,0.0583,9.7434,0.1497,12.2536,191,257.7488
phone-android,stress,2997,take,rejected,not_present,0,1.0154,0.4880,0.0565,8.3988,0.1429,10.1015,164,255.9127
phone-android,stress,2998,move,accepted,moved,1,4.0895,0.3909,0.0539,8.3882,0.1515,13.0740,189,256.8244
phone-android,stress,2999,look,accepted,observed,0,1.2962,0.4868,0.0517,8.2671,0.1366,10.2383,161,263.0866
