host,model,i,action,outcome,code,state_write,admission_ms,decision_ms,encode_ms,commit_ms,projection_ms,e2e_ms
m1-server,tiny,1000,move,accepted,moved,1,0.0116,0.0047,0.0035,0.0690,0.0021,0.0909
m1-server,tiny,1001,move,accepted,moved,1,0.0092,0.0039,0.0034,0.0613,0.0022,0.0800
m1-server,tiny,1002,move,accepted,moved,1,0.0192,0.0043,0.0034,0.0750,0.0022,0.1041
m1-server,tiny,1003,wait,rejected,invalid_time,0,0.0093,0.0037,0.0013,0.0535,0.0018,0.0694
m1-server,tiny,1004,move,accepted,moved,1,0.0093,0.0039,0.0035,0.0671,0.0020,0.0858
m1-server,tiny,1005,move,accepted,moved,1,0.0088,0.0038,0.0034,0.0654,0.0027,0.0840
m1-server,tiny,1006,choose,rejected,invalid_choice,0,0.0094,0.0048,0.0013,0.0505,0.0019,0.0679
m1-server,tiny,1007,move,accepted,moved,1,0.0090,0.0038,0.0033,0.0604,0.0024,0.0790
m1-server,tiny,1008,look,accepted,observed,0,0.0094,0.0035,0.0012,0.0510,0.0018,0.0668
m1-server,tiny,1009,take,rejected,not_present,0,0.0086,0.0033,0.0012,0.0511,0.0018,0.0660
m1-server,tiny,1010,move,accepted,moved,1,0.0089,0.0037,0.0033,0.0663,0.0133,0.0954
m1-server,tiny,1011,choose,rejected,invalid_choice,0,0.0189,0.0055,0.0014,0.0620,0.0020,0.0898
m1-server,tiny,1012,look,accepted,observed,0,0.0092,0.0037,0.0013,0.1065,0.0018,0.1223
m1-server,tiny,1013,talk,rejected,not_eligible,0,0.0092,0.0035,0.0013,0.0534,0.0017,0.0690
m1-server,tiny,1014,look,accepted,observed,0,0.0088,0.0031,0.0013,0.0561,0.0020,0.0713
m1-server,tiny,1015,move,accepted,moved,1,0.0094,0.0042,0.0035,0.0629,0.0024,0.0825
m1-server,tiny,1016,wait,rejected,invalid_time,0,0.0101,0.0040,0.0011,0.0533,0.0017,0.0702
m1-server,tiny,1017,look,accepted,observed,0,0.0090,0.0033,0.0012,0.0723,0.0016,0.0873
m1-server,tiny,1018,move,accepted,moved,1,0.0087,0.0038,0.0033,0.0671,0.0021,0.0849
m1-server,tiny,1019,take,accepted,taken,1,0.0091,0.0036,0.0033,0.0735,0.0023,0.0917
m1-server,tiny,1020,look,accepted,observed,0,0.0088,0.0032,0.0012,0.0839,0.0017,0.0988
m1-server,tiny,1021,look,accepted,observed,0,0.0089,0.0031,0.0012,0.0540,0.0021,0.0693
m1-server,tiny,1022,drop,accepted,dropped,1,0.0095,0.0040,0.0035,0.0613,0.0026,0.0809
m1-server,tiny,1023,activate,rejected,not_eligible,0,0.0091,0.0036,0.0013,0.0489,0.0017,0.0645
m1-server,tiny,1024,move,accepted,moved,1,0.0088,0.0038,0.0033,0.0614,0.0020,0.0794
m1-server,tiny,1025,look,accepted,observed,0,0.0088,0.0032,0.0012,0.0491,0.0017,0.0640
m1-server,tiny,1026,move,rejected,exit_unavailable,0,0.0086,0.0035,0.0013,0.0526,0.0018,0.0678
m1-server,tiny,1027,move,accepted,moved,1,0.0086,0.0038,0.0033,0.0593,0.0021,0.0771
m1-server,tiny,1028,move,accepted,moved,1,0.0089,0.0038,0.0033,0.0592,0.0020,0.0773
m1-server,tiny,1029,look,accepted,observed,0,0.0086,0.0031,0.0012,0.0505,0.0119,0.0753
m1-server,tiny,1030,move,accepted,moved,1,0.0191,0.0054,0.0036,0.0818,0.0025,0.1125
m1-server,tiny,1031,look,accepted,observed,0,0.0098,0.0037,0.0013,0.0543,0.0022,0.0713
m1-server,tiny,1032,take,rejected,not_present,0,0.0106,0.0039,0.0013,0.0552,0.0018,0.0727
m1-server,tiny,1033,take,rejected,not_present,0,0.0096,0.0035,0.0013,0.0541,0.0018,0.0703
m1-server,tiny,1034,talk,rejected,not_eligible,0,0.0095,0.0035,0.0013,0.0513,0.0018,0.0674
m1-server,tiny,1035,take,rejected,not_present,0,0.0096,0.0034,0.0012,0.0518,0.0017,0.0676
m1-server,tiny,1036,look,accepted,observed,0,0.0093,0.0033,0.0012,0.0510,0.0018,0.0665
m1-server,tiny,1037,move,accepted,moved,1,0.0095,0.0039,0.0035,0.0658,0.0027,0.0853
m1-server,tiny,1038,talk,rejected,not_owned,0,0.0098,0.0040,0.0013,0.0505,0.0018,0.0675
m1-server,tiny,1039,move,accepted,moved,1,0.0095,0.0040,0.0035,0.0600,0.0025,0.0795
m1-server,tiny,1040,activate,rejected,not_eligible,0,0.0098,0.0038,0.0013,0.0516,0.0018,0.0683
m1-server,tiny,1041,talk,rejected,not_eligible,0,0.0091,0.0035,0.0013,0.0520,0.0017,0.0676
m1-server,tiny,1042,look,accepted,observed,0,0.0090,0.0031,0.0012,0.0528,0.0017,0.0677
m1-server,tiny,1043,move,rejected,exit_unavailable,0,0.0088,0.0036,0.0012,0.0487,0.0018,0.0641
m1-server,tiny,1044,take,replayed,not_present,0,0.0128,0.0031,0.0001,0.0000,0.0016,0.0176
m1-server,tiny,1045,activate,rejected,not_eligible,0,0.0073,0.0033,0.0013,0.0523,0.0018,0.0660
m1-server,tiny,1046,look,accepted,observed,0,0.0094,0.0032,0.0013,0.0500,0.0017,0.0656
m1-server,tiny,1047,look,accepted,observed,0,0.0092,0.0032,0.0013,0.0531,0.0018,0.0685
m1-server,tiny,1048,move,accepted,moved,1,0.0092,0.0040,0.0035,0.0654,0.0022,0.0843
m1-server,tiny,1049,activate,rejected,not_eligible,0,0.0087,0.0033,0.0012,0.0538,0.0022,0.0691
m1-server,tiny,1050,move,accepted,moved,1,0.0095,0.0043,0.0135,0.0815,0.0028,0.1116
m1-server,tiny,1051,look,accepted,observed,0,0.0096,0.0038,0.0013,0.0514,0.0019,0.0679
m1-server,tiny,1052,wait,rejected,invalid_time,0,0.0093,0.0039,0.0013,0.0512,0.0018,0.0675
m1-server,tiny,1053,choose,rejected,invalid_choice,0,0.0095,0.0044,0.0013,0.0522,0.0022,0.0696
m1-server,tiny,1054,wait,rejected,invalid_time,0,0.0093,0.0039,0.0013,0.0553,0.0018,0.0715
m1-server,tiny,1055,look,accepted,observed,0,0.0088,0.0033,0.0012,0.0503,0.0016,0.0652
m1-server,tiny,1056,wait,rejected,invalid_time,0,0.0086,0.0035,0.0012,0.0621,0.0017,0.0772
m1-server,tiny,1057,take,accepted,taken,1,0.0089,0.0035,0.0034,0.0628,0.0022,0.0808
m1-server,tiny,1058,move,accepted,moved,1,0.0090,0.0038,0.0034,0.0768,0.0026,0.0957
m1-server,tiny,1059,move,accepted,moved,1,0.0096,0.0043,0.0035,0.0603,0.0024,0.0801
m1-server,tiny,1060,look,accepted,observed,0,0.0095,0.0034,0.0012,0.0523,0.0018,0.0682
m1-server,tiny,1061,talk,rejected,not_eligible,0,0.0089,0.0034,0.0012,0.0508,0.0017,0.0659
m1-server,tiny,1062,wait,rejected,invalid_time,0,0.0090,0.0036,0.0012,0.0528,0.0017,0.0683
m1-server,tiny,1063,take,replayed,not_present,0,0.0127,0.0031,0.0001,0.0000,0.0016,0.0175
m1-server,tiny,1064,move,accepted,moved,1,0.0075,0.0038,0.0035,0.0600,0.0022,0.0770
m1-server,tiny,1065,choose,rejected,invalid_choice,0,0.0090,0.0044,0.0013,0.0532,0.0018,0.0696
m1-server,tiny,1066,move,accepted,moved,1,0.0090,0.0040,0.0033,0.0642,0.0026,0.0831
m1-server,tiny,1067,move,accepted,moved,1,0.0095,0.0043,0.0033,0.0584,0.0024,0.0779
m1-server,tiny,1068,drop,replayed,dropped,0,0.0123,0.0031,0.0001,0.0000,0.0015,0.0170
m1-server,tiny,1069,look,accepted,observed,0,0.0072,0.0029,0.0013,0.0522,0.0124,0.0760
m1-server,tiny,1070,move,accepted,moved,1,0.0159,0.0046,0.0034,0.0653,0.0025,0.0916
m1-server,tiny,1071,move,accepted,moved,1,0.0097,0.0043,0.0035,0.0625,0.0022,0.0822
m1-server,tiny,1072,talk,accepted,choice_opened,1,0.0093,0.0041,0.0040,0.0843,0.0030,0.1046
m1-server,tiny,1073,activate,rejected,not_eligible,0,0.0097,0.0039,0.0013,0.0498,0.0019,0.0666
m1-server,tiny,1074,move,accepted,moved,1,0.0091,0.0039,0.0037,0.0588,0.0024,0.0779
m1-server,tiny,1075,look,accepted,observed,0,0.0094,0.0035,0.0012,0.0553,0.0022,0.0715
m1-server,tiny,1076,move,accepted,moved,1,0.0094,0.0042,0.0037,0.0589,0.0024,0.0786
m1-server,tiny,1077,move,accepted,moved,1,0.0092,0.0040,0.0036,0.0631,0.0026,0.0825
m1-server,tiny,1078,move,accepted,moved,1,0.0094,0.0041,0.0036,0.0592,0.0024,0.0786
m1-server,tiny,1079,move,accepted,moved,1,0.0091,0.0041,0.0035,0.0642,0.0025,0.0835
m1-server,tiny,1080,move,accepted,moved,1,0.0095,0.0041,0.0035,0.0590,0.0023,0.0785
m1-server,tiny,1081,talk,accepted,choice_opened,1,0.0092,0.0040,0.0036,0.0855,0.0022,0.1046
m1-server,tiny,1082,look,accepted,observed,0,0.0088,0.0032,0.0012,0.0511,0.0018,0.0660
m1-server,tiny,1083,choose,rejected,stale_view,0,0.0092,0.0047,0.0013,0.0603,0.0018,0.0773
m1-server,tiny,1084,activate,rejected,not_eligible,0,0.0093,0.0035,0.0013,0.0550,0.0023,0.0713
m1-server,tiny,1085,wait,rejected,invalid_time,0,0.0098,0.0041,0.0013,0.0513,0.0019,0.0683
m1-server,tiny,1086,move,rejected,exit_unavailable,0,0.0093,0.0038,0.0111,0.0688,0.0022,0.0951
m1-server,tiny,1087,activate,rejected,not_eligible,0,0.0095,0.0041,0.0013,0.0533,0.0023,0.0706
m1-server,tiny,1088,look,accepted,observed,0,0.0103,0.0037,0.0012,0.0818,0.0019,0.0989
m1-server,tiny,1089,move,accepted,moved,1,0.0097,0.0040,0.0037,0.0650,0.0027,0.0851
m1-server,tiny,1090,move,accepted,moved,1,0.0095,0.0043,0.0037,0.0604,0.0025,0.0803
m1-server,tiny,1091,close_choice,accepted,choice_closed,1,0.0096,0.0041,0.0037,0.0629,0.0028,0.0831
m1-server,tiny,1092,look,accepted,observed,0,0.0094,0.0036,0.0012,0.0616,0.0020,0.0778
m1-server,tiny,1093,activate,rejected,not_eligible,0,0.0091,0.0036,0.0012,0.0524,0.0017,0.0680
m1-server,tiny,1094,move,accepted,moved,1,0.0091,0.0040,0.0035,0.0616,0.0021,0.0802
m1-server,tiny,1095,look,accepted,observed,0,0.0087,0.0032,0.0012,0.0512,0.0018,0.0660
m1-server,tiny,1096,look,accepted,observed,0,0.0093,0.0032,0.0012,0.0653,0.0017,0.0806
m1-server,tiny,1097,move,accepted,moved,1,0.0093,0.0040,0.0035,0.0613,0.0021,0.0801
m1-server,tiny,1098,look,accepted,observed,0,0.0090,0.0033,0.0013,0.0548,0.0022,0.0705
m1-server,tiny,1099,choose,rejected,invalid_choice,0,0.0099,0.0045,0.0013,0.0713,0.0020,0.0890
m1-server,tiny,1100,activate,rejected,not_eligible,0,0.0090,0.0035,0.0012,0.0505,0.0017,0.0659
m1-server,tiny,1101,look,accepted,observed,0,0.0087,0.0031,0.0012,0.0509,0.0017,0.0655
m1-server,tiny,1102,move,accepted,moved,1,0.0087,0.0038,0.0033,0.0730,0.0021,0.0909
m1-server,tiny,1103,move,accepted,moved,1,0.0088,0.0038,0.0033,0.0632,0.0022,0.0813
m1-server,tiny,1104,look,accepted,observed,0,0.0089,0.0031,0.0012,0.0663,0.0017,0.0813
m1-server,tiny,1105,drop,accepted,dropped,1,0.0088,0.0035,0.0151,0.0998,0.0028,0.1300
m1-server,tiny,1106,look,accepted,observed,0,0.0094,0.0036,0.0013,0.0675,0.0018,0.0835
m1-server,tiny,1107,move,accepted,moved,1,0.0090,0.0040,0.0034,0.0901,0.0021,0.1087
m1-server,tiny,1108,move,accepted,moved,1,0.0089,0.0038,0.0033,0.0660,0.0021,0.0840
m1-server,tiny,1109,wait,rejected,invalid_time,0,0.0088,0.0035,0.0012,0.0512,0.0018,0.0665
m1-server,tiny,1110,move,rejected,exit_unavailable,0,0.0086,0.0036,0.0014,0.0485,0.0019,0.0641
m1-server,tiny,1111,move,accepted,moved,1,0.0090,0.0038,0.0034,0.0680,0.0022,0.0864
m1-server,tiny,1112,look,accepted,observed,0,0.0093,0.0033,0.0012,0.0508,0.0018,0.0663
m1-server,tiny,1113,look,accepted,observed,0,0.0090,0.0033,0.0012,0.0507,0.0018,0.0659
m1-server,tiny,1114,look,accepted,observed,0,0.0091,0.0033,0.0012,0.0554,0.0022,0.0711
m1-server,tiny,1115,look,accepted,observed,0,0.0095,0.0037,0.0012,0.0488,0.0018,0.0650
m1-server,tiny,1116,move,accepted,moved,1,0.0093,0.0041,0.0036,0.0694,0.0025,0.0889
m1-server,tiny,1117,look,accepted,observed,0,0.0096,0.0035,0.0013,0.0507,0.0018,0.0669
m1-server,tiny,1118,move,accepted,moved,1,0.0093,0.0040,0.0035,0.0628,0.0028,0.0823
m1-server,tiny,1119,look,accepted,observed,0,0.0096,0.0037,0.0014,0.0534,0.0020,0.0701
m1-server,tiny,1120,look,accepted,observed,0,0.0094,0.0034,0.0012,0.0536,0.0021,0.0696
m1-server,tiny,1121,move,rejected,exit_unavailable,0,0.0094,0.0040,0.0013,0.0507,0.0018,0.0672
m1-server,tiny,1122,activate,rejected,not_eligible,0,0.0091,0.0034,0.0013,0.0505,0.0021,0.0663
m1-server,tiny,1123,wait,rejected,invalid_time,0,0.0091,0.0037,0.0012,0.0540,0.0017,0.0697
m1-server,tiny,1124,look,accepted,observed,0,0.0088,0.0031,0.0012,0.0496,0.0016,0.0644
m1-server,tiny,1125,move,accepted,moved,1,0.0087,0.0039,0.0145,0.0752,0.0024,0.1046
m1-server,tiny,1126,move,accepted,moved,1,0.0091,0.0043,0.0034,0.0649,0.0025,0.0842
m1-server,tiny,1127,choose,rejected,stale_view,0,0.0098,0.0053,0.0014,0.0504,0.0018,0.0686
m1-server,tiny,1128,choose,rejected,invalid_choice,0,0.0094,0.0044,0.0014,0.0540,0.0022,0.0714
m1-server,tiny,1129,look,accepted,observed,0,0.0097,0.0036,0.0013,0.0514,0.0018,0.0678
m1-server,tiny,1130,take,rejected,not_present,0,0.0092,0.0035,0.0013,0.0554,0.0022,0.0715
m1-server,tiny,1131,choose,rejected,invalid_choice,0,0.0096,0.0044,0.0013,0.0522,0.0022,0.0698
m1-server,tiny,1132,look,accepted,observed,0,0.0102,0.0035,0.0012,0.0784,0.0017,0.0950
m1-server,tiny,1133,move,accepted,moved,1,0.0094,0.0040,0.0036,0.0781,0.0026,0.0978
m1-server,tiny,1134,move,rejected,exit_unavailable,0,0.0100,0.0042,0.0013,0.0513,0.0022,0.0690
m1-server,tiny,1135,look,accepted,observed,0,0.0097,0.0035,0.0012,0.0560,0.0018,0.0723
m1-server,tiny,1136,activate,rejected,not_eligible,0,0.0097,0.0035,0.0013,0.0514,0.0018,0.0677
m1-server,tiny,1137,look,accepted,observed,0,0.0094,0.0034,0.0012,0.0509,0.0018,0.0667
m1-server,tiny,1138,look,accepted,observed,0,0.0090,0.0033,0.0012,0.0511,0.0020,0.0666
m1-server,tiny,1139,move,accepted,moved,1,0.0088,0.0043,0.0037,0.0643,0.0024,0.0835
m1-server,tiny,1140,move,accepted,moved,1,0.0094,0.0043,0.0033,0.0635,0.0021,0.0826
m1-server,tiny,1141,choose,rejected,invalid_choice,0,0.0090,0.0043,0.0013,0.0490,0.0018,0.0653
m1-server,tiny,1142,look,accepted,observed,0,0.0089,0.0032,0.0012,0.0533,0.0021,0.0686
m1-server,tiny,1143,move,accepted,moved,1,0.0095,0.0044,0.0035,0.0587,0.0024,0.0785
m1-server,tiny,1144,look,accepted,observed,0,0.0090,0.0034,0.0012,0.0528,0.0021,0.0685
m1-server,tiny,1145,take,rejected,not_present,0,0.0196,0.0046,0.0013,0.0554,0.0020,0.0829
m1-server,tiny,1146,look,accepted,observed,0,0.0095,0.0038,0.0012,0.0523,0.0020,0.0688
m1-server,tiny,1147,wait,rejected,invalid_time,0,0.0093,0.0037,0.0013,0.0511,0.0023,0.0676
m1-server,tiny,1148,choose,rejected,invalid_choice,0,0.0102,0.0046,0.0013,0.0611,0.0019,0.0790
m1-server,tiny,1149,move,accepted,moved,1,0.0095,0.0039,0.0035,0.0620,0.0022,0.0812
m1-server,tiny,1150,take,accepted,taken,1,0.0093,0.0037,0.0035,0.0627,0.0023,0.0815
m1-server,tiny,1151,move,accepted,moved,1,0.0089,0.0040,0.0034,0.0751,0.0026,0.0940
m1-server,tiny,1152,drop,accepted,dropped,1,0.0094,0.0041,0.0036,0.0580,0.0028,0.0779
m1-server,tiny,1153,look,accepted,observed,0,0.0093,0.0034,0.0012,0.0498,0.0017,0.0653
m1-server,tiny,1154,move,accepted,moved,1,0.0089,0.0038,0.0035,0.0593,0.0022,0.0777
m1-server,tiny,1155,look,accepted,observed,0,0.0090,0.0031,0.0012,0.0513,0.0017,0.0663
m1-server,tiny,1156,move,accepted,moved,1,0.0087,0.0039,0.0034,0.0571,0.0022,0.0752
m1-server,tiny,1157,look,accepted,observed,0,0.0089,0.0031,0.0012,0.0513,0.0017,0.0662
m1-server,tiny,1158,move,rejected,exit_unavailable,0,0.0091,0.0036,0.0013,0.0660,0.0018,0.0818
m1-server,tiny,1159,look,accepted,observed,0,0.0089,0.0032,0.0012,0.0483,0.0018,0.0633
m1-server,tiny,1160,move,accepted,moved,1,0.0090,0.0039,0.0035,0.0629,0.0021,0.0814
m1-server,tiny,1161,move,accepted,moved,1,0.0090,0.0040,0.0034,0.0596,0.0022,0.0783
m1-server,tiny,1162,talk,rejected,not_eligible,0,0.0092,0.0035,0.0013,0.0515,0.0018,0.0673
m1-server,tiny,1163,look,accepted,observed,0,0.0093,0.0034,0.0104,0.0722,0.0020,0.0973
m1-server,tiny,1164,look,accepted,observed,0,0.0092,0.0035,0.0012,0.0525,0.0018,0.0681
m1-server,tiny,1165,look,accepted,observed,0,0.0090,0.0033,0.0012,0.0703,0.0017,0.0856
m1-server,tiny,1166,look,accepted,observed,0,0.0090,0.0032,0.0013,0.0498,0.0017,0.0650
m1-server,tiny,1167,move,rejected,exit_unavailable,0,0.0092,0.0038,0.0013,0.0541,0.0024,0.0707
m1-server,tiny,1168,look,accepted,observed,0,0.0098,0.0038,0.0013,0.0495,0.0018,0.0663
m1-server,tiny,1169,wait,rejected,invalid_time,0,0.0096,0.0038,0.0013,0.0543,0.0018,0.0708
m1-server,tiny,1170,move,accepted,moved,1,0.0090,0.0040,0.0036,0.0602,0.0023,0.0792
m1-server,tiny,1171,look,accepted,observed,0,0.0093,0.0035,0.0013,0.0538,0.0021,0.0699
m1-server,tiny,1172,take,rejected,not_present,0,0.0100,0.0037,0.0013,0.0491,0.0023,0.0663
m1-server,tiny,1173,move,accepted,moved,1,0.0097,0.0043,0.0036,0.0635,0.0026,0.0837
m1-server,tiny,1174,activate,rejected,not_eligible,0,0.0095,0.0038,0.0013,0.0510,0.0019,0.0675
m1-server,tiny,1175,wait,rejected,invalid_time,0,0.0092,0.0037,0.0013,0.0635,0.0018,0.0794
m1-server,tiny,1176,take,accepted,taken,1,0.0093,0.0038,0.0035,0.0586,0.0023,0.0773
m1-server,tiny,1177,activate,rejected,not_eligible,0,0.0089,0.0034,0.0013,0.0411,0.0023,0.0569
m1-server,tiny,1178,wait,rejected,invalid_time,0,0.0096,0.0041,0.0013,0.0575,0.0021,0.0745
m1-server,tiny,1179,move,accepted,moved,1,0.0103,0.0043,0.0034,0.0593,0.0021,0.0794
m1-server,tiny,1180,move,accepted,moved,1,0.0095,0.0040,0.0035,0.0639,0.0022,0.0830
m1-server,tiny,1181,choose,rejected,invalid_choice,0,0.0090,0.0042,0.0013,0.0510,0.0018,0.0674
m1-server,tiny,1182,wait,rejected,invalid_time,0,0.0092,0.0035,0.0012,0.0473,0.0023,0.0635
m1-server,tiny,1183,look,accepted,observed,0,0.0096,0.0037,0.0013,0.0785,0.0021,0.0951
m1-server,tiny,1184,look,accepted,observed,0,0.0163,0.0039,0.0013,0.0478,0.0021,0.0713
m1-server,tiny,1185,move,accepted,moved,1,0.0096,0.0044,0.0035,0.0615,0.0025,0.0814
m1-server,tiny,1186,activate,rejected,not_eligible,0,0.0096,0.0037,0.0013,0.0557,0.0017,0.0718
m1-server,tiny,1187,close_choice,rejected,invalid_choice,0,0.0093,0.0033,0.0012,0.0438,0.0023,0.0598
m1-server,tiny,1188,move,accepted,moved,1,0.0094,0.0043,0.0035,0.0664,0.0026,0.0861
m1-server,tiny,1189,close_choice,rejected,invalid_choice,0,0.0096,0.0038,0.0013,0.0639,0.0018,0.0804
m1-server,tiny,1190,look,accepted,observed,0,0.0090,0.0033,0.0012,0.0514,0.0018,0.0668
m1-server,tiny,1191,move,rejected,exit_unavailable,0,0.0089,0.0036,0.0013,0.0487,0.0022,0.0646
m1-server,tiny,1192,look,accepted,observed,0,0.0094,0.0036,0.0012,0.0480,0.0018,0.0640
m1-server,tiny,1193,look,accepted,observed,0,0.0090,0.0033,0.0012,0.0605,0.0020,0.0759
m1-server,tiny,1194,wait,rejected,invalid_time,0,0.0090,0.0039,0.0013,0.0464,0.0017,0.0622
m1-server,tiny,1195,move,accepted,moved,1,0.0091,0.0039,0.0035,0.0610,0.0026,0.0801
m1-server,tiny,1196,choose,rejected,invalid_choice,0,0.0096,0.0045,0.0013,0.0625,0.0021,0.0801
m1-server,tiny,1197,talk,accepted,choice_opened,1,0.0097,0.0044,0.0040,0.0608,0.0027,0.0815
m1-server,tiny,1198,move,rejected,exit_unavailable,0,0.0091,0.0038,0.0013,0.0520,0.0022,0.0684
m1-server,tiny,1199,look,accepted,observed,0,0.0094,0.0037,0.0013,0.3557,0.0020,0.3721
m1-server,tiny,1200,talk,accepted,choice_opened,1,0.0091,0.0042,0.0038,0.0855,0.0023,0.1048
m1-server,tiny,1201,look,accepted,observed,0,0.0093,0.0033,0.0013,0.0730,0.0018,0.0886
m1-server,tiny,1202,drop,accepted,dropped,1,0.0094,0.0038,0.0038,0.0767,0.0031,0.0967
m1-server,tiny,1203,look,accepted,observed,0,0.0098,0.0038,0.0013,0.0635,0.0113,0.0897
m1-server,tiny,1204,move,accepted,moved,1,0.0251,0.0049,0.0039,0.0979,0.0021,0.1339
m1-server,tiny,1205,look,accepted,observed,0,0.0095,0.0033,0.0013,0.0791,0.0022,0.0954
m1-server,tiny,1206,move,accepted,moved,1,0.0097,0.0045,0.0039,0.0678,0.0026,0.0885
m1-server,tiny,1207,move,accepted,moved,1,0.0096,0.0046,0.0035,0.0633,0.0021,0.0833
m1-server,tiny,1208,look,accepted,observed,0,0.0090,0.0032,0.0012,0.0673,0.0018,0.0824
m1-server,tiny,1209,move,accepted,moved,1,0.0090,0.0038,0.0035,0.0577,0.0022,0.0762
m1-server,tiny,1210,take,accepted,taken,1,0.0090,0.0036,0.0034,0.0617,0.0023,0.0800
m1-server,tiny,1211,choose,rejected,invalid_choice,0,0.0089,0.0042,0.0013,0.0494,0.0018,0.0655
m1-server,tiny,1212,look,accepted,observed,0,0.0089,0.0032,0.0011,0.0543,0.0021,0.0695
m1-server,tiny,1213,move,accepted,moved,1,0.0095,0.0043,0.0038,0.0616,0.0024,0.0815
m1-server,tiny,1214,move,rejected,exit_unavailable,0,0.0094,0.0038,0.0013,0.0587,0.0023,0.0754
m1-server,tiny,1215,move,accepted,moved,1,0.0099,0.0043,0.0038,0.0651,0.0024,0.0856
m1-server,tiny,1216,look,accepted,observed,0,0.0099,0.0035,0.0013,0.0512,0.0018,0.0676
m1-server,tiny,1217,move,accepted,moved,1,0.0090,0.0039,0.0037,0.0638,0.0021,0.0824
m1-server,tiny,1218,look,accepted,observed,0,0.0091,0.0032,0.0013,0.0504,0.0017,0.0657
m1-server,tiny,1219,choose,rejected,stale_view,0,0.0088,0.0043,0.0013,0.0489,0.0018,0.0651
m1-server,tiny,1220,wait,rejected,invalid_time,0,0.0089,0.0035,0.0013,0.0502,0.0017,0.0656
m1-server,tiny,1221,look,accepted,observed,0,0.0089,0.0031,0.0012,0.0520,0.0105,0.0757
m1-server,tiny,1222,look,accepted,observed,0,0.0190,0.0047,0.0014,0.0560,0.0018,0.0829
m1-server,tiny,1223,move,accepted,moved,1,0.0094,0.0043,0.0035,0.0689,0.0021,0.0882
m1-server,tiny,1224,wait,rejected,invalid_time,0,0.0095,0.0037,0.0013,0.0538,0.0019,0.0700
m1-server,tiny,1225,drop,accepted,dropped,1,0.0093,0.0036,0.0038,0.0610,0.0023,0.0800
m1-server,tiny,1226,move,accepted,moved,1,0.0089,0.0038,0.0035,0.0607,0.0021,0.0790
m1-server,tiny,1227,move,rejected,exit_unavailable,0,0.0088,0.0034,0.0013,0.0504,0.0019,0.0657
m1-server,tiny,1228,move,accepted,moved,1,0.0092,0.0038,0.0036,0.0558,0.0028,0.0752
m1-server,tiny,1229,look,accepted,observed,0,0.0099,0.0037,0.0013,0.0526,0.0020,0.0695
m1-server,tiny,1230,look,accepted,observed,0,0.0097,0.0036,0.0013,0.0480,0.0022,0.0648
m1-server,tiny,1231,take,accepted,taken,1,0.0096,0.0042,0.0037,0.0813,0.0026,0.1014
m1-server,tiny,1232,drop,accepted,dropped,1,0.0097,0.0040,0.0037,0.0624,0.0024,0.0821
m1-server,tiny,1233,wait,rejected,invalid_time,0,0.0093,0.0036,0.0013,0.0566,0.0018,0.0726
m1-server,tiny,1234,choose,rejected,invalid_choice,0,0.0093,0.0043,0.0013,0.0434,0.0023,0.0605
m1-server,tiny,1235,look,accepted,observed,0,0.0095,0.0037,0.0012,0.0585,0.0021,0.0750
m1-server,tiny,1236,drop,replayed,dropped,0,0.0138,0.0033,0.0001,0.0000,0.0016,0.0190
m1-server,tiny,1237,move,accepted,moved,1,0.0075,0.0039,0.0037,0.0589,0.0022,0.0762
m1-server,tiny,1238,move,accepted,moved,1,0.0091,0.0039,0.0036,0.0596,0.0020,0.0782
m1-server,tiny,1239,take,rejected,not_present,0,0.0088,0.0033,0.0013,0.0487,0.0126,0.0748
m1-server,tiny,1240,move,accepted,moved,1,0.0193,0.0050,0.0037,0.0659,0.0025,0.0964
m1-server,tiny,1241,choose,rejected,stale_view,0,0.0095,0.0052,0.0013,0.0563,0.0019,0.0742
m1-server,tiny,1242,move,accepted,moved,1,0.0094,0.0042,0.0037,0.0600,0.0025,0.0798
m1-server,tiny,1243,move,accepted,moved,1,0.0096,0.0043,0.0035,0.0636,0.0022,0.0831
m1-server,tiny,1244,move,accepted,moved,1,0.0093,0.0038,0.0036,0.0591,0.0020,0.0779
m1-server,tiny,1245,move,accepted,moved,1,0.0087,0.0038,0.0033,0.0590,0.0028,0.0775
m1-server,tiny,1246,close_choice,accepted,choice_closed,1,0.0093,0.0042,0.0038,0.0579,0.0028,0.0779
m1-server,tiny,1247,activate,rejected,not_eligible,0,0.0094,0.0037,0.0013,0.0594,0.0018,0.0756
m1-server,tiny,1248,move,accepted,moved,1,0.0091,0.0040,0.0035,0.0623,0.0021,0.0809
m1-server,tiny,1249,wait,rejected,invalid_time,0,0.0093,0.0037,0.0013,0.0543,0.0018,0.0704
m1-server,tiny,1250,take,accepted,taken,1,0.0095,0.0041,0.0035,0.0661,0.0029,0.0861
m1-server,tiny,1251,wait,rejected,invalid_time,0,0.0099,0.0041,0.0013,0.0679,0.0022,0.0854
m1-server,tiny,1252,move,accepted,moved,1,0.0096,0.0043,0.0034,0.0625,0.0021,0.0819
m1-server,tiny,1253,look,accepted,observed,0,0.0089,0.0032,0.0012,0.0496,0.0017,0.0646
m1-server,tiny,1254,wait,rejected,invalid_time,0,0.0087,0.0035,0.0012,0.0467,0.0023,0.0623
m1-server,tiny,1255,look,accepted,observed,0,0.0098,0.0038,0.0013,0.0530,0.0022,0.0700
m1-server,tiny,1256,talk,rejected,not_eligible,0,0.0097,0.0037,0.0013,0.0475,0.0016,0.0638
m1-server,tiny,1257,move,accepted,moved,1,0.0105,0.0126,0.0035,0.0753,0.0022,0.1041
m1-server,tiny,1258,move,accepted,moved,1,0.0093,0.0041,0.0035,0.0636,0.0028,0.0833
m1-server,tiny,1259,move,accepted,moved,1,0.0099,0.0046,0.0036,0.0707,0.0025,0.0912
m1-server,tiny,1260,look,accepted,observed,0,0.0095,0.0037,0.0013,0.0533,0.0021,0.0699
m1-server,tiny,1261,wait,rejected,invalid_time,0,0.0098,0.0041,0.0013,0.0534,0.0023,0.0709
m1-server,tiny,1262,move,accepted,moved,1,0.0097,0.0042,0.0034,0.0738,0.0028,0.0939
m1-server,tiny,1263,talk,rejected,not_eligible,0,0.0099,0.0040,0.0013,0.0502,0.0019,0.0674
m1-server,tiny,1264,look,accepted,observed,0,0.0092,0.0034,0.0013,0.0591,0.0018,0.0748
m1-server,tiny,1265,move,accepted,moved,1,0.0092,0.0040,0.0037,0.0748,0.0025,0.0942
m1-server,tiny,1266,move,accepted,moved,1,0.0097,0.0042,0.0033,0.0615,0.0022,0.0809
m1-server,tiny,1267,look,accepted,observed,0,0.0092,0.0035,0.0013,0.0551,0.0018,0.0708
m1-server,tiny,1268,look,accepted,observed,0,0.0093,0.0033,0.0013,0.0438,0.0022,0.0599
m1-server,tiny,1269,look,accepted,observed,0,0.0096,0.0037,0.0013,0.0547,0.0022,0.0714
m1-server,tiny,1270,move,accepted,moved,1,0.0095,0.0041,0.0034,0.0615,0.0022,0.0807
m1-server,tiny,1271,look,accepted,observed,0,0.0093,0.0033,0.0013,0.0484,0.0022,0.0644
m1-server,tiny,1272,drop,accepted,dropped,1,0.0097,0.0041,0.0037,0.0584,0.0029,0.0788
m1-server,tiny,1273,move,accepted,moved,1,0.0095,0.0043,0.0034,0.0546,0.0021,0.0739
m1-server,tiny,1274,look,accepted,observed,0,0.0105,0.0032,0.0013,0.0562,0.0018,0.0729
m1-server,tiny,1275,look,accepted,observed,0,0.0094,0.0033,0.0098,0.0675,0.0018,0.0918
m1-server,tiny,1276,take,rejected,not_present,0,0.0092,0.0036,0.0013,0.0517,0.0022,0.0679
m1-server,tiny,1277,look,accepted,observed,0,0.0100,0.0038,0.0012,0.0628,0.0021,0.0798
m1-server,tiny,1278,look,accepted,observed,0,0.0096,0.0035,0.0012,0.0568,0.0022,0.0733
m1-server,tiny,1279,look,accepted,observed,0,0.0098,0.0037,0.0012,0.0517,0.0021,0.0685
m1-server,tiny,1280,take,rejected,not_present,0,0.0095,0.0036,0.0013,0.0527,0.0018,0.0689
m1-server,tiny,1281,move,accepted,moved,1,0.0103,0.0040,0.0034,0.0658,0.0022,0.0856
m1-server,tiny,1282,look,accepted,observed,0,0.0095,0.0032,0.0012,0.0524,0.0018,0.0680
m1-server,tiny,1283,move,accepted,moved,1,0.0092,0.0040,0.0033,0.0729,0.0021,0.0915
m1-server,tiny,1284,wait,rejected,invalid_time,0,0.0093,0.0037,0.0013,0.0557,0.0018,0.0716
m1-server,tiny,1285,look,accepted,observed,0,0.0089,0.0032,0.0011,0.0520,0.0022,0.0674
m1-server,tiny,1286,move,accepted,moved,1,0.0098,0.0045,0.0037,0.0663,0.0026,0.0868
m1-server,tiny,1287,move,accepted,moved,1,0.0096,0.0043,0.0034,0.0554,0.0021,0.0748
m1-server,tiny,1288,look,accepted,observed,0,0.0090,0.0032,0.0012,0.0526,0.0024,0.0685
m1-server,tiny,1289,move,accepted,moved,1,0.0095,0.0042,0.0035,0.0766,0.0024,0.0961
m1-server,tiny,1290,wait,rejected,invalid_time,0,0.0094,0.0039,0.0013,0.0493,0.0022,0.0660
m1-server,tiny,1291,look,accepted,observed,0,0.0094,0.0036,0.0013,0.0530,0.0022,0.0695
m1-server,tiny,1292,wait,rejected,invalid_time,0,0.0094,0.0038,0.0013,0.0548,0.0022,0.0715
m1-server,tiny,1293,move,accepted,moved,1,0.0100,0.0044,0.0035,0.0753,0.0025,0.0957
m1-server,tiny,1294,wait,rejected,invalid_time,0,0.0156,0.0040,0.0013,0.0513,0.0022,0.0743
m1-server,tiny,1295,look,accepted,observed,0,0.0098,0.0036,0.0113,0.0514,0.0033,0.0793
m1-server,tiny,1296,move,accepted,moved,1,0.0098,0.0075,0.0052,0.0775,0.0027,0.1025
m1-server,tiny,1297,activate,rejected,not_eligible,0,0.0095,0.0039,0.0013,0.0468,0.0022,0.0636
m1-server,tiny,1298,look,accepted,observed,0,0.0097,0.0036,0.0013,0.0607,0.0021,0.0774
m1-server,tiny,1299,look,accepted,observed,0,0.0098,0.0035,0.0013,0.0704,0.0018,0.0868
m1-server,tiny,1300,talk,rejected,not_eligible,0,0.0092,0.0035,0.0013,0.0535,0.0022,0.0696
m1-server,tiny,1301,take,rejected,not_present,0,0.0100,0.0039,0.0013,0.0650,0.0022,0.0824
m1-server,tiny,1302,move,accepted,moved,1,0.0098,0.0043,0.0036,0.0763,0.0026,0.0965
m1-server,tiny,1303,move,rejected,exit_unavailable,0,0.0097,0.0043,0.0013,0.0638,0.0022,0.0814
m1-server,tiny,1304,look,accepted,observed,0,0.0095,0.0035,0.0012,0.0776,0.0021,0.0939
m1-server,tiny,1305,wait,rejected,invalid_time,0,0.0095,0.0040,0.0013,0.0515,0.0020,0.0682
m1-server,tiny,1306,move,accepted,moved,1,0.0092,0.0044,0.0034,0.0634,0.0026,0.0830
m1-server,tiny,1307,activate,rejected,not_eligible,0,0.0093,0.0038,0.0012,0.0430,0.0018,0.0590
m1-server,tiny,1308,look,accepted,observed,0,0.0094,0.0033,0.0012,0.0540,0.0018,0.0698
m1-server,tiny,1309,look,accepted,observed,0,0.0090,0.0033,0.0013,0.0602,0.0022,0.0760
m1-server,tiny,1310,look,accepted,observed,0,0.0096,0.0036,0.0012,0.0488,0.0017,0.0649
m1-server,tiny,1311,wait,rejected,invalid_time,0,0.0104,0.0036,0.0013,0.0587,0.0018,0.0757
m1-server,tiny,1312,look,accepted,observed,0,0.0092,0.0033,0.0013,0.0463,0.0022,0.0622
m1-server,tiny,1313,look,accepted,observed,0,0.0098,0.0036,0.0012,0.0554,0.0019,0.0719
m1-server,tiny,1314,wait,rejected,invalid_time,0,0.0093,0.0036,0.0013,0.0435,0.0017,0.0594
m1-server,tiny,1315,take,rejected,not_present,0,0.0092,0.0035,0.0013,0.0542,0.0018,0.0699
m1-server,tiny,1316,wait,rejected,invalid_time,0,0.0093,0.0035,0.0012,0.0535,0.0022,0.0698
m1-server,tiny,1317,look,accepted,observed,0,0.0098,0.0036,0.0111,0.0613,0.0021,0.0879
m1-server,tiny,1318,look,accepted,observed,0,0.0096,0.0035,0.0013,0.0520,0.0023,0.0687
m1-server,tiny,1319,activate,rejected,not_eligible,0,0.0099,0.0038,0.0012,0.0500,0.0018,0.0666
m1-server,tiny,1320,look,accepted,observed,0,0.0096,0.0033,0.0012,0.0509,0.0021,0.0671
m1-server,tiny,1321,activate,rejected,not_eligible,0,0.0096,0.0038,0.0012,0.0462,0.0017,0.0625
m1-server,tiny,1322,look,accepted,observed,0,0.0094,0.0033,0.0012,0.0538,0.0021,0.0697
m1-server,tiny,1323,look,accepted,observed,0,0.0095,0.0036,0.0012,0.0454,0.0018,0.0615
m1-server,tiny,1324,move,accepted,moved,1,0.0093,0.0041,0.0035,0.0606,0.0023,0.0798
m1-server,tiny,1325,look,accepted,observed,0,0.0092,0.0033,0.0012,0.0628,0.0022,0.0787
m1-server,tiny,1326,wait,rejected,invalid_time,0,0.0095,0.0040,0.0012,0.0588,0.0018,0.0753
m1-server,tiny,1327,look,accepted,observed,0,0.0097,0.0033,0.0012,0.0538,0.0017,0.0697
m1-server,tiny,1328,wait,rejected,invalid_time,0,0.0091,0.0036,0.0012,0.0723,0.0017,0.0880
m1-server,tiny,1329,look,accepted,observed,0,0.0089,0.0033,0.0013,0.0660,0.0016,0.0810
m1-server,tiny,1330,look,accepted,observed,0,0.0089,0.0032,0.0012,0.0589,0.0018,0.0739
m1-server,tiny,1331,look,accepted,observed,0,0.0092,0.0032,0.0013,0.0533,0.0022,0.0691
m1-server,tiny,1332,take,rejected,not_present,0,0.0099,0.0039,0.0013,0.0548,0.0018,0.0716
m1-server,tiny,1333,move,accepted,moved,1,0.0095,0.0040,0.0034,0.0570,0.0026,0.0764
m1-server,tiny,1334,choose,rejected,invalid_choice,0,0.0094,0.0046,0.0013,0.0610,0.0018,0.0782
m1-server,tiny,1335,move,rejected,exit_unavailable,0,0.0093,0.0038,0.0013,0.0518,0.0018,0.0679
m1-server,tiny,1336,wait,rejected,invalid_time,0,0.0087,0.0035,0.0013,0.0465,0.0021,0.0620
m1-server,tiny,1337,move,accepted,moved,1,0.0095,0.0043,0.0035,0.0663,0.0025,0.0861
m1-server,tiny,1338,look,accepted,observed,0,0.0097,0.0036,0.0012,0.0517,0.0021,0.0684
m1-server,tiny,1339,look,accepted,observed,0,0.0095,0.0132,0.0013,0.0524,0.0018,0.0783
m1-server,tiny,1340,move,accepted,moved,1,0.0092,0.0041,0.0035,0.0634,0.0025,0.0826
m1-server,tiny,1341,move,accepted,moved,1,0.0098,0.0043,0.0035,0.0619,0.0022,0.0816
m1-server,tiny,1342,move,accepted,moved,1,0.0092,0.0039,0.0034,0.0570,0.0020,0.0755
m1-server,tiny,1343,look,accepted,observed,0,0.0087,0.0032,0.0012,0.0497,0.0017,0.0644
m1-server,tiny,1344,move,accepted,moved,1,0.0088,0.0037,0.0033,0.0568,0.0022,0.0747
m1-server,tiny,1345,move,accepted,moved,1,0.0087,0.0038,0.0033,0.0590,0.0021,0.0768
m1-server,tiny,1346,move,rejected,exit_unavailable,0,0.0090,0.0037,0.0013,0.0536,0.0023,0.0698
m1-server,tiny,1347,wait,rejected,invalid_time,0,0.0097,0.0040,0.0013,0.0538,0.0018,0.0707
m1-server,tiny,1348,look,accepted,observed,0,0.0091,0.0033,0.0013,0.0714,0.0022,0.0872
m1-server,tiny,1349,move,accepted,moved,1,0.0096,0.0043,0.0033,0.0578,0.0021,0.0772
m1-server,tiny,1350,look,accepted,observed,0,0.0091,0.0033,0.0013,0.0509,0.0018,0.0663
m1-server,tiny,1351,wait,rejected,invalid_time,0,0.0089,0.0035,0.0013,0.0446,0.0018,0.0600
m1-server,tiny,1352,talk,rejected,not_eligible,0,0.0092,0.0035,0.0011,0.0615,0.0018,0.0771
m1-server,tiny,1353,wait,rejected,invalid_time,0,0.0093,0.0035,0.0012,0.0528,0.0018,0.0686
m1-server,tiny,1354,move,accepted,moved,1,0.0091,0.0038,0.0034,0.0647,0.0021,0.0832
m1-server,tiny,1355,move,accepted,moved,1,0.0091,0.0040,0.0032,0.0569,0.0021,0.0753
m1-server,tiny,1356,close_choice,rejected,invalid_choice,0,0.0089,0.0034,0.0013,0.0482,0.0018,0.0634
m1-server,tiny,1357,talk,rejected,not_eligible,0,0.0087,0.0034,0.0012,0.0549,0.0112,0.0793
m1-server,tiny,1358,move,accepted,moved,1,0.0147,0.0042,0.0034,0.0718,0.0025,0.0966
m1-server,tiny,1359,choose,rejected,invalid_choice,0,0.0089,0.0045,0.0013,0.0563,0.0019,0.0730
m1-server,tiny,1360,move,accepted,moved,1,0.0090,0.0039,0.0033,0.0544,0.0026,0.0732
m1-server,tiny,1361,move,accepted,moved,1,0.0098,0.0045,0.0033,0.0633,0.0023,0.0833
m1-server,tiny,1362,move,rejected,exit_unavailable,0,0.0092,0.0038,0.0013,0.0573,0.0023,0.0740
m1-server,tiny,1363,move,accepted,moved,1,0.0094,0.0042,0.0034,1.8125,0.0030,1.8325
m1-server,tiny,1364,move,accepted,moved,1,0.0140,0.0061,0.0035,0.0637,0.0025,0.0897
m1-server,tiny,1365,move,rejected,exit_unavailable,0,0.0103,0.0045,0.0014,0.0525,0.0019,0.0705
m1-server,tiny,1366,move,accepted,moved,1,0.0093,0.0040,0.0035,0.0663,0.0023,0.0853
m1-server,tiny,1367,activate,rejected,not_eligible,0,0.0095,0.0033,0.0012,0.0500,0.0018,0.0659
m1-server,tiny,1368,talk,rejected,not_eligible,0,0.0091,0.0034,0.0012,0.0481,0.0017,0.0635
m1-server,tiny,1369,move,accepted,moved,1,0.0088,0.0038,0.0034,0.0632,0.0022,0.0814
m1-server,tiny,1370,activate,rejected,not_eligible,0,0.0093,0.0035,0.0012,0.0497,0.0024,0.0661
m1-server,tiny,1371,look,accepted,observed,0,0.0099,0.0038,0.0012,0.0526,0.0020,0.0695
m1-server,tiny,1372,look,accepted,observed,0,0.0093,0.0034,0.0012,0.0485,0.0021,0.0646
m1-server,tiny,1373,look,accepted,observed,0,0.0098,0.0036,0.0013,0.0699,0.0018,0.0864
m1-server,tiny,1374,move,accepted,moved,1,0.0094,0.0040,0.0034,0.0570,0.0022,0.0760
m1-server,tiny,1375,look,accepted,observed,0,0.0093,0.0033,0.0012,0.0501,0.0022,0.0661
m1-server,tiny,1376,move,accepted,moved,1,0.0099,0.0129,0.0033,0.0896,0.0026,0.1183
m1-server,tiny,1377,move,rejected,exit_unavailable,0,0.0095,0.0040,0.0013,0.0508,0.0019,0.0675
m1-server,tiny,1378,move,accepted,moved,1,0.0092,0.0041,0.0034,0.0615,0.0021,0.0803
m1-server,tiny,1379,wait,rejected,invalid_time,0,0.0094,0.0036,0.0013,0.0497,0.0016,0.0656
m1-server,tiny,1380,look,accepted,observed,0,0.0088,0.0031,0.0012,0.0522,0.0017,0.0669
m1-server,tiny,1381,look,accepted,observed,0,0.0087,0.0032,0.0011,0.0654,0.0023,0.0807
m1-server,tiny,1382,look,accepted,observed,0,0.0095,0.0037,0.0012,0.0524,0.0021,0.0688
m1-server,tiny,1383,move,accepted,moved,1,0.0092,0.0041,0.0032,0.0620,0.0021,0.0806
m1-server,tiny,1384,take,replayed,not_present,0,0.0131,0.0031,0.0001,0.0000,0.0016,0.0180
m1-server,tiny,1385,move,rejected,exit_unavailable,0,0.0072,0.0034,0.0013,0.0645,0.0022,0.0785
m1-server,tiny,1386,look,accepted,observed,0,0.0095,0.0035,0.0012,0.0496,0.0018,0.0655
m1-server,tiny,1387,take,rejected,not_present,0,0.0091,0.0035,0.0013,0.0503,0.0018,0.0660
m1-server,tiny,1388,look,accepted,observed,0,0.0090,0.0032,0.0013,0.0495,0.0017,0.0648
m1-server,tiny,1389,look,accepted,observed,0,0.0089,0.0032,0.0012,0.0509,0.0018,0.0660
m1-server,tiny,1390,wait,rejected,invalid_time,0,0.0090,0.0036,0.0012,0.0512,0.0021,0.0670
m1-server,tiny,1391,look,accepted,observed,0,0.0095,0.0036,0.0012,0.0521,0.0018,0.0682
m1-server,tiny,1392,choose,rejected,invalid_choice,0,0.0090,0.0041,0.0013,0.0523,0.0018,0.0685
m1-server,tiny,1393,move,accepted,moved,1,0.0095,0.0039,0.0034,0.0826,0.0022,0.1016
m1-server,tiny,1394,choose,rejected,invalid_choice,0,0.0093,0.0042,0.0013,0.0532,0.0023,0.0703
m1-server,tiny,1395,look,accepted,observed,0,0.0102,0.0036,0.0013,0.0545,0.0021,0.0716
m1-server,tiny,1396,move,accepted,moved,1,0.0104,0.0043,0.0121,0.0737,0.0023,0.1027
m1-server,tiny,1397,move,accepted,moved,1,0.0096,0.0040,0.0034,0.0606,0.0027,0.0804
m1-server,tiny,1398,look,accepted,observed,0,0.0098,0.0037,0.0013,0.0539,0.0020,0.0707
m1-server,tiny,1399,move,accepted,moved,1,0.0103,0.0042,0.0033,0.0563,0.0027,0.0768
m1-server,tiny,1400,take,rejected,not_present,0,0.0098,0.0038,0.0013,0.0538,0.0020,0.0708
m1-server,tiny,1401,take,rejected,not_present,0,0.0096,0.0037,0.0013,0.0482,0.0021,0.0649
m1-server,tiny,1402,wait,rejected,invalid_time,0,0.0095,0.0040,0.0012,0.0520,0.0018,0.0684
m1-server,tiny,1403,look,accepted,observed,0,0.0093,0.0033,0.0012,0.0550,0.0021,0.0709
m1-server,tiny,1404,look,accepted,observed,0,0.0103,0.0036,0.0013,0.0581,0.0018,0.0750
m1-server,tiny,1405,look,accepted,observed,0,0.0093,0.0033,0.0012,0.0438,0.0022,0.0598
m1-server,tiny,1406,look,accepted,observed,0,0.0098,0.0036,0.0013,0.0565,0.0022,0.0733
m1-server,tiny,1407,look,accepted,observed,0,0.0095,0.0036,0.0012,0.0507,0.0022,0.0673
m1-server,tiny,1408,wait,rejected,invalid_time,0,0.0099,0.0039,0.0012,0.0544,0.0018,0.0712
m1-server,tiny,1409,move,accepted,moved,1,0.0093,0.0042,0.0036,0.0645,0.0027,0.0843
m1-server,tiny,1410,move,accepted,moved,1,0.0097,0.0043,0.0034,0.0680,0.0021,0.0875
m1-server,tiny,1411,wait,rejected,invalid_time,0,0.0088,0.0035,0.0013,0.0500,0.0017,0.0654
m1-server,tiny,1412,move,accepted,moved,1,0.0087,0.0038,0.0032,0.0677,0.0020,0.0855
m1-server,tiny,1413,look,accepted,observed,0,0.0086,0.0031,0.0012,0.0531,0.0017,0.0677
m1-server,tiny,1414,wait,rejected,invalid_time,0,0.0087,0.0034,0.0013,0.0468,0.0017,0.0619
m1-server,tiny,1415,look,accepted,observed,0,0.0086,0.0031,0.0012,0.0497,0.0017,0.0643
m1-server,tiny,1416,talk,rejected,not_eligible,0,0.0087,0.0034,0.0013,0.0423,0.0023,0.0580
m1-server,tiny,1417,move,accepted,moved,1,0.0098,0.0165,0.0035,0.0687,0.0024,0.1007
m1-server,tiny,1418,look,accepted,observed,0,0.0096,0.0035,0.0012,0.0486,0.0016,0.0645
m1-server,tiny,1419,look,accepted,observed,0,0.0103,0.0031,0.0012,0.0589,0.0017,0.0751
m1-server,tiny,1420,look,accepted,observed,0,0.0094,0.0032,0.0012,0.0754,0.0022,0.0913
m1-server,tiny,1421,move,accepted,moved,1,0.0100,0.0044,0.0035,0.0656,0.0022,0.0856
m1-server,tiny,1422,move,accepted,moved,1,0.0093,0.0038,0.0034,0.0652,0.0022,0.0838
m1-server,tiny,1423,move,rejected,exit_unavailable,0,0.0089,0.0035,0.0013,0.0500,0.0019,0.0655
m1-server,tiny,1424,move,accepted,moved,1,0.0091,0.0037,0.0034,0.0648,0.0024,0.0834
m1-server,tiny,1425,look,accepted,observed,0,0.0094,0.0035,0.0012,0.0493,0.0018,0.0651
m1-server,tiny,1426,move,accepted,moved,1,0.0094,0.0040,0.0034,0.0613,0.0023,0.0802
m1-server,tiny,1427,move,accepted,moved,1,0.0092,0.0040,0.0034,0.0601,0.0021,0.0788
m1-server,tiny,1428,take,rejected,not_present,0,0.0092,0.0034,0.0013,0.0480,0.0018,0.0636
m1-server,tiny,1429,look,accepted,observed,0,0.0104,0.0032,0.0012,0.0538,0.0017,0.0702
m1-server,tiny,1430,look,accepted,observed,0,0.0093,0.0033,0.0012,0.0474,0.0023,0.0635
m1-server,tiny,1431,talk,rejected,not_eligible,0,0.0098,0.0040,0.0013,0.0551,0.0018,0.0720
m1-server,tiny,1432,look,accepted,observed,0,0.0093,0.0034,0.0013,0.0438,0.0018,0.0595
m1-server,tiny,1433,move,rejected,exit_unavailable,0,0.0092,0.0037,0.0013,0.0518,0.0018,0.0678
m1-server,tiny,1434,move,accepted,moved,1,0.0091,0.0040,0.0034,0.0636,0.0025,0.0825
m1-server,tiny,1435,move,accepted,moved,1,0.0096,0.0043,0.0034,0.0696,0.0109,0.0979
m1-server,tiny,1436,move,accepted,moved,1,0.0161,0.0045,0.0034,0.0610,0.0028,0.0878
m1-server,tiny,1437,look,accepted,observed,0,0.0098,0.0037,0.0013,0.0492,0.0018,0.0657
m1-server,tiny,1438,move,accepted,moved,1,0.0093,0.0040,0.0035,0.0659,0.0025,0.0851
m1-server,tiny,1439,move,rejected,exit_unavailable,0,0.0097,0.0041,0.0013,0.0451,0.0024,0.0626
m1-server,tiny,1440,move,accepted,moved,1,0.0098,0.0042,0.0034,0.0788,0.0024,0.0986
m1-server,tiny,1441,move,accepted,moved,1,0.0095,0.0043,0.0033,0.0659,0.0027,0.0858
m1-server,tiny,1442,look,accepted,observed,0,0.0097,0.0036,0.0012,0.0472,0.0018,0.0636
m1-server,tiny,1443,wait,rejected,invalid_time,0,0.0092,0.0036,0.0013,0.0533,0.0023,0.0697
m1-server,tiny,1444,move,rejected,exit_unavailable,0,0.0098,0.0040,0.0013,0.0435,0.0023,0.0608
m1-server,tiny,1445,talk,rejected,not_eligible,0,0.0095,0.0039,0.0012,0.0550,0.0019,0.0715
m1-server,tiny,1446,look,accepted,observed,0,0.0089,0.0034,0.0012,0.0517,0.0023,0.0675
m1-server,tiny,1447,look,accepted,observed,0,0.0095,0.0036,0.0012,0.0545,0.0022,0.0710
m1-server,tiny,1448,look,accepted,observed,0,0.0098,0.0036,0.0012,0.0448,0.0017,0.0611
m1-server,tiny,1449,choose,rejected,invalid_choice,0,0.0092,0.0044,0.0013,0.0540,0.0018,0.0707
m1-server,tiny,1450,talk,rejected,not_eligible,0,0.0093,0.0035,0.0013,0.0521,0.0018,0.0679
m1-server,tiny,1451,activate,rejected,not_eligible,0,0.0090,0.0035,0.0012,0.0650,0.0018,0.0805
m1-server,tiny,1452,look,accepted,observed,0,0.0091,0.0032,0.0012,0.0506,0.0017,0.0658
m1-server,tiny,1453,look,accepted,observed,0,0.0095,0.0033,0.0012,0.0524,0.0018,0.0681
m1-server,tiny,1454,move,accepted,moved,1,0.0092,0.0040,0.0035,0.0630,0.0025,0.0822
m1-server,tiny,1455,wait,rejected,invalid_time,0,0.0097,0.0040,0.0013,0.0686,0.0019,0.0856
m1-server,tiny,1456,drop,rejected,integrity_conflict,0,0.0220,0.0033,0.0001,0.0000,0.0016,0.0271
m1-server,tiny,1457,move,accepted,moved,1,0.0199,0.0045,0.0037,0.0725,0.0026,0.1032
m1-server,tiny,1458,talk,rejected,not_eligible,0,0.0155,0.0075,0.0018,0.0626,0.0024,0.0900
m1-server,tiny,1459,look,accepted,observed,0,0.0100,0.0039,0.0013,0.0549,0.0023,0.0723
m1-server,tiny,1460,wait,rejected,invalid_time,0,0.0098,0.0041,0.0013,0.0500,0.0018,0.0671
m1-server,tiny,1461,move,rejected,exit_unavailable,0,0.0093,0.0039,0.0013,0.0615,0.0023,0.0783
m1-server,tiny,1462,take,replayed,not_present,0,0.0132,0.0034,0.0001,0.0000,0.0017,0.0185
m1-server,tiny,1463,take,rejected,not_present,0,0.0073,0.0033,0.0013,0.0543,0.0022,0.0685
m1-server,tiny,1464,move,accepted,moved,1,0.0098,0.0043,0.0037,0.0609,0.0023,0.0809
m1-server,tiny,1465,wait,rejected,invalid_time,0,0.0092,0.0037,0.0013,0.0545,0.0022,0.0707
m1-server,tiny,1466,move,accepted,moved,1,0.0105,0.0045,0.0034,0.0669,0.0022,0.0875
m1-server,tiny,1467,move,accepted,moved,1,0.0097,0.0040,0.0034,0.0580,0.0022,0.0773
m1-server,tiny,1468,choose,rejected,invalid_choice,0,0.0092,0.0043,0.0013,0.0678,0.0018,0.0844
m1-server,tiny,1469,talk,rejected,not_owned,0,0.0092,0.0036,0.0013,0.0461,0.0017,0.0619
m1-server,tiny,1470,activate,rejected,not_eligible,0,0.0093,0.0033,0.0013,0.0494,0.0023,0.0655
m1-server,tiny,1471,take,accepted,taken,1,0.0098,0.0041,0.0035,0.0560,0.0024,0.0758
m1-server,tiny,1472,look,accepted,observed,0,0.0094,0.0033,0.0013,0.0550,0.0018,0.0708
m1-server,tiny,1473,look,accepted,observed,0,0.0092,0.0033,0.0012,0.0529,0.0022,0.0687
m1-server,tiny,1474,look,accepted,observed,0,0.0098,0.0036,0.0013,0.0527,0.0021,0.0694
m1-server,tiny,1475,activate,rejected,not_eligible,0,0.0096,0.0039,0.0013,0.0472,0.0018,0.0638
m1-server,tiny,1476,drop,accepted,dropped,1,0.0092,0.0037,0.0141,0.0861,0.0029,0.1160
m1-server,tiny,1477,look,accepted,observed,0,0.0098,0.0037,0.0013,0.0478,0.0022,0.0646
m1-server,tiny,1478,look,accepted,observed,0,0.0096,0.0036,0.0013,0.0517,0.0021,0.0683
m1-server,tiny,1479,drop,replayed,dropped,0,0.0133,0.0035,0.0001,0.0000,0.0016,0.0185
m1-server,tiny,1480,move,accepted,moved,1,0.0074,0.0039,0.0034,0.0665,0.0021,0.0833
m1-server,tiny,1481,move,accepted,moved,1,0.0092,0.0040,0.0034,0.0808,0.0021,0.0995
m1-server,tiny,1482,wait,rejected,invalid_time,0,0.0089,0.0035,0.0012,0.0608,0.0018,0.0762
m1-server,tiny,1483,choose,rejected,stale_view,0,0.0086,0.0049,0.0013,0.0675,0.0018,0.0840
m1-server,tiny,1484,look,accepted,observed,0,0.0086,0.0033,0.0012,0.0518,0.0018,0.0667
m1-server,tiny,1485,move,rejected,exit_unavailable,0,0.0088,0.0035,0.0012,0.0510,0.0018,0.0663
m1-server,tiny,1486,wait,rejected,invalid_time,0,0.0087,0.0034,0.0013,0.0546,0.0017,0.0696
m1-server,tiny,1487,look,accepted,observed,0,0.0089,0.0031,0.0013,0.0526,0.0018,0.0677
m1-server,tiny,1488,move,rejected,exit_unavailable,0,0.0093,0.0036,0.0013,0.0840,0.0019,0.1001
m1-server,tiny,1489,move,accepted,moved,1,0.0094,0.0040,0.0034,0.0659,0.0022,0.0848
m1-server,tiny,1490,look,accepted,observed,0,0.0091,0.0033,0.0012,0.0549,0.0022,0.0707
m1-server,tiny,1491,wait,rejected,invalid_time,0,0.0095,0.0040,0.0013,0.0624,0.0022,0.0793
m1-server,tiny,1492,move,accepted,moved,1,0.0095,0.0042,0.0034,0.0795,0.0023,0.0989
m1-server,tiny,1493,look,accepted,observed,0,0.0093,0.0033,0.0013,0.0592,0.0018,0.0748
m1-server,tiny,1494,take,accepted,taken,1,0.0093,0.0039,0.0034,0.0608,0.0022,0.0796
m1-server,tiny,1495,look,accepted,observed,0,0.0088,0.0031,0.0012,0.0722,0.0022,0.0875
m1-server,tiny,1496,look,accepted,observed,0,0.0095,0.0120,0.0013,0.0696,0.0021,0.0945
m1-server,tiny,1497,move,accepted,moved,1,0.0095,0.0043,0.0035,0.0890,0.0021,0.1084
m1-server,tiny,1498,move,accepted,moved,1,0.0095,0.0040,0.0035,0.0888,0.0021,0.1080
m1-server,tiny,1499,move,accepted,moved,1,0.0088,0.0038,0.0033,0.0588,0.0021,0.0768
m1-server,tiny,1500,move,rejected,exit_unavailable,0,0.0107,0.0047,0.0013,0.0525,0.0019,0.0712
m1-server,tiny,1501,take,replayed,not_present,0,0.0141,0.0032,0.0002,0.0000,0.0018,0.0193
m1-server,tiny,1502,talk,rejected,not_eligible,0,0.0076,0.0035,0.0012,0.0517,0.0019,0.0658
m1-server,tiny,1503,talk,rejected,not_eligible,0,0.0094,0.0036,0.0013,0.0516,0.0018,0.0677
m1-server,tiny,1504,look,accepted,observed,0,0.0093,0.0033,0.0012,0.0517,0.0023,0.0678
m1-server,tiny,1505,wait,rejected,invalid_time,0,0.0095,0.0040,0.0013,0.0554,0.0017,0.0718
m1-server,tiny,1506,move,accepted,moved,1,0.0089,0.0038,0.0033,0.0630,0.0021,0.0812
m1-server,tiny,1507,move,accepted,moved,1,0.0088,0.0038,0.0033,0.0599,0.0021,0.0779
m1-server,tiny,1508,look,accepted,observed,0,0.0089,0.0033,0.0012,0.0518,0.0017,0.0668
m1-server,tiny,1509,look,accepted,observed,0,0.0087,0.0032,0.0012,0.0505,0.0017,0.0653
m1-server,tiny,1510,look,accepted,observed,0,0.0086,0.0031,0.0011,0.0536,0.0021,0.0686
m1-server,tiny,1511,move,accepted,moved,1,0.0095,0.0043,0.0035,0.0618,0.0024,0.0814
m1-server,tiny,1512,take,replayed,taken,0,0.0128,0.0032,0.0001,0.0000,0.0015,0.0176
m1-server,tiny,1513,move,accepted,moved,1,0.0074,0.0036,0.0032,0.0583,0.0022,0.0748
m1-server,tiny,1514,take,replayed,not_present,0,0.0120,0.0030,0.0001,0.0000,0.0015,0.0167
m1-server,tiny,1515,look,accepted,observed,0,0.0198,0.0039,0.0013,0.0617,0.0020,0.0886
m1-server,tiny,1516,look,accepted,observed,0,0.0091,0.0035,0.0012,0.0603,0.0018,0.0759
m1-server,tiny,1517,move,accepted,moved,1,0.0089,0.0041,0.0033,0.0636,0.0021,0.0820
m1-server,tiny,1518,move,accepted,moved,1,0.0090,0.0040,0.0034,0.0615,0.0020,0.0799
m1-server,tiny,1519,look,accepted,observed,0,0.0088,0.0032,0.0012,0.0486,0.0017,0.0634
m1-server,tiny,1520,look,accepted,observed,0,0.0089,0.0031,0.0011,0.0498,0.0017,0.0646
m1-server,tiny,1521,look,accepted,observed,0,0.0088,0.0032,0.0011,0.0464,0.0023,0.0618
m1-server,tiny,1522,look,accepted,observed,0,0.0098,0.0038,0.0013,0.0497,0.0019,0.0663
m1-server,tiny,1523,move,accepted,moved,1,0.0093,0.0040,0.0035,0.0554,0.0023,0.0744
m1-server,tiny,1524,move,accepted,moved,1,0.0092,0.0040,0.0035,0.0619,0.0025,0.0811
m1-server,tiny,1525,move,accepted,moved,1,0.0095,0.0043,0.0037,0.0642,0.0020,0.0838
m1-server,tiny,1526,drop,accepted,dropped,1,0.0089,0.0036,0.0034,0.0621,0.0025,0.0804
m1-server,tiny,1527,move,accepted,moved,1,0.0093,0.0039,0.0034,0.0850,0.0027,0.1043
m1-server,tiny,1528,look,accepted,observed,0,0.0099,0.0037,0.0013,0.0544,0.0018,0.0710
m1-server,tiny,1529,look,accepted,observed,0,0.0092,0.0032,0.0012,0.0501,0.0022,0.0659
m1-server,tiny,1530,wait,rejected,invalid_time,0,0.0107,0.0040,0.0013,0.0546,0.0018,0.0724
m1-server,tiny,1531,move,accepted,moved,1,0.0096,0.0040,0.0035,0.0574,0.0021,0.0766
m1-server,tiny,1532,look,accepted,observed,0,0.0093,0.0033,0.0012,0.0513,0.0017,0.0667
m1-server,tiny,1533,talk,rejected,not_eligible,0,0.0091,0.0035,0.0013,0.0480,0.0101,0.0720
m1-server,tiny,1534,look,accepted,observed,0,0.0156,0.0036,0.0013,0.0663,0.0020,0.0887
m1-server,tiny,1535,look,accepted,observed,0,0.0091,0.0035,0.0012,0.0481,0.0022,0.0642
m1-server,tiny,1536,move,rejected,exit_unavailable,0,0.0098,0.0043,0.0014,0.0523,0.0019,0.0696
m1-server,tiny,1537,activate,rejected,not_eligible,0,0.0094,0.0035,0.0012,0.0440,0.0018,0.0598
m1-server,tiny,1538,take,rejected,not_present,0,0.0090,0.0035,0.0013,0.0549,0.0018,0.0704
m1-server,tiny,1539,move,accepted,moved,1,0.0092,0.0040,0.0035,0.0622,0.0023,0.0811
m1-server,tiny,1540,move,accepted,moved,1,0.0090,0.0040,0.0034,0.0710,0.0023,0.0896
m1-server,tiny,1541,take,replayed,not_present,0,0.0128,0.0030,0.0002,0.0000,0.0016,0.0176
m1-server,tiny,1542,move,accepted,moved,1,0.0070,0.0036,0.0033,0.0788,0.0025,0.0953
m1-server,tiny,1543,move,accepted,moved,1,0.0094,0.0042,0.0033,0.0610,0.0021,0.0800
m1-server,tiny,1544,move,accepted,moved,1,0.0089,0.0039,0.0033,0.0656,0.0021,0.0838
m1-server,tiny,1545,take,rejected,not_present,0,0.0089,0.0033,0.0012,0.0563,0.0018,0.0714
m1-server,tiny,1546,activate,rejected,not_eligible,0,0.0088,0.0033,0.0012,0.0509,0.0018,0.0660
m1-server,tiny,1547,move,accepted,moved,1,0.0092,0.0040,0.0034,0.0790,0.0021,0.0976
m1-server,tiny,1548,look,accepted,observed,0,0.0093,0.0033,0.0012,0.0473,0.0022,0.0632
m1-server,tiny,1549,look,accepted,observed,0,0.0100,0.0037,0.0013,0.0537,0.0019,0.0706
m1-server,tiny,1550,look,accepted,observed,0,0.0116,0.0034,0.0012,0.0564,0.0021,0.0748
m1-server,tiny,1551,move,accepted,moved,1,0.0098,0.0042,0.0033,0.0648,0.0021,0.0843
m1-server,tiny,1552,move,accepted,moved,1,0.0094,0.0039,0.0113,0.0683,0.0021,0.0949
m1-server,tiny,1553,look,accepted,observed,0,0.0094,0.0033,0.0013,0.0513,0.0018,0.0670
m1-server,tiny,1554,move,accepted,moved,1,0.0092,0.0039,0.0033,0.0636,0.0021,0.0820
m1-server,tiny,1555,look,accepted,observed,0,0.0090,0.0033,0.0012,0.0515,0.0017,0.0666
m1-server,tiny,1556,look,accepted,observed,0,0.0092,0.0031,0.0012,0.0514,0.0017,0.0665
m1-server,tiny,1557,talk,rejected,not_eligible,0,0.0089,0.0035,0.0013,0.0568,0.0018,0.0721
m1-server,tiny,1558,choose,rejected,invalid_choice,0,0.0092,0.0044,0.0013,0.0563,0.0024,0.0736
m1-server,tiny,1559,move,accepted,moved,1,0.0100,0.0045,0.0034,0.0615,0.0023,0.0817
m1-server,tiny,1560,take,rejected,not_present,0,0.0093,0.0037,0.0013,0.0514,0.0017,0.0673
m1-server,tiny,1561,move,accepted,moved,1,0.0090,0.0038,0.0033,0.0608,0.0020,0.0789
m1-server,tiny,1562,take,rejected,not_present,0,0.0088,0.0033,0.0013,0.0510,0.0017,0.0662
m1-server,tiny,1563,activate,rejected,not_eligible,0,0.0090,0.0032,0.0013,0.0504,0.0022,0.0660
m1-server,tiny,1564,move,accepted,moved,1,0.0094,0.0043,0.0033,0.0613,0.0024,0.0806
m1-server,tiny,1565,look,accepted,observed,0,0.0094,0.0034,0.0012,0.0512,0.0017,0.0668
m1-server,tiny,1566,move,accepted,moved,1,0.0091,0.0039,0.0033,0.0670,0.0021,0.0853
m1-server,tiny,1567,look,accepted,observed,0,0.0092,0.0033,0.0012,0.0677,0.0018,0.0832
m1-server,tiny,1568,look,accepted,observed,0,0.0092,0.0032,0.0012,0.0484,0.0021,0.0640
m1-server,tiny,1569,move,accepted,moved,1,0.0098,0.0043,0.0034,0.0629,0.0025,0.0829
m1-server,tiny,1570,look,accepted,observed,0,0.0095,0.0035,0.0012,0.0563,0.0017,0.0721
m1-server,tiny,1571,take,accepted,taken,1,0.0092,0.0036,0.0034,0.0588,0.0105,0.0855
m1-server,tiny,1572,close_choice,rejected,invalid_choice,0,0.0168,0.0040,0.0014,0.3472,0.0019,0.3712
m1-server,tiny,1573,activate,rejected,not_eligible,0,0.0085,0.0034,0.0012,0.0785,0.0023,0.0938
m1-server,tiny,1574,drop,accepted,dropped,1,0.0099,0.0043,0.0035,0.0899,0.0028,0.1104
m1-server,tiny,1575,take,accepted,taken,1,0.0100,0.0040,0.0034,0.0625,0.0023,0.0822
m1-server,tiny,1576,move,rejected,exit_unavailable,0,0.0094,0.0037,0.0013,0.0527,0.0018,0.0689
m1-server,tiny,1577,drop,rejected,integrity_conflict,0,0.0124,0.0030,0.0001,0.0000,0.0015,0.0171
m1-server,tiny,1578,move,rejected,exit_unavailable,0,0.0074,0.0033,0.0013,0.0506,0.0018,0.0645
m1-server,tiny,1579,wait,rejected,invalid_time,0,0.0092,0.0036,0.0013,0.0582,0.0018,0.0741
m1-server,tiny,1580,move,accepted,moved,1,0.0092,0.0040,0.0035,0.0634,0.0022,0.0822
m1-server,tiny,1581,look,accepted,observed,0,0.0090,0.0033,0.0012,0.0464,0.0022,0.0621
m1-server,tiny,1582,talk,rejected,not_eligible,0,0.0098,0.0041,0.0013,0.0568,0.0021,0.0741
m1-server,tiny,1583,activate,rejected,not_eligible,0,0.0097,0.0037,0.0013,0.0473,0.0017,0.0637
m1-server,tiny,1584,drop,accepted,dropped,1,0.0105,0.0036,0.0037,0.0638,0.0025,0.0840
m1-server,tiny,1585,activate,rejected,not_eligible,0,0.0093,0.0034,0.0012,0.0514,0.0023,0.0675
m1-server,tiny,1586,look,accepted,observed,0,0.0098,0.0037,0.0012,0.0541,0.0021,0.0708
m1-server,tiny,1587,close_choice,rejected,invalid_choice,0,0.0098,0.0036,0.0013,0.0489,0.0023,0.0658
m1-server,tiny,1588,move,rejected,exit_unavailable,0,0.0098,0.0041,0.0014,0.0572,0.0022,0.0747
m1-server,tiny,1589,drop,replayed,dropped,0,0.0129,0.0033,0.0001,0.0000,0.0017,0.0180
m1-server,tiny,1590,take,accepted,taken,1,0.0074,0.0035,0.0034,0.0652,0.0028,0.0823
m1-server,tiny,1591,wait,rejected,invalid_time,0,0.0096,0.0041,0.0013,0.0513,0.0104,0.0767
m1-server,tiny,1592,look,accepted,observed,0,0.0154,0.0039,0.0013,0.0569,0.0018,0.0794
m1-server,tiny,1593,move,rejected,exit_unavailable,0,0.0092,0.0038,0.0013,0.0551,0.0022,0.0715
m1-server,tiny,1594,look,accepted,observed,0,0.0098,0.0037,0.0013,0.0615,0.0018,0.0780
m1-server,tiny,1595,look,accepted,observed,0,0.0092,0.0034,0.0012,0.0535,0.0017,0.0690
m1-server,tiny,1596,wait,rejected,invalid_time,0,0.0089,0.0035,0.0012,0.0498,0.0018,0.0652
m1-server,tiny,1597,wait,rejected,invalid_time,0,0.0091,0.0035,0.0012,0.0560,0.0017,0.0716
m1-server,tiny,1598,move,accepted,moved,1,0.0105,0.0039,0.0034,0.0651,0.0022,0.0850
m1-server,tiny,1599,move,accepted,moved,1,0.0094,0.0038,0.0034,0.0664,0.0020,0.0851
m1-server,tiny,1600,look,accepted,observed,0,0.0090,0.0032,0.0012,0.0551,0.0017,0.0703
m1-server,tiny,1601,look,accepted,observed,0,0.0092,0.0032,0.0012,0.0551,0.0017,0.0703
m1-server,tiny,1602,choose,rejected,invalid_choice,0,0.0089,0.0042,0.0013,0.0533,0.0018,0.0694
m1-server,tiny,1603,talk,rejected,not_eligible,0,0.0090,0.0035,0.0012,0.0483,0.0017,0.0636
m1-server,tiny,1604,look,accepted,observed,0,0.0092,0.0031,0.0012,0.0548,0.0017,0.0700
m1-server,tiny,1605,wait,rejected,invalid_time,0,0.0092,0.0035,0.0012,0.0692,0.0018,0.0849
m1-server,tiny,1606,talk,rejected,not_eligible,0,0.0092,0.0035,0.0012,0.0490,0.0017,0.0645
m1-server,tiny,1607,move,rejected,exit_unavailable,0,0.0103,0.0035,0.0013,0.0528,0.0018,0.0698
m1-server,tiny,1608,look,accepted,observed,0,0.0093,0.0032,0.0012,0.0433,0.0022,0.0592
m1-server,tiny,1609,wait,rejected,invalid_time,0,0.0094,0.0041,0.0013,0.0561,0.0018,0.0727
m1-server,tiny,1610,look,accepted,observed,0,0.0093,0.0034,0.0012,0.0497,0.0021,0.0656
m1-server,tiny,1611,move,accepted,moved,1,0.0095,0.0043,0.0034,0.0613,0.0023,0.0806
m1-server,tiny,1612,move,accepted,moved,1,0.0097,0.0040,0.0035,0.0626,0.0135,0.0933
m1-server,tiny,1613,look,accepted,observed,0,0.0165,0.0040,0.0012,0.0476,0.0017,0.0710
m1-server,tiny,1614,choose,rejected,invalid_choice,0,0.0093,0.0042,0.0013,0.0635,0.0019,0.0802
m1-server,tiny,1615,look,accepted,observed,0,0.0093,0.0033,0.0013,0.0505,0.0023,0.0666
m1-server,tiny,1616,drop,accepted,dropped,1,0.0097,0.0041,0.0037,0.0612,0.0028,0.0816
m1-server,tiny,1617,choose,rejected,invalid_choice,0,0.0095,0.0045,0.0013,0.0524,0.0022,0.0698
m1-server,tiny,1618,look,accepted,observed,0,0.0098,0.0037,0.0013,0.0506,0.0017,0.0670
m1-server,tiny,1619,move,accepted,moved,1,0.0093,0.0040,0.0035,0.0723,0.0026,0.0916
m1-server,tiny,1620,take,rejected,not_present,0,0.0094,0.0038,0.0013,0.0532,0.0018,0.0694
m1-server,tiny,1621,look,accepted,observed,0,0.0094,0.0032,0.0012,0.0468,0.0016,0.0623
m1-server,tiny,1622,move,accepted,moved,1,0.0093,0.0039,0.0035,0.0717,0.0022,0.0905
m1-server,tiny,1623,move,accepted,moved,1,0.0094,0.0040,0.0035,0.0610,0.0022,0.0800
m1-server,tiny,1624,talk,rejected,not_owned,0,0.0093,0.0035,0.0013,0.0427,0.0022,0.0589
m1-server,tiny,1625,move,accepted,moved,1,0.0095,0.0043,0.0035,0.0635,0.0024,0.0833
m1-server,tiny,1626,move,accepted,moved,1,0.0096,0.0042,0.0034,0.0653,0.0021,0.0846
m1-server,tiny,1627,wait,rejected,invalid_time,0,0.0091,0.0036,0.0013,0.0617,0.0018,0.0774
m1-server,tiny,1628,move,rejected,exit_unavailable,0,0.0090,0.0035,0.0013,0.0524,0.0022,0.0683
m1-server,tiny,1629,move,accepted,moved,1,0.0099,0.0043,0.0035,0.0570,0.0023,0.0771
m1-server,tiny,1630,take,rejected,not_present,0,0.0093,0.0035,0.0013,0.0557,0.0018,0.0715
m1-server,tiny,1631,look,accepted,observed,0,0.0092,0.0033,0.0012,0.0469,0.0101,0.0707
m1-server,tiny,1632,look,accepted,observed,0,0.0155,0.0038,0.0012,0.0556,0.0018,0.0779
m1-server,tiny,1633,wait,rejected,invalid_time,0,0.0091,0.0038,0.0013,0.0438,0.0017,0.0596
m1-server,tiny,1634,look,accepted,observed,0,0.0091,0.0033,0.0012,0.0576,0.0021,0.0732
m1-server,tiny,1635,choose,rejected,invalid_choice,0,0.0098,0.0045,0.0013,0.0436,0.0021,0.0614
m1-server,tiny,1636,look,accepted,observed,0,0.0096,0.0035,0.0012,0.0530,0.0021,0.0694
m1-server,tiny,1637,move,rejected,exit_unavailable,0,0.0098,0.0040,0.0013,0.0665,0.0019,0.0834
m1-server,tiny,1638,move,accepted,moved,1,0.0090,0.0040,0.0034,0.0676,0.0022,0.0862
m1-server,tiny,1639,wait,rejected,invalid_time,0,0.0092,0.0036,0.0013,0.0567,0.0018,0.0725
m1-server,tiny,1640,take,rejected,not_present,0,0.0089,0.0033,0.0012,0.0508,0.0018,0.0659
m1-server,tiny,1641,move,accepted,moved,1,0.0089,0.0037,0.0033,0.0646,0.0020,0.0825
m1-server,tiny,1642,look,accepted,observed,0,0.0091,0.0033,0.0011,0.0520,0.0017,0.0673
m1-server,tiny,1643,talk,rejected,not_eligible,0,0.0088,0.0033,0.0012,0.0761,0.0017,0.0911
m1-server,tiny,1644,look,accepted,observed,0,0.0088,0.0032,0.0011,0.0603,0.0021,0.0755
m1-server,tiny,1645,take,accepted,taken,1,0.0096,0.0040,0.0036,0.0638,0.0026,0.0836
m1-server,tiny,1646,talk,rejected,not_eligible,0,0.0094,0.0037,0.0012,0.0490,0.0017,0.0650
m1-server,tiny,1647,look,accepted,observed,0,0.0093,0.0033,0.0012,0.0536,0.0017,0.0690
m1-server,tiny,1648,look,accepted,observed,0,0.0103,0.0032,0.0012,0.0581,0.0017,0.0745
m1-server,tiny,1649,wait,rejected,invalid_time,0,0.0093,0.0036,0.0012,0.0551,0.0022,0.0714
m1-server,tiny,1650,move,accepted,moved,1,0.0097,0.0043,0.0034,0.0623,0.0024,0.0822
m1-server,tiny,1651,move,accepted,moved,1,0.0097,0.0043,0.0035,0.0645,0.0021,0.0841
m1-server,tiny,1652,look,accepted,observed,0,0.0090,0.0115,0.0013,0.0584,0.0018,0.0820
m1-server,tiny,1653,drop,accepted,dropped,1,0.0094,0.0038,0.0036,0.0637,0.0024,0.0830
m1-server,tiny,1654,look,accepted,observed,0,0.0092,0.0033,0.0013,0.0545,0.0017,0.0700
m1-server,tiny,1655,wait,rejected,invalid_time,0,0.0093,0.0035,0.0013,0.0673,0.0021,0.0835
m1-server,tiny,1656,take,accepted,taken,1,0.0096,0.0041,0.0035,0.0613,0.0024,0.0809
m1-server,tiny,1657,move,accepted,moved,1,0.0089,0.0039,0.0034,0.0568,0.0024,0.0753
m1-server,tiny,1658,move,accepted,moved,1,0.0093,0.0041,0.0033,0.0532,0.0028,0.0726
m1-server,tiny,1659,wait,rejected,invalid_time,0,0.0095,0.0040,0.0013,0.0549,0.0021,0.0718
m1-server,tiny,1660,activate,rejected,not_eligible,0,0.0102,0.0037,0.0013,0.0484,0.0017,0.0652
m1-server,tiny,1661,look,accepted,observed,0,0.0092,0.0032,0.0013,0.0502,0.0018,0.0656
m1-server,tiny,1662,move,rejected,exit_unavailable,0,0.0097,0.0038,0.0013,0.0488,0.0022,0.0657
m1-server,tiny,1663,wait,rejected,invalid_time,0,0.0093,0.0039,0.0012,0.0730,0.0017,0.0892
m1-server,tiny,1664,take,replayed,not_present,0,0.0139,0.0033,0.0001,0.0000,0.0016,0.0190
m1-server,tiny,1665,close_choice,rejected,invalid_choice,0,0.0179,0.0033,0.0015,0.0516,0.0018,0.0762
m1-server,tiny,1666,look,accepted,observed,0,0.0092,0.0033,0.0012,0.0596,0.0021,0.0753
m1-server,tiny,1667,look,accepted,observed,0,0.0096,0.0035,0.0012,0.0533,0.0017,0.0694
m1-server,tiny,1668,move,accepted,moved,1,0.0087,0.0040,0.0034,0.0651,0.0021,0.0832
m1-server,tiny,1669,look,accepted,observed,0,0.0089,0.0030,0.0012,0.0518,0.0017,0.0665
m1-server,tiny,1670,drop,accepted,dropped,1,0.0088,0.0035,0.0034,0.0769,0.0024,0.0950
m1-server,tiny,1671,talk,rejected,not_eligible,0,0.0088,0.0033,0.0013,0.0615,0.0017,0.0765
m1-server,tiny,1672,choose,rejected,stale_view,0,0.0087,0.0120,0.0012,0.0656,0.0020,0.0896
m1-server,tiny,1673,look,accepted,observed,0,0.0095,0.0037,0.0012,0.0527,0.0018,0.0688
m1-server,tiny,1674,look,accepted,observed,0,0.0092,0.0033,0.0012,0.0445,0.0017,0.0599
m1-server,tiny,1675,take,accepted,taken,1,0.0093,0.0037,0.0034,0.0733,0.0025,0.0921
m1-server,tiny,1676,move,accepted,moved,1,0.0096,0.0044,0.0034,0.0793,0.0023,0.0990
m1-server,tiny,1677,look,accepted,observed,0,0.0092,0.0033,0.0012,0.0495,0.0017,0.0650
m1-server,tiny,1678,move,accepted,moved,1,0.0090,0.0039,0.0035,0.0706,0.0028,0.0898
m1-server,tiny,1679,look,accepted,observed,0,0.0099,0.0037,0.0013,0.0538,0.0018,0.0705
m1-server,tiny,1680,wait,rejected,invalid_time,0,0.0092,0.0037,0.0013,0.0773,0.0022,0.0936
m1-server,tiny,1681,look,accepted,observed,0,0.0097,0.0035,0.0012,0.0521,0.0023,0.0688
m1-server,tiny,1682,wait,rejected,invalid_time,0,0.0095,0.0039,0.0013,0.0660,0.0020,0.0827
m1-server,tiny,1683,look,accepted,observed,0,0.0098,0.0035,0.0012,0.0647,0.0018,0.0809
m1-server,tiny,1684,choose,rejected,invalid_choice,0,0.0092,0.0042,0.0013,0.0518,0.0018,0.0684
m1-server,tiny,1685,look,accepted,observed,0,0.0091,0.0033,0.0011,0.0698,0.0016,0.0850
m1-server,tiny,1686,move,accepted,moved,1,0.0090,0.0039,0.0033,0.0726,0.0021,0.0908
m1-server,tiny,1687,drop,rejected,integrity_conflict,0,0.0122,0.0030,0.0001,0.0000,0.0015,0.0168
m1-server,tiny,1688,move,accepted,moved,1,0.0074,0.0036,0.0033,0.0914,0.0025,0.1082
m1-server,tiny,1689,look,accepted,observed,0,0.0092,0.0035,0.0012,0.0513,0.0017,0.0669
m1-server,tiny,1690,wait,rejected,invalid_time,0,0.0091,0.0035,0.0012,0.0523,0.0020,0.0681
m1-server,tiny,1691,drop,accepted,dropped,1,0.0093,0.0062,0.0036,0.0625,0.0110,0.0926
m1-server,tiny,1692,move,rejected,exit_unavailable,0,0.0191,0.0051,0.0014,0.0582,0.0019,0.0857
m1-server,tiny,1693,look,accepted,observed,0,0.0104,0.0037,0.0013,0.0550,0.0017,0.0720
m1-server,tiny,1694,move,accepted,moved,1,0.0093,0.0040,0.0035,0.0648,0.0021,0.0838
m1-server,tiny,1695,look,accepted,observed,0,0.0093,0.0033,0.0012,0.0479,0.0021,0.0638
m1-server,tiny,1696,look,accepted,observed,0,0.0099,0.0036,0.0012,0.0633,0.0021,0.0801
m1-server,tiny,1697,activate,rejected,not_eligible,0,0.0093,0.0038,0.0013,0.0624,0.0018,0.0785
m1-server,tiny,1698,move,accepted,moved,1,0.0090,0.0040,0.0034,0.0623,0.0021,0.0808
m1-server,tiny,1699,move,accepted,moved,1,0.0087,0.0039,0.0033,0.0608,0.0020,0.0786
m1-server,tiny,1700,look,accepted,observed,0,0.0088,0.0032,0.0012,0.0517,0.0017,0.0665
m1-server,tiny,1701,take,replayed,not_present,0,0.0120,0.0030,0.0001,0.0000,0.0015,0.0166
m1-server,tiny,1702,take,rejected,not_present,0,0.0073,0.0031,0.0013,0.0495,0.0016,0.0627
m1-server,tiny,1703,look,accepted,observed,0,0.0088,0.0032,0.0012,0.0557,0.0021,0.0709
m1-server,tiny,1704,look,accepted,observed,0,0.0093,0.0036,0.0013,0.0496,0.0018,0.0655
m1-server,tiny,1705,choose,rejected,invalid_choice,0,0.0094,0.0046,0.0013,0.0558,0.0023,0.0733
m1-server,tiny,1706,activate,rejected,not_eligible,0,0.0096,0.0038,0.0013,0.0516,0.0017,0.0680
m1-server,tiny,1707,move,rejected,exit_unavailable,0,0.0092,0.0037,0.0013,0.0520,0.0023,0.0684
m1-server,tiny,1708,wait,rejected,invalid_time,0,0.0097,0.0041,0.0013,0.0481,0.0018,0.0650
m1-server,tiny,1709,move,accepted,moved,1,0.0093,0.0041,0.0035,0.0609,0.0025,0.0803
m1-server,tiny,1710,look,accepted,observed,0,0.0095,0.0036,0.0012,0.0556,0.0018,0.0716
m1-server,tiny,1711,activate,rejected,not_eligible,0,0.0093,0.0034,0.0013,0.0503,0.0023,0.0665
m1-server,tiny,1712,talk,rejected,not_owned,0,0.0094,0.0038,0.0012,0.0545,0.0106,0.0795
m1-server,tiny,1713,look,accepted,observed,0,0.0156,0.0038,0.0012,0.0595,0.0020,0.0822
m1-server,tiny,1714,drop,replayed,dropped,0,0.0135,0.0034,0.0001,0.0000,0.0015,0.0186
m1-server,tiny,1715,move,accepted,moved,1,0.0074,0.0040,0.0035,0.0620,0.0027,0.0795
m1-server,tiny,1716,look,accepted,observed,0,0.0095,0.0036,0.0012,0.0655,0.0018,0.0816
m1-server,tiny,1717,activate,rejected,not_eligible,0,0.0094,0.0035,0.0012,0.0514,0.0018,0.0672
m1-server,tiny,1718,wait,rejected,invalid_time,0,0.0088,0.0034,0.0012,0.0488,0.0016,0.0638
m1-server,tiny,1719,wait,rejected,invalid_time,0,0.0092,0.0034,0.0012,0.0515,0.0022,0.0675
m1-server,tiny,1720,wait,rejected,invalid_time,0,0.0098,0.0040,0.0013,0.0473,0.0018,0.0641
m1-server,tiny,1721,move,accepted,moved,1,0.0093,0.0040,0.0034,0.0616,0.0026,0.0808
m1-server,tiny,1722,look,accepted,observed,0,0.0097,0.0035,0.0012,0.0485,0.0017,0.0646
m1-server,tiny,1723,look,accepted,observed,0,0.0105,0.0031,0.0012,0.0678,0.0017,0.0843
m1-server,tiny,1724,choose,rejected,invalid_choice,0,0.0094,0.0041,0.0013,0.0493,0.0022,0.0663
m1-server,tiny,1725,choose,rejected,stale_view,0,0.0098,0.0052,0.0013,0.0521,0.0021,0.0705
m1-server,tiny,1726,move,rejected,exit_unavailable,0,0.0095,0.0040,0.0013,0.0660,0.0021,0.0829
m1-server,tiny,1727,activate,rejected,not_eligible,0,0.0095,0.0039,0.0013,0.0543,0.0018,0.0708
m1-server,tiny,1728,choose,rejected,invalid_choice,0,0.0092,0.0043,0.0013,0.0514,0.0018,0.0680
m1-server,tiny,1729,look,accepted,observed,0,0.0087,0.0032,0.0012,0.0492,0.0017,0.0639
m1-server,tiny,1730,look,accepted,observed,0,0.0090,0.0031,0.0012,0.0506,0.0016,0.0655
m1-server,tiny,1731,activate,rejected,not_eligible,0,0.0088,0.0033,0.0012,0.0532,0.0017,0.0683
m1-server,tiny,1732,look,accepted,observed,0,0.0089,0.0031,0.0012,0.0599,0.0020,0.0750
m1-server,tiny,1733,drop,replayed,dropped,0,0.0124,0.0032,0.0001,0.0000,0.0015,0.0173
m1-server,tiny,1734,move,accepted,moved,1,0.0088,0.0037,0.0113,0.0941,0.0025,0.1203
m1-server,tiny,1735,wait,rejected,invalid_time,0,0.0095,0.0040,0.0013,0.0527,0.0016,0.0690
m1-server,tiny,1736,move,accepted,moved,1,0.0105,0.0038,0.0035,0.0644,0.0022,0.0843
m1-server,tiny,1737,take,accepted,taken,1,0.0093,0.0036,0.0034,0.0600,0.0029,0.0793
m1-server,tiny,1738,wait,rejected,invalid_time,0,0.0098,0.0040,0.0013,0.0528,0.0020,0.0698
m1-server,tiny,1739,talk,accepted,choice_opened,1,0.0096,0.0045,0.0040,0.0645,0.0028,0.0853
m1-server,tiny,1740,look,accepted,observed,0,0.0092,0.0033,0.0012,0.0573,0.0018,0.0728
m1-server,tiny,1741,look,accepted,observed,0,0.0094,0.0033,0.0012,0.0523,0.0017,0.0679
m1-server,tiny,1742,move,accepted,moved,1,0.0088,0.0038,0.0036,0.0616,0.0021,0.0799
m1-server,tiny,1743,look,accepted,observed,0,0.0088,0.0031,0.0011,0.0531,0.0023,0.0684
m1-server,tiny,1744,activate,rejected,not_eligible,0,0.0102,0.0040,0.0013,0.0578,0.0021,0.0753
m1-server,tiny,1745,look,accepted,observed,0,0.0098,0.0035,0.0012,0.0527,0.0018,0.0689
m1-server,tiny,1746,activate,rejected,not_eligible,0,0.0090,0.0035,0.0013,0.0542,0.0018,0.0697
m1-server,tiny,1747,move,accepted,moved,1,0.0090,0.0039,0.0039,0.0603,0.0021,0.0793
m1-server,tiny,1748,move,accepted,moved,1,0.0088,0.0038,0.0034,0.0647,0.0021,0.0828
m1-server,tiny,1749,move,accepted,moved,1,0.0091,0.0038,0.0033,0.0688,0.0027,0.0877
m1-server,tiny,1750,drop,accepted,dropped,1,0.0203,0.0077,0.0053,0.0710,0.0028,0.1070
m1-server,tiny,1751,move,accepted,moved,1,0.0093,0.0043,0.0036,0.0587,0.0101,0.0860
m1-server,tiny,1752,move,accepted,moved,1,0.0156,0.0043,0.0036,0.0624,0.0029,0.0888
m1-server,tiny,1753,choose,rejected,not_owned,0,0.0098,0.0051,0.0013,0.0453,0.0018,0.0633
m1-server,tiny,1754,look,accepted,observed,0,0.0092,0.0033,0.0013,0.0563,0.0021,0.0722
m1-server,tiny,1755,talk,rejected,not_owned,0,0.0096,0.0039,0.0013,0.0646,0.0018,0.0813
m1-server,tiny,1756,move,accepted,moved,1,0.0093,0.0039,0.0036,0.0610,0.0026,0.0803
m1-server,tiny,1757,talk,rejected,not_eligible,0,0.0097,0.0040,0.0013,0.0473,0.0018,0.0641
m1-server,tiny,1758,look,accepted,observed,0,0.0093,0.0033,0.0012,0.0514,0.0021,0.0673
m1-server,tiny,1759,move,accepted,moved,1,0.0096,0.0042,0.0035,0.0558,0.0026,0.0757
m1-server,tiny,1760,take,rejected,not_present,0,0.0097,0.0038,0.0013,0.0537,0.0018,0.0703
m1-server,tiny,1761,move,rejected,exit_unavailable,0,0.0092,0.0038,0.0013,0.0640,0.0022,0.0805
m1-server,tiny,1762,move,accepted,moved,1,0.0097,0.0042,0.0035,0.0707,0.0022,0.0903
m1-server,tiny,1763,look,accepted,observed,0,0.0092,0.0033,0.0012,0.0572,0.0020,0.0729
m1-server,tiny,1764,look,accepted,observed,0,0.0097,0.0035,0.0012,0.0492,0.0017,0.0653
m1-server,tiny,1765,close_choice,accepted,choice_closed,1,0.0091,0.0038,0.0040,0.0642,0.0024,0.0835
m1-server,tiny,1766,wait,rejected,invalid_time,0,0.0093,0.0035,0.0013,0.0548,0.0022,0.0710
m1-server,tiny,1767,move,accepted,moved,1,0.0097,0.0042,0.0035,0.0613,0.0022,0.0809
m1-server,tiny,1768,take,rejected,not_present,0,0.0093,0.0035,0.0013,0.0578,0.0018,0.0738
m1-server,tiny,1769,look,accepted,observed,0,0.0090,0.0033,0.0013,0.0492,0.0017,0.0644
m1-server,tiny,1770,move,rejected,exit_unavailable,0,0.0091,0.0036,0.0013,0.0635,0.0022,0.0797
m1-server,tiny,1771,take,rejected,not_present,0,0.0099,0.0119,0.0013,0.0572,0.0019,0.0821
m1-server,tiny,1772,move,accepted,moved,1,0.0093,0.0041,0.0036,0.0634,0.0026,0.0830
m1-server,tiny,1773,look,accepted,observed,0,0.0098,0.0036,0.0013,0.0513,0.0018,0.0677
m1-server,tiny,1774,look,accepted,observed,0,0.0093,0.0033,0.0012,0.0630,0.0017,0.0785
m1-server,tiny,1775,move,accepted,moved,1,0.0090,0.0039,0.0035,0.0627,0.0022,0.0812
m1-server,tiny,1776,wait,rejected,invalid_time,0,0.0090,0.0035,0.0013,0.0536,0.0017,0.0691
m1-server,tiny,1777,move,accepted,moved,1,0.0089,0.0037,0.0034,0.0630,0.0021,0.0810
m1-server,tiny,1778,look,accepted,observed,0,0.0088,0.0031,0.0012,0.0510,0.0017,0.0658
m1-server,tiny,1779,move,accepted,moved,1,0.0092,0.0038,0.0034,0.0677,0.0026,0.0867
m1-server,tiny,1780,look,accepted,observed,0,0.0099,0.0037,0.0013,0.0515,0.0020,0.0683
m1-server,tiny,1781,wait,rejected,invalid_time,0,0.0092,0.0038,0.0013,0.0535,0.0018,0.0694
m1-server,tiny,1782,take,accepted,taken,1,0.0094,0.0038,0.0038,0.0618,0.0027,0.0814
m1-server,tiny,1783,look,accepted,observed,0,0.0093,0.0035,0.0012,0.0510,0.0017,0.0668
m1-server,tiny,1784,look,accepted,observed,0,0.0087,0.0031,0.0011,0.0548,0.0021,0.0698
m1-server,tiny,1785,move,accepted,moved,1,0.0098,0.0043,0.0035,0.0770,0.0021,0.0966
m1-server,tiny,1786,talk,rejected,not_eligible,0,0.0092,0.0034,0.0012,0.0563,0.0022,0.0723
m1-server,tiny,1787,move,accepted,moved,1,0.0095,0.0042,0.0035,0.0578,0.0021,0.0771
m1-server,tiny,1788,drop,accepted,dropped,1,0.0105,0.0035,0.0035,0.0654,0.0024,0.0853
m1-server,tiny,1789,wait,rejected,invalid_time,0,0.0095,0.0035,0.0013,0.0544,0.0102,0.0789
m1-server,tiny,1790,choose,rejected,stale_view,0,0.0157,0.0052,0.0013,0.0484,0.0021,0.0727
m1-server,tiny,1791,activate,rejected,not_eligible,0,0.0098,0.0039,0.0013,0.0521,0.0018,0.0688
m1-server,tiny,1792,talk,rejected,not_eligible,0,0.0093,0.0035,0.0013,0.0447,0.0017,0.0605
m1-server,tiny,1793,move,accepted,moved,1,0.0093,0.0041,0.0035,0.0620,0.0025,0.0814
m1-server,tiny,1794,wait,rejected,invalid_time,0,0.0096,0.0040,0.0013,0.0478,0.0021,0.0648
m1-server,tiny,1795,move,rejected,exit_unavailable,0,0.0096,0.0040,0.0013,0.0519,0.0019,0.0687
m1-server,tiny,1796,move,accepted,moved,1,0.0094,0.0040,0.0035,0.0654,0.0025,0.0849
m1-server,tiny,1797,close_choice,rejected,invalid_choice,0,0.0096,0.0039,0.0013,0.0533,0.0020,0.0700
m1-server,tiny,1798,take,rejected,not_present,0,0.0095,0.0035,0.0013,0.0550,0.0019,0.0710
m1-server,tiny,1799,look,accepted,observed,0,0.0091,0.0034,0.0012,0.0633,0.0018,0.0788
m1-server,tiny,1800,look,accepted,observed,0,0.0092,0.0033,0.0012,0.0460,0.0023,0.0620
m1-server,tiny,1801,look,accepted,observed,0,0.0096,0.0037,0.0013,0.0569,0.0018,0.0732
m1-server,tiny,1802,drop,replayed,dropped,0,0.0133,0.0032,0.0001,0.0000,0.0016,0.0182
m1-server,tiny,1803,move,rejected,exit_unavailable,0,0.0075,0.0036,0.0013,0.0439,0.0018,0.0581
m1-server,tiny,1804,look,accepted,observed,0,0.0092,0.0032,0.0012,0.0564,0.0017,0.0717
m1-server,tiny,1805,take,rejected,not_present,0,0.0090,0.0050,0.0013,0.0535,0.0022,0.0710
m1-server,tiny,1806,look,accepted,observed,0,0.0098,0.0035,0.0012,0.0587,0.0018,0.0749
m1-server,tiny,1807,look,accepted,observed,0,0.0093,0.0033,0.0012,0.0587,0.0018,0.0742
m1-server,tiny,1808,drop,rejected,integrity_conflict,0,0.0126,0.0030,0.0002,0.0000,0.0015,0.0174
m1-server,tiny,1809,look,accepted,observed,0,0.0075,0.0030,0.0012,0.0699,0.0017,0.0831
m1-server,tiny,1810,wait,rejected,invalid_time,0,0.0092,0.0035,0.0013,0.0565,0.0017,0.0722
m1-server,tiny,1811,look,accepted,observed,0,0.0092,0.0032,0.0013,0.0507,0.0018,0.0660
m1-server,tiny,1812,move,rejected,exit_unavailable,0,0.0153,0.0043,0.0013,0.0557,0.0022,0.0788
m1-server,tiny,1813,move,accepted,moved,1,0.0098,0.0044,0.0036,0.0618,0.0022,0.0818
m1-server,tiny,1814,move,rejected,exit_unavailable,0,0.0095,0.0038,0.0013,0.0440,0.0017,0.0603
m1-server,tiny,1815,choose,rejected,invalid_choice,0,0.0092,0.0042,0.0013,0.0548,0.0018,0.0712
m1-server,tiny,1816,talk,rejected,not_eligible,0,0.0093,0.0035,0.0013,0.0530,0.0018,0.0688
m1-server,tiny,1817,move,accepted,moved,1,0.0094,0.0040,0.0035,0.0650,0.0025,0.0844
m1-server,tiny,1818,wait,rejected,invalid_time,0,0.0096,0.0040,0.0013,0.0464,0.0020,0.0633
m1-server,tiny,1819,look,accepted,observed,0,0.0097,0.0035,0.0012,0.0539,0.0017,0.0700
m1-server,tiny,1820,wait,rejected,invalid_time,0,0.0093,0.0035,0.0013,0.0488,0.0021,0.0650
m1-server,tiny,1821,move,rejected,exit_unavailable,0,0.0096,0.0041,0.0013,0.0500,0.0021,0.0671
m1-server,tiny,1822,look,accepted,observed,0,0.0095,0.0036,0.0012,0.0522,0.0022,0.0687
m1-server,tiny,1823,move,accepted,moved,1,0.0095,0.0042,0.0035,0.0667,0.0022,0.0860
m1-server,tiny,1824,look,accepted,observed,0,0.0092,0.0034,0.0012,0.0519,0.0017,0.0674
m1-server,tiny,1825,move,accepted,moved,1,0.0093,0.0039,0.0034,0.0727,0.0021,0.0914
m1-server,tiny,1826,look,accepted,observed,0,0.0092,0.0033,0.0012,0.0606,0.0018,0.0762
m1-server,tiny,1827,wait,rejected,invalid_time,0,0.0093,0.0035,0.0013,0.0514,0.0023,0.0677
m1-server,tiny,1828,look,accepted,observed,0,0.0099,0.0037,0.0012,0.0539,0.0021,0.0707
m1-server,tiny,1829,talk,rejected,not_owned,0,0.0094,0.0040,0.0013,0.0620,0.0021,0.0788
m1-server,tiny,1830,move,accepted,moved,1,0.0097,0.0044,0.0035,0.0559,0.0023,0.0757
m1-server,tiny,1831,move,accepted,moved,1,0.0090,0.0042,0.0033,0.0600,0.0120,0.0886
m1-server,tiny,1832,choose,rejected,invalid_choice,0,0.0195,0.0052,0.0013,0.0688,0.0019,0.0968
m1-server,tiny,1833,take,rejected,not_present,0,0.0104,0.0038,0.0013,0.0615,0.0018,0.0788
m1-server,tiny,1834,move,accepted,moved,1,0.0094,0.0040,0.0035,0.0668,0.0027,0.0862
m1-server,tiny,1835,look,accepted,observed,0,0.0097,0.0037,0.0013,0.0515,0.0018,0.0680
m1-server,tiny,1836,move,accepted,moved,1,0.0093,0.0040,0.0036,0.0628,0.0025,0.0821
m1-server,tiny,1837,move,rejected,exit_unavailable,0,0.0095,0.0039,0.0013,0.0526,0.0018,0.0690
m1-server,tiny,1838,choose,rejected,invalid_choice,0,0.0090,0.0041,0.0013,0.0645,0.0018,0.0806
m1-server,tiny,1839,look,accepted,observed,0,0.0087,0.0032,0.0011,0.0474,0.0022,0.0626
m1-server,tiny,1840,take,accepted,taken,1,0.0096,0.0041,0.0037,0.0613,0.0024,0.0811
m1-server,tiny,1841,move,accepted,moved,1,0.0092,0.0041,0.0036,0.0635,0.0025,0.0828
m1-server,tiny,1842,move,accepted,moved,1,0.0096,0.0043,0.0035,0.0652,0.0027,0.0852
m1-server,tiny,1843,move,accepted,moved,1,0.0096,0.0043,0.0035,0.0548,0.0025,0.0747
m1-server,tiny,1844,look,accepted,observed,0,0.0094,0.0035,0.0012,0.0521,0.0020,0.0683
m1-server,tiny,1845,activate,rejected,not_eligible,0,0.0096,0.0038,0.0013,0.0523,0.0018,0.0688
m1-server,tiny,1846,look,accepted,observed,0,0.0094,0.0033,0.0012,0.0519,0.0021,0.0679
m1-server,tiny,1847,activate,rejected,not_eligible,0,0.0096,0.0038,0.0012,0.0549,0.0021,0.0716
m1-server,tiny,1848,choose,rejected,stale_view,0,0.0096,0.0049,0.0013,0.0663,0.0020,0.0841
m1-server,tiny,1849,look,accepted,observed,0,0.0094,0.0036,0.0012,0.0463,0.0021,0.0625
m1-server,tiny,1850,activate,rejected,not_eligible,0,0.0098,0.0037,0.0012,0.0496,0.0017,0.0661
m1-server,tiny,1851,drop,accepted,dropped,1,0.0093,0.0122,0.0038,0.0799,0.0028,0.1079
m1-server,tiny,1852,talk,rejected,not_eligible,0,0.0098,0.0038,0.0013,0.0530,0.0021,0.0699
m1-server,tiny,1853,look,accepted,observed,0,0.0098,0.0036,0.0013,0.0441,0.0016,0.0605
m1-server,tiny,1854,talk,rejected,not_eligible,0,0.0090,0.0035,0.0013,0.0561,0.0020,0.0719
m1-server,tiny,1855,wait,rejected,invalid_time,0,0.0095,0.0039,0.0012,0.0670,0.0018,0.0834
m1-server,tiny,1856,look,accepted,observed,0,0.0092,0.0033,0.0013,0.0524,0.0018,0.0679
m1-server,tiny,1857,look,accepted,observed,0,0.0104,0.0033,0.0012,0.0570,0.0017,0.0735
m1-server,tiny,1858,look,accepted,observed,0,0.0092,0.0032,0.0012,0.0538,0.0016,0.0690
m1-server,tiny,1859,look,accepted,observed,0,0.0090,0.0032,0.0012,0.0520,0.0017,0.0670
m1-server,tiny,1860,move,accepted,moved,1,0.0093,0.0039,0.0036,0.0765,0.0022,0.0954
m1-server,tiny,1861,talk,rejected,not_eligible,0,0.0092,0.0035,0.0012,0.0563,0.0017,0.0718
m1-server,tiny,1862,move,accepted,moved,1,0.0088,0.0038,0.0034,0.0639,0.0021,0.0820
m1-server,tiny,1863,look,accepted,observed,0,0.0087,0.0032,0.0011,0.0500,0.0017,0.0647
m1-server,tiny,1864,take,replayed,taken,0,0.0120,0.0029,0.0001,0.0000,0.0015,0.0165
m1-server,tiny,1865,move,accepted,moved,1,0.0072,0.0035,0.0033,0.0825,0.0021,0.0987
m1-server,tiny,1866,take,rejected,not_present,0,0.0090,0.0033,0.0013,0.0514,0.0017,0.0666
m1-server,tiny,1867,look,accepted,observed,0,0.0088,0.0030,0.0011,0.0572,0.0016,0.0718
m1-server,tiny,1868,activate,rejected,not_eligible,0,0.0088,0.0032,0.0012,0.0660,0.0016,0.0808
m1-server,tiny,1869,look,accepted,observed,0,0.0091,0.0030,0.0011,0.0514,0.0016,0.0663
m1-server,tiny,1870,drop,rejected,integrity_conflict,0,0.0119,0.0029,0.0002,0.0000,0.0015,0.0165
m1-server,tiny,1871,look,accepted,observed,0,0.0072,0.0029,0.0011,0.0559,0.0017,0.0688
m1-server,tiny,1872,talk,rejected,not_eligible,0,0.0089,0.0125,0.0012,0.1095,0.0019,0.1341
m1-server,tiny,1873,move,accepted,moved,1,0.0092,0.0043,0.0035,0.0897,0.0021,0.1088
m1-server,tiny,1874,move,accepted,moved,1,0.0092,0.0039,0.0035,0.0618,0.0020,0.0804
m1-server,tiny,1875,move,accepted,moved,1,0.0090,0.0038,0.0033,0.0613,0.0026,0.0800
m1-server,tiny,1876,talk,rejected,not_eligible,0,0.0097,0.0040,0.0012,0.0535,0.0021,0.0705
m1-server,tiny,1877,move,accepted,moved,1,0.0097,0.0041,0.0034,0.0609,0.0025,0.0806
m1-server,tiny,1878,look,accepted,observed,0,0.0097,0.0037,0.0013,0.0603,0.0020,0.0769
m1-server,tiny,1879,move,accepted,moved,1,0.0098,0.0041,0.0035,0.0645,0.0022,0.0841
m1-server,tiny,1880,move,accepted,moved,1,0.0092,0.0038,0.0034,0.0585,0.0028,0.0778
m1-server,tiny,1881,move,accepted,moved,1,0.0096,0.0045,0.0037,0.0639,0.0025,0.0842
m1-server,tiny,1882,wait,rejected,invalid_time,0,0.0095,0.0039,0.0013,0.0492,0.0017,0.0656
m1-server,tiny,1883,look,accepted,observed,0,0.0093,0.0031,0.0012,0.0511,0.0017,0.0663
m1-server,tiny,1884,move,rejected,exit_unavailable,0,0.0090,0.0037,0.0014,0.0514,0.0018,0.0673
m1-server,tiny,1885,move,accepted,moved,1,0.0090,0.0039,0.0034,0.0599,0.0021,0.0783
m1-server,tiny,1886,look,accepted,observed,0,0.0093,0.0031,0.0012,0.0533,0.0017,0.0686
m1-server,tiny,1887,wait,rejected,invalid_time,0,0.0088,0.0034,0.0012,0.0471,0.0022,0.0626
m1-server,tiny,1888,look,accepted,observed,0,0.0098,0.0036,0.0013,0.0542,0.0018,0.0706
m1-server,tiny,1889,move,accepted,moved,1,0.0092,0.0041,0.0037,0.0628,0.0025,0.0822
m1-server,tiny,1890,look,accepted,observed,0,0.0094,0.0119,0.0013,0.0578,0.0018,0.0822
m1-server,tiny,1891,move,accepted,moved,1,0.0091,0.0040,0.0035,0.0603,0.0026,0.0796
m1-server,tiny,1892,move,accepted,moved,1,0.0097,0.0045,0.0036,0.0612,0.0026,0.0816
m1-server,tiny,1893,wait,rejected,invalid_time,0,0.0095,0.0040,0.0013,0.0479,0.0021,0.0647
m1-server,tiny,1894,look,accepted,observed,0,0.0099,0.0037,0.0013,0.0566,0.0021,0.0736
m1-server,tiny,1895,choose,rejected,invalid_choice,0,0.0095,0.0049,0.0013,0.0438,0.0022,0.0616
m1-server,tiny,1896,look,accepted,observed,0,0.0096,0.0036,0.0012,0.0517,0.0017,0.0678
m1-server,tiny,1897,activate,rejected,not_eligible,0,0.0093,0.0036,0.0012,0.0486,0.0020,0.0647
m1-server,tiny,1898,move,rejected,exit_unavailable,0,0.0105,0.0042,0.0013,0.0563,0.0019,0.0742
m1-server,tiny,1899,move,rejected,exit_unavailable,0,0.0096,0.0036,0.0013,0.0545,0.0018,0.0708
m1-server,tiny,1900,move,accepted,moved,1,0.0090,0.0039,0.0034,0.0703,0.0021,0.0887
m1-server,tiny,1901,move,accepted,moved,1,0.0092,0.0039,0.0034,0.0662,0.0020,0.0847
m1-server,tiny,1902,move,accepted,moved,1,0.0088,0.0037,0.0033,0.0613,0.0021,0.0793
m1-server,tiny,1903,move,accepted,moved,1,0.0089,0.0038,0.0033,0.0795,0.0020,0.0975
m1-server,tiny,1904,look,accepted,observed,0,0.0086,0.0032,0.0012,0.0458,0.0021,0.0609
m1-server,tiny,1905,take,accepted,taken,1,0.0097,0.0042,0.0036,0.0635,0.0026,0.0836
m1-server,tiny,1906,look,accepted,observed,0,0.0093,0.0037,0.0013,0.0509,0.0022,0.0673
m1-server,tiny,1907,talk,rejected,not_eligible,0,0.0098,0.0038,0.0013,0.0535,0.0019,0.0703
m1-server,tiny,1908,look,accepted,observed,0,0.0098,0.0035,0.0013,0.0508,0.0018,0.0672
m1-server,tiny,1909,look,accepted,observed,0,0.0094,0.0132,0.0013,0.0494,0.0018,0.0750
m1-server,tiny,1910,move,accepted,moved,1,0.0093,0.0042,0.0035,0.0585,0.0025,0.0780
m1-server,tiny,1911,move,accepted,moved,1,0.0098,0.0043,0.0035,0.0602,0.0026,0.0803
m1-server,tiny,1912,look,accepted,observed,0,0.0098,0.0036,0.0013,0.0442,0.0017,0.0605
m1-server,tiny,1913,move,accepted,moved,1,0.0094,0.0040,0.0036,0.0600,0.0022,0.0791
m1-server,tiny,1914,move,accepted,moved,1,0.0091,0.0039,0.0035,0.0651,0.0025,0.0841
m1-server,tiny,1915,drop,rejected,integrity_conflict,0,0.0131,0.0034,0.0001,0.0000,0.0017,0.0183
m1-server,tiny,1916,look,accepted,observed,0,0.0080,0.0031,0.0013,0.0465,0.0021,0.0610
m1-server,tiny,1917,move,accepted,moved,1,0.0096,0.0057,0.0035,0.0590,0.0025,0.0803
m1-server,tiny,1918,look,accepted,observed,0,0.0099,0.0035,0.0012,0.0459,0.0021,0.0625
m1-server,tiny,1919,choose,rejected,invalid_choice,0,0.0097,0.0046,0.0013,0.0556,0.0018,0.0730
m1-server,tiny,1920,wait,rejected,invalid_time,0,0.0095,0.0036,0.0012,0.0552,0.0018,0.0712
m1-server,tiny,1921,move,accepted,moved,1,0.0092,0.0040,0.0034,0.0677,0.0025,0.0868
m1-server,tiny,1922,look,accepted,observed,0,0.0098,0.0035,0.0013,0.0519,0.0018,0.0682
m1-server,tiny,1923,look,accepted,observed,0,0.0094,0.0032,0.0012,0.0437,0.0021,0.0595
m1-server,tiny,1924,look,accepted,observed,0,0.0098,0.0036,0.0012,0.0543,0.0021,0.0709
m1-server,tiny,1925,wait,rejected,invalid_time,0,0.0098,0.0038,0.0013,0.0672,0.0018,0.0838
m1-server,tiny,1926,look,accepted,observed,0,0.0093,0.0031,0.0012,0.0453,0.0016,0.0605
m1-server,tiny,1927,wait,rejected,invalid_time,0,0.0104,0.0035,0.0013,0.0579,0.0018,0.0748
m1-server,tiny,1928,move,accepted,moved,1,0.0094,0.0040,0.0116,0.0741,0.0025,0.1015
m1-server,tiny,1929,move,accepted,moved,1,0.0097,0.0044,0.0035,0.0690,0.0026,0.0892
m1-server,tiny,1930,look,accepted,observed,0,0.0095,0.0035,0.0012,0.0513,0.0018,0.0672
m1-server,tiny,1931,wait,rejected,invalid_time,0,0.0093,0.0036,0.0012,0.0514,0.0017,0.0671
m1-server,tiny,1932,look,accepted,observed,0,0.0087,0.0031,0.0011,0.0505,0.0017,0.0651
m1-server,tiny,1933,move,accepted,moved,1,0.0092,0.0039,0.0035,0.0644,0.0020,0.0829
m1-server,tiny,1934,talk,accepted,choice_opened,1,0.0092,0.0040,0.0040,0.0666,0.0026,0.0863
m1-server,tiny,1935,talk,accepted,choice_opened,1,0.0091,0.0040,0.0038,0.0611,0.0022,0.0802
m1-server,tiny,1936,move,accepted,moved,1,0.0091,0.0038,0.0035,0.0552,0.0020,0.0737
m1-server,tiny,1937,move,accepted,moved,1,0.0089,0.0038,0.0034,0.0579,0.0021,0.0760
m1-server,tiny,1938,move,rejected,exit_unavailable,0,0.0088,0.0036,0.0012,0.0529,0.0022,0.0688
m1-server,tiny,1939,drop,accepted,dropped,1,0.0101,0.0041,0.0040,0.0556,0.0025,0.0764
m1-server,tiny,1940,wait,rejected,invalid_time,0,0.0094,0.0037,0.0012,0.0525,0.0018,0.0685
m1-server,tiny,1941,talk,rejected,not_owned,0,0.0094,0.0036,0.0013,0.0467,0.0018,0.0628
m1-server,tiny,1942,move,accepted,moved,1,0.0095,0.0039,0.0038,0.0626,0.0025,0.0823
m1-server,tiny,1943,choose,rejected,invalid_choice,0,0.0098,0.0047,0.0013,0.0515,0.0019,0.0691
m1-server,tiny,1944,look,accepted,observed,0,0.0093,0.0033,0.0013,0.0543,0.0018,0.0699
m1-server,tiny,1945,move,rejected,exit_unavailable,0,0.0091,0.0035,0.0012,0.0532,0.0018,0.0689
m1-server,tiny,1946,look,accepted,observed,0,0.0090,0.0032,0.0087,0.0671,0.0020,0.0900
m1-server,tiny,1947,look,accepted,observed,0,0.0095,0.0035,0.0012,0.0560,0.0018,0.0719
m1-server,tiny,1948,take,rejected,not_present,0,0.0093,0.0034,0.0013,0.0511,0.0018,0.0668
m1-server,tiny,1949,look,accepted,observed,0,0.0090,0.0031,0.0012,0.0524,0.0017,0.0674
m1-server,tiny,1950,move,accepted,moved,1,0.0089,0.0037,0.0036,0.0591,0.0020,0.0773
m1-server,tiny,1951,look,accepted,observed,0,0.0090,0.0031,0.0012,0.0534,0.0023,0.0688
m1-server,tiny,1952,activate,rejected,not_eligible,0,0.0099,0.0039,0.0013,0.0526,0.0018,0.0695
m1-server,tiny,1953,move,accepted,moved,1,0.0093,0.0041,0.0040,0.0650,0.0026,0.0850
m1-server,tiny,1954,look,accepted,observed,0,0.0098,0.0035,0.0013,0.0630,0.0019,0.0794
m1-server,tiny,1955,look,accepted,observed,0,0.0090,0.0031,0.0011,0.0514,0.0018,0.0664
m1-server,tiny,1956,look,accepted,observed,0,0.0088,0.0032,0.0011,0.0673,0.0017,0.0821
m1-server,tiny,1957,look,accepted,observed,0,0.0089,0.0031,0.0012,0.0502,0.0018,0.0650
m1-server,tiny,1958,look,accepted,observed,0,0.0092,0.0032,0.0012,0.0540,0.0023,0.0698
m1-server,tiny,1959,look,accepted,observed,0,0.0100,0.0037,0.0012,0.0555,0.0022,0.0725
m1-server,tiny,1960,look,accepted,observed,0,0.0103,0.0035,0.0012,0.0532,0.0018,0.0700
m1-server,tiny,1961,move,accepted,moved,1,0.0100,0.0040,0.0036,0.0668,0.0021,0.0866
m1-server,tiny,1962,drop,replayed,dropped,0,0.0125,0.0030,0.0001,0.0000,0.0016,0.0173
m1-server,tiny,1963,activate,rejected,not_eligible,0,0.0080,0.0032,0.0013,0.0454,0.0017,0.0595
m1-server,tiny,1964,look,accepted,observed,0,0.0095,0.0032,0.0012,0.0579,0.0017,0.0735
m1-server,tiny,1965,move,accepted,moved,1,0.0093,0.0040,0.0036,0.0548,0.0027,0.0745
m1-server,tiny,1966,look,accepted,observed,0,0.0099,0.0037,0.0012,0.0553,0.0021,0.0721
m1-server,tiny,1967,activate,rejected,not_eligible,0,0.0096,0.0037,0.0013,0.0427,0.0115,0.0689
m1-server,tiny,1968,move,accepted,moved,1,0.0169,0.0048,0.0039,0.3482,0.0024,0.3761
m1-server,tiny,1969,wait,rejected,invalid_time,0,0.0088,0.0038,0.0012,0.0771,0.0018,0.0925
m1-server,tiny,1970,look,accepted,observed,0,0.0178,0.0035,0.0012,0.0535,0.0017,0.0777
m1-server,tiny,1971,close_choice,accepted,choice_closed,1,0.0103,0.0039,0.0037,0.0649,0.0024,0.0852
m1-server,tiny,1972,move,accepted,moved,1,0.0094,0.0039,0.0035,0.0644,0.0021,0.0833
m1-server,tiny,1973,look,accepted,observed,0,0.0091,0.0031,0.0012,0.0570,0.0023,0.0727
m1-server,tiny,1974,activate,rejected,not_eligible,0,0.0101,0.0040,0.0013,0.0573,0.0020,0.0748
m1-server,tiny,1975,move,accepted,moved,1,0.0092,0.0043,0.0034,0.0625,0.0021,0.0815
m1-server,tiny,1976,move,accepted,moved,1,0.0089,0.0038,0.0033,0.0655,0.0020,0.0835
m1-server,tiny,1977,move,accepted,moved,1,0.0087,0.0039,0.0033,0.0615,0.0021,0.0795
m1-server,tiny,1978,move,accepted,moved,1,0.0090,0.0037,0.0032,0.0629,0.0020,0.0808
m1-server,tiny,1979,drop,replayed,dropped,0,0.0120,0.0030,0.0001,0.0000,0.0015,0.0167
m1-server,tiny,1980,move,accepted,moved,1,0.0072,0.0034,0.0032,0.0631,0.0020,0.0790
m1-server,tiny,1981,look,accepted,observed,0,0.0088,0.0031,0.0012,0.0837,0.0016,0.0984
m1-server,tiny,1982,move,accepted,moved,1,0.0087,0.0036,0.0032,0.0615,0.0025,0.0795
m1-server,tiny,1983,look,accepted,observed,0,0.0095,0.0037,0.0012,0.0540,0.0017,0.0702
m1-server,tiny,1984,drop,replayed,dropped,0,0.0131,0.0030,0.0002,0.0000,0.0016,0.0180
m1-server,tiny,1985,look,accepted,observed,0,0.0072,0.0107,0.0013,0.0610,0.0020,0.0822
m1-server,tiny,1986,move,accepted,moved,1,0.0094,0.0044,0.0036,0.0613,0.0022,0.0809
m1-server,tiny,1987,take,accepted,taken,1,0.0092,0.0039,0.0036,0.0635,0.0027,0.0829
m1-server,tiny,1988,look,accepted,observed,0,0.0097,0.0037,0.0013,0.0449,0.0021,0.0616
m1-server,tiny,1989,move,accepted,moved,1,0.0095,0.0044,0.0036,0.0643,0.0026,0.0844
m1-server,tiny,1990,move,accepted,moved,1,0.0095,0.0043,0.0034,0.0625,0.0021,0.0818
m1-server,tiny,1991,look,accepted,observed,0,0.0093,0.0033,0.0012,0.0463,0.0021,0.0622
m1-server,tiny,1992,move,accepted,moved,1,0.0100,0.0042,0.0035,0.0603,0.0025,0.0806
m1-server,tiny,1993,move,accepted,moved,1,0.0094,0.0043,0.0034,0.0625,0.0022,0.0818
m1-server,tiny,1994,look,accepted,observed,0,0.0092,0.0034,0.0013,0.0460,0.0018,0.0615
m1-server,tiny,1995,look,accepted,observed,0,0.0105,0.0031,0.0012,0.0543,0.0021,0.0712
m1-server,tiny,1996,wait,rejected,invalid_time,0,0.0099,0.0040,0.0013,0.0506,0.0023,0.0680
m1-server,tiny,1997,look,accepted,observed,0,0.0098,0.0035,0.0012,0.0485,0.0021,0.0650
m1-server,tiny,1998,wait,rejected,invalid_time,0,0.0095,0.0039,0.0013,0.0519,0.0022,0.0688
m1-server,tiny,1999,talk,accepted,choice_opened,1,0.0095,0.0042,0.0040,0.0622,0.0025,0.0824
m1-server,tiny,2000,move,accepted,moved,1,0.0107,0.0048,0.0040,0.0879,0.0023,0.1097
m1-server,tiny,2001,look,accepted,observed,0,0.0095,0.0034,0.0013,0.0492,0.0018,0.0651
m1-server,tiny,2002,move,accepted,moved,1,0.0093,0.0039,0.0037,0.0635,0.0025,0.0828
m1-server,tiny,2003,move,accepted,moved,1,0.0096,0.0127,0.0036,0.0948,0.0023,0.1231
m1-server,tiny,2004,move,accepted,moved,1,0.0094,0.0042,0.0036,0.0627,0.0020,0.0819
m1-server,tiny,2005,wait,rejected,invalid_time,0,0.0092,0.0037,0.0013,0.0565,0.0018,0.0725
m1-server,tiny,2006,close_choice,accepted,choice_closed,1,0.0092,0.0038,0.0035,0.0627,0.0022,0.0814
m1-server,tiny,2007,move,accepted,moved,1,0.0087,0.0038,0.0031,0.0660,0.0021,0.0836
m1-server,tiny,2008,activate,rejected,not_eligible,0,0.0089,0.0033,0.0013,0.0570,0.0017,0.0722
m1-server,tiny,2009,move,accepted,moved,1,0.0088,0.0038,0.0032,0.0630,0.0020,0.0808
m1-server,tiny,2010,move,rejected,exit_unavailable,0,0.0088,0.0036,0.0013,0.0518,0.0018,0.0673
m1-server,tiny,2011,move,accepted,moved,1,0.0089,0.0037,0.0032,0.0599,0.0021,0.0778
m1-server,tiny,2012,look,accepted,observed,0,0.0088,0.0032,0.0012,0.0550,0.0017,0.0698
m1-server,tiny,2013,wait,rejected,invalid_time,0,0.0087,0.0034,0.0012,0.0513,0.0017,0.0662
m1-server,tiny,2014,move,accepted,moved,1,0.0088,0.0037,0.0032,0.0830,0.0026,0.1013
m1-server,tiny,2015,look,accepted,observed,0,0.0095,0.0036,0.0012,0.0496,0.0018,0.0657
m1-server,tiny,2016,wait,rejected,invalid_time,0,0.0093,0.0036,0.0013,0.0518,0.0018,0.0677
m1-server,tiny,2017,drop,accepted,dropped,1,0.0091,0.0038,0.0036,0.0606,0.0028,0.0800
m1-server,tiny,2018,take,accepted,taken,1,0.0098,0.0041,0.0034,0.0557,0.0027,0.0757
m1-server,tiny,2019,look,accepted,observed,0,0.0098,0.0036,0.0012,0.0547,0.0019,0.0712
m1-server,tiny,2020,move,accepted,moved,1,0.0093,0.0040,0.0035,0.0610,0.0115,0.0893
m1-server,tiny,2021,activate,rejected,not_eligible,0,0.0153,0.0042,0.0013,0.0453,0.0018,0.0680
m1-server,tiny,2022,look,accepted,observed,0,0.0090,0.0033,0.0012,0.0547,0.0018,0.0700
m1-server,tiny,2023,look,accepted,observed,0,0.0093,0.0033,0.0012,0.0470,0.0018,0.0625
m1-server,tiny,2024,look,accepted,observed,0,0.0092,0.0033,0.0012,0.0678,0.0022,0.0836
m1-server,tiny,2025,move,accepted,moved,1,0.0097,0.0043,0.0033,0.0615,0.0025,0.0813
m1-server,tiny,2026,choose,rejected,stale_view,0,0.0095,0.0051,0.0013,0.0520,0.0022,0.0700
m1-server,tiny,2027,look,accepted,observed,0,0.0093,0.0035,0.0012,0.0530,0.0018,0.0688
m1-server,tiny,2028,move,accepted,moved,1,0.0089,0.0038,0.0032,0.0598,0.0021,0.0777
m1-server,tiny,2029,drop,accepted,dropped,1,0.0087,0.0035,0.0035,0.0578,0.0023,0.0758
m1-server,tiny,2030,move,accepted,moved,1,0.0089,0.0037,0.0033,0.0556,0.0024,0.0738
m1-server,tiny,2031,look,accepted,observed,0,0.0093,0.0035,0.0012,0.0533,0.0022,0.0695
m1-server,tiny,2032,take,rejected,not_present,0,0.0097,0.0038,0.0013,0.0749,0.0018,0.0915
m1-server,tiny,2033,activate,rejected,not_eligible,0,0.0093,0.0035,0.0013,0.0460,0.0022,0.0622
m1-server,tiny,2034,move,accepted,moved,1,0.0097,0.0043,0.0036,0.0589,0.0024,0.0789
m1-server,tiny,2035,move,accepted,moved,1,0.0096,0.0041,0.0035,0.0612,0.0022,0.0806
m1-server,tiny,2036,wait,rejected,invalid_time,0,0.0090,0.0036,0.0013,0.0467,0.0020,0.0627
m1-server,tiny,2037,move,accepted,moved,1,0.0094,0.0043,0.0036,0.0639,0.0025,0.0837
m1-server,tiny,2038,move,accepted,moved,1,0.0096,0.0043,0.0034,0.0864,0.0021,0.1058
m1-server,tiny,2039,look,accepted,observed,0,0.0090,0.0105,0.0013,0.0668,0.0020,0.0895
m1-server,tiny,2040,move,accepted,moved,1,0.0097,0.0043,0.0035,0.0637,0.0025,0.0837
m1-server,tiny,2041,move,accepted,moved,1,0.0095,0.0042,0.0034,0.0644,0.0025,0.0840
m1-server,tiny,2042,look,accepted,observed,0,0.0098,0.0036,0.0012,0.0614,0.0021,0.0781
m1-server,tiny,2043,move,accepted,moved,1,0.0092,0.0040,0.0033,0.0639,0.0024,0.0827
m1-server,tiny,2044,move,accepted,moved,1,0.0094,0.0042,0.0035,0.0574,0.0021,0.0766
m1-server,tiny,2045,move,accepted,moved,1,0.0089,0.0039,0.0034,0.0833,0.0024,0.1019
m1-server,tiny,2046,look,accepted,observed,0,0.0093,0.0035,0.0012,0.0503,0.0018,0.0660
m1-server,tiny,2047,move,accepted,moved,1,0.0091,0.0038,0.0032,0.0597,0.0020,0.0778
m1-server,tiny,2048,look,accepted,observed,0,0.0098,0.0032,0.0012,0.0685,0.0020,0.0847
m1-server,tiny,2049,look,accepted,observed,0,0.0093,0.0035,0.0011,0.0812,0.0021,0.0972
m1-server,tiny,2050,take,rejected,not_present,0,0.0092,0.0036,0.0013,0.0566,0.0017,0.0723
m1-server,tiny,2051,move,accepted,moved,1,0.0088,0.0038,0.0033,0.0606,0.0020,0.0785
m1-server,tiny,2052,talk,rejected,not_eligible,0,0.0088,0.0034,0.0012,0.0525,0.0017,0.0677
m1-server,tiny,2053,move,rejected,exit_unavailable,0,0.0087,0.0035,0.0013,0.0488,0.0018,0.0640
m1-server,tiny,2054,look,accepted,observed,0,0.0091,0.0032,0.0013,0.0530,0.0017,0.0683
m1-server,tiny,2055,look,accepted,observed,0,0.0103,0.0031,0.0012,0.0531,0.0017,0.0695
m1-server,tiny,2056,move,accepted,moved,1,0.0093,0.0039,0.0033,0.0644,0.0025,0.0834
m1-server,tiny,2057,move,accepted,moved,1,0.0097,0.0044,0.0124,0.0784,0.0025,0.1074
m1-server,tiny,2058,look,accepted,observed,0,0.0098,0.0036,0.0013,0.0549,0.0018,0.0713
m1-server,tiny,2059,talk,rejected,not_eligible,0,0.0092,0.0035,0.0013,0.0505,0.0018,0.0662
m1-server,tiny,2060,look,accepted,observed,0,0.0090,0.0032,0.0012,0.0537,0.0020,0.0691
m1-server,tiny,2061,drop,replayed,dropped,0,0.0133,0.0033,0.0002,0.0000,0.0016,0.0184
m1-server,tiny,2062,move,rejected,exit_unavailable,0,0.0073,0.0035,0.0014,0.0493,0.0020,0.0634
m1-server,tiny,2063,talk,rejected,not_eligible,0,0.0093,0.0036,0.0013,0.0563,0.0021,0.0726
m1-server,tiny,2064,look,accepted,observed,0,0.0096,0.0035,0.0012,0.0522,0.0022,0.0687
m1-server,tiny,2065,move,accepted,moved,1,0.0097,0.0043,0.0035,0.0740,0.0022,0.0937
m1-server,tiny,2066,move,rejected,exit_unavailable,0,0.0091,0.0037,0.0013,0.0526,0.0020,0.0687
m1-server,tiny,2067,activate,rejected,not_eligible,0,0.0093,0.0035,0.0013,0.0504,0.0021,0.0665
m1-server,tiny,2068,move,accepted,moved,1,0.0104,0.0043,0.0034,0.0723,0.0023,0.0926
m1-server,tiny,2069,choose,rejected,invalid_choice,0,0.0095,0.0043,0.0013,0.0509,0.0019,0.0678
m1-server,tiny,2070,move,accepted,moved,1,0.0093,0.0039,0.0034,0.0703,0.0025,0.0894
m1-server,tiny,2071,take,rejected,not_present,0,0.0098,0.0037,0.0013,0.0563,0.0018,0.0727
m1-server,tiny,2072,wait,rejected,invalid_time,0,0.0190,0.0039,0.0013,0.0518,0.0017,0.0778
m1-server,tiny,2073,look,accepted,observed,0,0.0092,0.0033,0.0013,0.0548,0.0021,0.0707
m1-server,tiny,2074,look,accepted,observed,0,0.0097,0.0036,0.0012,0.0443,0.0018,0.0606
m1-server,tiny,2075,move,accepted,moved,1,0.0090,0.0040,0.0035,0.0666,0.0023,0.0852
m1-server,tiny,2076,move,accepted,moved,1,0.0094,0.0040,0.0035,0.0715,0.0025,0.0909
m1-server,tiny,2077,look,accepted,observed,0,0.0098,0.0127,0.0014,0.0600,0.0020,0.0860
m1-server,tiny,2078,move,accepted,moved,1,0.0097,0.0045,0.0035,0.0641,0.0026,0.0843
m1-server,tiny,2079,talk,rejected,not_eligible,0,0.0093,0.0038,0.0013,0.0465,0.0017,0.0627
m1-server,tiny,2080,look,accepted,observed,0,0.0105,0.0032,0.0012,0.0524,0.0020,0.0692
m1-server,tiny,2081,look,accepted,observed,0,0.0098,0.0036,0.0013,0.0490,0.0021,0.0658
m1-server,tiny,2082,wait,rejected,invalid_time,0,0.0098,0.0040,0.0013,0.0670,0.0018,0.0838
m1-server,tiny,2083,talk,rejected,not_eligible,0,0.0095,0.0034,0.0012,0.0625,0.0022,0.0788
m1-server,tiny,2084,move,accepted,moved,1,0.0096,0.0042,0.0034,0.0634,0.0024,0.0830
m1-server,tiny,2085,activate,rejected,not_eligible,0,0.0096,0.0037,0.0012,0.0528,0.0018,0.0690
m1-server,tiny,2086,talk,rejected,not_owned,0,0.0088,0.0034,0.0012,0.0566,0.0020,0.0720
m1-server,tiny,2087,wait,rejected,invalid_time,0,0.0096,0.0038,0.0013,0.0518,0.0020,0.0683
m1-server,tiny,2088,move,accepted,moved,1,0.0092,0.0042,0.0033,0.0605,0.0021,0.0793
m1-server,tiny,2089,look,accepted,observed,0,0.0087,0.0032,0.0012,0.0506,0.0017,0.0654
m1-server,tiny,2090,wait,rejected,invalid_time,0,0.0093,0.0034,0.0012,0.0516,0.0017,0.0671
m1-server,tiny,2091,wait,rejected,invalid_time,0,0.0086,0.0035,0.0011,0.0495,0.0017,0.0644
m1-server,tiny,2092,activate,rejected,not_eligible,0,0.0089,0.0033,0.0012,0.0553,0.0021,0.0708
m1-server,tiny,2093,look,accepted,observed,0,0.0094,0.0035,0.0012,0.0506,0.0018,0.0663
m1-server,tiny,2094,take,rejected,not_present,0,0.0088,0.0034,0.0012,0.0513,0.0017,0.0664
m1-server,tiny,2095,look,accepted,observed,0,0.0090,0.0032,0.0011,0.0531,0.0020,0.0684
m1-server,tiny,2096,wait,rejected,invalid_time,0,0.0093,0.0038,0.0012,0.0491,0.0017,0.0650
m1-server,tiny,2097,look,accepted,observed,0,0.0089,0.0031,0.0012,0.0488,0.0017,0.0638
m1-server,tiny,2098,take,rejected,not_present,0,0.0091,0.0034,0.0012,0.0512,0.0018,0.0667
m1-server,tiny,2099,activate,rejected,not_eligible,0,0.0090,0.0123,0.0013,0.0621,0.0018,0.0865
m1-server,tiny,2100,move,accepted,moved,1,0.0092,0.0042,0.0035,0.0604,0.0021,0.0793
m1-server,tiny,2101,look,accepted,observed,0,0.0091,0.0033,0.0012,0.0774,0.0018,0.0927
m1-server,tiny,2102,move,rejected,exit_unavailable,0,0.0092,0.0040,0.0013,0.0512,0.0018,0.0673
m1-server,tiny,2103,move,accepted,moved,1,0.0089,0.0036,0.0033,0.0646,0.0021,0.0825
m1-server,tiny,2104,talk,rejected,not_eligible,0,0.0087,0.0034,0.0011,0.0506,0.0016,0.0654
m1-server,tiny,2105,move,accepted,moved,1,0.0089,0.0038,0.0035,0.0602,0.0020,0.0784
m1-server,tiny,2106,move,accepted,moved,1,0.0087,0.0036,0.0034,0.0623,0.0020,0.0800
m1-server,tiny,2107,move,accepted,moved,1,0.0088,0.0036,0.0033,0.0583,0.0020,0.0760
m1-server,tiny,2108,look,accepted,observed,0,0.0087,0.0032,0.0012,0.0571,0.0017,0.0718
m1-server,tiny,2109,move,accepted,moved,1,0.0087,0.0037,0.0033,0.0600,0.0020,0.0776
m1-server,tiny,2110,talk,rejected,not_eligible,0,0.0090,0.0034,0.0012,0.0549,0.0016,0.0701
m1-server,tiny,2111,activate,rejected,not_eligible,0,0.0088,0.0033,0.0012,0.0504,0.0017,0.0653
m1-server,tiny,2112,look,accepted,observed,0,0.0087,0.0030,0.0012,0.0527,0.0017,0.0673
m1-server,tiny,2113,look,accepted,observed,0,0.0086,0.0030,0.0011,0.0487,0.0017,0.0632
m1-server,tiny,2114,move,accepted,moved,1,0.0092,0.0038,0.0035,0.0640,0.0021,0.0826
m1-server,tiny,2115,look,accepted,observed,0,0.0093,0.0033,0.0012,0.0538,0.0023,0.0700
m1-server,tiny,2116,move,accepted,moved,1,0.0100,0.0045,0.0036,0.0613,0.0025,0.0819
m1-server,tiny,2117,look,accepted,observed,0,0.0095,0.0035,0.0012,0.0514,0.0018,0.0674
m1-server,tiny,2118,move,rejected,exit_unavailable,0,0.0156,0.0041,0.0013,0.0531,0.0018,0.0759
m1-server,tiny,2119,look,accepted,observed,0,0.0092,0.0033,0.0012,0.0565,0.0017,0.0719
m1-server,tiny,2120,look,accepted,observed,0,0.0092,0.0032,0.0012,0.0525,0.0017,0.0678
m1-server,tiny,2121,look,accepted,observed,0,0.0093,0.0032,0.0012,0.0555,0.0016,0.0707
m1-server,tiny,2122,look,accepted,observed,0,0.0090,0.0030,0.0011,0.0508,0.0015,0.0655
m1-server,tiny,2123,look,accepted,observed,0,0.0087,0.0030,0.0011,0.0528,0.0016,0.0673
m1-server,tiny,2124,move,accepted,moved,1,0.0089,0.0037,0.0033,0.0602,0.0020,0.0781
m1-server,tiny,2125,wait,rejected,invalid_time,0,0.0089,0.0035,0.0012,0.0492,0.0018,0.0645
m1-server,tiny,2126,move,rejected,exit_unavailable,0,0.0090,0.0037,0.0013,0.0526,0.0018,0.0683
m1-server,tiny,2127,move,rejected,exit_unavailable,0,0.0103,0.0036,0.0013,0.0545,0.0018,0.0715
m1-server,tiny,2128,look,accepted,observed,0,0.0094,0.0032,0.0012,0.0565,0.0017,0.0720
m1-server,tiny,2129,look,accepted,observed,0,0.0091,0.0032,0.0012,0.0520,0.0017,0.0672
m1-server,tiny,2130,activate,rejected,not_eligible,0,0.0090,0.0033,0.0013,0.0560,0.0017,0.0712
m1-server,tiny,2131,move,accepted,moved,1,0.0087,0.0038,0.0033,0.0598,0.0020,0.0775
m1-server,tiny,2132,move,accepted,moved,1,0.0089,0.0038,0.0034,0.0766,0.0021,0.0947
m1-server,tiny,2133,move,accepted,moved,1,0.0090,0.0038,0.0032,0.0689,0.0020,0.0870
m1-server,tiny,2134,move,accepted,moved,1,0.0087,0.0037,0.0033,0.0594,0.0020,0.0771
m1-server,tiny,2135,look,accepted,observed,0,0.0089,0.0032,0.0013,0.0500,0.0016,0.0649
m1-server,tiny,2136,wait,rejected,invalid_time,0,0.0086,0.0034,0.0012,0.0513,0.0017,0.0662
m1-server,tiny,2137,wait,rejected,invalid_time,0,0.0089,0.0033,0.0012,0.0491,0.0017,0.0642
m1-server,tiny,2138,move,accepted,moved,1,0.0087,0.0037,0.0113,0.0775,0.0025,0.1036
m1-server,tiny,2139,look,accepted,observed,0,0.0090,0.0035,0.0012,0.0508,0.0017,0.0663
m1-server,tiny,2140,look,accepted,observed,0,0.0090,0.0032,0.0012,0.0522,0.0017,0.0672
m1-server,tiny,2141,take,rejected,not_present,0,0.0092,0.0034,0.0012,0.0566,0.0022,0.0725
m1-server,tiny,2142,move,accepted,moved,1,0.0096,0.0043,0.0034,0.0638,0.0024,0.0835
m1-server,tiny,2143,move,accepted,moved,1,0.0092,0.0040,0.0034,0.0716,0.0021,0.0903
m1-server,tiny,2144,look,accepted,observed,0,0.0086,0.0032,0.0011,0.0506,0.0017,0.0652
m1-server,tiny,2145,choose,rejected,invalid_choice,0,0.0086,0.0042,0.0013,0.0506,0.0018,0.0664
m1-server,tiny,2146,look,accepted,observed,0,0.0086,0.0032,0.0011,0.0587,0.0017,0.0733
m1-server,tiny,2147,move,accepted,moved,1,0.0087,0.0037,0.0032,0.0603,0.0020,0.0778
m1-server,tiny,2148,look,accepted,observed,0,0.0086,0.0031,0.0011,0.0499,0.0016,0.0643
m1-server,tiny,2149,drop,replayed,dropped,0,0.0123,0.0030,0.0001,0.0000,0.0015,0.0169
m1-server,tiny,2150,move,accepted,moved,1,0.0074,0.0035,0.0034,0.0661,0.0020,0.0823
m1-server,tiny,2151,close_choice,rejected,invalid_choice,0,0.0087,0.0034,0.0013,0.0570,0.0017,0.0720
m1-server,tiny,2152,move,accepted,moved,1,0.0087,0.0036,0.0033,0.0644,0.0020,0.0820
m1-server,tiny,2153,look,accepted,observed,0,0.0089,0.0031,0.0011,0.0418,0.0022,0.0571
m1-server,tiny,2154,move,accepted,moved,1,0.0099,0.0044,0.0035,0.0670,0.0024,0.0872
m1-server,tiny,2155,take,rejected,not_present,0,0.0096,0.0036,0.0013,0.0546,0.0018,0.0709
m1-server,tiny,2156,take,rejected,not_present,0,0.0101,0.0033,0.0013,0.0688,0.0022,0.0855
m1-server,tiny,2157,talk,rejected,not_eligible,0,0.0098,0.0040,0.0013,0.0728,0.0019,0.0897
m1-server,tiny,2158,move,accepted,moved,1,0.0096,0.0042,0.0035,0.0663,0.0025,0.0861
m1-server,tiny,2159,move,accepted,moved,1,0.0097,0.0043,0.0034,0.0695,0.0022,0.0891
m1-server,tiny,2160,move,accepted,moved,1,0.0092,0.0039,0.0035,0.0582,0.0021,0.0768
m1-server,tiny,2161,look,accepted,observed,0,0.0091,0.0032,0.0012,0.0529,0.0021,0.0684
m1-server,tiny,2162,look,accepted,observed,0,0.0098,0.0038,0.0013,0.0475,0.0018,0.0640
m1-server,tiny,2163,look,accepted,observed,0,0.0094,0.0033,0.0013,0.0543,0.0018,0.0700
m1-server,tiny,2164,look,accepted,observed,0,0.0092,0.0034,0.0012,0.0538,0.0022,0.0699
m1-server,tiny,2165,take,rejected,not_present,0,0.0098,0.0038,0.0013,0.0551,0.0018,0.0718
m1-server,tiny,2166,wait,rejected,invalid_time,0,0.0090,0.0036,0.0013,0.0506,0.0018,0.0662
m1-server,tiny,2167,move,accepted,moved,1,0.0094,0.0038,0.0033,0.0622,0.0020,0.0807
m1-server,tiny,2168,talk,rejected,not_eligible,0,0.0090,0.0033,0.0012,0.0529,0.0022,0.0686
m1-server,tiny,2169,look,accepted,observed,0,0.0095,0.0035,0.0012,0.0506,0.0018,0.0665
m1-server,tiny,2170,look,accepted,observed,0,0.0089,0.0032,0.0012,0.0520,0.0020,0.0672
m1-server,tiny,2171,move,accepted,moved,1,0.0091,0.0040,0.0033,0.0606,0.0021,0.0791
m1-server,tiny,2172,look,accepted,observed,0,0.0090,0.0031,0.0012,0.0572,0.0020,0.0724
m1-server,tiny,2173,look,accepted,observed,0,0.0096,0.0035,0.0012,0.0500,0.0017,0.0660
m1-server,tiny,2174,move,accepted,moved,1,0.0089,0.0039,0.0034,0.0835,0.0025,0.1021
m1-server,tiny,2175,look,accepted,observed,0,0.0093,0.0034,0.0011,0.0494,0.0018,0.0650
m1-server,tiny,2176,take,accepted,taken,1,0.0094,0.0036,0.0034,0.0616,0.0022,0.0803
m1-server,tiny,2177,look,accepted,observed,0,0.0093,0.0109,0.0013,0.0607,0.0021,0.0842
m1-server,tiny,2178,look,accepted,observed,0,0.0098,0.0036,0.0012,0.0523,0.0022,0.0692
m1-server,tiny,2179,look,accepted,observed,0,0.0100,0.0035,0.0012,0.0560,0.0017,0.0725
m1-server,tiny,2180,move,rejected,exit_unavailable,0,0.0097,0.0037,0.0014,0.0528,0.0023,0.0699
m1-server,tiny,2181,move,accepted,moved,1,0.0096,0.0043,0.0034,0.0618,0.0021,0.0812
m1-server,tiny,2182,choose,rejected,invalid_choice,0,0.0093,0.0043,0.0013,0.0518,0.0018,0.0685
m1-server,tiny,2183,look,accepted,observed,0,0.0090,0.0031,0.0011,0.0568,0.0020,0.0720
m1-server,tiny,2184,move,accepted,moved,1,0.0094,0.0042,0.0034,0.0695,0.0022,0.0886
m1-server,tiny,2185,drop,accepted,dropped,1,0.0089,0.0036,0.0035,0.0623,0.0024,0.0807
m1-server,tiny,2186,move,accepted,moved,1,0.0087,0.0038,0.0035,0.0602,0.0024,0.0786
m1-server,tiny,2187,look,accepted,observed,0,0.0093,0.0034,0.0012,0.0686,0.0020,0.0844
m1-server,tiny,2188,move,accepted,moved,1,0.0091,0.0041,0.0035,0.0596,0.0025,0.0788
m1-server,tiny,2189,move,accepted,moved,1,0.0093,0.0041,0.0035,0.0607,0.0021,0.0797
m1-server,tiny,2190,look,accepted,observed,0,0.0087,0.0031,0.0011,0.0549,0.0018,0.0696
m1-server,tiny,2191,talk,rejected,not_owned,0,0.0089,0.0033,0.0012,0.0503,0.0018,0.0655
m1-server,tiny,2192,talk,rejected,not_owned,0,0.0087,0.0033,0.0012,0.0548,0.0017,0.0697
m1-server,tiny,2193,drop,replayed,dropped,0,0.0121,0.0029,0.0001,0.0000,0.0015,0.0166
m1-server,tiny,2194,move,accepted,moved,1,0.0074,0.0035,0.0034,0.0635,0.0020,0.0799
m1-server,tiny,2195,talk,rejected,not_eligible,0,0.0088,0.0033,0.0013,0.0577,0.0018,0.0729
m1-server,tiny,2196,look,accepted,observed,0,0.0089,0.0105,0.0012,0.0701,0.0021,0.0928
m1-server,tiny,2197,look,accepted,observed,0,0.0097,0.0037,0.0013,0.0518,0.0018,0.0682
m1-server,tiny,2198,talk,rejected,not_eligible,0,0.0092,0.0036,0.0013,0.0517,0.0018,0.0675
m1-server,tiny,2199,look,accepted,observed,0,0.0093,0.0032,0.0012,0.0681,0.0018,0.0835
m1-server,tiny,2200,move,accepted,moved,1,0.0089,0.0037,0.0034,0.0676,0.0025,0.0860
m1-server,tiny,2201,look,accepted,observed,0,0.0093,0.0035,0.0012,0.0459,0.0021,0.0619
m1-server,tiny,2202,move,rejected,exit_unavailable,0,0.0098,0.0040,0.0014,0.0590,0.0018,0.0759
m1-server,tiny,2203,move,accepted,moved,1,0.0094,0.0039,0.0034,0.0581,0.0027,0.0775
m1-server,tiny,2204,look,accepted,observed,0,0.0095,0.0036,0.0012,0.0543,0.0018,0.0705
m1-server,tiny,2205,move,accepted,moved,1,0.0095,0.0043,0.0035,0.0585,0.0021,0.0780
m1-server,tiny,2206,look,accepted,observed,0,0.0087,0.0031,0.0011,0.0619,0.0018,0.0766
m1-server,tiny,2207,move,accepted,moved,1,0.0087,0.0038,0.0033,0.0586,0.0021,0.0765
m1-server,tiny,2208,look,accepted,observed,0,0.0087,0.0030,0.0012,0.0455,0.0022,0.0606
m1-server,tiny,2209,look,accepted,observed,0,0.0096,0.0037,0.0013,0.0570,0.0021,0.0737
m1-server,tiny,2210,look,accepted,observed,0,0.0095,0.0035,0.0012,0.0590,0.0018,0.0750
m1-server,tiny,2211,move,accepted,moved,1,0.0094,0.0039,0.0035,0.0576,0.0021,0.0765
m1-server,tiny,2212,look,accepted,observed,0,0.0092,0.0032,0.0012,0.0671,0.0016,0.0823
m1-server,tiny,2213,talk,rejected,not_owned,0,0.0088,0.0034,0.0012,0.0497,0.0017,0.0647
m1-server,tiny,2214,move,accepted,moved,1,0.0092,0.0039,0.0034,0.0643,0.0021,0.0829
m1-server,tiny,2215,look,accepted,observed,0,0.0090,0.0031,0.0012,0.0439,0.0021,0.0593
m1-server,tiny,2216,activate,rejected,not_eligible,0,0.0097,0.0115,0.0013,0.0754,0.0023,0.1001
m1-server,tiny,2217,look,accepted,observed,0,0.0099,0.0035,0.0012,0.0513,0.0022,0.0680
m1-server,tiny,2218,talk,rejected,not_eligible,0,0.0098,0.0039,0.0013,0.0565,0.0018,0.0733
m1-server,tiny,2219,wait,rejected,invalid_time,0,0.0092,0.0037,0.0012,0.0538,0.0018,0.0696
m1-server,tiny,2220,activate,rejected,not_eligible,0,0.0092,0.0035,0.0012,0.0655,0.0021,0.0815
m1-server,tiny,2221,choose,rejected,stale_view,0,0.0098,0.0050,0.0012,0.0517,0.0018,0.0695
m1-server,tiny,2222,look,accepted,observed,0,0.0103,0.0033,0.0012,0.0513,0.0021,0.0682
m1-server,tiny,2223,look,accepted,observed,0,0.0098,0.0035,0.0013,0.0708,0.0022,0.0877
m1-server,tiny,2224,talk,rejected,not_eligible,0,0.0096,0.0038,0.0013,0.0635,0.0018,0.0799
m1-server,tiny,2225,move,accepted,moved,1,0.0093,0.0040,0.0035,0.0893,0.0021,0.1081
m1-server,tiny,2226,look,accepted,observed,0,0.0091,0.0031,0.0011,0.0477,0.0022,0.0632
m1-server,tiny,2227,move,accepted,moved,1,0.0099,0.0043,0.0035,0.0566,0.0026,0.0770
m1-server,tiny,2228,look,accepted,observed,0,0.0095,0.0035,0.0012,0.0486,0.0020,0.0648
m1-server,tiny,2229,look,accepted,observed,0,0.0097,0.0037,0.0013,0.0444,0.0018,0.0607
m1-server,tiny,2230,take,accepted,taken,1,0.0091,0.0037,0.0036,0.0629,0.0028,0.0820
m1-server,tiny,2231,talk,rejected,not_eligible,0,0.0096,0.0037,0.0012,0.0581,0.0021,0.0747
m1-server,tiny,2232,wait,rejected,invalid_time,0,0.0096,0.0040,0.0013,0.0496,0.0018,0.0663
m1-server,tiny,2233,close_choice,rejected,invalid_choice,0,0.0089,0.0035,0.0013,0.0495,0.0018,0.0649
m1-server,tiny,2234,move,accepted,moved,1,0.0093,0.0040,0.0035,0.0555,0.0024,0.0747
m1-server,tiny,2235,wait,rejected,invalid_time,0,0.0093,0.0035,0.0013,0.0608,0.0021,0.0770
m1-server,tiny,2236,wait,rejected,invalid_time,0,0.0098,0.0040,0.0013,0.0536,0.0021,0.0707
m1-server,tiny,2237,move,accepted,moved,1,0.0094,0.0043,0.0137,0.0684,0.0025,0.0982
m1-server,tiny,2238,move,accepted,moved,1,0.0097,0.0042,0.0035,0.0577,0.0021,0.0772
m1-server,tiny,2239,choose,rejected,invalid_choice,0,0.0090,0.0043,0.0013,0.0568,0.0018,0.0732
m1-server,tiny,2240,wait,rejected,invalid_time,0,0.0090,0.0035,0.0013,0.0456,0.0021,0.0614
m1-server,tiny,2241,take,replayed,not_present,0,0.0140,0.0035,0.0001,0.0000,0.0016,0.0192
m1-server,tiny,2242,drop,accepted,dropped,1,0.0078,0.0035,0.0037,0.0605,0.0029,0.0783
m1-server,tiny,2243,look,accepted,observed,0,0.0094,0.0036,0.0012,0.0500,0.0022,0.0664
m1-server,tiny,2244,take,accepted,taken,1,0.0096,0.0041,0.0035,0.0556,0.0025,0.0753
m1-server,tiny,2245,move,accepted,moved,1,0.0089,0.0039,0.0034,0.0589,0.0023,0.0773
m1-server,tiny,2246,look,accepted,observed,0,0.0089,0.0032,0.0012,0.0556,0.0021,0.0710
m1-server,tiny,2247,drop,replayed,dropped,0,0.0132,0.0033,0.0001,0.0000,0.0016,0.0183
m1-server,tiny,2248,choose,rejected,stale_view,0,0.0075,0.0044,0.0013,0.0475,0.0023,0.0630
m1-server,tiny,2249,look,accepted,observed,0,0.0096,0.0035,0.0013,0.0518,0.0021,0.0683
m1-server,tiny,2250,look,accepted,observed,0,0.0124,0.0038,0.0013,0.0513,0.0020,0.0707
m1-server,tiny,2251,look,accepted,observed,0,0.0098,0.0037,0.0012,0.0520,0.0017,0.0685
m1-server,tiny,2252,talk,rejected,not_eligible,0,0.0091,0.0035,0.0013,0.0462,0.0022,0.0622
m1-server,tiny,2253,look,accepted,observed,0,0.0097,0.0035,0.0012,0.0522,0.0020,0.0685
m1-server,tiny,2254,look,accepted,observed,0,0.0093,0.0035,0.0012,0.0465,0.0022,0.0626
m1-server,tiny,2255,look,accepted,observed,0,0.0095,0.0035,0.0012,0.0557,0.0018,0.0718
m1-server,tiny,2256,move,accepted,moved,1,0.0092,0.0039,0.0037,0.0569,0.0025,0.0761
m1-server,tiny,2257,look,accepted,observed,0,0.0158,0.0039,0.0013,0.0498,0.0021,0.0729
m1-server,tiny,2258,move,accepted,moved,1,0.0095,0.0043,0.0035,0.0620,0.0025,0.0818
m1-server,tiny,2259,move,accepted,moved,1,0.0093,0.0043,0.0035,0.0564,0.0027,0.0762
m1-server,tiny,2260,move,accepted,moved,1,0.0096,0.0042,0.0034,0.0623,0.0024,0.0820
m1-server,tiny,2261,look,accepted,observed,0,0.0093,0.0034,0.0012,0.0555,0.0018,0.0712
m1-server,tiny,2262,drop,accepted,dropped,1,0.0089,0.0036,0.0037,0.0733,0.0028,0.0922
m1-server,tiny,2263,take,accepted,taken,1,0.0091,0.0039,0.0033,0.0606,0.0025,0.0794
m1-server,tiny,2264,move,accepted,moved,1,0.0091,0.0041,0.0033,0.0537,0.0025,0.0728
m1-server,tiny,2265,move,accepted,moved,1,0.0093,0.0042,0.0034,0.0643,0.0024,0.0836
m1-server,tiny,2266,move,accepted,moved,1,0.0094,0.0041,0.0033,0.0596,0.0021,0.0786
m1-server,tiny,2267,move,accepted,moved,1,0.0092,0.0040,0.0035,0.0606,0.0022,0.0795
m1-server,tiny,2268,look,accepted,observed,0,0.0091,0.0033,0.0012,0.0488,0.0022,0.0647
m1-server,tiny,2269,drop,rejected,integrity_conflict,0,0.0135,0.0035,0.0002,0.0000,0.0017,0.0189
m1-server,tiny,2270,move,accepted,moved,1,0.0077,0.0038,0.0033,0.0632,0.0025,0.0805
m1-server,tiny,2271,wait,rejected,invalid_time,0,0.0097,0.0039,0.0013,0.0449,0.0022,0.0620
m1-server,tiny,2272,look,accepted,observed,0,0.0095,0.0036,0.0013,0.0561,0.0022,0.0726
m1-server,tiny,2273,look,accepted,observed,0,0.0107,0.0035,0.0012,0.0469,0.0018,0.0642
m1-server,tiny,2274,look,accepted,observed,0,0.0098,0.0103,0.0014,0.0622,0.0018,0.0853
m1-server,tiny,2275,move,accepted,moved,1,0.0096,0.0043,0.0035,0.0646,0.0021,0.0841
m1-server,tiny,2276,move,accepted,moved,1,0.0092,0.0039,0.0034,0.0614,0.0020,0.0799
m1-server,tiny,2277,drop,accepted,dropped,1,0.0092,0.0036,0.0035,0.0804,0.0025,0.0992
m1-server,tiny,2278,choose,rejected,invalid_choice,0,0.0094,0.0043,0.0014,0.0463,0.0023,0.0637
m1-server,tiny,2279,move,accepted,moved,1,0.0096,0.0044,0.0036,0.0640,0.0024,0.0840
m1-server,tiny,2280,move,accepted,moved,1,0.0096,0.0042,0.0035,0.0608,0.0026,0.0807
m1-server,tiny,2281,look,accepted,observed,0,0.0095,0.0038,0.0013,0.0483,0.0018,0.0646
m1-server,tiny,2282,activate,rejected,not_eligible,0,0.0093,0.0036,0.0013,0.0548,0.0018,0.0707
m1-server,tiny,2283,look,accepted,observed,0,0.0090,0.0034,0.0012,0.0472,0.0017,0.0624
m1-server,tiny,2284,move,accepted,moved,1,0.0093,0.0040,0.0035,0.0613,0.0026,0.0807
m1-server,tiny,2285,choose,rejected,invalid_choice,0,0.0096,0.0046,0.0013,0.0522,0.0019,0.0697
m1-server,tiny,2286,look,accepted,observed,0,0.0092,0.0033,0.0012,0.0463,0.0018,0.0617
m1-server,tiny,2287,look,accepted,observed,0,0.0098,0.0032,0.0012,0.0560,0.0018,0.0720
m1-server,tiny,2288,move,rejected,exit_unavailable,0,0.0093,0.0038,0.0014,0.0606,0.0019,0.0770
m1-server,tiny,2289,move,accepted,moved,1,0.0092,0.0039,0.0035,0.0551,0.0027,0.0743
m1-server,tiny,2290,move,rejected,exit_unavailable,0,0.0098,0.0041,0.0014,0.0565,0.0022,0.0740
m1-server,tiny,2291,move,accepted,moved,1,0.0095,0.0041,0.0035,0.0655,0.0026,0.0852
m1-server,tiny,2292,move,accepted,moved,1,0.0097,0.0043,0.0118,0.0671,0.0025,0.0953
m1-server,tiny,2293,move,accepted,moved,1,0.0094,0.0042,0.0035,0.0555,0.0027,0.0753
m1-server,tiny,2294,move,accepted,moved,1,0.0098,0.0042,0.0035,0.0618,0.0026,0.0820
m1-server,tiny,2295,move,accepted,moved,1,0.0094,0.0041,0.0034,0.0594,0.0026,0.0788
m1-server,tiny,2296,choose,rejected,invalid_choice,0,0.0095,0.0048,0.0013,0.0440,0.0018,0.0614
m1-server,tiny,2297,look,accepted,observed,0,0.0090,0.0033,0.0012,0.0525,0.0018,0.0678
m1-server,tiny,2298,close_choice,rejected,invalid_choice,0,0.0091,0.0036,0.0013,0.0470,0.0018,0.0628
m1-server,tiny,2299,choose,rejected,stale_view,0,0.0092,0.0047,0.0013,0.0539,0.0018,0.0709
m1-server,tiny,2300,move,accepted,moved,1,0.0092,0.0040,0.0035,0.0589,0.0025,0.0781
m1-server,tiny,2301,wait,rejected,invalid_time,0,0.0096,0.0040,0.0013,0.0470,0.0018,0.0636
m1-server,tiny,2302,look,accepted,observed,0,0.0104,0.0033,0.0012,0.0565,0.0021,0.0734
m1-server,tiny,2303,look,accepted,observed,0,0.0098,0.0036,0.0013,0.0546,0.0018,0.0709
m1-server,tiny,2304,move,rejected,exit_unavailable,0,0.0095,0.0037,0.0013,0.0552,0.0018,0.0715
m1-server,tiny,2305,move,accepted,moved,1,0.0090,0.0039,0.0034,0.0552,0.0022,0.0737
m1-server,tiny,2306,look,accepted,observed,0,0.0090,0.0033,0.0012,0.0549,0.0017,0.0701
m1-server,tiny,2307,take,rejected,not_present,0,0.0094,0.0035,0.0013,0.0435,0.0017,0.0593
m1-server,tiny,2308,move,accepted,moved,1,0.0091,0.0038,0.0076,0.0806,0.0025,0.1037
m1-server,tiny,2309,close_choice,rejected,invalid_choice,0,0.0098,0.0039,0.0014,0.0548,0.0021,0.0720
m1-server,tiny,2310,move,accepted,moved,1,0.0089,0.0042,0.0034,0.0594,0.0106,0.0865
m1-server,tiny,2311,talk,rejected,not_eligible,0,0.0157,0.0040,0.0012,0.0558,0.0023,0.0791
m1-server,tiny,2312,look,accepted,observed,0,0.0103,0.0036,0.0012,0.0430,0.0017,0.0598
m1-server,tiny,2313,move,accepted,moved,1,0.0091,0.0038,0.0034,0.0680,0.0025,0.0869
m1-server,tiny,2314,talk,rejected,not_owned,0,0.0095,0.0039,0.0012,0.0516,0.0017,0.0679
m1-server,tiny,2315,take,rejected,not_present,0,0.0090,0.0035,0.0013,0.0494,0.0018,0.0649
m1-server,tiny,2316,move,accepted,moved,1,0.0090,0.0039,0.0034,0.0620,0.0022,0.0805
m1-server,tiny,2317,activate,rejected,not_eligible,0,0.0092,0.0034,0.0012,0.0528,0.0022,0.0688
m1-server,tiny,2318,take,rejected,not_present,0,0.0098,0.0040,0.0013,0.0490,0.0022,0.0663
m1-server,tiny,2319,activate,rejected,not_eligible,0,0.0101,0.0038,0.0012,0.0534,0.0018,0.0703
m1-server,tiny,2320,wait,rejected,invalid_time,0,0.0100,0.0037,0.0012,0.0595,0.0018,0.0762
m1-server,tiny,2321,look,accepted,observed,0,0.0095,0.0033,0.0012,0.0568,0.0017,0.0726
m1-server,tiny,2322,take,rejected,not_present,0,0.0088,0.0034,0.0013,0.0477,0.0022,0.0632
m1-server,tiny,2323,move,accepted,moved,1,0.0100,0.0043,0.0034,0.0643,0.0025,0.0844
m1-server,tiny,2324,close_choice,rejected,invalid_choice,0,0.0095,0.0038,0.0013,0.0466,0.0018,0.0629
m1-server,tiny,2325,move,accepted,moved,1,0.0102,0.0039,0.0034,0.0633,0.0025,0.0834
m1-server,tiny,2326,look,accepted,observed,0,0.0098,0.0036,0.0012,0.0539,0.0017,0.0702
m1-server,tiny,2327,wait,rejected,invalid_time,0,0.0094,0.0036,0.0013,0.0478,0.0018,0.0638
m1-server,tiny,2328,move,accepted,moved,1,0.0092,0.0039,0.0034,0.0619,0.0025,0.0809
m1-server,tiny,2329,take,rejected,not_present,0,0.0096,0.0038,0.0012,0.0478,0.0021,0.0644
m1-server,tiny,2330,look,accepted,observed,0,0.0098,0.0035,0.0012,0.0493,0.0018,0.0655
m1-server,tiny,2331,take,rejected,not_present,0,0.0092,0.0035,0.0094,0.0503,0.0018,0.0740
m1-server,tiny,2332,look,accepted,observed,0,0.0091,0.0035,0.0012,0.0664,0.0022,0.0823
m1-server,tiny,2333,move,rejected,exit_unavailable,0,0.0098,0.0042,0.0013,0.0518,0.0018,0.0688
m1-server,tiny,2334,look,accepted,observed,0,0.0092,0.0033,0.0012,0.0506,0.0021,0.0664
m1-server,tiny,2335,wait,rejected,invalid_time,0,0.0096,0.0040,0.0013,0.0493,0.0018,0.0660
m1-server,tiny,2336,move,accepted,moved,1,0.0092,0.0040,0.0034,0.0614,0.0022,0.0802
m1-server,tiny,2337,take,rejected,not_present,0,0.0093,0.0035,0.0012,0.0423,0.0017,0.0580
m1-server,tiny,2338,wait,rejected,invalid_time,0,0.0090,0.0035,0.0013,0.0584,0.0022,0.0744
m1-server,tiny,2339,talk,rejected,not_eligible,0,0.0095,0.0038,0.0012,0.0529,0.0021,0.0695
m1-server,tiny,2340,talk,rejected,not_eligible,0,0.0095,0.0038,0.0013,0.0468,0.0018,0.0631
m1-server,tiny,2341,look,accepted,observed,0,0.0093,0.0033,0.0012,0.0491,0.0018,0.0646
m1-server,tiny,2342,move,accepted,moved,1,0.0090,0.0038,0.0034,0.0606,0.0023,0.0791
m1-server,tiny,2343,move,accepted,moved,1,0.0094,0.0040,0.0035,0.0603,0.0023,0.0795
m1-server,tiny,2344,move,accepted,moved,1,0.0093,0.0039,0.0034,0.0618,0.0027,0.0810
m1-server,tiny,2345,look,accepted,observed,0,0.0098,0.0036,0.0012,0.0525,0.0018,0.0688
m1-server,tiny,2346,move,accepted,moved,1,0.0092,0.0040,0.0035,0.0561,0.0026,0.0755
m1-server,tiny,2347,look,accepted,observed,0,0.0097,0.0035,0.0013,0.0535,0.0020,0.0700
m1-server,tiny,2348,look,accepted,observed,0,0.0093,0.0033,0.0012,0.0441,0.0017,0.0595
m1-server,tiny,2349,activate,rejected,not_eligible,0,0.0090,0.0034,0.0013,0.0530,0.0022,0.0689
m1-server,tiny,2350,choose,rejected,stale_view,0,0.0098,0.0049,0.0013,0.3497,0.0020,0.3678
m1-server,tiny,2351,look,accepted,observed,0,0.0085,0.0035,0.0012,0.0743,0.0018,0.0894
m1-server,tiny,2352,look,accepted,observed,0,0.0158,0.0038,0.0012,0.0508,0.0021,0.0738
m1-server,tiny,2353,choose,rejected,invalid_choice,0,0.0098,0.0050,0.0013,0.0475,0.0019,0.0655
m1-server,tiny,2354,move,accepted,moved,1,0.0092,0.0040,0.0035,0.0620,0.0026,0.0813
m1-server,tiny,2355,wait,rejected,invalid_time,0,0.0098,0.0042,0.0013,0.0463,0.0021,0.0636
m1-server,tiny,2356,look,accepted,observed,0,0.0098,0.0036,0.0013,0.0563,0.0022,0.0731
m1-server,tiny,2357,move,accepted,moved,1,0.0096,0.0043,0.0035,0.0617,0.0022,0.0813
m1-server,tiny,2358,wait,rejected,invalid_time,0,0.0093,0.0037,0.0013,0.0466,0.0020,0.0628
m1-server,tiny,2359,look,accepted,observed,0,0.0098,0.0037,0.0012,0.0520,0.0021,0.0687
m1-server,tiny,2360,look,accepted,observed,0,0.0095,0.0036,0.0012,0.0476,0.0017,0.0635
m1-server,tiny,2361,look,accepted,observed,0,0.0102,0.0033,0.0012,0.0568,0.0020,0.0734
m1-server,tiny,2362,wait,rejected,invalid_time,0,0.0100,0.0041,0.0012,0.0473,0.0018,0.0644
m1-server,tiny,2363,talk,rejected,not_eligible,0,0.0092,0.0035,0.0012,0.0746,0.0018,0.0903
m1-server,tiny,2364,drop,replayed,dropped,0,0.0132,0.0031,0.0002,0.0000,0.0016,0.0180
m1-server,tiny,2365,look,accepted,observed,0,0.0076,0.0031,0.0012,0.0439,0.0017,0.0575
m1-server,tiny,2366,look,accepted,observed,0,0.0090,0.0032,0.0012,0.0551,0.0018,0.0702
m1-server,tiny,2367,move,accepted,moved,1,0.0093,0.0040,0.0033,0.0628,0.0026,0.0820
m1-server,tiny,2368,take,rejected,not_present,0,0.0098,0.0038,0.0013,0.0441,0.0021,0.0610
m1-server,tiny,2369,look,accepted,observed,0,0.0095,0.0035,0.0012,0.0520,0.0017,0.0679
m1-server,tiny,2370,look,accepted,observed,0,0.0091,0.0033,0.0012,0.0465,0.0017,0.0618
m1-server,tiny,2371,choose,rejected,stale_view,0,0.0090,0.0046,0.0013,0.0566,0.0023,0.0738
m1-server,tiny,2372,take,replayed,not_present,0,0.0135,0.0034,0.0001,0.0000,0.0016,0.0186
m1-server,tiny,2373,look,accepted,observed,0,0.0076,0.0031,0.0089,0.0484,0.0020,0.0700
m1-server,tiny,2374,talk,rejected,not_owned,0,0.0097,0.0039,0.0013,0.0645,0.0022,0.0814
m1-server,tiny,2375,move,accepted,moved,1,0.0097,0.0043,0.0035,0.0618,0.0022,0.0816
m1-server,tiny,2376,wait,rejected,invalid_time,0,0.0092,0.0036,0.0012,0.0495,0.0021,0.0657
m1-server,tiny,2377,take,rejected,not_present,0,0.0097,0.0038,0.0013,0.0441,0.0017,0.0605
m1-server,tiny,2378,look,accepted,observed,0,0.0092,0.0033,0.0012,0.0586,0.0021,0.0743
m1-server,tiny,2379,talk,rejected,not_eligible,0,0.0098,0.0039,0.0012,0.0515,0.0017,0.0681
m1-server,tiny,2380,look,accepted,observed,0,0.0097,0.0031,0.0012,0.0523,0.0021,0.0683
m1-server,tiny,2381,move,rejected,exit_unavailable,0,0.0098,0.0040,0.0014,0.0490,0.0022,0.0663
m1-server,tiny,2382,move,accepted,moved,1,0.0099,0.0043,0.0035,0.0615,0.0022,0.0813
m1-server,tiny,2383,choose,rejected,stale_view,0,0.0097,0.0046,0.0013,0.0505,0.0018,0.0678
m1-server,tiny,2384,move,accepted,moved,1,0.0091,0.0040,0.0036,0.0613,0.0022,0.0802
m1-server,tiny,2385,choose,rejected,invalid_choice,0,0.0093,0.0042,0.0013,0.0480,0.0018,0.0646
m1-server,tiny,2386,wait,rejected,invalid_time,0,0.0094,0.0035,0.0013,0.0459,0.0017,0.0617
m1-server,tiny,2387,talk,rejected,not_eligible,0,0.0090,0.0033,0.0013,0.0554,0.0021,0.0711
m1-server,tiny,2388,wait,rejected,invalid_time,0,0.0098,0.0040,0.0012,0.0671,0.0017,0.0838
m1-server,tiny,2389,look,accepted,observed,0,0.0092,0.0033,0.0012,0.0470,0.0018,0.0624
m1-server,tiny,2390,choose,rejected,invalid_choice,0,0.0092,0.0043,0.0013,0.0585,0.0022,0.0755
m1-server,tiny,2391,look,accepted,observed,0,0.0098,0.0036,0.0013,0.0514,0.0018,0.0678
m1-server,tiny,2392,look,accepted,observed,0,0.0092,0.0032,0.0012,0.0469,0.0021,0.0627
m1-server,tiny,2393,activate,rejected,not_eligible,0,0.0096,0.0038,0.0013,0.0493,0.0017,0.0656
m1-server,tiny,2394,wait,rejected,invalid_time,0,0.0092,0.0035,0.0012,0.0513,0.0113,0.0765
m1-server,tiny,2395,talk,rejected,not_eligible,0,0.0166,0.0043,0.0012,0.0526,0.0020,0.0767
m1-server,tiny,2396,look,accepted,observed,0,0.0098,0.0036,0.0012,0.0470,0.0017,0.0632
m1-server,tiny,2397,move,accepted,moved,1,0.0091,0.0040,0.0034,0.0599,0.0025,0.0788
m1-server,tiny,2398,move,accepted,moved,1,0.0096,0.0043,0.0035,0.0619,0.0021,0.0814
m1-server,tiny,2399,choose,rejected,stale_view,0,0.0092,0.0044,0.0013,0.0465,0.0021,0.0635
m1-server,tiny,2400,move,accepted,moved,1,0.0097,0.0042,0.0034,0.0620,0.0025,0.0818
m1-server,tiny,2401,move,accepted,moved,1,0.0093,0.0043,0.0035,0.0599,0.0022,0.0791
m1-server,tiny,2402,move,rejected,exit_unavailable,0,0.0094,0.0037,0.0013,0.0432,0.0021,0.0597
m1-server,tiny,2403,take,rejected,not_present,0,0.0098,0.0039,0.0013,0.0526,0.0023,0.0699
m1-server,tiny,2404,move,accepted,moved,1,0.0095,0.0043,0.0034,0.0626,0.0022,0.0820
m1-server,tiny,2405,talk,rejected,not_owned,0,0.0093,0.0036,0.0013,0.0465,0.0022,0.0628
m1-server,tiny,2406,move,accepted,moved,1,0.0098,0.0043,0.0034,0.0609,0.0026,0.0810
m1-server,tiny,2407,look,accepted,observed,0,0.0096,0.0035,0.0012,0.0464,0.0021,0.0628
m1-server,tiny,2408,look,accepted,observed,0,0.0096,0.0035,0.0013,0.0583,0.0021,0.0748
m1-server,tiny,2409,move,accepted,moved,1,0.0094,0.0042,0.0034,0.0729,0.0022,0.0920
m1-server,tiny,2410,move,accepted,moved,1,0.0094,0.0039,0.0034,0.0583,0.0020,0.0770
m1-server,tiny,2411,move,accepted,moved,1,0.0087,0.0037,0.0033,0.0607,0.0020,0.0783
m1-server,tiny,2412,move,accepted,moved,1,0.0088,0.0038,0.0125,0.0748,0.0026,0.1025
m1-server,tiny,2413,talk,rejected,not_eligible,0,0.0094,0.0039,0.0012,0.0440,0.0017,0.0602
m1-server,tiny,2414,look,accepted,observed,0,0.0093,0.0033,0.0012,0.0535,0.0023,0.0695
m1-server,tiny,2415,talk,rejected,not_eligible,0,0.0097,0.0038,0.0013,0.0591,0.0018,0.0757
m1-server,tiny,2416,take,rejected,not_present,0,0.0091,0.0035,0.0012,0.0630,0.0018,0.0786
m1-server,tiny,2417,move,rejected,exit_unavailable,0,0.0092,0.0037,0.0013,0.0504,0.0022,0.0668
m1-server,tiny,2418,talk,rejected,not_eligible,0,0.0095,0.0036,0.0012,0.0456,0.0018,0.0617
m1-server,tiny,2419,take,rejected,not_present,0,0.0093,0.0036,0.0012,0.0532,0.0018,0.0691
m1-server,tiny,2420,look,accepted,observed,0,0.0092,0.0033,0.0012,0.0468,0.0017,0.0622
m1-server,tiny,2421,move,accepted,moved,1,0.0092,0.0040,0.0035,0.0588,0.0026,0.0780
m1-server,tiny,2422,look,accepted,observed,0,0.0096,0.0037,0.0012,0.0520,0.0017,0.0681
m1-server,tiny,2423,look,accepted,observed,0,0.0092,0.0032,0.0012,0.0483,0.0022,0.0641
m1-server,tiny,2424,move,rejected,exit_unavailable,0,0.0099,0.0040,0.0013,0.0496,0.0019,0.0668
m1-server,tiny,2425,look,accepted,observed,0,0.0094,0.0033,0.0012,0.0525,0.0022,0.0686
m1-server,tiny,2426,take,rejected,not_present,0,0.0099,0.0038,0.0012,0.0523,0.0016,0.0688
m1-server,tiny,2427,look,accepted,observed,0,0.0094,0.0032,0.0012,0.0592,0.0018,0.0747
m1-server,tiny,2428,move,accepted,moved,1,0.0094,0.0042,0.0034,0.0708,0.0021,0.0899
m1-server,tiny,2429,move,rejected,exit_unavailable,0,0.0092,0.0036,0.0013,0.0448,0.0023,0.0613
m1-server,tiny,2430,move,accepted,moved,1,0.0100,0.0043,0.0034,0.0584,0.0025,0.0786
m1-server,tiny,2431,activate,rejected,not_eligible,0,0.0095,0.0038,0.0013,0.0545,0.0021,0.0711
m1-server,tiny,2432,look,accepted,observed,0,0.0095,0.0036,0.0013,0.0452,0.0017,0.0613
m1-server,tiny,2433,look,accepted,observed,0,0.0091,0.0033,0.0012,0.0550,0.0017,0.0703
m1-server,tiny,2434,look,accepted,observed,0,0.0163,0.0039,0.0012,0.0440,0.0017,0.0671
m1-server,tiny,2435,move,accepted,moved,1,0.0092,0.0040,0.0034,0.0633,0.0026,0.0826
m1-server,tiny,2436,move,accepted,moved,1,0.0097,0.0043,0.0033,0.0620,0.0022,0.0815
m1-server,tiny,2437,look,accepted,observed,0,0.0094,0.0033,0.0012,0.0648,0.0018,0.0804
m1-server,tiny,2438,take,replayed,not_present,0,0.0127,0.0031,0.0002,0.0000,0.0016,0.0176
m1-server,tiny,2439,move,accepted,moved,1,0.0073,0.0038,0.0035,0.0637,0.0026,0.0807
m1-server,tiny,2440,move,accepted,moved,1,0.0098,0.0044,0.0034,0.0568,0.0025,0.0769
m1-server,tiny,2441,choose,rejected,invalid_choice,0,0.0095,0.0045,0.0013,0.0569,0.0018,0.0741
m1-server,tiny,2442,move,accepted,moved,1,0.0092,0.0039,0.0034,0.0611,0.0021,0.0797
m1-server,tiny,2443,look,accepted,observed,0,0.0093,0.0033,0.0012,0.0559,0.0018,0.0715
m1-server,tiny,2444,look,accepted,observed,0,0.0092,0.0032,0.0012,0.0458,0.0017,0.0610
m1-server,tiny,2445,take,replayed,not_present,0,0.0142,0.0030,0.0002,0.0000,0.0016,0.0189
m1-server,tiny,2446,take,rejected,not_present,0,0.0078,0.0032,0.0013,0.0528,0.0016,0.0667
m1-server,tiny,2447,talk,rejected,not_eligible,0,0.0096,0.0033,0.0013,0.0472,0.0017,0.0630
m1-server,tiny,2448,close_choice,rejected,invalid_choice,0,0.0094,0.0033,0.0013,0.0531,0.0017,0.0688
m1-server,tiny,2449,move,accepted,moved,1,0.0095,0.0039,0.0034,0.0566,0.0021,0.0754
m1-server,tiny,2450,move,accepted,moved,1,0.0091,0.0038,0.0034,0.0609,0.0021,0.0794
m1-server,tiny,2451,talk,rejected,not_eligible,0,0.0091,0.0034,0.0013,0.0538,0.0018,0.0694
m1-server,tiny,2452,choose,rejected,stale_view,0,0.0092,0.0044,0.0013,0.0497,0.0098,0.0744
m1-server,tiny,2453,activate,rejected,not_eligible,0,0.0150,0.0040,0.0012,0.0536,0.0018,0.0755
m1-server,tiny,2454,move,accepted,moved,1,0.0091,0.0040,0.0034,0.0744,0.0022,0.0930
m1-server,tiny,2455,move,accepted,moved,1,0.0092,0.0039,0.0034,0.0613,0.0022,0.0800
m1-server,tiny,2456,wait,rejected,invalid_time,0,0.0093,0.0036,0.0012,0.0472,0.0023,0.0635
m1-server,tiny,2457,talk,rejected,not_eligible,0,0.0099,0.0040,0.0013,0.0505,0.0021,0.0678
m1-server,tiny,2458,move,accepted,moved,1,0.0097,0.0042,0.0033,0.0602,0.0027,0.0801
m1-server,tiny,2459,look,accepted,observed,0,0.0098,0.0037,0.0013,0.0521,0.0018,0.0686
m1-server,tiny,2460,look,accepted,observed,0,0.0093,0.0033,0.0012,0.0510,0.0018,0.0666
m1-server,tiny,2461,move,accepted,moved,1,0.0092,0.0040,0.0035,0.0625,0.0026,0.0818
m1-server,tiny,2462,look,accepted,observed,0,0.0095,0.0036,0.0013,0.0598,0.0021,0.0762
m1-server,tiny,2463,move,accepted,moved,1,0.0101,0.0043,0.0034,0.0619,0.0025,0.0821
m1-server,tiny,2464,take,rejected,not_present,0,0.0096,0.0038,0.0013,0.0506,0.0018,0.0670
m1-server,tiny,2465,choose,rejected,invalid_choice,0,0.0090,0.0040,0.0013,0.0543,0.0018,0.0704
m1-server,tiny,2466,move,accepted,moved,1,0.0092,0.0038,0.0034,0.0760,0.0026,0.0950
m1-server,tiny,2467,move,accepted,moved,1,0.0099,0.0044,0.0035,0.0704,0.0025,0.0908
m1-server,tiny,2468,take,rejected,not_present,0,0.0096,0.0038,0.0012,0.0543,0.0017,0.0706
m1-server,tiny,2469,move,accepted,moved,1,0.0088,0.0039,0.0033,0.0646,0.0025,0.0830
m1-server,tiny,2470,move,accepted,moved,1,0.0095,0.0043,0.0033,0.0650,0.0104,0.0925
m1-server,tiny,2471,look,accepted,observed,0,0.0202,0.0045,0.0014,0.0631,0.0020,0.0912
m1-server,tiny,2472,move,rejected,exit_unavailable,0,0.0096,0.0040,0.0014,0.0513,0.0018,0.0680
m1-server,tiny,2473,look,accepted,observed,0,0.0096,0.0033,0.0011,0.0562,0.0017,0.0719
m1-server,tiny,2474,activate,rejected,not_eligible,0,0.0092,0.0035,0.0012,0.0508,0.0017,0.0663
m1-server,tiny,2475,look,accepted,observed,0,0.0091,0.0033,0.0012,0.0738,0.0022,0.0895
m1-server,tiny,2476,look,accepted,observed,0,0.0098,0.0037,0.0013,0.0507,0.0019,0.0673
m1-server,tiny,2477,move,accepted,moved,1,0.0093,0.0039,0.0035,0.0626,0.0021,0.0813
m1-server,tiny,2478,look,accepted,observed,0,0.0092,0.0034,0.0012,0.0543,0.0017,0.0698
m1-server,tiny,2479,move,accepted,moved,1,0.0091,0.0040,0.0035,0.0673,0.0025,0.0864
m1-server,tiny,2480,take,rejected,not_present,0,0.0100,0.0036,0.0012,0.0545,0.0020,0.0713
m1-server,tiny,2481,look,accepted,observed,0,0.0091,0.0035,0.0012,0.0631,0.0017,0.0786
m1-server,tiny,2482,move,accepted,moved,1,0.0090,0.0038,0.0032,0.0617,0.0021,0.0798
m1-server,tiny,2483,look,accepted,observed,0,0.0088,0.0032,0.0012,0.0490,0.0017,0.0638
m1-server,tiny,2484,move,accepted,moved,1,0.0087,0.0037,0.0033,0.0638,0.0026,0.0821
m1-server,tiny,2485,choose,rejected,invalid_choice,0,0.0094,0.0045,0.0013,0.0505,0.0018,0.0676
m1-server,tiny,2486,look,accepted,observed,0,0.0090,0.0032,0.0012,0.0672,0.0017,0.0823
m1-server,tiny,2487,move,accepted,moved,1,0.0089,0.0038,0.0033,0.0640,0.0025,0.0825
m1-server,tiny,2488,move,rejected,exit_unavailable,0,0.0092,0.0039,0.0013,0.0541,0.0018,0.0703
m1-server,tiny,2489,look,accepted,observed,0,0.0092,0.0032,0.0012,0.0698,0.0017,0.0850
m1-server,tiny,2490,move,accepted,moved,1,0.0089,0.0037,0.0110,0.0801,0.0026,0.1063
m1-server,tiny,2491,look,accepted,observed,0,0.0101,0.0036,0.0012,0.0653,0.0021,0.0824
m1-server,tiny,2492,move,accepted,moved,1,0.0098,0.0043,0.0035,0.0769,0.0023,0.0968
m1-server,tiny,2493,talk,rejected,not_eligible,0,0.0093,0.0034,0.0012,0.0673,0.0017,0.0828
m1-server,tiny,2494,take,rejected,not_present,0,0.0098,0.0033,0.0012,0.0648,0.0020,0.0812
m1-server,tiny,2495,look,accepted,observed,0,0.0098,0.0035,0.0011,0.0867,0.0020,0.1031
m1-server,tiny,2496,move,accepted,moved,1,0.0094,0.0040,0.0032,0.0637,0.0021,0.0824
m1-server,tiny,2497,wait,rejected,invalid_time,0,0.0090,0.0034,0.0012,0.0600,0.0018,0.0754
m1-server,tiny,2498,look,accepted,observed,0,0.0088,0.0031,0.0012,0.0540,0.0017,0.0687
m1-server,tiny,2499,choose,rejected,stale_view,0,0.0087,0.0042,0.0012,0.0496,0.0018,0.0655
m1-server,tiny,2500,move,accepted,moved,1,0.0110,0.0048,0.0035,0.0612,0.0025,0.0831
m1-server,tiny,2501,move,accepted,moved,1,0.0096,0.0044,0.0035,0.0610,0.0021,0.0806
m1-server,tiny,2502,move,accepted,moved,1,0.0090,0.0039,0.0034,0.0614,0.0022,0.0799
m1-server,tiny,2503,move,accepted,moved,1,0.0090,0.0037,0.0033,0.0644,0.0020,0.0824
m1-server,tiny,2504,wait,rejected,invalid_time,0,0.0087,0.0035,0.0012,0.0549,0.0018,0.0700
m1-server,tiny,2505,take,replayed,not_present,0,0.0123,0.0030,0.0001,0.0000,0.0016,0.0170
m1-server,tiny,2506,look,accepted,observed,0,0.0073,0.0029,0.0012,0.0504,0.0017,0.0635
m1-server,tiny,2507,look,accepted,observed,0,0.0088,0.0030,0.0012,0.0523,0.0016,0.0670
m1-server,tiny,2508,move,accepted,moved,1,0.0088,0.0037,0.0033,0.0565,0.0020,0.0743
m1-server,tiny,2509,move,accepted,moved,1,0.0087,0.0036,0.0105,0.0772,0.0025,0.1025
m1-server,tiny,2510,take,accepted,taken,1,0.0091,0.0041,0.0034,0.0606,0.0024,0.0797
m1-server,tiny,2511,look,accepted,observed,0,0.0094,0.0033,0.0012,0.0522,0.0018,0.0678
m1-server,tiny,2512,look,accepted,observed,0,0.0093,0.0033,0.0012,0.0562,0.0016,0.0715
m1-server,tiny,2513,look,accepted,observed,0,0.0087,0.0031,0.0011,0.0505,0.0016,0.0650
m1-server,tiny,2514,look,accepted,observed,0,0.0087,0.0030,0.0011,0.0546,0.0016,0.0690
m1-server,tiny,2515,wait,rejected,invalid_time,0,0.0089,0.0035,0.0013,0.0505,0.0017,0.0658
m1-server,tiny,2516,look,accepted,observed,0,0.0091,0.0031,0.0011,0.0547,0.0016,0.0695
m1-server,tiny,2517,wait,rejected,invalid_time,0,0.0086,0.0034,0.0012,0.0508,0.0016,0.0656
m1-server,tiny,2518,look,accepted,observed,0,0.0085,0.0030,0.0011,0.0592,0.0016,0.0735
m1-server,tiny,2519,look,accepted,observed,0,0.0087,0.0031,0.0012,0.0498,0.0017,0.0643
m1-server,tiny,2520,wait,rejected,invalid_time,0,0.0087,0.0034,0.0011,0.0462,0.0016,0.0610
m1-server,tiny,2521,choose,rejected,invalid_choice,0,0.0092,0.0041,0.0013,0.0699,0.0018,0.0863
m1-server,tiny,2522,look,accepted,observed,0,0.0092,0.0032,0.0012,0.0483,0.0023,0.0640
m1-server,tiny,2523,choose,rejected,invalid_choice,0,0.0099,0.0047,0.0013,0.0498,0.0019,0.0676
m1-server,tiny,2524,move,rejected,exit_unavailable,0,0.0094,0.0039,0.0013,0.0443,0.0018,0.0606
m1-server,tiny,2525,activate,rejected,not_eligible,0,0.0090,0.0035,0.0013,0.0528,0.0018,0.0685
m1-server,tiny,2526,move,accepted,moved,1,0.0092,0.0040,0.0035,0.0665,0.0025,0.0856
m1-server,tiny,2527,move,accepted,moved,1,0.0097,0.0043,0.0034,0.0596,0.0021,0.0791
m1-server,tiny,2528,move,accepted,moved,1,0.0089,0.0038,0.0032,0.0586,0.0021,0.0765
m1-server,tiny,2529,move,accepted,moved,1,0.0089,0.0038,0.0117,0.0830,0.0025,0.1098
m1-server,tiny,2530,move,accepted,moved,1,0.0093,0.0041,0.0034,0.0578,0.0021,0.0768
m1-server,tiny,2531,look,accepted,observed,0,0.0090,0.0032,0.0012,0.0518,0.0018,0.0670
m1-server,tiny,2532,look,accepted,observed,0,0.0090,0.0032,0.0012,0.0470,0.0021,0.0625
m1-server,tiny,2533,move,accepted,moved,1,0.0098,0.0043,0.0035,0.0624,0.0025,0.0825
m1-server,tiny,2534,activate,rejected,not_eligible,0,0.0095,0.0038,0.0013,0.0518,0.0018,0.0682
m1-server,tiny,2535,move,accepted,moved,1,0.0094,0.0039,0.0034,0.0559,0.0026,0.0752
m1-server,tiny,2536,look,accepted,observed,0,0.0100,0.0037,0.0011,0.0530,0.0020,0.0698
m1-server,tiny,2537,move,rejected,exit_unavailable,0,0.0095,0.0038,0.0013,0.0429,0.0022,0.0596
m1-server,tiny,2538,look,accepted,observed,0,0.0096,0.0037,0.0012,0.0560,0.0018,0.0723
m1-server,tiny,2539,look,accepted,observed,0,0.0092,0.0033,0.0012,0.0533,0.0018,0.0688
m1-server,tiny,2540,look,accepted,observed,0,0.0092,0.0033,0.0012,0.0541,0.0017,0.0694
m1-server,tiny,2541,activate,rejected,not_eligible,0,0.0092,0.0035,0.0013,0.0624,0.0022,0.0785
m1-server,tiny,2542,talk,rejected,not_eligible,0,0.0100,0.0039,0.0012,0.0523,0.0017,0.0690
m1-server,tiny,2543,look,accepted,observed,0,0.0102,0.0032,0.0012,0.0672,0.0018,0.0836
m1-server,tiny,2544,wait,rejected,invalid_time,0,0.0092,0.0036,0.0012,0.0465,0.0022,0.0627
m1-server,tiny,2545,look,accepted,observed,0,0.0096,0.0036,0.0012,0.0492,0.0018,0.0654
m1-server,tiny,2546,look,accepted,observed,0,0.0092,0.0033,0.0012,0.0479,0.0018,0.0633
m1-server,tiny,2547,drop,accepted,dropped,1,0.0092,0.0037,0.0035,0.0638,0.0027,0.0829
m1-server,tiny,2548,wait,rejected,invalid_time,0,0.0096,0.0039,0.0012,0.0512,0.0017,0.0676
m1-server,tiny,2549,move,accepted,moved,1,0.0094,0.0038,0.0033,0.0590,0.0105,0.0860
m1-server,tiny,2550,wait,rejected,invalid_time,0,0.0165,0.0041,0.0012,0.0506,0.0022,0.0746
m1-server,tiny,2551,wait,rejected,invalid_time,0,0.0098,0.0042,0.0012,0.0443,0.0018,0.0612
m1-server,tiny,2552,wait,rejected,invalid_time,0,0.0094,0.0037,0.0012,0.0577,0.0021,0.0741
m1-server,tiny,2553,look,accepted,observed,0,0.0097,0.0036,0.0012,0.0435,0.0020,0.0600
m1-server,tiny,2554,move,accepted,moved,1,0.0095,0.0044,0.0034,0.0667,0.0024,0.0864
m1-server,tiny,2555,activate,rejected,not_eligible,0,0.0096,0.0038,0.0012,0.0517,0.0021,0.0683
m1-server,tiny,2556,wait,rejected,invalid_time,0,0.0098,0.0040,0.0013,0.0487,0.0021,0.0658
m1-server,tiny,2557,move,accepted,moved,1,0.0096,0.0042,0.0035,0.0647,0.0026,0.0846
m1-server,tiny,2558,move,accepted,moved,1,0.0099,0.0044,0.0034,0.0610,0.0023,0.0810
m1-server,tiny,2559,move,rejected,exit_unavailable,0,0.0092,0.0037,0.0013,0.0467,0.0019,0.0628
m1-server,tiny,2560,look,accepted,observed,0,0.0091,0.0034,0.0012,0.0565,0.0018,0.0719
m1-server,tiny,2561,look,accepted,observed,0,0.0093,0.0033,0.0012,0.0428,0.0038,0.0603
m1-server,tiny,2562,look,accepted,observed,0,0.0095,0.0057,0.0015,0.0521,0.0019,0.0707
m1-server,tiny,2563,move,rejected,exit_unavailable,0,0.0092,0.0037,0.0013,0.0523,0.0022,0.0686
m1-server,tiny,2564,look,accepted,observed,0,0.0100,0.0036,0.0013,0.0511,0.0017,0.0675
m1-server,tiny,2565,take,rejected,not_present,0,0.0090,0.0034,0.0013,0.0468,0.0022,0.0627
m1-server,tiny,2566,move,accepted,moved,1,0.0098,0.0042,0.0035,0.0631,0.0024,0.0830
m1-server,tiny,2567,move,accepted,moved,1,0.0094,0.0043,0.0034,0.0605,0.0026,0.0802
m1-server,tiny,2568,wait,rejected,invalid_time,0,0.0098,0.0039,0.0013,0.0704,0.0020,0.0873
m1-server,tiny,2569,activate,rejected,not_eligible,0,0.0092,0.0037,0.0012,0.0481,0.0021,0.0643
m1-server,tiny,2570,take,rejected,not_present,0,0.0094,0.0121,0.0013,0.0511,0.0019,0.0758
m1-server,tiny,2571,move,accepted,moved,1,0.0093,0.0041,0.0035,0.0640,0.0025,0.0834
m1-server,tiny,2572,drop,rejected,integrity_conflict,0,0.0130,0.0034,0.0001,0.0000,0.0016,0.0182
m1-server,tiny,2573,move,accepted,moved,1,0.0077,0.0038,0.0034,0.0604,0.0026,0.0779
m1-server,tiny,2574,wait,rejected,invalid_time,0,0.0099,0.0039,0.0013,0.0472,0.0018,0.0640
m1-server,tiny,2575,look,accepted,observed,0,0.0092,0.0034,0.0012,0.0550,0.0018,0.0705
m1-server,tiny,2576,move,accepted,moved,1,0.0092,0.0039,0.0035,0.0602,0.0023,0.0790
m1-server,tiny,2577,look,accepted,observed,0,0.0092,0.0033,0.0012,0.0469,0.0018,0.0623
m1-server,tiny,2578,look,accepted,observed,0,0.0093,0.0033,0.0012,0.0524,0.0022,0.0683
m1-server,tiny,2579,take,rejected,not_present,0,0.0096,0.0039,0.0013,0.0478,0.0022,0.0648
m1-server,tiny,2580,look,accepted,observed,0,0.0096,0.0036,0.0012,0.0518,0.0021,0.0683
m1-server,tiny,2581,drop,replayed,dropped,0,0.0128,0.0033,0.0001,0.0000,0.0017,0.0179
m1-server,tiny,2582,look,accepted,observed,0,0.0075,0.0031,0.0013,0.0482,0.0017,0.0617
m1-server,tiny,2583,move,rejected,exit_unavailable,0,0.0092,0.0036,0.0013,0.0493,0.0021,0.0656
m1-server,tiny,2584,choose,rejected,invalid_choice,0,0.0094,0.0045,0.0013,0.0431,0.0018,0.0600
m1-server,tiny,2585,look,accepted,observed,0,0.0092,0.0033,0.0012,0.0530,0.0021,0.0688
m1-server,tiny,2586,look,accepted,observed,0,0.0097,0.0035,0.0012,0.0572,0.0018,0.0734
m1-server,tiny,2587,look,accepted,observed,0,0.0090,0.0033,0.0012,0.0610,0.0020,0.0765
m1-server,tiny,2588,move,accepted,moved,1,0.0096,0.0044,0.0035,0.0598,0.0024,0.0795
m1-server,tiny,2589,talk,rejected,not_eligible,0,0.0090,0.0036,0.0012,0.0555,0.0017,0.0710
m1-server,tiny,2590,talk,rejected,not_eligible,0,0.0089,0.0033,0.0012,0.0482,0.0022,0.0637
m1-server,tiny,2591,take,rejected,not_present,0,0.0232,0.0043,0.0013,0.0596,0.0022,0.0905
m1-server,tiny,2592,take,rejected,not_present,0,0.0102,0.0038,0.0013,0.0469,0.0017,0.0638
m1-server,tiny,2593,look,accepted,observed,0,0.0097,0.0032,0.0012,0.0533,0.0018,0.0693
m1-server,tiny,2594,activate,rejected,not_eligible,0,0.0098,0.0036,0.0012,0.0470,0.0018,0.0633
m1-server,tiny,2595,move,accepted,moved,1,0.0093,0.0040,0.0035,0.0718,0.0025,0.0910
m1-server,tiny,2596,move,accepted,moved,1,0.0096,0.0043,0.0034,0.0563,0.0025,0.0762
m1-server,tiny,2597,look,accepted,observed,0,0.0097,0.0036,0.0012,0.0542,0.0018,0.0705
m1-server,tiny,2598,move,accepted,moved,1,0.0093,0.0039,0.0034,0.0614,0.0026,0.0805
m1-server,tiny,2599,talk,rejected,not_owned,0,0.0096,0.0039,0.0013,0.0698,0.0019,0.0865
m1-server,tiny,2600,move,accepted,moved,1,0.0094,0.0040,0.0035,0.0617,0.0022,0.0808
m1-server,tiny,2601,look,accepted,observed,0,0.0092,0.0033,0.0012,0.0466,0.0021,0.0624
m1-server,tiny,2602,move,accepted,moved,1,0.0098,0.0043,0.0035,0.0638,0.0024,0.0838
m1-server,tiny,2603,look,accepted,observed,0,0.0095,0.0035,0.0012,0.0440,0.0022,0.0604
m1-server,tiny,2604,move,rejected,exit_unavailable,0,0.0096,0.0040,0.0013,0.0546,0.0018,0.0713
m1-server,tiny,2605,move,accepted,moved,1,0.0092,0.0039,0.0034,0.0633,0.0025,0.0822
m1-server,tiny,2606,activate,rejected,not_eligible,0,0.0096,0.0037,0.0013,0.0465,0.0021,0.0632
m1-server,tiny,2607,look,accepted,observed,0,0.0098,0.0037,0.0012,0.0565,0.0021,0.0733
m1-server,tiny,2608,look,accepted,observed,0,0.0097,0.0035,0.0013,0.0487,0.0017,0.0648
m1-server,tiny,2609,take,accepted,taken,1,0.0103,0.0036,0.0034,0.0657,0.0023,0.0853
m1-server,tiny,2610,wait,rejected,invalid_time,0,0.0093,0.0036,0.0090,0.0562,0.0017,0.0798
m1-server,tiny,2611,look,accepted,observed,0,0.0090,0.0033,0.0012,0.0509,0.0021,0.0665
m1-server,tiny,2612,move,rejected,exit_unavailable,0,0.0097,0.0041,0.0013,0.0536,0.0018,0.0704
m1-server,tiny,2613,look,accepted,observed,0,0.0092,0.0033,0.0012,0.0542,0.0017,0.0696
m1-server,tiny,2614,activate,rejected,not_eligible,0,0.0092,0.0035,0.0013,0.0448,0.0017,0.0605
m1-server,tiny,2615,look,accepted,observed,0,0.0092,0.0033,0.0012,0.0521,0.0017,0.0675
m1-server,tiny,2616,choose,rejected,invalid_choice,0,0.0093,0.0042,0.0013,0.0587,0.0023,0.0758
m1-server,tiny,2617,look,accepted,observed,0,0.0099,0.0037,0.0012,0.0508,0.0021,0.0676
m1-server,tiny,2618,wait,rejected,invalid_time,0,0.0095,0.0039,0.0012,0.0545,0.0018,0.0710
m1-server,tiny,2619,move,accepted,moved,1,0.0092,0.0039,0.0036,0.0645,0.0025,0.0837
m1-server,tiny,2620,look,accepted,observed,0,0.0095,0.0035,0.0012,0.0620,0.0018,0.0781
m1-server,tiny,2621,drop,accepted,dropped,1,0.0092,0.0037,0.0036,0.0793,0.0025,0.0982
m1-server,tiny,2622,move,accepted,moved,1,0.0092,0.0040,0.0034,0.0604,0.0021,0.0791
m1-server,tiny,2623,look,accepted,observed,0,0.0092,0.0032,0.0012,0.0474,0.0017,0.0627
m1-server,tiny,2624,move,accepted,moved,1,0.0103,0.0039,0.0034,0.0612,0.0021,0.0808
m1-server,tiny,2625,choose,rejected,stale_view,0,0.0092,0.0045,0.0013,0.0461,0.0018,0.0628
m1-server,tiny,2626,take,rejected,not_present,0,0.0093,0.0033,0.0013,0.0539,0.0017,0.0695
m1-server,tiny,2627,move,accepted,moved,1,0.0092,0.0039,0.0033,0.0607,0.0027,0.0798
m1-server,tiny,2628,move,accepted,moved,1,0.0098,0.0044,0.0034,0.0562,0.0023,0.0761
m1-server,tiny,2629,wait,rejected,invalid_time,0,0.0092,0.0036,0.0013,0.0527,0.0018,0.0685
m1-server,tiny,2630,take,replayed,taken,0,0.0225,0.0034,0.0001,0.0000,0.0015,0.0276
m1-server,tiny,2631,look,accepted,observed,0,0.0140,0.0036,0.0013,0.0462,0.0018,0.0668
m1-server,tiny,2632,move,accepted,moved,1,0.0090,0.0040,0.0035,0.0767,0.0025,0.0957
m1-server,tiny,2633,take,rejected,not_present,0,0.0097,0.0037,0.0013,0.0619,0.0021,0.0786
m1-server,tiny,2634,wait,rejected,invalid_time,0,0.0100,0.0039,0.0013,0.0490,0.0017,0.0658
m1-server,tiny,2635,talk,rejected,not_eligible,0,0.0091,0.0035,0.0012,0.0535,0.0021,0.0695
m1-server,tiny,2636,take,rejected,not_present,0,0.0095,0.0037,0.0012,0.0475,0.0018,0.0638
m1-server,tiny,2637,wait,rejected,invalid_time,0,0.0094,0.0035,0.0012,0.0544,0.0021,0.0706
m1-server,tiny,2638,talk,rejected,not_eligible,0,0.0095,0.0038,0.0012,0.0666,0.0022,0.0833
m1-server,tiny,2639,choose,rejected,invalid_choice,0,0.0095,0.0046,0.0013,0.0476,0.0022,0.0652
m1-server,tiny,2640,look,accepted,observed,0,0.0095,0.0036,0.0012,0.0503,0.0022,0.0668
m1-server,tiny,2641,look,accepted,observed,0,0.0093,0.0035,0.0012,0.0486,0.0017,0.0643
m1-server,tiny,2642,look,accepted,observed,0,0.0094,0.0032,0.0012,0.0555,0.0021,0.0715
m1-server,tiny,2643,move,accepted,moved,1,0.0098,0.0043,0.0035,0.0631,0.0025,0.0832
m1-server,tiny,2644,wait,rejected,invalid_time,0,0.0098,0.0039,0.0013,0.0474,0.0021,0.0646
m1-server,tiny,2645,look,accepted,observed,0,0.0095,0.0036,0.0013,0.0521,0.0021,0.0685
m1-server,tiny,2646,move,accepted,moved,1,0.0097,0.0043,0.0034,0.0770,0.0021,0.0964
m1-server,tiny,2647,move,accepted,moved,1,0.0090,0.0039,0.0034,0.0685,0.0020,0.0867
m1-server,tiny,2648,look,accepted,observed,0,0.0087,0.0032,0.0013,0.0448,0.0022,0.0600
m1-server,tiny,2649,move,accepted,moved,1,0.0097,0.0043,0.0035,0.0623,0.0025,0.0823
m1-server,tiny,2650,look,accepted,observed,0,0.0097,0.0035,0.0012,0.0591,0.0018,0.0754
m1-server,tiny,2651,wait,rejected,invalid_time,0,0.0099,0.0038,0.0012,0.0673,0.0017,0.0840
m1-server,tiny,2652,drop,rejected,integrity_conflict,0,0.0125,0.0031,0.0001,0.0000,0.0016,0.0174
m1-server,tiny,2653,move,accepted,moved,1,0.0077,0.0038,0.0033,0.0560,0.0026,0.0734
m1-server,tiny,2654,move,rejected,exit_unavailable,0,0.0101,0.0043,0.0013,0.0555,0.0020,0.0731
m1-server,tiny,2655,move,rejected,exit_unavailable,0,0.0093,0.0037,0.0013,0.0471,0.0018,0.0632
m1-server,tiny,2656,activate,rejected,not_eligible,0,0.0092,0.0035,0.0012,0.0496,0.0018,0.0653
m1-server,tiny,2657,choose,rejected,invalid_choice,0,0.0093,0.0042,0.0013,0.0529,0.0018,0.0695
m1-server,tiny,2658,take,accepted,taken,1,0.0091,0.0038,0.0035,0.0642,0.0028,0.0834
m1-server,tiny,2659,drop,accepted,dropped,1,0.0098,0.0040,0.0035,0.0623,0.0028,0.0825
m1-server,tiny,2660,take,accepted,taken,1,0.0099,0.0041,0.0035,0.0760,0.0027,0.0963
m1-server,tiny,2661,look,accepted,observed,0,0.0097,0.0035,0.0012,0.0500,0.0023,0.0666
m1-server,tiny,2662,drop,accepted,dropped,1,0.0094,0.0040,0.0035,0.0617,0.0028,0.0814
m1-server,tiny,2663,wait,rejected,invalid_time,0,0.0096,0.0039,0.0012,0.0465,0.0022,0.0633
m1-server,tiny,2664,activate,rejected,not_eligible,0,0.0094,0.0038,0.0012,0.0533,0.0018,0.0694
m1-server,tiny,2665,look,accepted,observed,0,0.0094,0.0033,0.0012,0.0444,0.0017,0.0600
m1-server,tiny,2666,choose,rejected,invalid_choice,0,0.0094,0.0041,0.0013,0.0557,0.0023,0.0728
m1-server,tiny,2667,talk,rejected,not_owned,0,0.0098,0.0039,0.0013,0.0642,0.0019,0.0810
m1-server,tiny,2668,wait,rejected,invalid_time,0,0.0091,0.0036,0.0012,0.0461,0.0021,0.0621
m1-server,tiny,2669,wait,rejected,invalid_time,0,0.0095,0.0039,0.0013,0.0550,0.0018,0.0715
m1-server,tiny,2670,look,accepted,observed,0,0.0092,0.0032,0.0012,0.0524,0.0105,0.0765
m1-server,tiny,2671,move,accepted,moved,1,0.0158,0.0047,0.0035,0.0641,0.0022,0.0904
m1-server,tiny,2672,look,accepted,observed,0,0.0093,0.0033,0.0012,0.0768,0.0018,0.0924
m1-server,tiny,2673,close_choice,rejected,invalid_choice,0,0.0092,0.0035,0.0013,0.0432,0.0022,0.0594
m1-server,tiny,2674,move,accepted,moved,1,0.0098,0.0043,0.0034,0.0628,0.0025,0.0828
m1-server,tiny,2675,look,accepted,observed,0,0.0093,0.0035,0.0013,0.0666,0.0018,0.0825
m1-server,tiny,2676,look,accepted,observed,0,0.0092,0.0032,0.0012,0.0660,0.0018,0.0813
m1-server,tiny,2677,look,accepted,observed,0,0.0092,0.0031,0.0012,0.0471,0.0022,0.0628
m1-server,tiny,2678,move,accepted,moved,1,0.0097,0.0043,0.0034,0.0625,0.0025,0.0824
m1-server,tiny,2679,choose,rejected,stale_view,0,0.0095,0.0047,0.0013,0.0660,0.0018,0.0833
m1-server,tiny,2680,move,accepted,moved,1,0.0092,0.0041,0.0034,0.0581,0.0025,0.0773
m1-server,tiny,2681,take,replayed,not_present,0,0.0134,0.0033,0.0001,0.0000,0.0015,0.0184
m1-server,tiny,2682,look,accepted,observed,0,0.0075,0.0030,0.0012,0.0650,0.0020,0.0787
m1-server,tiny,2683,talk,rejected,not_owned,0,0.0093,0.0037,0.0013,0.0673,0.0018,0.0833
m1-server,tiny,2684,move,accepted,moved,1,0.0090,0.0038,0.0033,0.0840,0.0021,0.1022
m1-server,tiny,2685,take,rejected,not_present,0,0.0088,0.0033,0.0013,0.0433,0.0022,0.0588
m1-server,tiny,2686,close_choice,rejected,invalid_choice,0,0.0096,0.0040,0.0012,0.0531,0.0018,0.0697
m1-server,tiny,2687,look,accepted,observed,0,0.0093,0.0033,0.0013,0.0469,0.0018,0.0624
m1-server,tiny,2688,look,accepted,observed,0,0.0094,0.0032,0.0012,0.0540,0.0017,0.0695
m1-server,tiny,2689,take,rejected,not_present,0,0.0092,0.0034,0.0013,0.0441,0.0017,0.0596
m1-server,tiny,2690,take,rejected,not_present,0,0.0090,0.0034,0.0013,0.0491,0.0018,0.0645
m1-server,tiny,2691,choose,rejected,invalid_choice,0,0.0090,0.0143,0.0013,0.0503,0.0019,0.0767
m1-server,tiny,2692,take,rejected,not_present,0,0.0092,0.0035,0.0013,0.0553,0.0017,0.0710
m1-server,tiny,2693,move,rejected,exit_unavailable,0,0.0092,0.0037,0.0013,0.0539,0.0018,0.0698
m1-server,tiny,2694,look,accepted,observed,0,0.0092,0.0032,0.0012,0.0575,0.0023,0.0734
m1-server,tiny,2695,look,accepted,observed,0,0.0097,0.0037,0.0013,0.0437,0.0022,0.0605
m1-server,tiny,2696,move,accepted,moved,1,0.0094,0.0044,0.0034,0.0643,0.0025,0.0840
m1-server,tiny,2697,look,accepted,observed,0,0.0098,0.0035,0.0013,0.0517,0.0020,0.0683
m1-server,tiny,2698,talk,rejected,not_eligible,0,0.0095,0.0038,0.0013,0.0596,0.0021,0.0763
m1-server,tiny,2699,look,accepted,observed,0,0.0097,0.0035,0.0013,0.0474,0.0021,0.0640
m1-server,tiny,2700,take,rejected,not_present,0,0.0096,0.0038,0.0013,0.0542,0.0021,0.0710
m1-server,tiny,2701,wait,rejected,invalid_time,0,0.0138,0.0048,0.0013,0.0528,0.0021,0.0748
m1-server,tiny,2702,move,accepted,moved,1,0.0098,0.0044,0.0034,0.0631,0.0022,0.0829
m1-server,tiny,2703,look,accepted,observed,0,0.0093,0.0033,0.0012,0.0422,0.0023,0.0583
m1-server,tiny,2704,choose,rejected,invalid_choice,0,0.0098,0.0046,0.0013,0.0518,0.0018,0.0692
m1-server,tiny,2705,activate,rejected,not_eligible,0,0.0090,0.0035,0.0013,0.0439,0.0017,0.0593
m1-server,tiny,2706,look,accepted,observed,0,0.0092,0.0032,0.0012,0.0566,0.0022,0.0724
m1-server,tiny,2707,move,accepted,moved,1,0.0096,0.0045,0.0034,0.0845,0.0022,0.1041
m1-server,tiny,2708,look,accepted,observed,0,0.0093,0.0033,0.0012,0.0487,0.0017,0.0641
m1-server,tiny,2709,activate,rejected,not_eligible,0,0.0092,0.0033,0.0013,0.0638,0.0018,0.0794
m1-server,tiny,2710,talk,rejected,not_owned,0,0.0092,0.0035,0.0013,0.0525,0.0018,0.0681
m1-server,tiny,2711,move,accepted,moved,1,0.0091,0.0040,0.0034,0.0632,0.0022,0.0818
m1-server,tiny,2712,look,accepted,observed,0,0.0093,0.0106,0.0012,0.0652,0.0020,0.0884
m1-server,tiny,2713,activate,rejected,not_eligible,0,0.0098,0.0039,0.0013,0.0573,0.0021,0.0743
m1-server,tiny,2714,move,rejected,exit_unavailable,0,0.0094,0.0043,0.0013,0.0425,0.0022,0.0596
m1-server,tiny,2715,move,accepted,moved,1,0.0095,0.0045,0.0034,0.0608,0.0025,0.0808
m1-server,tiny,2716,look,accepted,observed,0,0.0095,0.0035,0.0013,0.0465,0.0022,0.0630
m1-server,tiny,2717,take,accepted,taken,1,0.0095,0.0040,0.0035,0.0620,0.0026,0.0816
m1-server,tiny,2718,look,accepted,observed,0,0.0097,0.0035,0.0012,0.0515,0.0018,0.0676
m1-server,tiny,2719,move,rejected,exit_unavailable,0,0.0092,0.0037,0.0013,0.0466,0.0023,0.0631
m1-server,tiny,2720,look,accepted,observed,0,0.0100,0.0037,0.0012,0.0551,0.0021,0.0721
m1-server,tiny,2721,activate,rejected,not_eligible,0,0.0093,0.0037,0.0013,0.0475,0.0016,0.0633
m1-server,tiny,2722,look,accepted,observed,0,0.0103,0.0031,0.0012,0.0532,0.0018,0.0696
m1-server,tiny,2723,look,accepted,observed,0,0.0094,0.0032,0.0012,0.0601,0.0018,0.0756
m1-server,tiny,2724,wait,rejected,invalid_time,0,0.0093,0.0036,0.0013,0.0504,0.0017,0.0662
m1-server,tiny,2725,look,accepted,observed,0,0.0092,0.0031,0.0012,0.0513,0.0017,0.0665
m1-server,tiny,2726,move,accepted,moved,1,0.0093,0.0038,0.0035,0.0545,0.0020,0.0731
m1-server,tiny,2727,move,accepted,moved,1,0.0093,0.0038,0.0034,0.0624,0.0021,0.0810
m1-server,tiny,2728,look,accepted,observed,0,0.0092,0.0032,0.0012,0.0521,0.0022,0.0678
m1-server,tiny,2729,move,accepted,moved,1,0.0097,0.0044,0.0035,0.0566,0.0025,0.0768
m1-server,tiny,2730,take,replayed,not_present,0,0.0128,0.0033,0.0001,0.0000,0.0016,0.0179
m1-server,tiny,2731,move,accepted,moved,1,0.0075,0.0038,0.0035,0.0600,0.0027,0.0774
m1-server,tiny,2732,look,accepted,observed,0,0.0096,0.0113,0.0012,0.0541,0.0022,0.0785
m1-server,tiny,2733,choose,rejected,invalid_choice,0,0.0097,0.0046,0.0013,0.0486,0.0022,0.0663
m1-server,tiny,2734,look,accepted,observed,0,0.0095,0.0037,0.0012,0.0531,0.0021,0.0696
m1-server,tiny,2735,look,accepted,observed,0,0.0098,0.0035,0.0012,0.0497,0.0017,0.0657
m1-server,tiny,2736,move,accepted,moved,1,0.0090,0.0039,0.0035,0.0645,0.0021,0.0830
m1-server,tiny,2737,drop,accepted,dropped,1,0.0092,0.0035,0.0036,0.0641,0.0025,0.0830
m1-server,tiny,2738,move,accepted,moved,1,0.0091,0.0039,0.0035,0.0571,0.0021,0.0757
m1-server,tiny,2739,take,rejected,not_present,0,0.0086,0.0033,0.0012,0.0525,0.0023,0.0678
m1-server,tiny,2740,talk,rejected,not_eligible,0,0.0097,0.0039,0.0013,0.0438,0.0018,0.0604
m1-server,tiny,2741,take,rejected,not_present,0,0.0091,0.0036,0.0012,0.0577,0.0023,0.0740
m1-server,tiny,2742,look,accepted,observed,0,0.0102,0.0035,0.0012,0.0475,0.0018,0.0643
m1-server,tiny,2743,drop,rejected,integrity_conflict,0,0.0136,0.0032,0.0001,0.0000,0.0016,0.0186
m1-server,tiny,2744,look,accepted,observed,0,0.0078,0.0031,0.0012,0.3651,0.0021,0.3794
m1-server,tiny,2745,look,accepted,observed,0,0.0089,0.0036,0.0012,0.0763,0.0018,0.0918
m1-server,tiny,2746,move,accepted,moved,1,0.0093,0.0041,0.0035,0.0594,0.0028,0.0790
m1-server,tiny,2747,wait,rejected,invalid_time,0,0.0098,0.0041,0.0013,0.0475,0.0018,0.0645
m1-server,tiny,2748,move,accepted,moved,1,0.0093,0.0040,0.0036,0.0765,0.0025,0.0960
m1-server,tiny,2749,move,accepted,moved,1,0.0097,0.0043,0.0034,0.0660,0.0022,0.0856
m1-server,tiny,2750,move,accepted,moved,1,0.0107,0.0047,0.0035,0.0733,0.0022,0.0944
m1-server,tiny,2751,look,accepted,observed,0,0.0095,0.0108,0.0012,0.0562,0.0022,0.0800
m1-server,tiny,2752,look,accepted,observed,0,0.0097,0.0037,0.0012,0.0550,0.0018,0.0713
m1-server,tiny,2753,look,accepted,observed,0,0.0092,0.0033,0.0011,0.0466,0.0017,0.0619
m1-server,tiny,2754,look,accepted,observed,0,0.0103,0.0031,0.0012,0.0520,0.0022,0.0688
m1-server,tiny,2755,move,rejected,exit_unavailable,0,0.0098,0.0041,0.0013,0.0444,0.0018,0.0613
m1-server,tiny,2756,take,rejected,not_present,0,0.0093,0.0034,0.0012,0.0534,0.0022,0.0695
m1-server,tiny,2757,look,accepted,observed,0,0.0097,0.0035,0.0012,0.0514,0.0021,0.0680
m1-server,tiny,2758,move,accepted,moved,1,0.0095,0.0043,0.0035,0.0632,0.0026,0.0831
m1-server,tiny,2759,wait,rejected,invalid_time,0,0.0098,0.0040,0.0013,0.0508,0.0018,0.0677
m1-server,tiny,2760,move,accepted,moved,1,0.0094,0.0040,0.0034,0.0566,0.0026,0.0759
m1-server,tiny,2761,talk,rejected,not_owned,0,0.0096,0.0039,0.0012,0.0575,0.0022,0.0744
m1-server,tiny,2762,look,accepted,observed,0,0.0094,0.0036,0.0012,0.0574,0.0017,0.0733
m1-server,tiny,2763,move,accepted,moved,1,0.0094,0.0040,0.0034,0.0672,0.0021,0.0861
m1-server,tiny,2764,move,rejected,exit_unavailable,0,0.0089,0.0036,0.0013,0.0475,0.0021,0.0633
m1-server,tiny,2765,look,accepted,observed,0,0.0100,0.0036,0.0012,0.0519,0.0018,0.0685
m1-server,tiny,2766,move,rejected,exit_unavailable,0,0.0093,0.0038,0.0013,0.0501,0.0018,0.0663
m1-server,tiny,2767,wait,rejected,invalid_time,0,0.0092,0.0036,0.0012,0.0470,0.0018,0.0629
m1-server,tiny,2768,move,accepted,moved,1,0.0092,0.0039,0.0035,0.0596,0.0026,0.0787
m1-server,tiny,2769,activate,rejected,not_eligible,0,0.0096,0.0038,0.0013,0.0433,0.0021,0.0601
m1-server,tiny,2770,look,accepted,observed,0,0.0095,0.0036,0.0012,0.0553,0.0018,0.0712
m1-server,tiny,2771,wait,rejected,invalid_time,0,0.0092,0.0035,0.0012,0.0433,0.0017,0.0589
m1-server,tiny,2772,look,accepted,observed,0,0.0090,0.0032,0.0092,0.0593,0.0018,0.0826
m1-server,tiny,2773,talk,rejected,not_owned,0,0.0092,0.0036,0.0012,0.0471,0.0017,0.0628
m1-server,tiny,2774,look,accepted,observed,0,0.0090,0.0033,0.0013,0.0488,0.0018,0.0641
m1-server,tiny,2775,look,accepted,observed,0,0.0090,0.0032,0.0012,0.0580,0.0022,0.0736
m1-server,tiny,2776,look,accepted,observed,0,0.0099,0.0036,0.0013,0.0466,0.0022,0.0635
m1-server,tiny,2777,take,rejected,not_present,0,0.0096,0.0037,0.0013,0.0519,0.0021,0.0685
m1-server,tiny,2778,move,rejected,exit_unavailable,0,0.0096,0.0040,0.0013,0.0699,0.0018,0.0866
m1-server,tiny,2779,talk,rejected,not_owned,0,0.0092,0.0036,0.0012,0.0511,0.0018,0.0669
m1-server,tiny,2780,activate,rejected,not_eligible,0,0.0092,0.0034,0.0013,0.0465,0.0021,0.0624
m1-server,tiny,2781,move,accepted,moved,1,0.0098,0.0044,0.0035,0.0618,0.0025,0.0819
m1-server,tiny,2782,choose,rejected,invalid_choice,0,0.0095,0.0046,0.0013,0.0466,0.0023,0.0641
m1-server,tiny,2783,talk,rejected,not_eligible,0,0.0100,0.0039,0.0012,0.0517,0.0021,0.0688
m1-server,tiny,2784,activate,rejected,not_eligible,0,0.0095,0.0037,0.0013,0.0473,0.0021,0.0638
m1-server,tiny,2785,wait,rejected,invalid_time,0,0.0096,0.0040,0.0012,0.0492,0.0018,0.0657
m1-server,tiny,2786,look,accepted,observed,0,0.0095,0.0033,0.0012,0.0528,0.0021,0.0688
m1-server,tiny,2787,move,accepted,moved,1,0.0094,0.0043,0.0035,0.0625,0.0022,0.0820
m1-server,tiny,2788,move,accepted,moved,1,0.0093,0.0040,0.0035,0.0587,0.0022,0.0776
m1-server,tiny,2789,move,rejected,exit_unavailable,0,0.0092,0.0038,0.0013,0.0432,0.0022,0.0597
m1-server,tiny,2790,activate,rejected,not_eligible,0,0.0095,0.0038,0.0012,0.0519,0.0018,0.0682
m1-server,tiny,2791,take,replayed,not_present,0,0.0130,0.0031,0.0001,0.0000,0.0016,0.0178
m1-server,tiny,2792,drop,replayed,dropped,0,0.0104,0.0027,0.0001,0.0000,0.0016,0.0148
m1-server,tiny,2793,wait,rejected,invalid_time,0,0.0077,0.0033,0.0012,0.0468,0.0111,0.0701
m1-server,tiny,2794,take,accepted,taken,1,0.0158,0.0043,0.0036,0.0822,0.0026,0.1085
m1-server,tiny,2795,look,accepted,observed,0,0.0094,0.0037,0.0012,0.0565,0.0018,0.0725
m1-server,tiny,2796,wait,rejected,invalid_time,0,0.0091,0.0037,0.0013,0.0434,0.0021,0.0596
m1-server,tiny,2797,look,accepted,observed,0,0.0096,0.0036,0.0012,0.0563,0.0018,0.0725
m1-server,tiny,2798,look,accepted,observed,0,0.0093,0.0033,0.0012,0.0516,0.0020,0.0674
m1-server,tiny,2799,look,accepted,observed,0,0.0098,0.0036,0.0012,0.0522,0.0021,0.0688
m1-server,tiny,2800,look,accepted,observed,0,0.0098,0.0035,0.0013,0.0470,0.0018,0.0633
m1-server,tiny,2801,move,accepted,moved,1,0.0092,0.0040,0.0035,0.0609,0.0025,0.0801
m1-server,tiny,2802,drop,accepted,dropped,1,0.0096,0.0040,0.0036,0.0715,0.0025,0.0912
m1-server,tiny,2803,move,accepted,moved,1,0.0092,0.0040,0.0034,0.0784,0.0021,0.0972
m1-server,tiny,2804,look,accepted,observed,0,0.0088,0.0032,0.0012,0.0426,0.0023,0.0580
m1-server,tiny,2805,talk,rejected,not_eligible,0,0.0098,0.0039,0.0012,0.0550,0.0018,0.0717
m1-server,tiny,2806,wait,rejected,invalid_time,0,0.0095,0.0036,0.0012,0.0435,0.0017,0.0595
m1-server,tiny,2807,look,accepted,observed,0,0.0092,0.0032,0.0012,0.0530,0.0023,0.0689
m1-server,tiny,2808,wait,rejected,invalid_time,0,0.0097,0.0040,0.0013,0.0485,0.0022,0.0657
m1-server,tiny,2809,close_choice,rejected,invalid_choice,0,0.0095,0.0038,0.0013,0.0549,0.0023,0.0717
m1-server,tiny,2810,activate,rejected,not_eligible,0,0.0095,0.0036,0.0013,0.0474,0.0021,0.0640
m1-server,tiny,2811,wait,rejected,invalid_time,0,0.0095,0.0039,0.0012,0.0515,0.0021,0.0682
m1-server,tiny,2812,wait,rejected,invalid_time,0,0.0095,0.0038,0.0012,0.0489,0.0016,0.0650
m1-server,tiny,2813,talk,rejected,not_eligible,0,0.0091,0.0034,0.0013,0.0518,0.0018,0.0673
m1-server,tiny,2814,look,accepted,observed,0,0.0090,0.0033,0.0013,0.0427,0.0022,0.0584
m1-server,tiny,2815,talk,rejected,not_eligible,0,0.0098,0.0119,0.0013,0.0604,0.0018,0.0850
m1-server,tiny,2816,take,rejected,not_present,0,0.0093,0.0036,0.0012,0.0471,0.0018,0.0630
m1-server,tiny,2817,take,rejected,not_present,0,0.0093,0.0035,0.0012,0.0524,0.0018,0.0682
m1-server,tiny,2818,move,accepted,moved,1,0.0092,0.0040,0.0035,0.0639,0.0025,0.0831
m1-server,tiny,2819,move,accepted,moved,1,0.0098,0.0043,0.0034,0.0718,0.0021,0.0914
m1-server,tiny,2820,activate,rejected,not_eligible,0,0.0091,0.0033,0.0012,0.0476,0.0020,0.0633
m1-server,tiny,2821,move,accepted,moved,1,0.0098,0.0044,0.0035,0.0605,0.0024,0.0805
m1-server,tiny,2822,look,accepted,observed,0,0.0092,0.0033,0.0012,0.0514,0.0017,0.0669
m1-server,tiny,2823,move,accepted,moved,1,0.0092,0.0040,0.0037,0.0645,0.0026,0.0840
m1-server,tiny,2824,look,accepted,observed,0,0.0096,0.0036,0.0012,0.0607,0.0018,0.0769
m1-server,tiny,2825,look,accepted,observed,0,0.0093,0.0033,0.0012,0.0538,0.0022,0.0697
m1-server,tiny,2826,move,accepted,moved,1,0.0097,0.0043,0.0034,0.0583,0.0023,0.0779
m1-server,tiny,2827,move,accepted,moved,1,0.0092,0.0039,0.0035,0.0721,0.0025,0.0913
m1-server,tiny,2828,move,accepted,moved,1,0.0096,0.0043,0.0036,0.0548,0.0026,0.0749
m1-server,tiny,2829,look,accepted,observed,0,0.0098,0.0036,0.0012,0.0527,0.0018,0.0692
m1-server,tiny,2830,activate,rejected,not_eligible,0,0.0093,0.0035,0.0013,0.0452,0.0018,0.0610
m1-server,tiny,2831,move,rejected,exit_unavailable,0,0.0090,0.0037,0.0013,0.0550,0.0018,0.0708
m1-server,tiny,2832,look,accepted,observed,0,0.0093,0.0032,0.0012,0.0670,0.0022,0.0829
m1-server,tiny,2833,look,accepted,observed,0,0.0095,0.0035,0.0012,0.0500,0.0021,0.0664
m1-server,tiny,2834,move,accepted,moved,1,0.0098,0.0043,0.0137,0.0627,0.0024,0.0928
m1-server,tiny,2835,move,accepted,moved,1,0.0093,0.0042,0.0034,0.0610,0.0022,0.0800
m1-server,tiny,2836,move,accepted,moved,1,0.0092,0.0039,0.0033,0.0641,0.0028,0.0833
m1-server,tiny,2837,move,accepted,moved,1,0.0095,0.0044,0.0034,0.0609,0.0022,0.0804
m1-server,tiny,2838,move,accepted,moved,1,0.0094,0.0040,0.0034,0.0574,0.0021,0.0763
m1-server,tiny,2839,move,accepted,moved,1,0.0091,0.0040,0.0034,0.0610,0.0021,0.0797
m1-server,tiny,2840,look,accepted,observed,0,0.0090,0.0034,0.0012,0.0507,0.0018,0.0660
m1-server,tiny,2841,take,accepted,taken,1,0.0095,0.0037,0.0033,0.0558,0.0022,0.0743
m1-server,tiny,2842,move,accepted,moved,1,0.0087,0.0038,0.0033,0.0743,0.0021,0.0921
m1-server,tiny,2843,look,accepted,observed,0,0.0089,0.0031,0.0012,0.0462,0.0016,0.0610
m1-server,tiny,2844,take,replayed,taken,0,0.0128,0.0030,0.0001,0.0000,0.0015,0.0175
m1-server,tiny,2845,move,rejected,exit_unavailable,0,0.0075,0.0035,0.0013,0.0520,0.0018,0.0660
m1-server,tiny,2846,move,rejected,exit_unavailable,0,0.0092,0.0036,0.0013,0.0440,0.0023,0.0602
m1-server,tiny,2847,drop,accepted,dropped,1,0.0098,0.0041,0.0036,0.0610,0.0028,0.0813
m1-server,tiny,2848,move,accepted,moved,1,0.0096,0.0042,0.0036,0.0593,0.0021,0.0787
m1-server,tiny,2849,wait,rejected,invalid_time,0,0.0091,0.0035,0.0013,0.0438,0.0023,0.0599
m1-server,tiny,2850,close_choice,rejected,invalid_choice,0,0.0100,0.0040,0.0013,0.0676,0.0022,0.0850
m1-server,tiny,2851,move,accepted,moved,1,0.0097,0.0041,0.0119,0.0663,0.0022,0.0942
m1-server,tiny,2852,take,accepted,taken,1,0.0092,0.0039,0.0034,0.0655,0.0023,0.0842
m1-server,tiny,2853,drop,accepted,dropped,1,0.0092,0.0037,0.0035,0.0743,0.0023,0.0930
m1-server,tiny,2854,look,accepted,observed,0,0.0093,0.0032,0.0013,0.0582,0.0017,0.0737
m1-server,tiny,2855,move,rejected,exit_unavailable,0,0.0090,0.0036,0.0013,0.0499,0.0018,0.0656
m1-server,tiny,2856,activate,rejected,not_eligible,0,0.0092,0.0033,0.0012,0.0720,0.0019,0.0875
m1-server,tiny,2857,talk,rejected,not_eligible,0,0.0091,0.0035,0.0012,0.0431,0.0023,0.0593
m1-server,tiny,2858,choose,rejected,invalid_choice,0,0.0098,0.0048,0.0013,0.0612,0.0018,0.0789
m1-server,tiny,2859,take,accepted,taken,1,0.0093,0.0038,0.0037,0.0625,0.0026,0.0818
m1-server,tiny,2860,look,accepted,observed,0,0.0096,0.0035,0.0012,0.0755,0.0017,0.0915
m1-server,tiny,2861,move,accepted,moved,1,0.0092,0.0038,0.0033,0.0581,0.0021,0.0766
m1-server,tiny,2862,talk,accepted,choice_opened,1,0.0089,0.0040,0.0038,0.0855,0.0026,0.1047
m1-server,tiny,2863,activate,rejected,not_eligible,0,0.0087,0.0033,0.0013,0.0503,0.0017,0.0653
m1-server,tiny,2864,move,accepted,moved,1,0.0089,0.0038,0.0037,0.0777,0.0026,0.0966
m1-server,tiny,2865,talk,rejected,not_eligible,0,0.0094,0.0038,0.0013,0.0637,0.0020,0.0802
m1-server,tiny,2866,look,accepted,observed,0,0.0091,0.0034,0.0012,0.0664,0.0021,0.0822
m1-server,tiny,2867,look,accepted,observed,0,0.0094,0.0035,0.0012,0.0838,0.0020,0.0997
m1-server,tiny,2868,look,accepted,observed,0,0.0094,0.0033,0.0012,0.0553,0.0020,0.0712
m1-server,tiny,2869,talk,rejected,not_eligible,0,0.0093,0.0036,0.0012,0.0494,0.0018,0.0653
m1-server,tiny,2870,move,accepted,moved,1,0.0094,0.0040,0.0120,0.0669,0.0024,0.0947
m1-server,tiny,2871,talk,accepted,choice_opened,1,0.0095,0.0043,0.0038,0.0641,0.0028,0.0846
m1-server,tiny,2872,look,accepted,observed,0,0.0099,0.0037,0.0012,0.0522,0.0021,0.0691
m1-server,tiny,2873,look,accepted,observed,0,0.0102,0.0035,0.0013,0.0540,0.0018,0.0707
m1-server,tiny,2874,drop,accepted,dropped,1,0.0099,0.0036,0.0037,0.0662,0.0024,0.0858
m1-server,tiny,2875,wait,rejected,invalid_time,0,0.0090,0.0035,0.0013,0.0503,0.0018,0.0658
m1-server,tiny,2876,take,accepted,taken,1,0.0092,0.0036,0.0036,0.0635,0.0026,0.0825
m1-server,tiny,2877,wait,rejected,invalid_time,0,0.0094,0.0039,0.0013,0.0504,0.0018,0.0668
m1-server,tiny,2878,look,accepted,observed,0,0.0089,0.0031,0.0012,0.0574,0.0020,0.0726
m1-server,tiny,2879,look,accepted,observed,0,0.0092,0.0034,0.0012,0.0545,0.0017,0.0699
m1-server,tiny,2880,wait,rejected,invalid_time,0,0.0086,0.0035,0.0012,0.0510,0.0017,0.0660
m1-server,tiny,2881,look,accepted,observed,0,0.0085,0.0031,0.0012,0.0534,0.0017,0.0679
m1-server,tiny,2882,wait,rejected,invalid_time,0,0.0088,0.0034,0.0012,0.0516,0.0017,0.0666
m1-server,tiny,2883,move,accepted,moved,1,0.0085,0.0038,0.0035,0.0621,0.0021,0.0800
m1-server,tiny,2884,look,accepted,observed,0,0.0087,0.0031,0.0011,0.0529,0.0021,0.0679
m1-server,tiny,2885,look,accepted,observed,0,0.0095,0.0035,0.0012,0.0534,0.0020,0.0695
m1-server,tiny,2886,move,accepted,moved,1,0.0094,0.0040,0.0034,0.0615,0.0020,0.0803
m1-server,tiny,2887,wait,rejected,invalid_time,0,0.0088,0.0034,0.0012,0.0464,0.0021,0.0618
m1-server,tiny,2888,move,accepted,moved,1,0.0098,0.0043,0.0038,0.0618,0.0025,0.0822
m1-server,tiny,2889,drop,accepted,dropped,1,0.0093,0.0039,0.0127,0.0640,0.0024,0.0924
m1-server,tiny,2890,look,accepted,observed,0,0.0092,0.0034,0.0012,0.0500,0.0016,0.0654
m1-server,tiny,2891,look,accepted,observed,0,0.0092,0.0032,0.0012,0.0553,0.0017,0.0705
m1-server,tiny,2892,look,accepted,observed,0,0.0092,0.0032,0.0012,0.0473,0.0016,0.0625
m1-server,tiny,2893,move,accepted,moved,1,0.0105,0.0038,0.0036,0.0657,0.0021,0.0855
m1-server,tiny,2894,choose,rejected,invalid_choice,0,0.0092,0.0044,0.0013,0.0521,0.0022,0.0692
m1-server,tiny,2895,move,accepted,moved,1,0.0100,0.0043,0.0038,0.0572,0.0025,0.0778
m1-server,tiny,2896,move,accepted,moved,1,0.0094,0.0042,0.0036,0.0608,0.0021,0.0800
m1-server,tiny,2897,wait,rejected,invalid_time,0,0.0090,0.0036,0.0012,0.0532,0.0017,0.0688
m1-server,tiny,2898,move,accepted,moved,1,0.0087,0.0038,0.0034,0.0547,0.0021,0.0727
m1-server,tiny,2899,activate,rejected,not_eligible,0,0.0088,0.0033,0.0012,0.0475,0.0022,0.0630
m1-server,tiny,2900,move,accepted,moved,1,0.0095,0.0043,0.0036,0.0598,0.0023,0.0795
m1-server,tiny,2901,look,accepted,observed,0,0.0088,0.0032,0.0012,0.0473,0.0017,0.0623
m1-server,tiny,2902,look,accepted,observed,0,0.0094,0.0033,0.0012,0.0562,0.0022,0.0721
m1-server,tiny,2903,move,accepted,moved,1,0.0102,0.0044,0.0035,0.0766,0.0021,0.0968
m1-server,tiny,2904,look,accepted,observed,0,0.0094,0.0033,0.0012,0.0538,0.0018,0.0694
m1-server,tiny,2905,choose,rejected,invalid_choice,0,0.0087,0.0040,0.0013,0.0520,0.0017,0.0677
m1-server,tiny,2906,look,accepted,observed,0,0.0089,0.0031,0.0011,0.0460,0.0021,0.0613
m1-server,tiny,2907,look,accepted,observed,0,0.0096,0.0035,0.0013,0.0516,0.0020,0.0681
m1-server,tiny,2908,look,accepted,observed,0,0.0095,0.0035,0.0095,0.0567,0.0021,0.0815
m1-server,tiny,2909,take,rejected,not_present,0,0.0098,0.0041,0.0013,0.0541,0.0018,0.0710
m1-server,tiny,2910,move,accepted,moved,1,0.0091,0.0040,0.0038,0.0651,0.0026,0.0846
m1-server,tiny,2911,move,accepted,moved,1,0.0098,0.0043,0.0036,0.0617,0.0021,0.0815
m1-server,tiny,2912,choose,rejected,stale_view,0,0.0093,0.0049,0.0013,0.0516,0.0022,0.0692
m1-server,tiny,2913,move,accepted,moved,1,0.0098,0.0043,0.0036,0.0625,0.0025,0.0828
m1-server,tiny,2914,move,rejected,exit_unavailable,0,0.0097,0.0041,0.0013,0.0464,0.0023,0.0638
m1-server,tiny,2915,look,accepted,observed,0,0.0098,0.0035,0.0012,0.0519,0.0018,0.0681
m1-server,tiny,2916,choose,rejected,invalid_choice,0,0.0093,0.0045,0.0013,0.0684,0.0022,0.0857
m1-server,tiny,2917,drop,replayed,dropped,0,0.0132,0.0034,0.0001,0.0000,0.0016,0.0183
m1-server,tiny,2918,take,rejected,not_present,0,0.0076,0.0033,0.0013,0.0475,0.0023,0.0619
m1-server,tiny,2919,look,accepted,observed,0,0.0095,0.0036,0.0012,0.0577,0.0018,0.0737
m1-server,tiny,2920,move,accepted,moved,1,0.0092,0.0040,0.0037,0.0608,0.0023,0.0799
m1-server,tiny,2921,talk,rejected,not_eligible,0,0.0094,0.0035,0.0013,0.0451,0.0017,0.0609
m1-server,tiny,2922,choose,rejected,invalid_choice,0,0.0092,0.0042,0.0013,0.0539,0.0022,0.0708
m1-server,tiny,2923,choose,rejected,invalid_choice,0,0.0095,0.0045,0.0013,0.0479,0.0022,0.0653
m1-server,tiny,2924,look,accepted,observed,0,0.0095,0.0035,0.0012,0.0510,0.0021,0.0674
m1-server,tiny,2925,look,accepted,observed,0,0.0097,0.0035,0.0012,0.0466,0.0021,0.0631
m1-server,tiny,2926,look,accepted,observed,0,0.0100,0.0035,0.0013,0.0530,0.0017,0.0694
m1-server,tiny,2927,look,accepted,observed,0,0.0092,0.0032,0.0012,0.0466,0.0017,0.0619
m1-server,tiny,2928,move,accepted,moved,1,0.0092,0.0039,0.0125,0.0678,0.0025,0.0957
m1-server,tiny,2929,move,accepted,moved,1,0.0096,0.0042,0.0036,0.0721,0.0021,0.0917
m1-server,tiny,2930,take,rejected,not_present,0,0.0092,0.0035,0.0013,0.0519,0.0017,0.0676
m1-server,tiny,2931,look,accepted,observed,0,0.0091,0.0031,0.0012,0.0507,0.0016,0.0657
m1-server,tiny,2932,look,accepted,observed,0,0.0090,0.0031,0.0012,0.0528,0.0022,0.0683
m1-server,tiny,2933,look,accepted,observed,0,0.0097,0.0035,0.0012,0.0493,0.0020,0.0657
m1-server,tiny,2934,move,accepted,moved,1,0.0101,0.0043,0.0036,0.0618,0.0022,0.0820
m1-server,tiny,2935,look,accepted,observed,0,0.0097,0.0033,0.0012,0.0514,0.0021,0.0676
m1-server,tiny,2936,activate,rejected,not_eligible,0,0.0098,0.0038,0.0013,0.0557,0.0021,0.0727
m1-server,tiny,2937,close_choice,accepted,choice_closed,1,0.0095,0.0041,0.0038,0.0640,0.0025,0.0838
m1-server,tiny,2938,wait,rejected,invalid_time,0,0.0095,0.0037,0.0013,0.0462,0.0021,0.0629
m1-server,tiny,2939,look,accepted,observed,0,0.0094,0.0036,0.0012,0.0496,0.0018,0.0656
m1-server,tiny,2940,move,accepted,moved,1,0.0093,0.0040,0.0035,0.0559,0.0023,0.0750
m1-server,tiny,2941,activate,rejected,not_eligible,0,0.0092,0.0034,0.0013,0.0582,0.0022,0.0742
m1-server,tiny,2942,take,rejected,not_present,0,0.0094,0.0037,0.0012,0.0568,0.0017,0.0727
m1-server,tiny,2943,activate,rejected,not_eligible,0,0.0088,0.0033,0.0012,0.0452,0.0022,0.0608
m1-server,tiny,2944,move,accepted,moved,1,0.0096,0.0043,0.0035,0.0609,0.0025,0.0808
m1-server,tiny,2945,look,accepted,observed,0,0.0096,0.0035,0.0012,0.0434,0.0021,0.0599
m1-server,tiny,2946,move,accepted,moved,1,0.0097,0.0042,0.0035,0.0668,0.0023,0.0864
m1-server,tiny,2947,move,accepted,moved,1,0.0096,0.0039,0.0125,0.0670,0.0023,0.0953
m1-server,tiny,2948,wait,rejected,invalid_time,0,0.0093,0.0038,0.0013,0.0479,0.0018,0.0640
m1-server,tiny,2949,look,accepted,observed,0,0.0092,0.0033,0.0012,0.0668,0.0021,0.0826
m1-server,tiny,2950,wait,rejected,invalid_time,0,0.0096,0.0040,0.0013,0.0427,0.0021,0.0596
m1-server,tiny,2951,take,rejected,not_present,0,0.0093,0.0038,0.0013,0.0530,0.0022,0.0695
m1-server,tiny,2952,take,rejected,not_present,0,0.0096,0.0038,0.0013,0.0475,0.0022,0.0643
m1-server,tiny,2953,look,accepted,observed,0,0.0096,0.0035,0.0012,0.0570,0.0020,0.0733
m1-server,tiny,2954,move,rejected,exit_unavailable,0,0.0096,0.0040,0.0013,0.0581,0.0018,0.0749
m1-server,tiny,2955,talk,rejected,not_eligible,0,0.0093,0.0036,0.0013,0.0496,0.0018,0.0655
m1-server,tiny,2956,look,accepted,observed,0,0.0092,0.0032,0.0012,0.0500,0.0021,0.0657
m1-server,tiny,2957,move,accepted,moved,1,0.0095,0.0042,0.0035,0.0601,0.0025,0.0799
m1-server,tiny,2958,wait,rejected,invalid_time,0,0.0097,0.0038,0.0013,0.0514,0.0022,0.0683
m1-server,tiny,2959,move,accepted,moved,1,0.0095,0.0043,0.0034,0.0624,0.0024,0.0820
m1-server,tiny,2960,talk,rejected,not_owned,0,0.0095,0.0038,0.0013,0.0472,0.0022,0.0641
m1-server,tiny,2961,wait,rejected,invalid_time,0,0.0099,0.0039,0.0013,0.0531,0.0021,0.0703
m1-server,tiny,2962,look,accepted,observed,0,0.0098,0.0035,0.0012,0.0519,0.0021,0.0686
m1-server,tiny,2963,move,accepted,moved,1,0.0101,0.0042,0.0035,0.0627,0.0025,0.0829
m1-server,tiny,2964,move,accepted,moved,1,0.0099,0.0043,0.0035,0.0644,0.0022,0.0843
m1-server,tiny,2965,choose,rejected,invalid_choice,0,0.0092,0.0043,0.0013,0.0432,0.0022,0.0602
m1-server,tiny,2966,look,accepted,observed,0,0.0095,0.0036,0.0012,0.0535,0.0017,0.0695
m1-server,tiny,2967,look,accepted,observed,0,0.0095,0.0033,0.0012,0.0455,0.0017,0.0612
m1-server,tiny,2968,wait,rejected,invalid_time,0,0.0092,0.0117,0.0013,0.0606,0.0018,0.0845
m1-server,tiny,2969,move,accepted,moved,1,0.0092,0.0039,0.0034,0.0558,0.0023,0.0746
m1-server,tiny,2970,look,accepted,observed,0,0.0092,0.0033,0.0012,0.0520,0.0017,0.0674
m1-server,tiny,2971,look,accepted,observed,0,0.0092,0.0033,0.0012,0.0603,0.0022,0.0760
m1-server,tiny,2972,talk,rejected,not_eligible,0,0.0100,0.0040,0.0013,0.0582,0.0018,0.0753
m1-server,tiny,2973,move,rejected,exit_unavailable,0,0.0092,0.0038,0.0013,0.0632,0.0017,0.0793
m1-server,tiny,2974,move,accepted,moved,1,0.0091,0.0038,0.0033,0.0573,0.0021,0.0755
m1-server,tiny,2975,choose,rejected,stale_view,0,0.0087,0.0042,0.0013,0.0423,0.0022,0.0586
m1-server,tiny,2976,look,accepted,observed,0,0.0098,0.0036,0.0012,0.0558,0.0020,0.0724
m1-server,tiny,2977,move,accepted,moved,1,0.0103,0.0043,0.0035,0.0665,0.0022,0.0867
m1-server,tiny,2978,move,accepted,moved,1,0.0095,0.0040,0.0034,0.0564,0.0026,0.0758
m1-server,tiny,2979,take,rejected,not_present,0,0.0096,0.0038,0.0013,0.0621,0.0021,0.0788
m1-server,tiny,2980,look,accepted,observed,0,0.0095,0.0035,0.0013,0.0526,0.0021,0.0690
m1-server,tiny,2981,move,rejected,exit_unavailable,0,0.0096,0.0040,0.0014,0.0443,0.0018,0.0610
m1-server,tiny,2982,move,accepted,moved,1,0.0093,0.0039,0.0034,0.0622,0.0025,0.0813
m1-server,tiny,2983,take,accepted,taken,1,0.0096,0.0040,0.0035,0.0605,0.0028,0.0803
m1-server,tiny,2984,drop,rejected,integrity_conflict,0,0.0134,0.0034,0.0002,0.0000,0.0015,0.0186
m1-server,tiny,2985,look,accepted,observed,0,0.0078,0.0031,0.0012,0.0443,0.0017,0.0580
m1-server,tiny,2986,wait,rejected,invalid_time,0,0.0092,0.0035,0.0012,0.0491,0.0018,0.0648
m1-server,tiny,2987,talk,rejected,not_eligible,0,0.0091,0.0035,0.0013,0.0440,0.0095,0.0673
m1-server,tiny,2988,look,accepted,observed,0,0.0169,0.0038,0.0013,0.0589,0.0017,0.0825
m1-server,tiny,2989,talk,rejected,not_eligible,0,0.0094,0.0035,0.0012,0.0466,0.0018,0.0625
m1-server,tiny,2990,drop,accepted,dropped,1,0.0089,0.0037,0.0035,0.0610,0.0028,0.0799
m1-server,tiny,2991,move,accepted,moved,1,0.0098,0.0043,0.0035,0.0783,0.0022,0.0980
m1-server,tiny,2992,wait,rejected,invalid_time,0,0.0093,0.0037,0.0013,0.0463,0.0021,0.0626
m1-server,tiny,2993,take,rejected,not_present,0,0.0098,0.0038,0.0013,0.0572,0.0022,0.0742
m1-server,tiny,2994,choose,rejected,invalid_choice,0,0.0096,0.0045,0.0013,0.0438,0.0022,0.0615
m1-server,tiny,2995,move,rejected,exit_unavailable,0,0.0095,0.0042,0.0013,0.0549,0.0019,0.0717
m1-server,tiny,2996,move,accepted,moved,1,0.0093,0.0040,0.0035,0.0595,0.0023,0.0784
m1-server,tiny,2997,take,rejected,not_present,0,0.0092,0.0034,0.0012,0.0520,0.0018,0.0676
m1-server,tiny,2998,move,accepted,moved,1,0.0092,0.0040,0.0034,0.0630,0.0025,0.0821
m1-server,tiny,2999,look,accepted,observed,0,0.0095,0.0037,0.0013,0.0433,0.0021,0.0599
m1-server,medium,1000,move,accepted,moved,1,0.0130,0.0068,3.4358,0.3870,0.0038,3.8464
m1-server,medium,1001,move,accepted,moved,1,0.0107,0.0079,5.4035,0.4367,0.0043,5.8632
m1-server,medium,1002,move,accepted,moved,1,0.0139,0.0158,3.5444,0.3923,0.0037,3.9701
m1-server,medium,1003,wait,rejected,invalid_time,0,0.0123,0.0121,0.0015,0.0525,0.0031,0.0816
m1-server,medium,1004,move,accepted,moved,1,0.0105,0.0066,3.5341,0.3855,0.0033,3.9401
m1-server,medium,1005,move,accepted,moved,1,0.0107,0.0082,6.1186,0.5676,0.0106,6.7156
m1-server,medium,1006,choose,rejected,invalid_choice,0,0.0168,0.0190,0.0019,0.0636,0.0023,0.1036
m1-server,medium,1007,move,accepted,moved,1,0.0099,0.0060,3.7157,0.4566,0.0042,4.1925
m1-server,medium,1008,look,accepted,observed,0,0.0139,0.0165,0.0017,0.0641,0.0020,0.0983
m1-server,medium,1009,take,rejected,not_present,0,0.0093,0.0048,0.0014,0.0478,0.0018,0.0650
m1-server,medium,1010,move,accepted,moved,1,0.0094,0.0051,3.4371,0.3857,0.0036,3.8409
m1-server,medium,1011,choose,rejected,invalid_choice,0,0.0108,0.0132,0.0016,0.0557,0.0021,0.0835
m1-server,medium,1012,look,accepted,observed,0,0.0090,0.0035,0.0013,0.0502,0.0019,0.0659
m1-server,medium,1013,talk,rejected,not_eligible,0,0.0092,0.0038,0.0013,0.0524,0.0018,0.0684
m1-server,medium,1014,look,accepted,observed,0,0.0090,0.0033,0.0012,0.0675,0.0017,0.0827
m1-server,medium,1015,move,accepted,moved,1,0.0090,0.0042,3.8862,0.4278,0.0038,4.3309
m1-server,medium,1016,wait,rejected,invalid_time,0,0.0123,0.0134,0.0014,0.0610,0.0020,0.0901
m1-server,medium,1017,look,accepted,observed,0,0.0090,0.0035,0.0013,0.0553,0.0032,0.0724
m1-server,medium,1018,move,accepted,moved,1,0.0132,0.0065,3.2432,0.4070,0.0038,3.6738
m1-server,medium,1019,take,accepted,taken,1,0.0120,0.0108,3.2939,0.3823,0.0039,3.7029
m1-server,medium,1020,look,accepted,observed,0,0.0116,0.0105,0.0015,0.0605,0.0020,0.0861
m1-server,medium,1021,look,accepted,observed,0,0.0094,0.0036,0.0013,0.0480,0.0033,0.0655
m1-server,medium,1022,drop,accepted,dropped,1,0.0114,0.0062,3.4578,0.3653,0.0036,3.8443
m1-server,medium,1023,activate,rejected,not_eligible,0,0.0110,0.0072,0.0015,0.0567,0.0020,0.0784
m1-server,medium,1024,move,accepted,moved,1,0.0091,0.0047,5.5505,0.4504,0.0043,6.0190
m1-server,medium,1025,look,accepted,observed,0,0.0129,0.0131,0.0014,0.0585,0.0020,0.0880
m1-server,medium,1026,move,rejected,exit_unavailable,0,0.0090,0.0046,0.0014,0.0524,0.0019,0.0694
m1-server,medium,1027,move,accepted,moved,1,0.0093,0.0048,3.3052,0.9952,0.0046,4.3190
m1-server,medium,1028,move,accepted,moved,1,0.0114,0.0095,3.0185,0.4343,0.0040,3.4777
m1-server,medium,1029,look,accepted,observed,0,0.0118,0.0123,0.0017,0.0485,0.0019,0.0761
m1-server,medium,1030,move,accepted,moved,1,0.0090,0.0047,3.2194,0.4071,0.0041,3.6443
m1-server,medium,1031,look,accepted,observed,0,0.0121,0.0070,0.0014,0.0732,0.0020,0.0957
m1-server,medium,1032,take,rejected,not_present,0,0.0093,0.0038,0.0014,0.0520,0.0019,0.0685
m1-server,medium,1033,take,rejected,not_present,0,0.0088,0.0034,0.0012,0.0545,0.0018,0.0697
m1-server,medium,1034,talk,rejected,not_eligible,0,0.0092,0.0035,0.0013,0.0473,0.0018,0.0632
m1-server,medium,1035,take,rejected,not_present,0,0.0089,0.0034,0.0013,0.0520,0.0018,0.0674
m1-server,medium,1036,look,accepted,observed,0,0.0089,0.0033,0.0013,0.0508,0.0032,0.0673
m1-server,medium,1037,move,accepted,moved,1,0.0116,0.0097,4.9891,0.4482,0.0048,5.4635
m1-server,medium,1038,talk,rejected,not_owned,0,0.0126,0.0140,0.0014,0.0614,0.0019,0.0914
m1-server,medium,1039,move,accepted,moved,1,0.0091,0.0052,2.9655,0.4053,0.0040,3.3890
m1-server,medium,1040,activate,rejected,not_eligible,0,0.0110,0.0088,0.0014,0.0653,0.0019,0.0884
m1-server,medium,1041,talk,rejected,not_eligible,0,0.0090,0.0036,0.0012,0.0501,0.0018,0.0658
m1-server,medium,1042,look,accepted,observed,0,0.0090,0.0033,0.0013,0.0513,0.0017,0.0666
m1-server,medium,1043,move,rejected,exit_unavailable,0,0.0088,0.0040,0.0013,0.0461,0.0018,0.0621
m1-server,medium,1044,take,replayed,not_present,0,0.0187,0.0034,0.0001,0.0000,0.0017,0.0240
m1-server,medium,1045,activate,rejected,not_eligible,0,0.0077,0.0034,0.0013,0.0531,0.0018,0.0673
m1-server,medium,1046,look,accepted,observed,0,0.0090,0.0033,0.0013,0.0508,0.0017,0.0660
m1-server,medium,1047,look,accepted,observed,0,0.0110,0.0032,0.0013,0.0578,0.0018,0.0750
m1-server,medium,1048,move,accepted,moved,1,0.0091,0.0043,2.7493,0.3938,0.0039,3.1605
m1-server,medium,1049,activate,rejected,not_eligible,0,0.0105,0.0073,0.0029,0.0586,0.0020,0.0812
m1-server,medium,1050,move,accepted,moved,1,0.0092,0.0045,3.6940,0.3784,0.0039,4.0901
m1-server,medium,1051,look,accepted,observed,0,0.0099,0.0071,0.0014,0.0591,0.0021,0.0795
m1-server,medium,1052,wait,rejected,invalid_time,0,0.0095,0.0044,0.0013,0.0534,0.0030,0.0715
m1-server,medium,1053,choose,rejected,invalid_choice,0,0.0117,0.0068,0.0017,0.0618,0.0024,0.0843
m1-server,medium,1054,wait,rejected,invalid_time,0,0.0098,0.0044,0.0014,0.0563,0.0019,0.0737
m1-server,medium,1055,look,accepted,observed,0,0.0094,0.0035,0.0013,0.0657,0.0018,0.0816
m1-server,medium,1056,wait,rejected,invalid_time,0,0.0091,0.0036,0.0013,0.0712,0.0018,0.0869
m1-server,medium,1057,take,accepted,taken,1,0.0088,0.0039,4.4397,0.4432,0.0068,4.9025
m1-server,medium,1058,move,accepted,moved,1,0.0119,0.0125,4.9163,0.4196,0.0044,5.3647
m1-server,medium,1059,move,accepted,moved,1,0.0123,0.0148,3.3735,0.3810,0.0071,3.7886
m1-server,medium,1060,look,accepted,observed,0,0.0108,0.0062,0.0014,0.0617,0.0020,0.0821
m1-server,medium,1061,talk,rejected,not_eligible,0,0.0089,0.0040,0.0013,0.0478,0.0019,0.0639
m1-server,medium,1062,wait,rejected,invalid_time,0,0.0088,0.0037,0.0013,0.0523,0.0018,0.0680
m1-server,medium,1063,take,replayed,not_present,0,0.0177,0.0036,0.0002,0.0000,0.0017,0.0233
m1-server,medium,1064,move,accepted,moved,1,0.0074,0.0040,3.4648,0.3764,0.0046,3.8572
m1-server,medium,1065,choose,rejected,invalid_choice,0,0.0125,0.0100,0.0017,0.0556,0.0025,0.0824
m1-server,medium,1066,move,accepted,moved,1,0.0099,0.0048,4.8795,0.4054,0.0042,5.3038
m1-server,medium,1067,move,accepted,moved,1,0.0123,0.0134,4.4788,0.4261,0.0062,4.9368
m1-server,medium,1068,drop,replayed,dropped,0,0.0204,0.0118,0.0001,0.0000,0.0019,0.0342
m1-server,medium,1069,look,accepted,observed,0,0.0112,0.0042,0.0014,0.0780,0.0020,0.0968
m1-server,medium,1070,move,accepted,moved,1,0.0091,0.0046,2.4360,0.3943,0.0047,2.8487
m1-server,medium,1071,move,accepted,moved,1,0.0124,0.0112,3.2215,0.3859,0.0042,3.6351
m1-server,medium,1072,talk,accepted,choice_opened,1,0.0117,0.0108,2.4828,0.4100,0.0042,2.9195
m1-server,medium,1073,activate,rejected,not_eligible,0,0.0114,0.0082,0.0014,0.0641,0.0020,0.0871
m1-server,medium,1074,move,accepted,moved,1,0.0088,0.0051,3.4197,0.3697,0.0042,3.8075
m1-server,medium,1075,look,accepted,observed,0,0.0112,0.0070,0.0014,0.0580,0.0020,0.0797
m1-server,medium,1076,move,accepted,moved,1,0.0094,0.0047,3.3622,0.3702,0.0031,3.7497
m1-server,medium,1077,move,accepted,moved,1,0.0105,0.0079,3.4731,0.9379,0.0043,4.4336
m1-server,medium,1078,move,accepted,moved,1,0.0109,0.0089,3.3597,0.4149,0.0035,3.7978
m1-server,medium,1079,move,accepted,moved,1,0.0115,0.0105,3.1425,0.3914,0.0036,3.5594
m1-server,medium,1080,move,accepted,moved,1,0.0107,0.0079,3.3740,0.3812,0.0035,3.7773
m1-server,medium,1081,talk,accepted,choice_opened,1,0.0108,0.0120,4.1368,0.1616,0.0037,4.3248
m1-server,medium,1082,look,accepted,observed,0,0.0120,0.0154,0.0015,0.0601,0.0020,0.0910
m1-server,medium,1083,choose,rejected,stale_view,0,0.0096,0.0084,0.0015,0.0753,0.0020,0.0968
m1-server,medium,1084,activate,rejected,not_eligible,0,0.0094,0.0058,0.0015,0.0516,0.0018,0.0700
m1-server,medium,1085,wait,rejected,invalid_time,0,0.0089,0.0054,0.0013,0.0508,0.0034,0.0698
m1-server,medium,1086,move,rejected,exit_unavailable,0,0.0117,0.0075,0.0016,0.0570,0.0023,0.0801
m1-server,medium,1087,activate,rejected,not_eligible,0,0.0095,0.0051,0.0013,0.0505,0.0017,0.0681
m1-server,medium,1088,look,accepted,observed,0,0.0088,0.0048,0.0013,0.0678,0.0017,0.0844
m1-server,medium,1089,move,accepted,moved,1,0.0089,0.0059,4.5477,0.4295,0.0057,4.9976
m1-server,medium,1090,move,accepted,moved,1,0.0124,0.0125,3.3864,0.3948,0.0033,3.8093
m1-server,medium,1091,close_choice,accepted,choice_closed,1,0.0111,0.0085,3.2169,0.4035,0.0043,3.6443
m1-server,medium,1092,look,accepted,observed,0,0.0109,0.0076,0.0014,0.0992,0.0020,0.1211
m1-server,medium,1093,activate,rejected,not_eligible,0,0.0093,0.0041,0.0013,0.0533,0.0031,0.0710
m1-server,medium,1094,move,accepted,moved,1,0.0114,0.0067,4.6867,0.4502,0.0058,5.1607
m1-server,medium,1095,look,accepted,observed,0,0.0124,0.0143,0.0014,0.0641,0.0080,0.1003
m1-server,medium,1096,look,accepted,observed,0,0.0111,0.0053,0.0015,0.0733,0.0035,0.0947
m1-server,medium,1097,move,accepted,moved,1,0.0100,0.0052,4.6996,0.4266,0.0065,5.1480
m1-server,medium,1098,look,accepted,observed,0,0.0128,0.0136,0.0015,0.0767,0.0035,0.1080
m1-server,medium,1099,choose,rejected,invalid_choice,0,0.0096,0.0051,0.0015,0.0685,0.0020,0.0866
m1-server,medium,1100,activate,rejected,not_eligible,0,0.0094,0.0040,0.0014,0.0662,0.0034,0.0843
m1-server,medium,1101,look,accepted,observed,0,0.0089,0.0033,0.0012,0.0925,0.0031,0.1090
m1-server,medium,1102,move,accepted,moved,1,0.0089,0.0046,3.1126,0.4043,0.0043,3.5346
m1-server,medium,1103,move,accepted,moved,1,0.0107,0.0079,2.6091,0.3927,0.0034,3.0238
m1-server,medium,1104,look,accepted,observed,0,0.0110,0.0069,0.0013,0.0598,0.0018,0.0808
m1-server,medium,1105,drop,accepted,dropped,1,0.0090,0.0044,2.5124,0.4080,0.0044,2.9381
m1-server,medium,1106,look,accepted,observed,0,0.0105,0.0117,0.0013,0.0640,0.0019,0.0894
m1-server,medium,1107,move,accepted,moved,1,0.0089,0.0047,2.3577,0.4079,0.0041,2.7834
m1-server,medium,1108,move,accepted,moved,1,0.0103,0.0075,3.5231,0.4096,0.0040,3.9545
m1-server,medium,1109,wait,rejected,invalid_time,0,0.0123,0.0131,0.0024,0.0568,0.0023,0.0867
m1-server,medium,1110,move,rejected,exit_unavailable,0,0.0091,0.0087,0.0027,0.0524,0.0019,0.0748
m1-server,medium,1111,move,accepted,moved,1,0.0089,0.0043,3.3838,0.3779,0.0038,3.7785
m1-server,medium,1112,look,accepted,observed,0,0.0119,0.0076,0.0013,0.0555,0.0020,0.0783
m1-server,medium,1113,look,accepted,observed,0,0.0090,0.0035,0.0012,0.0549,0.0032,0.0719
m1-server,medium,1114,look,accepted,observed,0,0.0115,0.0054,0.0015,0.0538,0.0023,0.0745
m1-server,medium,1115,look,accepted,observed,0,0.0097,0.0037,0.0013,0.0528,0.0018,0.0694
m1-server,medium,1116,move,accepted,moved,1,0.0093,0.0045,2.9053,0.3679,0.0034,3.2905
m1-server,medium,1117,look,accepted,observed,0,0.0113,0.0065,0.0014,0.0753,0.0019,0.0964
m1-server,medium,1118,move,accepted,moved,1,0.0090,0.0047,3.0946,0.3748,0.0034,3.4865
m1-server,medium,1119,look,accepted,observed,0,0.0103,0.0058,0.0013,0.0603,0.0020,0.0796
m1-server,medium,1120,look,accepted,observed,0,0.0093,0.0034,0.0012,0.0459,0.0018,0.0615
m1-server,medium,1121,move,rejected,exit_unavailable,0,0.0093,0.0041,0.0014,0.0537,0.0020,0.0705
m1-server,medium,1122,activate,rejected,not_eligible,0,0.0092,0.0039,0.0013,0.0509,0.0034,0.0687
m1-server,medium,1123,wait,rejected,invalid_time,0,0.0112,0.0058,0.0015,0.0558,0.0024,0.0767
m1-server,medium,1124,look,accepted,observed,0,0.0097,0.0038,0.0013,0.0675,0.0018,0.0840
m1-server,medium,1125,move,accepted,moved,1,0.0092,0.0043,3.5107,0.4482,0.0068,3.9791
m1-server,medium,1126,move,accepted,moved,1,0.0150,0.0189,3.4637,0.9633,0.0053,4.4661
m1-server,medium,1127,choose,rejected,stale_view,0,0.0127,0.0174,0.0016,0.0820,0.0023,0.1160
m1-server,medium,1128,choose,rejected,invalid_choice,0,0.0095,0.0060,0.0015,0.0557,0.0020,0.0746
m1-server,medium,1129,look,accepted,observed,0,0.0093,0.0038,0.0013,0.0500,0.0031,0.0676
m1-server,medium,1130,take,rejected,not_present,0,0.0122,0.0058,0.0016,0.0594,0.0023,0.0813
m1-server,medium,1131,choose,rejected,invalid_choice,0,0.0096,0.0046,0.0013,0.0516,0.0026,0.0698
m1-server,medium,1132,look,accepted,observed,0,0.0107,0.0043,0.0013,0.0574,0.0022,0.0760
m1-server,medium,1133,move,accepted,moved,1,0.0095,0.0050,3.3050,0.4142,0.0039,3.7376
m1-server,medium,1134,move,rejected,exit_unavailable,0,0.0119,0.0122,0.0014,0.0501,0.0029,0.0785
m1-server,medium,1135,look,accepted,observed,0,0.0106,0.0048,0.0014,0.0599,0.0023,0.0789
m1-server,medium,1136,activate,rejected,not_eligible,0,0.0097,0.0042,0.0013,0.0463,0.0019,0.0634
m1-server,medium,1137,look,accepted,observed,0,0.0092,0.0035,0.0013,0.0564,0.0018,0.0723
m1-server,medium,1138,look,accepted,observed,0,0.0091,0.0035,0.0013,0.0477,0.0025,0.0640
m1-server,medium,1139,move,accepted,moved,1,0.0106,0.0055,5.4276,0.4250,0.0061,5.8748
m1-server,medium,1140,move,accepted,moved,1,0.0135,0.0181,2.3825,0.4178,0.0044,2.8363
m1-server,medium,1141,choose,rejected,invalid_choice,0,0.0116,0.0082,0.0014,0.0870,0.0026,0.1108
m1-server,medium,1142,look,accepted,observed,0,0.0108,0.0045,0.0014,0.0707,0.0023,0.0898
m1-server,medium,1143,move,accepted,moved,1,0.0095,0.0051,3.0645,0.4100,0.0039,3.4931
m1-server,medium,1144,look,accepted,observed,0,0.0118,0.0069,0.0014,0.0558,0.0028,0.0787
m1-server,medium,1145,take,rejected,not_present,0,0.0105,0.0054,0.0014,0.0593,0.0024,0.0789
m1-server,medium,1146,look,accepted,observed,0,0.0093,0.0040,0.0013,0.0473,0.0023,0.0641
m1-server,medium,1147,wait,rejected,invalid_time,0,0.0100,0.0048,0.0014,0.0537,0.0023,0.0722
m1-server,medium,1148,choose,rejected,invalid_choice,0,0.0096,0.0050,0.0014,0.0510,0.0018,0.0689
m1-server,medium,1149,move,accepted,moved,1,0.0110,0.0044,2.5010,0.4080,0.0040,2.9285
m1-server,medium,1150,take,accepted,taken,1,0.0112,0.0079,3.2730,0.4278,0.0047,3.7245
m1-server,medium,1151,move,accepted,moved,1,0.0119,0.0099,4.6175,0.4336,0.0062,5.0790
m1-server,medium,1152,drop,accepted,dropped,1,0.0128,0.0140,3.2328,0.3871,0.0066,3.6533
m1-server,medium,1153,look,accepted,observed,0,0.0123,0.0123,0.0015,0.0789,0.0020,0.1071
m1-server,medium,1154,move,accepted,moved,1,0.0093,0.0065,3.3592,0.3899,0.0040,3.7688
m1-server,medium,1155,look,accepted,observed,0,0.0107,0.0081,0.0015,0.0620,0.0020,0.0844
m1-server,medium,1156,move,accepted,moved,1,0.0091,0.0048,3.5255,0.3744,0.0040,3.9178
m1-server,medium,1157,look,accepted,observed,0,0.0108,0.0083,0.0014,0.0574,0.0028,0.0806
m1-server,medium,1158,move,rejected,exit_unavailable,0,0.0113,0.0058,0.0015,0.0564,0.0024,0.0773
m1-server,medium,1159,look,accepted,observed,0,0.0096,0.0038,0.0013,0.0480,0.0025,0.0653
m1-server,medium,1160,move,accepted,moved,1,0.0104,0.0054,3.4821,0.3721,0.0038,3.8738
m1-server,medium,1161,move,accepted,moved,1,0.0117,0.0126,3.1290,0.3874,0.0048,3.5455
m1-server,medium,1162,talk,rejected,not_eligible,0,0.0113,0.0091,0.0014,0.0618,0.0021,0.0857
m1-server,medium,1163,look,accepted,observed,0,0.0091,0.0035,0.0013,0.0857,0.0019,0.1014
m1-server,medium,1164,look,accepted,observed,0,0.0090,0.0034,0.0012,0.0568,0.0018,0.0722
m1-server,medium,1165,look,accepted,observed,0,0.0086,0.0032,0.0013,0.0533,0.0018,0.0681
m1-server,medium,1166,look,accepted,observed,0,0.0090,0.0033,0.0012,0.0568,0.0018,0.0720
m1-server,medium,1167,move,rejected,exit_unavailable,0,0.0089,0.0040,0.0013,0.0678,0.0018,0.0839
m1-server,medium,1168,look,accepted,observed,0,0.0088,0.0033,0.0012,0.0516,0.0019,0.0667
m1-server,medium,1169,wait,rejected,invalid_time,0,0.0088,0.0038,0.0013,0.0735,0.0018,0.0892
m1-server,medium,1170,move,accepted,moved,1,0.0086,0.0040,2.3939,0.3972,0.0035,2.8073
m1-server,medium,1171,look,accepted,observed,0,0.0101,0.0065,0.0013,0.0533,0.0018,0.0729
m1-server,medium,1172,take,rejected,not_present,0,0.0089,0.0036,0.0013,0.0513,0.0018,0.0670
m1-server,medium,1173,move,accepted,moved,1,0.0090,0.0045,3.2277,0.3998,0.0039,3.6448
m1-server,medium,1174,activate,rejected,not_eligible,0,0.0114,0.0079,0.0014,0.0751,0.0019,0.0977
m1-server,medium,1175,wait,rejected,invalid_time,0,0.0090,0.0040,0.0013,0.0516,0.0032,0.0690
m1-server,medium,1176,take,accepted,taken,1,0.0110,0.0060,2.8293,0.3769,0.0060,3.2292
m1-server,medium,1177,activate,rejected,not_eligible,0,0.0110,0.0065,0.0014,0.0515,0.0031,0.0736
m1-server,medium,1178,wait,rejected,invalid_time,0,0.0101,0.0055,0.0015,0.0732,0.0023,0.0926
m1-server,medium,1179,move,accepted,moved,1,0.0095,0.0048,3.2050,0.3748,0.0040,3.5981
m1-server,medium,1180,move,accepted,moved,1,0.0119,0.0079,2.7868,0.3958,0.0043,3.2066
m1-server,medium,1181,choose,rejected,invalid_choice,0,0.0110,0.0096,0.0014,0.0606,0.0020,0.0847
m1-server,medium,1182,wait,rejected,invalid_time,0,0.0093,0.0040,0.0013,0.0721,0.0019,0.0885
m1-server,medium,1183,look,accepted,observed,0,0.0090,0.0033,0.0012,0.0524,0.0018,0.0677
m1-server,medium,1184,look,accepted,observed,0,0.0088,0.0033,0.0012,0.0670,0.0018,0.0822
m1-server,medium,1185,move,accepted,moved,1,0.0087,0.0041,4.5432,1.0233,0.0056,5.5849
m1-server,medium,1186,activate,rejected,not_eligible,0,0.0128,0.0122,0.0014,0.0999,0.0021,0.1283
m1-server,medium,1187,close_choice,rejected,invalid_choice,0,0.0096,0.0041,0.0014,0.0723,0.0019,0.0893
m1-server,medium,1188,move,accepted,moved,1,0.0096,0.0048,3.3431,0.4128,0.0041,3.7744
m1-server,medium,1189,close_choice,rejected,invalid_choice,0,0.0117,0.0070,0.0014,0.0717,0.0020,0.0937
m1-server,medium,1190,look,accepted,observed,0,0.0091,0.0034,0.0012,0.0872,0.0018,0.1026
m1-server,medium,1191,move,rejected,exit_unavailable,0,0.0089,0.0039,0.0013,0.0513,0.0018,0.0671
m1-server,medium,1192,look,accepted,observed,0,0.0086,0.0032,0.0013,0.0623,0.0017,0.0770
m1-server,medium,1193,look,accepted,observed,0,0.0090,0.0032,0.0013,0.0496,0.0017,0.0648
m1-server,medium,1194,wait,rejected,invalid_time,0,0.0087,0.0035,0.0013,0.0510,0.0018,0.0663
m1-server,medium,1195,move,accepted,moved,1,0.0087,0.0041,3.2541,0.3954,0.0043,3.6665
m1-server,medium,1196,choose,rejected,invalid_choice,0,0.0107,0.0083,0.0013,0.0544,0.0019,0.0766
m1-server,medium,1197,talk,accepted,choice_opened,1,0.0090,0.0050,3.2198,0.4172,0.0051,3.6561
m1-server,medium,1198,move,rejected,exit_unavailable,0,0.0123,0.0090,0.0014,0.0630,0.0019,0.0875
m1-server,medium,1199,look,accepted,observed,0,0.0092,0.0035,0.0012,0.0523,0.0017,0.0680
m1-server,medium,1200,talk,accepted,choice_opened,1,0.0086,0.0047,4.1497,0.1601,0.0040,4.3271
m1-server,medium,1201,look,accepted,observed,0,0.0133,0.0104,0.0013,0.0633,0.0020,0.0903
m1-server,medium,1202,drop,accepted,dropped,1,0.0091,0.0043,3.2227,0.3951,0.0042,3.6354
m1-server,medium,1203,look,accepted,observed,0,0.0117,0.0103,0.0013,0.0564,0.0020,0.0817
m1-server,medium,1204,move,accepted,moved,1,0.0091,0.0048,3.3120,0.3976,0.0043,3.7277
m1-server,medium,1205,look,accepted,observed,0,0.0107,0.0083,0.0013,0.0623,0.0019,0.0845
m1-server,medium,1206,move,accepted,moved,1,0.0090,0.0047,2.8920,0.4014,0.0097,3.3168
m1-server,medium,1207,move,accepted,moved,1,0.0127,0.0120,3.8597,0.3939,0.0038,4.2821
m1-server,medium,1208,look,accepted,observed,0,0.0125,0.0110,0.0014,0.0625,0.0020,0.0895
m1-server,medium,1209,move,accepted,moved,1,0.0093,0.0047,3.4934,0.3827,0.0040,3.8941
m1-server,medium,1210,take,accepted,taken,1,0.0108,0.0091,3.3535,0.3736,0.0038,3.7508
m1-server,medium,1211,choose,rejected,invalid_choice,0,0.0115,0.0086,0.0015,0.0563,0.0023,0.0801
m1-server,medium,1212,look,accepted,observed,0,0.0091,0.0065,0.0013,0.0580,0.0019,0.0768
m1-server,medium,1213,move,accepted,moved,1,0.0088,0.0045,4.8678,0.4047,0.0049,5.2907
m1-server,medium,1214,move,rejected,exit_unavailable,0,0.0117,0.0145,0.0015,0.0751,0.0021,0.1049
m1-server,medium,1215,move,accepted,moved,1,0.0090,0.0062,2.8880,0.4077,0.0040,3.3149
m1-server,medium,1216,look,accepted,observed,0,0.0117,0.0104,0.0013,0.0598,0.0021,0.0853
m1-server,medium,1217,move,accepted,moved,1,0.0091,0.0043,3.6756,0.3686,0.0034,4.0610
m1-server,medium,1218,look,accepted,observed,0,0.0106,0.0062,0.0014,0.0535,0.0019,0.0737
m1-server,medium,1219,choose,rejected,stale_view,0,0.0093,0.0067,0.0013,0.0503,0.0033,0.0709
m1-server,medium,1220,wait,rejected,invalid_time,0,0.0113,0.0063,0.0015,0.0574,0.0023,0.0788
m1-server,medium,1221,look,accepted,observed,0,0.0096,0.0037,0.0013,0.0484,0.0025,0.0656
m1-server,medium,1222,look,accepted,observed,0,0.0107,0.0046,0.0013,0.0543,0.0022,0.0731
m1-server,medium,1223,move,accepted,moved,1,0.0097,0.0048,4.4876,0.4212,0.0042,4.9275
m1-server,medium,1224,wait,rejected,invalid_time,0,0.0125,0.0118,0.0058,0.0514,0.0020,0.0836
m1-server,medium,1225,drop,accepted,dropped,1,0.0093,0.0043,4.9465,0.4274,0.0043,5.3918
m1-server,medium,1226,move,accepted,moved,1,0.0143,0.0160,3.2424,0.4148,0.0043,3.6917
m1-server,medium,1227,move,rejected,exit_unavailable,0,0.0123,0.0125,0.0015,0.0625,0.0023,0.0911
m1-server,medium,1228,move,accepted,moved,1,0.0090,0.0045,3.6285,0.4116,0.0079,4.0615
m1-server,medium,1229,look,accepted,observed,0,0.0113,0.0107,0.0014,0.0538,0.0032,0.0805
m1-server,medium,1230,look,accepted,observed,0,0.0117,0.0052,0.0015,0.0624,0.0025,0.0832
m1-server,medium,1231,take,accepted,taken,1,0.0099,0.0050,3.1996,0.3970,0.0045,3.6160
m1-server,medium,1232,drop,accepted,dropped,1,0.0110,0.0081,5.1628,1.0228,0.0065,6.2113
m1-server,medium,1233,wait,rejected,invalid_time,0,0.0131,0.0146,0.0014,0.0897,0.0024,0.1212
m1-server,medium,1234,choose,rejected,invalid_choice,0,0.0095,0.0056,0.0013,0.0585,0.0030,0.0779
m1-server,medium,1235,look,accepted,observed,0,0.0115,0.0053,0.0014,0.0524,0.0024,0.0730
m1-server,medium,1236,drop,replayed,dropped,0,0.0206,0.0042,0.0002,0.0000,0.0018,0.0267
m1-server,medium,1237,move,accepted,moved,1,0.0080,0.0043,2.6702,0.3730,0.0037,3.0594
m1-server,medium,1238,move,accepted,moved,1,0.0108,0.0094,2.3314,0.3774,0.0039,2.7329
m1-server,medium,1239,take,rejected,not_present,0,0.0104,0.0076,0.0014,0.0569,0.0019,0.0782
m1-server,medium,1240,move,accepted,moved,1,0.0093,0.0045,3.4001,0.3666,0.0034,3.7839
m1-server,medium,1241,choose,rejected,stale_view,0,0.0110,0.0092,0.0014,0.0519,0.0020,0.0755
m1-server,medium,1242,move,accepted,moved,1,0.0089,0.0047,3.2662,0.3817,0.0038,3.6653
m1-server,medium,1243,move,accepted,moved,1,0.0107,0.0099,4.8273,0.4555,0.0050,5.3085
m1-server,medium,1244,move,accepted,moved,1,0.0153,0.0198,4.5439,0.4143,0.0048,4.9980
m1-server,medium,1245,move,accepted,moved,1,0.0129,0.0141,3.1060,0.4120,0.0042,3.5491
m1-server,medium,1246,close_choice,accepted,choice_closed,1,0.0110,0.0119,2.4941,0.3957,0.0044,2.9172
m1-server,medium,1247,activate,rejected,not_eligible,0,0.0115,0.0078,0.0015,0.0571,0.0021,0.0800
m1-server,medium,1248,move,accepted,moved,1,0.0092,0.0049,2.6019,0.3817,0.0037,3.0014
m1-server,medium,1249,wait,rejected,invalid_time,0,0.0105,0.0074,0.0015,0.0563,0.0021,0.0778
m1-server,medium,1250,take,accepted,taken,1,0.0118,0.0051,2.5601,0.3993,0.0070,2.9833
m1-server,medium,1251,wait,rejected,invalid_time,0,0.0112,0.0071,0.0014,0.0611,0.0020,0.0828
m1-server,medium,1252,move,accepted,moved,1,0.0091,0.0045,2.3839,0.3926,0.0041,2.7941
m1-server,medium,1253,look,accepted,observed,0,0.0120,0.0102,0.0014,0.0689,0.0020,0.0945
m1-server,medium,1254,wait,rejected,invalid_time,0,0.0105,0.0041,0.0013,0.0535,0.0020,0.0714
m1-server,medium,1255,look,accepted,observed,0,0.0096,0.0035,0.0013,0.0752,0.0019,0.0914
m1-server,medium,1256,talk,rejected,not_eligible,0,0.0094,0.0038,0.0013,0.0518,0.0019,0.0681
m1-server,medium,1257,move,accepted,moved,1,0.0094,0.0043,3.5717,0.3950,0.0041,3.9845
m1-server,medium,1258,move,accepted,moved,1,0.0120,0.0095,3.4617,0.3859,0.0040,3.8731
m1-server,medium,1259,move,accepted,moved,1,0.0107,0.0090,3.5727,0.3691,0.0037,3.9652
m1-server,medium,1260,look,accepted,observed,0,0.0114,0.0067,0.0014,0.0603,0.0021,0.0819
m1-server,medium,1261,wait,rejected,invalid_time,0,0.0089,0.0040,0.0013,0.0473,0.0018,0.0634
m1-server,medium,1262,move,accepted,moved,1,0.0090,0.0041,3.0878,0.3702,0.0037,3.4747
m1-server,medium,1263,talk,rejected,not_eligible,0,0.0110,0.0088,0.0014,0.0792,0.0019,0.1021
m1-server,medium,1264,look,accepted,observed,0,0.0090,0.0034,0.0012,0.0539,0.0017,0.0692
m1-server,medium,1265,move,accepted,moved,1,0.0088,0.0043,3.4035,0.3967,0.0036,3.8169
m1-server,medium,1266,move,accepted,moved,1,0.0108,0.0091,3.1554,0.3928,0.0041,3.5722
m1-server,medium,1267,look,accepted,observed,0,0.0120,0.0086,0.0015,0.0654,0.0019,0.0893
m1-server,medium,1268,look,accepted,observed,0,0.0093,0.0033,0.0012,0.0632,0.0018,0.0787
m1-server,medium,1269,look,accepted,observed,0,0.0091,0.0033,0.0013,0.0640,0.0017,0.0793
m1-server,medium,1270,move,accepted,moved,1,0.0090,0.0045,5.3077,0.4353,0.0041,5.7606
m1-server,medium,1271,look,accepted,observed,0,0.0122,0.0169,0.0014,0.0628,0.0018,0.0950
m1-server,medium,1272,drop,accepted,dropped,1,0.0093,0.0046,3.2362,0.9928,0.0048,4.2477
m1-server,medium,1273,move,accepted,moved,1,0.0127,0.0142,2.8855,0.4161,0.0043,3.3327
m1-server,medium,1274,look,accepted,observed,0,0.0118,0.0085,0.0013,0.0570,0.0020,0.0806
m1-server,medium,1275,look,accepted,observed,0,0.0090,0.0035,0.0012,0.0667,0.0018,0.0821
m1-server,medium,1276,take,rejected,not_present,0,0.0090,0.0039,0.0013,0.0555,0.0019,0.0716
m1-server,medium,1277,look,accepted,observed,0,0.0094,0.0035,0.0013,0.0724,0.0019,0.0884
m1-server,medium,1278,look,accepted,observed,0,0.0094,0.0033,0.0013,0.0637,0.0020,0.0796
m1-server,medium,1279,look,accepted,observed,0,0.0093,0.0033,0.0013,0.0731,0.0018,0.0887
m1-server,medium,1280,take,rejected,not_present,0,0.0094,0.0037,0.0013,0.0839,0.0018,0.1000
m1-server,medium,1281,move,accepted,moved,1,0.0090,0.0043,2.6349,0.3965,0.0038,3.0485
m1-server,medium,1282,look,accepted,observed,0,0.0107,0.0068,0.0013,0.0517,0.0031,0.0736
m1-server,medium,1283,move,accepted,moved,1,0.0115,0.0071,3.4036,0.4038,0.0045,3.8305
m1-server,medium,1284,wait,rejected,invalid_time,0,0.0122,0.0093,0.0015,0.0620,0.0025,0.0874
m1-server,medium,1285,look,accepted,observed,0,0.0101,0.0045,0.0013,0.0550,0.0020,0.0728
m1-server,medium,1286,move,accepted,moved,1,0.0088,0.0044,2.4497,0.3873,0.0038,2.8540
m1-server,medium,1287,move,accepted,moved,1,0.0102,0.0081,3.2746,0.3899,0.0034,3.6862
m1-server,medium,1288,look,accepted,observed,0,0.0109,0.0072,0.0014,0.0589,0.0020,0.0803
m1-server,medium,1289,move,accepted,moved,1,0.0093,0.0046,3.2788,0.3665,0.0040,3.6633
m1-server,medium,1290,wait,rejected,invalid_time,0,0.0107,0.0073,0.0013,0.0600,0.0020,0.0813
m1-server,medium,1291,look,accepted,observed,0,0.0091,0.0034,0.0014,0.0527,0.0018,0.0684
m1-server,medium,1292,wait,rejected,invalid_time,0,0.0090,0.0037,0.0012,0.0563,0.0018,0.0720
m1-server,medium,1293,move,accepted,moved,1,0.0088,0.0042,3.0759,0.3836,0.0042,3.4767
m1-server,medium,1294,wait,rejected,invalid_time,0,0.0119,0.0075,0.0014,0.0590,0.0019,0.0817
m1-server,medium,1295,look,accepted,observed,0,0.0089,0.0035,0.0012,0.0572,0.0018,0.0726
m1-server,medium,1296,move,accepted,moved,1,0.0090,0.0042,3.3171,0.3806,0.0039,3.7149
m1-server,medium,1297,activate,rejected,not_eligible,0,0.0115,0.0096,0.0015,0.0553,0.0020,0.0800
m1-server,medium,1298,look,accepted,observed,0,0.0090,0.0034,0.0013,0.0588,0.0018,0.0742
m1-server,medium,1299,look,accepted,observed,0,0.0090,0.0032,0.0013,0.0519,0.0018,0.0672
m1-server,medium,1300,talk,rejected,not_eligible,0,0.0089,0.0036,0.0012,0.0574,0.0018,0.0729
m1-server,medium,1301,take,rejected,not_present,0,0.0089,0.0034,0.0013,0.0513,0.0018,0.0666
m1-server,medium,1302,move,accepted,moved,1,0.0090,0.0046,3.0518,0.4409,0.0041,3.5105
m1-server,medium,1303,move,rejected,exit_unavailable,0,0.0112,0.0079,0.0015,0.0544,0.0020,0.0769
m1-server,medium,1304,look,accepted,observed,0,0.0094,0.0036,0.0013,0.0783,0.0018,0.0943
m1-server,medium,1305,wait,rejected,invalid_time,0,0.0091,0.0039,0.0013,0.0525,0.0019,0.0688
m1-server,medium,1306,move,accepted,moved,1,0.0088,0.0044,5.4983,0.4188,0.0047,5.9349
m1-server,medium,1307,activate,rejected,not_eligible,0,0.0125,0.0130,0.0031,0.0558,0.0019,0.0864
m1-server,medium,1308,look,accepted,observed,0,0.0091,0.0035,0.0012,0.0580,0.0034,0.0753
m1-server,medium,1309,look,accepted,observed,0,0.0088,0.0033,0.0012,0.0531,0.0031,0.0695
m1-server,medium,1310,look,accepted,observed,0,0.0090,0.0033,0.0012,0.0577,0.0032,0.0743
m1-server,medium,1311,wait,rejected,invalid_time,0,0.0089,0.0037,0.0013,0.0524,0.0032,0.0694
m1-server,medium,1312,look,accepted,observed,0,0.0088,0.0032,0.0012,0.0541,0.0017,0.0690
m1-server,medium,1313,look,accepted,observed,0,0.0088,0.0032,0.0012,0.0499,0.0031,0.0663
m1-server,medium,1314,wait,rejected,invalid_time,0,0.0121,0.0060,0.0016,0.0578,0.0022,0.0797
m1-server,medium,1315,take,rejected,not_present,0,0.0097,0.0051,0.0014,0.0507,0.0026,0.0695
m1-server,medium,1316,wait,rejected,invalid_time,0,0.0103,0.0060,0.0014,0.0548,0.0022,0.0747
m1-server,medium,1317,look,accepted,observed,0,0.0097,0.0048,0.0013,0.0513,0.0017,0.0687
m1-server,medium,1318,look,accepted,observed,0,0.0110,0.0044,0.0013,0.0756,0.0018,0.0941
m1-server,medium,1319,activate,rejected,not_eligible,0,0.0094,0.0049,0.0013,0.0477,0.0016,0.0649
m1-server,medium,1320,look,accepted,observed,0,0.0099,0.0031,0.0026,0.0548,0.0018,0.0722
m1-server,medium,1321,activate,rejected,not_eligible,0,0.0093,0.0034,0.0064,0.0504,0.0017,0.0711
m1-server,medium,1322,look,accepted,observed,0,0.0093,0.0032,0.0012,0.0733,0.0018,0.0889
m1-server,medium,1323,look,accepted,observed,0,0.0094,0.0032,0.0013,0.0516,0.0029,0.0683
m1-server,medium,1324,move,accepted,moved,1,0.0091,0.0045,2.7978,0.3659,0.0041,3.1815
m1-server,medium,1325,look,accepted,observed,0,0.0102,0.0064,0.0130,0.0592,0.0018,0.0905
m1-server,medium,1326,wait,rejected,invalid_time,0,0.0090,0.0040,0.0013,0.0540,0.0018,0.0700
m1-server,medium,1327,look,accepted,observed,0,0.0086,0.0032,0.0012,0.0575,0.0017,0.0721
m1-server,medium,1328,wait,rejected,invalid_time,0,0.0091,0.0050,0.0012,0.0521,0.0018,0.0692
m1-server,medium,1329,look,accepted,observed,0,0.0088,0.0032,0.0020,0.0566,0.0018,0.0725
m1-server,medium,1330,look,accepted,observed,0,0.0089,0.0033,0.0020,0.0525,0.0018,0.0684
m1-server,medium,1331,look,accepted,observed,0,0.0090,0.0031,0.0012,0.0572,0.0017,0.0722
m1-server,medium,1332,take,rejected,not_present,0,0.0089,0.0034,0.0013,0.0519,0.0028,0.0682
m1-server,medium,1333,move,accepted,moved,1,0.0088,0.0043,2.9067,0.3977,0.0080,3.3255
m1-server,medium,1334,choose,rejected,invalid_choice,0,0.0140,0.0135,0.0029,0.0808,0.0027,0.1139
m1-server,medium,1335,move,rejected,exit_unavailable,0,0.0104,0.0049,0.0058,0.0564,0.0020,0.0795
m1-server,medium,1336,wait,rejected,invalid_time,0,0.0095,0.0038,0.0027,0.0500,0.0028,0.0688
m1-server,medium,1337,move,accepted,moved,1,0.0106,0.0057,3.1984,0.3913,0.0033,3.6093
m1-server,medium,1338,look,accepted,observed,0,0.0112,0.0067,0.0013,0.0554,0.0018,0.0763
m1-server,medium,1339,look,accepted,observed,0,0.0088,0.0033,0.0012,0.0539,0.0018,0.0689
m1-server,medium,1340,move,accepted,moved,1,0.0090,0.0045,3.6412,0.3828,0.0037,4.0412
m1-server,medium,1341,move,accepted,moved,1,0.0113,0.0090,4.3810,0.4385,0.0042,4.8439
m1-server,medium,1342,move,accepted,moved,1,0.0128,0.0155,4.2975,0.4188,0.0043,4.7487
m1-server,medium,1343,look,accepted,observed,0,0.0124,0.0161,0.0013,0.0769,0.0020,0.1088
m1-server,medium,1344,move,accepted,moved,1,0.0090,0.0088,3.8071,1.0002,0.0046,4.8296
m1-server,medium,1345,move,accepted,moved,1,0.0117,0.0117,3.4153,0.3972,0.0035,3.8393
m1-server,medium,1346,move,rejected,exit_unavailable,0,0.0111,0.0083,0.0015,0.0543,0.0020,0.0773
m1-server,medium,1347,wait,rejected,invalid_time,0,0.0088,0.0040,0.0013,0.0570,0.0019,0.0730
m1-server,medium,1348,look,accepted,observed,0,0.0089,0.0037,0.0013,0.0527,0.0018,0.0683
m1-server,medium,1349,move,accepted,moved,1,0.0089,0.0041,3.4159,0.3668,0.0035,3.7992
m1-server,medium,1350,look,accepted,observed,0,0.0107,0.0065,0.0014,0.0570,0.0020,0.0777
m1-server,medium,1351,wait,rejected,invalid_time,0,0.0095,0.0039,0.0013,0.0514,0.0034,0.0695
m1-server,medium,1352,talk,rejected,not_eligible,0,0.0118,0.0060,0.0019,0.0776,0.0025,0.0998
m1-server,medium,1353,wait,rejected,invalid_time,0,0.0098,0.0043,0.0013,0.0635,0.0018,0.0807
m1-server,medium,1354,move,accepted,moved,1,0.0093,0.0044,2.9526,0.3799,0.0037,3.3499
m1-server,medium,1355,move,accepted,moved,1,0.0108,0.0101,3.3247,0.3630,0.0034,3.7120
m1-server,medium,1356,close_choice,rejected,invalid_choice,0,0.0107,0.0081,0.0015,0.0547,0.0021,0.0770
m1-server,medium,1357,talk,rejected,not_eligible,0,0.0089,0.0039,0.0013,0.0525,0.0034,0.0700
m1-server,medium,1358,move,accepted,moved,1,0.0185,0.0068,4.7123,0.4075,0.0047,5.1500
m1-server,medium,1359,choose,rejected,invalid_choice,0,0.0121,0.0161,0.0016,0.0612,0.0020,0.0930
m1-server,medium,1360,move,accepted,moved,1,0.0094,0.0070,3.6080,0.3961,0.0046,4.0251
m1-server,medium,1361,move,accepted,moved,1,0.0122,0.0122,3.1224,0.4108,0.0038,3.5614
m1-server,medium,1362,move,rejected,exit_unavailable,0,0.0123,0.0101,0.0014,0.0550,0.0020,0.0808
m1-server,medium,1363,move,accepted,moved,1,0.0087,0.0044,2.4227,0.3645,0.0045,2.8047
m1-server,medium,1364,move,accepted,moved,1,0.0103,0.0086,3.1356,0.3945,0.0044,3.5535
m1-server,medium,1365,move,rejected,exit_unavailable,0,0.0125,0.0125,0.0016,0.0616,0.0021,0.0903
m1-server,medium,1366,move,accepted,moved,1,0.0090,0.0043,2.6079,0.3873,0.0037,3.0122
m1-server,medium,1367,activate,rejected,not_eligible,0,0.0106,0.0097,0.0014,0.0540,0.0020,0.0777
m1-server,medium,1368,talk,rejected,not_eligible,0,0.0093,0.0039,0.0013,0.0715,0.0018,0.0877
m1-server,medium,1369,move,accepted,moved,1,0.0088,0.0043,3.6235,0.3646,0.0034,4.0046
m1-server,medium,1370,activate,rejected,not_eligible,0,0.0120,0.0081,0.0014,0.0542,0.0020,0.0778
m1-server,medium,1371,look,accepted,observed,0,0.0093,0.0035,0.0012,0.0524,0.0018,0.0681
m1-server,medium,1372,look,accepted,observed,0,0.0090,0.0034,0.0013,0.0488,0.0030,0.0654
m1-server,medium,1373,look,accepted,observed,0,0.0111,0.0053,0.0015,0.0548,0.0022,0.0749
m1-server,medium,1374,move,accepted,moved,1,0.0097,0.0048,3.1586,0.3898,0.0044,3.5673
m1-server,medium,1375,look,accepted,observed,0,0.0111,0.0091,0.0013,0.0512,0.0018,0.0745
m1-server,medium,1376,move,accepted,moved,1,0.0090,0.0043,2.5097,0.3867,0.0035,2.9132
m1-server,medium,1377,move,rejected,exit_unavailable,0,0.0104,0.0082,0.0014,0.0561,0.0019,0.0779
m1-server,medium,1378,move,accepted,moved,1,0.0091,0.0040,3.5050,0.3746,0.0033,3.8960
m1-server,medium,1379,wait,rejected,invalid_time,0,0.0105,0.0082,0.0013,0.0521,0.0019,0.0740
m1-server,medium,1380,look,accepted,observed,0,0.0087,0.0035,0.0013,0.0543,0.0018,0.0695
m1-server,medium,1381,look,accepted,observed,0,0.0086,0.0034,0.0013,0.0462,0.0018,0.0613
m1-server,medium,1382,look,accepted,observed,0,0.0092,0.0033,0.0013,0.0541,0.0018,0.0696
m1-server,medium,1383,move,accepted,moved,1,0.0092,0.0043,3.3301,0.3719,0.0036,3.7192
m1-server,medium,1384,take,replayed,not_present,0,0.0203,0.0085,0.0002,0.0000,0.0018,0.0308
m1-server,medium,1385,move,rejected,exit_unavailable,0,0.0081,0.0042,0.0014,0.0538,0.0019,0.0694
m1-server,medium,1386,look,accepted,observed,0,0.0089,0.0035,0.0012,0.0810,0.0016,0.0963
m1-server,medium,1387,take,rejected,not_present,0,0.0088,0.0037,0.0013,0.0500,0.0018,0.0655
m1-server,medium,1388,look,accepted,observed,0,0.0089,0.0032,0.0012,0.0509,0.0017,0.0659
m1-server,medium,1389,look,accepted,observed,0,0.0090,0.0033,0.0012,0.0455,0.0016,0.0605
m1-server,medium,1390,wait,rejected,invalid_time,0,0.0092,0.0038,0.0013,0.0542,0.0018,0.0703
m1-server,medium,1391,look,accepted,observed,0,0.0092,0.0032,0.0013,0.0504,0.0017,0.0657
m1-server,medium,1392,choose,rejected,invalid_choice,0,0.0115,0.0045,0.0013,0.0583,0.0018,0.0774
m1-server,medium,1393,move,accepted,moved,1,0.0093,0.0042,3.3881,0.3895,0.0039,3.7950
m1-server,medium,1394,choose,rejected,invalid_choice,0,0.0116,0.0095,0.0015,0.0684,0.0020,0.0929
m1-server,medium,1395,look,accepted,observed,0,0.0089,0.0034,0.0012,0.0512,0.0018,0.0665
m1-server,medium,1396,move,accepted,moved,1,0.0088,0.0044,2.9395,0.3687,0.0036,3.3250
m1-server,medium,1397,move,accepted,moved,1,0.0108,0.0093,3.3671,0.9555,0.0044,4.3470
m1-server,medium,1398,look,accepted,observed,0,0.0116,0.0134,0.0014,0.0874,0.0020,0.1157
m1-server,medium,1399,move,accepted,moved,1,0.0093,0.0046,5.4205,0.4353,0.0057,5.8755
m1-server,medium,1400,take,rejected,not_present,0,0.0122,0.0148,0.0030,0.0613,0.0021,0.0934
m1-server,medium,1401,take,rejected,not_present,0,0.0092,0.0037,0.0021,0.0500,0.0032,0.0682
m1-server,medium,1402,wait,rejected,invalid_time,0,0.0145,0.0060,0.0016,0.0618,0.0022,0.0862
m1-server,medium,1403,look,accepted,observed,0,0.0098,0.0043,0.0013,0.0507,0.0028,0.0689
m1-server,medium,1404,look,accepted,observed,0,0.0096,0.0038,0.0013,0.0571,0.0034,0.0751
m1-server,medium,1405,look,accepted,observed,0,0.0100,0.0039,0.0013,0.0769,0.0029,0.0950
m1-server,medium,1406,look,accepted,observed,0,0.0094,0.0033,0.0012,0.0500,0.0017,0.0655
m1-server,medium,1407,look,accepted,observed,0,0.0089,0.0031,0.0012,0.0553,0.0018,0.0703
m1-server,medium,1408,wait,rejected,invalid_time,0,0.0100,0.0039,0.0014,0.0569,0.0019,0.0741
m1-server,medium,1409,move,accepted,moved,1,0.0092,0.0064,2.3754,0.3896,0.0040,2.7846
m1-server,medium,1410,move,accepted,moved,1,0.0104,0.0103,3.3655,0.3883,0.0041,3.7786
m1-server,medium,1411,wait,rejected,invalid_time,0,0.0118,0.0102,0.0015,0.0550,0.0020,0.0805
m1-server,medium,1412,move,accepted,moved,1,0.0094,0.0045,3.5520,0.3589,0.0037,3.9286
m1-server,medium,1413,look,accepted,observed,0,0.0101,0.0052,0.0013,0.0531,0.0019,0.0716
m1-server,medium,1414,wait,rejected,invalid_time,0,0.0090,0.0039,0.0013,0.0491,0.0033,0.0667
m1-server,medium,1415,look,accepted,observed,0,0.0111,0.0052,0.0015,0.0574,0.0022,0.0774
m1-server,medium,1416,talk,rejected,not_eligible,0,0.0099,0.0044,0.0013,0.0510,0.0020,0.0686
m1-server,medium,1417,move,accepted,moved,1,0.0096,0.0052,3.9592,0.4291,0.0040,4.4070
m1-server,medium,1418,look,accepted,observed,0,0.0122,0.0145,0.0014,0.0675,0.0029,0.0984
m1-server,medium,1419,look,accepted,observed,0,0.0104,0.0049,0.0014,0.0871,0.0024,0.1061
m1-server,medium,1420,look,accepted,observed,0,0.0099,0.0038,0.0013,0.0490,0.0024,0.0664
m1-server,medium,1421,move,accepted,moved,1,0.0102,0.0057,3.9072,0.4132,0.0036,4.3400
m1-server,medium,1422,move,accepted,moved,1,0.0149,0.0133,3.4742,0.4019,0.0041,3.9082
m1-server,medium,1423,move,rejected,exit_unavailable,0,0.0116,0.0106,0.0016,0.0567,0.0021,0.0826
m1-server,medium,1424,move,accepted,moved,1,0.0098,0.0048,3.3878,0.3713,0.0036,3.7773
m1-server,medium,1425,look,accepted,observed,0,0.0107,0.0082,0.0014,0.0533,0.0029,0.0765
m1-server,medium,1426,move,accepted,moved,1,0.0104,0.0058,3.1434,0.4015,0.0040,3.5651
m1-server,medium,1427,move,accepted,moved,1,0.0114,0.0118,3.4445,0.3885,0.0037,3.8598
m1-server,medium,1428,take,rejected,not_present,0,0.0116,0.0091,0.0015,0.0584,0.0021,0.0828
m1-server,medium,1429,look,accepted,observed,0,0.0098,0.0037,0.0013,0.0737,0.0020,0.0903
m1-server,medium,1430,look,accepted,observed,0,0.0096,0.0035,0.0013,0.0532,0.0018,0.0693
m1-server,medium,1431,talk,rejected,not_eligible,0,0.0094,0.0036,0.0013,0.0508,0.0018,0.0669
m1-server,medium,1432,look,accepted,observed,0,0.0108,0.0033,0.0012,0.0737,0.0018,0.0908
m1-server,medium,1433,move,rejected,exit_unavailable,0,0.0102,0.0044,0.0015,0.0537,0.0018,0.0715
m1-server,medium,1434,move,accepted,moved,1,0.0091,0.0042,3.3824,0.3743,0.0038,3.7737
m1-server,medium,1435,move,accepted,moved,1,0.0118,0.0094,4.6843,0.4501,0.0051,5.1607
m1-server,medium,1436,move,accepted,moved,1,0.0127,0.0150,2.8213,0.4224,0.0040,3.2754
m1-server,medium,1437,look,accepted,observed,0,0.0138,0.0080,0.0014,0.0883,0.0020,0.1134
m1-server,medium,1438,move,accepted,moved,1,0.0094,0.0046,3.4232,0.4198,0.0041,3.8611
m1-server,medium,1439,move,rejected,exit_unavailable,0,0.0113,0.0097,0.0015,0.0623,0.0021,0.0868
m1-server,medium,1440,move,accepted,moved,1,0.0089,0.0043,3.8565,0.4393,0.0042,4.3132
m1-server,medium,1441,move,accepted,moved,1,0.0119,0.0149,4.0438,0.4024,0.0040,4.4770
m1-server,medium,1442,look,accepted,observed,0,0.0114,0.0102,0.0068,0.0560,0.0020,0.0865
m1-server,medium,1443,wait,rejected,invalid_time,0,0.0090,0.0041,0.0014,0.0706,0.0019,0.0870
m1-server,medium,1444,move,rejected,exit_unavailable,0,0.0089,0.0039,0.0013,0.0694,0.0018,0.0853
m1-server,medium,1445,talk,rejected,not_eligible,0,0.0092,0.0039,0.0012,0.0495,0.0043,0.0681
m1-server,medium,1446,look,accepted,observed,0,0.0118,0.0054,0.0015,0.0563,0.0034,0.0784
m1-server,medium,1447,look,accepted,observed,0,0.0098,0.0037,0.0013,0.0656,0.0032,0.0836
m1-server,medium,1448,look,accepted,observed,0,0.0094,0.0034,0.0012,0.0498,0.0037,0.0674
m1-server,medium,1449,choose,rejected,invalid_choice,0,0.0106,0.0057,0.0015,0.0577,0.0033,0.0788
m1-server,medium,1450,talk,rejected,not_eligible,0,0.0095,0.0039,0.0013,0.0684,0.0031,0.0862
m1-server,medium,1451,activate,rejected,not_eligible,0,0.0094,0.0037,0.0013,0.0650,0.0019,0.0812
m1-server,medium,1452,look,accepted,observed,0,0.0093,0.0036,0.0013,0.0526,0.0023,0.0691
m1-server,medium,1453,look,accepted,observed,0,0.0100,0.0052,0.0013,0.0672,0.0021,0.0858
m1-server,medium,1454,move,accepted,moved,1,0.0090,0.0073,3.3470,0.4072,0.0041,3.7747
m1-server,medium,1455,wait,rejected,invalid_time,0,0.0111,0.0088,0.0014,0.0759,0.0019,0.0991
m1-server,medium,1456,drop,rejected,integrity_conflict,0,0.0179,0.0035,0.0002,0.0000,0.0016,0.0232
m1-server,medium,1457,move,accepted,moved,1,0.0076,0.0042,2.8519,0.9717,0.0045,3.8399
m1-server,medium,1458,talk,rejected,not_eligible,0,0.0116,0.0084,0.0015,0.1244,0.0023,0.1481
m1-server,medium,1459,look,accepted,observed,0,0.0098,0.0039,0.0013,0.0540,0.0030,0.0720
m1-server,medium,1460,wait,rejected,invalid_time,0,0.0113,0.0057,0.0016,0.0596,0.0023,0.0805
m1-server,medium,1461,move,rejected,exit_unavailable,0,0.0100,0.0048,0.0014,0.0528,0.0019,0.0710
m1-server,medium,1462,take,replayed,not_present,0,0.0165,0.0033,0.0001,0.0000,0.0018,0.0218
m1-server,medium,1463,take,rejected,not_present,0,0.0078,0.0034,0.0013,0.0611,0.0019,0.0755
m1-server,medium,1464,move,accepted,moved,1,0.0096,0.0044,3.0486,0.3862,0.0042,3.4530
m1-server,medium,1465,wait,rejected,invalid_time,0,0.0114,0.0073,0.0015,0.0570,0.0028,0.0800
m1-server,medium,1466,move,accepted,moved,1,0.0102,0.0062,3.4075,0.3598,0.0038,3.7874
m1-server,medium,1467,move,accepted,moved,1,0.0109,0.0081,3.2708,0.3922,0.0039,3.6859
m1-server,medium,1468,choose,rejected,invalid_choice,0,0.0114,0.0119,0.0015,0.0546,0.0021,0.0815
m1-server,medium,1469,talk,rejected,not_owned,0,0.0090,0.0041,0.0013,0.0473,0.0019,0.0636
m1-server,medium,1470,activate,rejected,not_eligible,0,0.0087,0.0036,0.0013,0.0515,0.0018,0.0669
m1-server,medium,1471,take,accepted,taken,1,0.0088,0.0040,3.0107,0.3878,0.0059,3.4172
m1-server,medium,1472,look,accepted,observed,0,0.0115,0.0076,0.0015,0.0603,0.0046,0.0855
m1-server,medium,1473,look,accepted,observed,0,0.0094,0.0036,0.0013,0.0518,0.0070,0.0731
m1-server,medium,1474,look,accepted,observed,0,0.0110,0.0052,0.0015,0.0641,0.0033,0.0851
m1-server,medium,1475,activate,rejected,not_eligible,0,0.0095,0.0041,0.0013,0.0480,0.0025,0.0654
m1-server,medium,1476,drop,accepted,dropped,1,0.0104,0.0049,3.5656,0.3685,0.0035,3.9529
m1-server,medium,1477,look,accepted,observed,0,0.0105,0.0069,0.0014,0.0619,0.0028,0.0834
m1-server,medium,1478,look,accepted,observed,0,0.0103,0.0046,0.0014,0.0515,0.0020,0.0698
m1-server,medium,1479,drop,replayed,dropped,0,0.0196,0.0040,0.0002,0.0000,0.0017,0.0255
m1-server,medium,1480,move,accepted,moved,1,0.0075,0.0047,4.9828,0.4088,0.0062,5.4099
m1-server,medium,1481,move,accepted,moved,1,0.0126,0.0122,3.4627,0.4016,0.0039,3.8929
m1-server,medium,1482,wait,rejected,invalid_time,0,0.0125,0.0132,0.0016,0.0609,0.0028,0.0910
m1-server,medium,1483,choose,rejected,stale_view,0,0.0101,0.0101,0.0015,0.0762,0.0025,0.1004
m1-server,medium,1484,look,accepted,observed,0,0.0095,0.0051,0.0013,0.0617,0.0018,0.0795
m1-server,medium,1485,move,rejected,exit_unavailable,0,0.0090,0.0055,0.0014,0.0559,0.0019,0.0736
m1-server,medium,1486,wait,rejected,invalid_time,0,0.0090,0.0050,0.0013,0.0570,0.0018,0.0741
m1-server,medium,1487,look,accepted,observed,0,0.0087,0.0033,0.0025,0.0521,0.0017,0.0683
m1-server,medium,1488,move,rejected,exit_unavailable,0,0.0086,0.0037,0.0024,0.0580,0.0017,0.0744
m1-server,medium,1489,move,accepted,moved,1,0.0087,0.0040,3.3721,0.3583,0.0038,3.7468
m1-server,medium,1490,look,accepted,observed,0,0.0103,0.0061,0.0013,0.0588,0.0019,0.0785
m1-server,medium,1491,wait,rejected,invalid_time,0,0.0091,0.0047,0.0013,0.0525,0.0027,0.0703
m1-server,medium,1492,move,accepted,moved,1,0.0104,0.0060,3.2227,0.3646,0.0038,3.6074
m1-server,medium,1493,look,accepted,observed,0,0.0106,0.0064,0.0013,0.0567,0.0027,0.0776
m1-server,medium,1494,take,accepted,taken,1,0.0103,0.0056,2.9771,0.3845,0.0049,3.3824
m1-server,medium,1495,look,accepted,observed,0,0.0120,0.0091,0.0013,0.0622,0.0019,0.0865
m1-server,medium,1496,look,accepted,observed,0,0.0088,0.0033,0.0012,0.0559,0.0018,0.0710
m1-server,medium,1497,move,accepted,moved,1,0.0088,0.0046,3.4253,0.4187,0.0035,3.8610
m1-server,medium,1498,move,accepted,moved,1,0.0111,0.0091,2.9512,0.3763,0.0036,3.3513
m1-server,medium,1499,move,accepted,moved,1,0.0110,0.0077,2.9848,0.3717,0.0044,3.3796
m1-server,medium,1500,move,rejected,exit_unavailable,0,0.0278,0.0123,0.0018,0.1063,0.0027,0.1508
m1-server,medium,1501,take,replayed,not_present,0,0.0205,0.0043,0.0001,0.0000,0.0018,0.0267
m1-server,medium,1502,talk,rejected,not_eligible,0,0.0078,0.0038,0.0015,0.0723,0.0019,0.0873
m1-server,medium,1503,talk,rejected,not_eligible,0,0.0093,0.0037,0.0013,0.0508,0.0017,0.0669
m1-server,medium,1504,look,accepted,observed,0,0.0101,0.0033,0.0013,0.0613,0.0018,0.0778
m1-server,medium,1505,wait,rejected,invalid_time,0,0.0095,0.0040,0.0013,0.0526,0.0028,0.0701
m1-server,medium,1506,move,accepted,moved,1,0.0109,0.0063,3.5572,0.3767,0.0038,3.9549
m1-server,medium,1507,move,accepted,moved,1,0.0115,0.0086,3.0925,0.3809,0.0038,3.4974
m1-server,medium,1508,look,accepted,observed,0,0.0112,0.0071,0.0014,0.0588,0.0029,0.0815
m1-server,medium,1509,look,accepted,observed,0,0.0110,0.0048,0.0014,0.0494,0.0020,0.0686
m1-server,medium,1510,look,accepted,observed,0,0.0094,0.0038,0.0013,0.0541,0.0024,0.0709
m1-server,medium,1511,move,accepted,moved,1,0.0095,0.0050,3.5207,0.3736,0.0038,3.9125
m1-server,medium,1512,take,replayed,taken,0,0.0200,0.0086,0.0002,0.0000,0.0017,0.0305
m1-server,medium,1513,move,accepted,moved,1,0.0078,0.0048,2.9739,0.3732,0.0035,3.3632
m1-server,medium,1514,take,replayed,not_present,0,0.0162,0.0073,0.0001,0.0000,0.0019,0.0256
m1-server,medium,1515,look,accepted,observed,0,0.0077,0.0038,0.0013,0.0524,0.0018,0.0671
m1-server,medium,1516,look,accepted,observed,0,0.0088,0.0034,0.0012,0.0520,0.0018,0.0672
m1-server,medium,1517,move,accepted,moved,1,0.0092,0.0043,4.8706,1.0303,0.0065,5.9209
m1-server,medium,1518,move,accepted,moved,1,0.0132,0.0156,3.4972,0.4463,0.0037,3.9759
m1-server,medium,1519,look,accepted,observed,0,0.0122,0.0080,0.0013,0.0507,0.0020,0.0743
m1-server,medium,1520,look,accepted,observed,0,0.0092,0.0035,0.0013,0.0510,0.0018,0.0668
m1-server,medium,1521,look,accepted,observed,0,0.0091,0.0034,0.0012,0.0528,0.0032,0.0697
m1-server,medium,1522,look,accepted,observed,0,0.0109,0.0049,0.0015,0.0605,0.0023,0.0800
m1-server,medium,1523,move,accepted,moved,1,0.0094,0.0052,3.1040,0.3706,0.0038,3.4929
m1-server,medium,1524,move,accepted,moved,1,0.0115,0.0077,3.6022,0.4423,0.0049,4.0685
m1-server,medium,1525,move,accepted,moved,1,0.0121,0.0135,4.2881,0.4146,0.0043,4.7326
m1-server,medium,1526,drop,accepted,dropped,1,0.0124,0.0159,3.1123,0.3860,0.0039,3.5305
m1-server,medium,1527,move,accepted,moved,1,0.0112,0.0121,2.5042,0.3833,0.0041,2.9150
m1-server,medium,1528,look,accepted,observed,0,0.0107,0.0117,0.0013,0.0598,0.0020,0.0855
m1-server,medium,1529,look,accepted,observed,0,0.0092,0.0035,0.0013,0.0734,0.0018,0.0891
m1-server,medium,1530,wait,rejected,invalid_time,0,0.0090,0.0041,0.0013,0.0506,0.0018,0.0667
m1-server,medium,1531,move,accepted,moved,1,0.0090,0.0107,2.9809,0.4125,0.0042,3.4173
m1-server,medium,1532,look,accepted,observed,0,0.0112,0.0112,0.0015,0.0661,0.0019,0.0919
m1-server,medium,1533,talk,rejected,not_eligible,0,0.0088,0.0056,0.0014,0.0608,0.0018,0.0785
m1-server,medium,1534,look,accepted,observed,0,0.0090,0.0048,0.0013,0.0496,0.0030,0.0676
m1-server,medium,1535,look,accepted,observed,0,0.0113,0.0051,0.0033,0.0555,0.0023,0.0775
m1-server,medium,1536,move,rejected,exit_unavailable,0,0.0096,0.0045,0.0027,0.0516,0.0018,0.0702
m1-server,medium,1537,activate,rejected,not_eligible,0,0.0109,0.0037,0.0027,0.0644,0.0018,0.0835
m1-server,medium,1538,take,rejected,not_present,0,0.0094,0.0035,0.0027,0.0488,0.0027,0.0670
m1-server,medium,1539,move,accepted,moved,1,0.0103,0.0055,2.5325,0.3726,0.0035,2.9243
m1-server,medium,1540,move,accepted,moved,1,0.0101,0.0076,3.4690,0.3980,0.0040,3.8887
m1-server,medium,1541,take,replayed,not_present,0,0.0228,0.0104,0.0002,0.0000,0.0019,0.0352
m1-server,medium,1542,move,accepted,moved,1,0.0080,0.0050,3.3012,0.3780,0.0035,3.6958
m1-server,medium,1543,move,accepted,moved,1,0.0106,0.0078,3.0647,0.3760,0.0038,3.4630
m1-server,medium,1544,move,accepted,moved,1,0.0119,0.0117,3.5156,0.3875,0.0038,3.9305
m1-server,medium,1545,take,rejected,not_present,0,0.0114,0.0090,0.0014,0.0561,0.0020,0.0798
m1-server,medium,1546,activate,rejected,not_eligible,0,0.0094,0.0041,0.0013,0.0501,0.0038,0.0687
m1-server,medium,1547,move,accepted,moved,1,0.0115,0.0078,3.2490,0.4024,0.0039,3.6747
m1-server,medium,1548,look,accepted,observed,0,0.0105,0.0113,0.0013,0.0547,0.0020,0.0798
m1-server,medium,1549,look,accepted,observed,0,0.0090,0.0035,0.0013,0.0543,0.0020,0.0700
m1-server,medium,1550,look,accepted,observed,0,0.0087,0.0034,0.0013,0.0488,0.0029,0.0650
m1-server,medium,1551,move,accepted,moved,1,0.0112,0.0065,2.6517,0.4092,0.0037,3.0823
m1-server,medium,1552,move,accepted,moved,1,0.0109,0.0073,3.6040,0.3898,0.0035,4.0156
m1-server,medium,1553,look,accepted,observed,0,0.0142,0.0087,0.0013,0.0558,0.0019,0.0819
m1-server,medium,1554,move,accepted,moved,1,0.0091,0.0044,4.9236,0.4217,0.0040,5.3627
m1-server,medium,1555,look,accepted,observed,0,0.0124,0.0159,0.0014,0.0569,0.0019,0.0885
m1-server,medium,1556,look,accepted,observed,0,0.0094,0.0036,0.0027,0.0601,0.0019,0.0777
m1-server,medium,1557,talk,rejected,not_eligible,0,0.0092,0.0043,0.0028,0.0818,0.0020,0.1000
m1-server,medium,1558,choose,rejected,invalid_choice,0,0.0092,0.0048,0.0027,0.0543,0.0019,0.0729
m1-server,medium,1559,move,accepted,moved,1,0.0092,0.0046,3.4035,0.3863,0.0039,3.8075
m1-server,medium,1560,take,rejected,not_present,0,0.0123,0.0124,0.0014,0.0534,0.0020,0.0816
m1-server,medium,1561,move,accepted,moved,1,0.0088,0.0046,2.9747,0.3939,0.0042,3.3863
m1-server,medium,1562,take,rejected,not_present,0,0.0119,0.0119,0.0015,0.0561,0.0020,0.0835
m1-server,medium,1563,activate,rejected,not_eligible,0,0.0090,0.0039,0.0014,0.0515,0.0033,0.0691
m1-server,medium,1564,move,accepted,moved,1,0.0113,0.0070,2.4238,1.0111,0.0049,3.4580
m1-server,medium,1565,look,accepted,observed,0,0.0118,0.0127,0.0013,0.0847,0.0020,0.1124
m1-server,medium,1566,move,accepted,moved,1,0.0095,0.0048,3.4943,0.3687,0.0034,3.8807
m1-server,medium,1567,look,accepted,observed,0,0.0110,0.0072,0.0014,0.0532,0.0020,0.0748
m1-server,medium,1568,look,accepted,observed,0,0.0090,0.0035,0.0012,0.0492,0.0033,0.0662
m1-server,medium,1569,move,accepted,moved,1,0.0114,0.0066,3.3696,0.3810,0.0039,3.7725
m1-server,medium,1570,look,accepted,observed,0,0.0111,0.0075,0.0014,0.0621,0.0020,0.0841
m1-server,medium,1571,take,accepted,taken,1,0.0090,0.0043,2.9513,0.3627,0.0035,3.3308
m1-server,medium,1572,close_choice,rejected,invalid_choice,0,0.0109,0.0073,0.0015,0.0523,0.0019,0.0738
m1-server,medium,1573,activate,rejected,not_eligible,0,0.0089,0.0039,0.0013,0.0517,0.0019,0.0677
m1-server,medium,1574,drop,accepted,dropped,1,0.0092,0.0039,3.0144,0.3557,0.0036,3.3867
m1-server,medium,1575,take,accepted,taken,1,0.0108,0.0088,3.4090,0.3758,0.0039,3.8083
m1-server,medium,1576,move,rejected,exit_unavailable,0,0.0116,0.0102,0.0014,0.0693,0.0020,0.0945
m1-server,medium,1577,drop,rejected,integrity_conflict,0,0.0181,0.0035,0.0002,0.0000,0.0016,0.0234
m1-server,medium,1578,move,rejected,exit_unavailable,0,0.0071,0.0037,0.0013,0.0704,0.0018,0.0843
m1-server,medium,1579,wait,rejected,invalid_time,0,0.0089,0.0040,0.0013,0.0516,0.0018,0.0675
m1-server,medium,1580,move,accepted,moved,1,0.0089,0.0043,3.3776,0.3863,0.0037,3.7808
m1-server,medium,1581,look,accepted,observed,0,0.0116,0.0080,0.0013,0.0578,0.0020,0.0806
m1-server,medium,1582,talk,rejected,not_eligible,0,0.0093,0.0040,0.0013,0.0580,0.0022,0.0747
m1-server,medium,1583,activate,rejected,not_eligible,0,0.0089,0.0035,0.0012,0.0626,0.0019,0.0781
m1-server,medium,1584,drop,accepted,dropped,1,0.0088,0.0038,3.3540,0.3782,0.0038,3.7485
m1-server,medium,1585,activate,rejected,not_eligible,0,0.0115,0.0078,0.0014,0.0553,0.0032,0.0791
m1-server,medium,1586,look,accepted,observed,0,0.0112,0.0053,0.0016,0.0535,0.0023,0.0739
m1-server,medium,1587,close_choice,rejected,invalid_choice,0,0.0100,0.0041,0.0014,0.0476,0.0027,0.0658
m1-server,medium,1588,move,rejected,exit_unavailable,0,0.0104,0.0053,0.0015,0.0593,0.0024,0.0788
m1-server,medium,1589,drop,replayed,dropped,0,0.0163,0.0038,0.0001,0.0000,0.0018,0.0221
m1-server,medium,1590,take,accepted,taken,1,0.0078,0.0037,2.8850,0.3789,0.0035,3.2789
m1-server,medium,1591,wait,rejected,invalid_time,0,0.0107,0.0112,0.0015,0.0536,0.0029,0.0799
m1-server,medium,1592,look,accepted,observed,0,0.0104,0.0052,0.0014,0.0545,0.0023,0.0738
m1-server,medium,1593,move,rejected,exit_unavailable,0,0.0095,0.0045,0.0015,0.0672,0.0018,0.0845
m1-server,medium,1594,look,accepted,observed,0,0.0088,0.0035,0.0013,0.0491,0.0023,0.0650
m1-server,medium,1595,look,accepted,observed,0,0.0098,0.0042,0.0013,0.0562,0.0021,0.0736
m1-server,medium,1596,wait,rejected,invalid_time,0,0.0095,0.0040,0.0013,0.0509,0.0018,0.0675
m1-server,medium,1597,wait,rejected,invalid_time,0,0.0092,0.0037,0.0013,0.0543,0.0018,0.0701
m1-server,medium,1598,move,accepted,moved,1,0.0091,0.0043,4.1040,0.4010,0.0078,4.5262
m1-server,medium,1599,move,accepted,moved,1,0.0120,0.0110,3.9967,0.4240,0.0050,4.4486
m1-server,medium,1600,look,accepted,observed,0,0.0131,0.0123,0.0013,0.0556,0.0027,0.0850
m1-server,medium,1601,look,accepted,observed,0,0.0103,0.0046,0.0014,0.0579,0.0020,0.0761
m1-server,medium,1602,choose,rejected,invalid_choice,0,0.0093,0.0051,0.0013,0.0530,0.0020,0.0707
m1-server,medium,1603,talk,rejected,not_eligible,0,0.0090,0.0040,0.0013,0.0663,0.0020,0.0826
m1-server,medium,1604,look,accepted,observed,0,0.0088,0.0033,0.0013,0.0732,0.0018,0.0884
m1-server,medium,1605,wait,rejected,invalid_time,0,0.0088,0.0038,0.0012,0.0539,0.0018,0.0695
m1-server,medium,1606,talk,rejected,not_eligible,0,0.0088,0.0035,0.0012,0.0485,0.0025,0.0644
m1-server,medium,1607,move,rejected,exit_unavailable,0,0.0105,0.0050,0.0014,0.0543,0.0024,0.0736
m1-server,medium,1608,look,accepted,observed,0,0.0098,0.0037,0.0012,0.0524,0.0018,0.0688
m1-server,medium,1609,wait,rejected,invalid_time,0,0.0110,0.0038,0.0012,0.0576,0.0018,0.0753
m1-server,medium,1610,look,accepted,observed,0,0.0093,0.0033,0.0012,0.0482,0.0017,0.0637
m1-server,medium,1611,move,accepted,moved,1,0.0098,0.0045,2.4654,0.3986,0.0040,2.8822
m1-server,medium,1612,move,accepted,moved,1,0.0101,0.0074,3.3879,0.4034,0.0040,3.8128
m1-server,medium,1613,look,accepted,observed,0,0.0112,0.0130,0.0015,0.0809,0.0019,0.1085
m1-server,medium,1614,choose,rejected,invalid_choice,0,0.0092,0.0050,0.0013,0.0521,0.0028,0.0704
m1-server,medium,1615,look,accepted,observed,0,0.0112,0.0050,0.0014,0.0599,0.0022,0.0797
m1-server,medium,1616,drop,accepted,dropped,1,0.0099,0.0047,3.4135,0.3684,0.0038,3.8003
m1-server,medium,1617,choose,rejected,invalid_choice,0,0.0111,0.0072,0.0014,0.0537,0.0028,0.0762
m1-server,medium,1618,look,accepted,observed,0,0.0103,0.0048,0.0014,0.0574,0.0022,0.0762
m1-server,medium,1619,move,accepted,moved,1,0.0094,0.0046,3.5216,0.3791,0.0037,3.9183
m1-server,medium,1620,take,rejected,not_present,0,0.0105,0.0060,0.0014,0.0560,0.0020,0.0759
m1-server,medium,1621,look,accepted,observed,0,0.0091,0.0037,0.0013,0.0508,0.0032,0.0682
m1-server,medium,1622,move,accepted,moved,1,0.0113,0.0063,4.6943,0.4440,0.0052,5.1610
m1-server,medium,1623,move,accepted,moved,1,0.0131,0.0123,3.4656,0.4210,0.0042,3.9162
m1-server,medium,1624,talk,rejected,not_owned,0,0.0109,0.0107,0.0013,0.0594,0.0021,0.0844
m1-server,medium,1625,move,accepted,moved,1,0.0090,0.0046,3.2480,0.4157,0.0043,3.6817
m1-server,medium,1626,move,accepted,moved,1,0.0550,0.0433,3.2058,1.0165,0.0062,4.3267
m1-server,medium,1627,wait,rejected,invalid_time,0,0.0130,0.0182,0.0016,0.0807,0.0025,0.1160
m1-server,medium,1628,move,rejected,exit_unavailable,0,0.0096,0.0052,0.0016,0.0882,0.0020,0.1066
m1-server,medium,1629,move,accepted,moved,1,0.0094,0.0050,4.0308,0.4279,0.0075,4.4806
m1-server,medium,1630,take,rejected,not_present,0,0.0118,0.0116,0.0018,0.0643,0.0021,0.0916
m1-server,medium,1631,look,accepted,observed,0,0.0093,0.0038,0.0013,0.0676,0.0019,0.0839
m1-server,medium,1632,look,accepted,observed,0,0.0090,0.0034,0.0012,0.0685,0.0018,0.0838
m1-server,medium,1633,wait,rejected,invalid_time,0,0.0088,0.0038,0.0015,0.0783,0.0020,0.0944
m1-server,medium,1634,look,accepted,observed,0,0.0090,0.0033,0.0012,0.0545,0.0018,0.0698
m1-server,medium,1635,choose,rejected,invalid_choice,0,0.0086,0.0046,0.0013,0.0471,0.0018,0.0634
m1-server,medium,1636,look,accepted,observed,0,0.0088,0.0031,0.0012,0.0509,0.0017,0.0657
m1-server,medium,1637,move,rejected,exit_unavailable,0,0.0090,0.0038,0.0013,0.0480,0.0031,0.0651
m1-server,medium,1638,move,accepted,moved,1,0.0127,0.0068,3.4033,0.3692,0.0035,3.7954
m1-server,medium,1639,wait,rejected,invalid_time,0,0.0105,0.0099,0.0014,0.0604,0.0020,0.0842
m1-server,medium,1640,take,rejected,not_present,0,0.0088,0.0038,0.0013,0.0541,0.0032,0.0711
m1-server,medium,1641,move,accepted,moved,1,0.0113,0.0062,3.0444,0.3851,0.0042,3.4511
m1-server,medium,1642,look,accepted,observed,0,0.0107,0.0067,0.0013,0.0606,0.0020,0.0813
m1-server,medium,1643,talk,rejected,not_eligible,0,0.0090,0.0039,0.0012,0.0559,0.0019,0.0718
m1-server,medium,1644,look,accepted,observed,0,0.0088,0.0035,0.0012,0.0516,0.0018,0.0669
m1-server,medium,1645,take,accepted,taken,1,0.0088,0.0039,3.3928,0.3680,0.0040,3.7775
m1-server,medium,1646,talk,rejected,not_eligible,0,0.0103,0.0100,0.0014,0.0512,0.0030,0.0758
m1-server,medium,1647,look,accepted,observed,0,0.0113,0.0051,0.0014,0.0558,0.0023,0.0759
m1-server,medium,1648,look,accepted,observed,0,0.0096,0.0036,0.0013,0.0481,0.0025,0.0652
m1-server,medium,1649,wait,rejected,invalid_time,0,0.0104,0.0050,0.0014,0.0579,0.0023,0.0769
m1-server,medium,1650,move,accepted,moved,1,0.0098,0.0050,3.3675,0.3743,0.0038,3.7603
m1-server,medium,1651,move,accepted,moved,1,0.0114,0.0106,3.2838,0.3776,0.0033,3.6867
m1-server,medium,1652,look,accepted,observed,0,0.0107,0.0072,0.0013,0.0553,0.0020,0.0765
m1-server,medium,1653,drop,accepted,dropped,1,0.0089,0.0040,4.9925,0.4193,0.0052,5.4298
m1-server,medium,1654,look,accepted,observed,0,0.0128,0.0125,0.0015,0.0533,0.0020,0.0821
m1-server,medium,1655,wait,rejected,invalid_time,0,0.0090,0.0043,0.0013,0.0568,0.0020,0.0733
m1-server,medium,1656,take,accepted,taken,1,0.0090,0.0043,2.7763,0.4064,0.0052,3.2012
m1-server,medium,1657,move,accepted,moved,1,0.0116,0.0107,2.6668,0.3901,0.0034,3.0826
m1-server,medium,1658,move,accepted,moved,1,0.0109,0.0088,3.1172,0.3925,0.0033,3.5328
m1-server,medium,1659,wait,rejected,invalid_time,0,0.0115,0.0123,0.0014,0.0528,0.0020,0.0800
m1-server,medium,1660,activate,rejected,not_eligible,0,0.0091,0.0040,0.0013,0.0520,0.0019,0.0684
m1-server,medium,1661,look,accepted,observed,0,0.0089,0.0035,0.0013,0.0500,0.0033,0.0670
m1-server,medium,1662,move,rejected,exit_unavailable,0,0.0107,0.0060,0.0016,0.0602,0.0023,0.0808
m1-server,medium,1663,wait,rejected,invalid_time,0,0.0093,0.0041,0.0012,0.0483,0.0027,0.0655
m1-server,medium,1664,take,replayed,not_present,0,0.0199,0.0045,0.0001,0.0000,0.0019,0.0264
m1-server,medium,1665,close_choice,rejected,invalid_choice,0,0.0084,0.0042,0.0015,0.0547,0.0023,0.0710
m1-server,medium,1666,look,accepted,observed,0,0.0097,0.0037,0.0012,0.0513,0.0017,0.0675
m1-server,medium,1667,look,accepted,observed,0,0.0118,0.0033,0.0012,0.0589,0.0017,0.0769
m1-server,medium,1668,move,accepted,moved,1,0.0095,0.0045,5.1355,0.4105,0.0044,5.5644
m1-server,medium,1669,look,accepted,observed,0,0.0119,0.0164,0.0014,0.0536,0.0019,0.0851
m1-server,medium,1670,drop,accepted,dropped,1,0.0089,0.0056,4.4584,0.4215,0.0054,4.8998
m1-server,medium,1671,talk,rejected,not_eligible,0,0.0137,0.0143,0.0016,0.0647,0.0029,0.0972
m1-server,medium,1672,choose,rejected,stale_view,0,0.0105,0.0078,0.0030,0.0610,0.0020,0.0843
m1-server,medium,1673,look,accepted,observed,0,0.0095,0.0041,0.0013,0.0562,0.0020,0.0730
m1-server,medium,1674,look,accepted,observed,0,0.0089,0.0035,0.0012,0.0585,0.0033,0.0754
m1-server,medium,1675,take,accepted,taken,1,0.0091,0.0042,2.5353,0.3822,0.0040,2.9348
m1-server,medium,1676,move,accepted,moved,1,0.0103,0.0079,3.4812,0.3921,0.0039,3.8953
m1-server,medium,1677,look,accepted,observed,0,0.0122,0.0127,0.0016,0.0574,0.0020,0.0860
m1-server,medium,1678,move,accepted,moved,1,0.0090,0.0046,3.4003,0.3670,0.0038,3.7848
m1-server,medium,1679,look,accepted,observed,0,0.0111,0.0066,0.0014,0.0824,0.0020,0.1035
m1-server,medium,1680,wait,rejected,invalid_time,0,0.0091,0.0040,0.0013,0.0648,0.0019,0.0812
m1-server,medium,1681,look,accepted,observed,0,0.0095,0.0035,0.0012,0.0700,0.0018,0.0860
m1-server,medium,1682,wait,rejected,invalid_time,0,0.0091,0.0040,0.0012,0.0653,0.0018,0.0814
m1-server,medium,1683,look,accepted,observed,0,0.0093,0.0033,0.0013,0.0699,0.0018,0.0855
m1-server,medium,1684,choose,rejected,invalid_choice,0,0.0089,0.0045,0.0014,0.0671,0.0019,0.0838
m1-server,medium,1685,look,accepted,observed,0,0.0090,0.0032,0.0012,0.0668,0.0018,0.0820
m1-server,medium,1686,move,accepted,moved,1,0.0090,0.0042,3.3672,0.3613,0.0032,3.7448
m1-server,medium,1687,drop,rejected,integrity_conflict,0,0.0198,0.0091,0.0001,0.0000,0.0018,0.0308
m1-server,medium,1688,move,accepted,moved,1,0.0077,0.0045,3.0420,0.3913,0.0038,3.4492
m1-server,medium,1689,look,accepted,observed,0,0.0106,0.0079,0.0013,0.0531,0.0019,0.0748
m1-server,medium,1690,wait,rejected,invalid_time,0,0.0089,0.0041,0.0013,0.0520,0.0019,0.0681
m1-server,medium,1691,drop,accepted,dropped,1,0.0090,0.0041,2.4465,1.0185,0.0055,3.4837
m1-server,medium,1692,move,rejected,exit_unavailable,0,0.0117,0.0133,0.0016,0.1204,0.0035,0.1505
m1-server,medium,1693,look,accepted,observed,0,0.0114,0.0056,0.0014,0.0530,0.0025,0.0738
m1-server,medium,1694,move,accepted,moved,1,0.0115,0.0050,3.4423,0.3834,0.0041,3.8462
m1-server,medium,1695,look,accepted,observed,0,0.0102,0.0075,0.0014,0.0576,0.0019,0.0786
m1-server,medium,1696,look,accepted,observed,0,0.0090,0.0035,0.0013,0.0475,0.0029,0.0641
m1-server,medium,1697,activate,rejected,not_eligible,0,0.0110,0.0058,0.0015,0.0593,0.0023,0.0800
m1-server,medium,1698,move,accepted,moved,1,0.0100,0.0049,4.4935,0.4173,0.0047,4.9303
m1-server,medium,1699,move,accepted,moved,1,0.0147,0.0124,3.4419,0.3928,0.0038,3.8657
m1-server,medium,1700,look,accepted,observed,0,0.0125,0.0140,0.0014,0.0662,0.0020,0.0961
m1-server,medium,1701,take,replayed,not_present,0,0.0191,0.0036,0.0001,0.0000,0.0018,0.0247
m1-server,medium,1702,take,rejected,not_present,0,0.0075,0.0049,0.0014,0.0513,0.0018,0.0669
m1-server,medium,1703,look,accepted,observed,0,0.0089,0.0045,0.0013,0.0528,0.0018,0.0693
m1-server,medium,1704,look,accepted,observed,0,0.0089,0.0033,0.0024,0.0487,0.0028,0.0660
m1-server,medium,1705,choose,rejected,invalid_choice,0,0.0110,0.0081,0.0016,0.0548,0.0023,0.0778
m1-server,medium,1706,activate,rejected,not_eligible,0,0.0096,0.0042,0.0025,0.0685,0.0019,0.0867
m1-server,medium,1707,move,rejected,exit_unavailable,0,0.0095,0.0042,0.0026,0.0514,0.0018,0.0695
m1-server,medium,1708,wait,rejected,invalid_time,0,0.0112,0.0038,0.0038,0.0600,0.0018,0.0805
m1-server,medium,1709,move,accepted,moved,1,0.0093,0.0044,3.4890,0.4020,0.0038,3.9085
m1-server,medium,1710,look,accepted,observed,0,0.0113,0.0085,0.0014,0.0530,0.0030,0.0773
m1-server,medium,1711,activate,rejected,not_eligible,0,0.0109,0.0053,0.0015,0.0520,0.0025,0.0721
m1-server,medium,1712,talk,rejected,not_owned,0,0.0096,0.0043,0.0014,0.0458,0.0019,0.0630
m1-server,medium,1713,look,accepted,observed,0,0.0094,0.0034,0.0013,0.0521,0.0019,0.0680
m1-server,medium,1714,drop,replayed,dropped,0,0.0151,0.0034,0.0002,0.0000,0.0017,0.0204
m1-server,medium,1715,move,accepted,moved,1,0.0074,0.0042,3.5713,0.3864,0.0038,3.9731
m1-server,medium,1716,look,accepted,observed,0,0.0111,0.0096,0.0014,0.0508,0.0018,0.0746
m1-server,medium,1717,activate,rejected,not_eligible,0,0.0090,0.0037,0.0014,0.0515,0.0018,0.0674
m1-server,medium,1718,wait,rejected,invalid_time,0,0.0088,0.0039,0.0012,0.0457,0.0018,0.0613
m1-server,medium,1719,wait,rejected,invalid_time,0,0.0093,0.0037,0.0012,0.0524,0.0018,0.0684
m1-server,medium,1720,wait,rejected,invalid_time,0,0.0092,0.0036,0.0012,0.0496,0.0017,0.0653
m1-server,medium,1721,move,accepted,moved,1,0.0108,0.0043,3.4090,0.3938,0.0040,3.8219
m1-server,medium,1722,look,accepted,observed,0,0.0104,0.0074,0.0014,0.0812,0.0019,0.1022
m1-server,medium,1723,look,accepted,observed,0,0.0093,0.0034,0.0013,0.0486,0.0017,0.0643
m1-server,medium,1724,choose,rejected,invalid_choice,0,0.0103,0.0048,0.0013,0.0548,0.0019,0.0730
m1-server,medium,1725,choose,rejected,stale_view,0,0.0094,0.0063,0.0013,0.0479,0.0018,0.0667
m1-server,medium,1726,move,rejected,exit_unavailable,0,0.0096,0.0038,0.0013,0.0548,0.0019,0.0714
m1-server,medium,1727,activate,rejected,not_eligible,0,0.0095,0.0038,0.0013,0.0480,0.0018,0.0643
m1-server,medium,1728,choose,rejected,invalid_choice,0,0.0097,0.0042,0.0013,0.0547,0.0018,0.0717
m1-server,medium,1729,look,accepted,observed,0,0.0092,0.0033,0.0013,0.0479,0.0017,0.0633
m1-server,medium,1730,look,accepted,observed,0,0.0094,0.0032,0.0012,0.0540,0.0017,0.0694
m1-server,medium,1731,activate,rejected,not_eligible,0,0.0094,0.0035,0.0013,0.0479,0.0017,0.0638
m1-server,medium,1732,look,accepted,observed,0,0.0094,0.0032,0.0013,0.0742,0.0018,0.0898
m1-server,medium,1733,drop,replayed,dropped,0,0.0158,0.0034,0.0001,0.0000,0.0016,0.0210
m1-server,medium,1734,move,accepted,moved,1,0.0074,0.0039,3.3649,0.3888,0.0035,3.7684
m1-server,medium,1735,wait,rejected,invalid_time,0,0.0112,0.0083,0.0016,0.0523,0.0021,0.0755
m1-server,medium,1736,move,accepted,moved,1,0.0088,0.0043,2.8693,0.3753,0.0036,3.2614
m1-server,medium,1737,take,accepted,taken,1,0.0105,0.0086,3.3519,0.3845,0.0045,3.7600
m1-server,medium,1738,wait,rejected,invalid_time,0,0.0107,0.0088,0.0014,0.0545,0.0020,0.0774
m1-server,medium,1739,talk,accepted,choice_opened,1,0.0090,0.0051,3.3553,0.3976,0.0041,3.7711
m1-server,medium,1740,look,accepted,observed,0,0.0123,0.0118,0.0013,0.0537,0.0020,0.0811
m1-server,medium,1741,look,accepted,observed,0,0.0091,0.0034,0.0013,0.0520,0.0019,0.0677
m1-server,medium,1742,move,accepted,moved,1,0.0089,0.0048,2.3539,0.4208,0.0041,2.7925
m1-server,medium,1743,look,accepted,observed,0,0.0104,0.0076,0.0013,0.0755,0.0019,0.0966
m1-server,medium,1744,activate,rejected,not_eligible,0,0.0090,0.0038,0.0013,0.0519,0.0019,0.0678
m1-server,medium,1745,look,accepted,observed,0,0.0089,0.0034,0.0013,0.0498,0.0018,0.0650
m1-server,medium,1746,activate,rejected,not_eligible,0,0.0089,0.0035,0.0013,0.0510,0.0018,0.0664
m1-server,medium,1747,move,accepted,moved,1,0.0087,0.0044,3.4417,0.4093,0.0043,3.8684
m1-server,medium,1748,move,accepted,moved,1,0.0152,0.0106,2.9788,0.4514,0.0035,3.4595
m1-server,medium,1749,move,accepted,moved,1,0.0115,0.0077,4.9095,0.4289,0.0066,5.3643
m1-server,medium,1750,drop,accepted,dropped,1,0.0151,0.0121,3.0616,0.4421,0.0050,3.5359
m1-server,medium,1751,move,accepted,moved,1,0.0122,0.0106,3.6310,0.4043,0.0043,4.0623
m1-server,medium,1752,move,accepted,moved,1,0.0113,0.0082,4.5075,0.4330,0.0071,4.9672
m1-server,medium,1753,choose,rejected,not_owned,0,0.0133,0.0147,0.0013,0.0620,0.0053,0.0967
m1-server,medium,1754,look,accepted,observed,0,0.0093,0.0038,0.0012,0.0480,0.0028,0.0650
m1-server,medium,1755,talk,rejected,not_owned,0,0.0090,0.0039,0.0013,0.0526,0.0018,0.0685
m1-server,medium,1756,move,accepted,moved,1,0.0095,0.0046,4.7069,1.0361,0.0048,5.7618
m1-server,medium,1757,talk,rejected,not_eligible,0,0.0120,0.0152,0.0014,0.1078,0.0019,0.1384
m1-server,medium,1758,look,accepted,observed,0,0.0090,0.0036,0.0013,0.0718,0.0029,0.0885
m1-server,medium,1759,move,accepted,moved,1,0.0118,0.0068,3.5090,0.4204,0.0040,3.9520
m1-server,medium,1760,take,rejected,not_present,0,0.0112,0.0122,0.0015,0.0647,0.0027,0.0923
m1-server,medium,1761,move,rejected,exit_unavailable,0,0.0100,0.0058,0.0014,0.0473,0.0020,0.0665
m1-server,medium,1762,move,accepted,moved,1,0.0087,0.0052,3.5114,0.4090,0.0045,3.9388
m1-server,medium,1763,look,accepted,observed,0,0.0115,0.0073,0.0015,0.0580,0.0019,0.0802
m1-server,medium,1764,look,accepted,observed,0,0.0088,0.0035,0.0012,0.0597,0.0018,0.0750
m1-server,medium,1765,close_choice,accepted,choice_closed,1,0.0092,0.0044,4.6964,0.4179,0.0045,5.1324
m1-server,medium,1766,wait,rejected,invalid_time,0,0.0132,0.0171,0.0014,0.0609,0.0019,0.0945
m1-server,medium,1767,move,accepted,moved,1,0.0091,0.0060,3.6504,0.4115,0.0039,4.0809
m1-server,medium,1768,take,rejected,not_present,0,0.0116,0.0147,0.0015,0.0564,0.0028,0.0870
m1-server,medium,1769,look,accepted,observed,0,0.0115,0.0069,0.0015,0.0594,0.0024,0.0816
m1-server,medium,1770,move,rejected,exit_unavailable,0,0.0100,0.0047,0.0025,0.0530,0.0025,0.0727
m1-server,medium,1771,take,rejected,not_present,0,0.0103,0.0045,0.0026,0.0752,0.0023,0.0950
m1-server,medium,1772,move,accepted,moved,1,0.0095,0.0047,3.3492,0.3895,0.0033,3.7562
m1-server,medium,1773,look,accepted,observed,0,0.0112,0.0074,0.0013,0.0520,0.0019,0.0738
m1-server,medium,1774,look,accepted,observed,0,0.0092,0.0035,0.0012,0.0588,0.0027,0.0753
m1-server,medium,1775,move,accepted,moved,1,0.0102,0.0060,3.2034,0.3566,0.0037,3.5798
m1-server,medium,1776,wait,rejected,invalid_time,0,0.0105,0.0063,0.0014,0.0531,0.0026,0.0739
m1-server,medium,1777,move,accepted,moved,1,0.0102,0.0060,3.1557,0.3703,0.0038,3.5459
m1-server,medium,1778,look,accepted,observed,0,0.0106,0.0062,0.0013,0.0578,0.0028,0.0787
m1-server,medium,1779,move,accepted,moved,1,0.0106,0.0062,3.2677,0.3577,0.0036,3.6457
m1-server,medium,1780,look,accepted,observed,0,0.0108,0.0060,0.0013,0.0726,0.0020,0.0928
m1-server,medium,1781,wait,rejected,invalid_time,0,0.0090,0.0040,0.0013,0.0564,0.0028,0.0735
m1-server,medium,1782,take,accepted,taken,1,0.0105,0.0055,3.0314,0.3689,0.0042,3.4205
m1-server,medium,1783,look,accepted,observed,0,0.0108,0.0120,0.0013,0.0749,0.0018,0.1009
m1-server,medium,1784,look,accepted,observed,0,0.0090,0.0033,0.0012,0.0514,0.0018,0.0666
m1-server,medium,1785,move,accepted,moved,1,0.0089,0.0046,3.1425,0.3873,0.0041,3.5474
m1-server,medium,1786,talk,rejected,not_eligible,0,0.0112,0.0136,0.0015,0.0774,0.0026,0.1063
m1-server,medium,1787,move,accepted,moved,1,0.0100,0.0051,3.4874,0.4145,0.0042,3.9213
m1-server,medium,1788,drop,accepted,dropped,1,0.0110,0.0113,4.5215,0.4185,0.0068,4.9692
m1-server,medium,1789,wait,rejected,invalid_time,0,0.0120,0.0123,0.0015,0.0607,0.0036,0.0900
m1-server,medium,1790,choose,rejected,stale_view,0,0.0090,0.0066,0.0013,0.0688,0.0034,0.0891
m1-server,medium,1791,activate,rejected,not_eligible,0,0.0092,0.0041,0.0013,0.0538,0.0031,0.0715
m1-server,medium,1792,talk,rejected,not_eligible,0,0.0088,0.0037,0.0013,0.0547,0.0016,0.0701
m1-server,medium,1793,move,accepted,moved,1,0.0088,0.0047,3.4297,0.4290,0.0051,3.8773
m1-server,medium,1794,wait,rejected,invalid_time,0,0.0135,0.0145,0.0017,0.0622,0.0028,0.0947
m1-server,medium,1795,move,rejected,exit_unavailable,0,0.0105,0.0054,0.0015,0.0555,0.0020,0.0750
m1-server,medium,1796,move,accepted,moved,1,0.0091,0.0045,3.2639,0.4011,0.0038,3.6824
m1-server,medium,1797,close_choice,rejected,invalid_choice,0,0.0111,0.0081,0.0014,0.0605,0.0020,0.0831
m1-server,medium,1798,take,rejected,not_present,0,0.0092,0.0040,0.0013,0.0766,0.0019,0.0930
m1-server,medium,1799,look,accepted,observed,0,0.0090,0.0034,0.0013,0.0684,0.0018,0.0838
m1-server,medium,1800,look,accepted,observed,0,0.0090,0.0031,0.0012,0.0884,0.0017,0.1035
m1-server,medium,1801,look,accepted,observed,0,0.0090,0.0032,0.0012,0.0559,0.0018,0.0710
m1-server,medium,1802,drop,replayed,dropped,0,0.0173,0.0034,0.0001,0.0000,0.0016,0.0224
m1-server,medium,1803,move,rejected,exit_unavailable,0,0.0072,0.0035,0.0014,0.0515,0.0018,0.0653
m1-server,medium,1804,look,accepted,observed,0,0.0086,0.0032,0.0012,0.0556,0.0016,0.0702
m1-server,medium,1805,take,rejected,not_present,0,0.0296,0.0096,0.0020,0.0576,0.0021,0.1009
m1-server,medium,1806,look,accepted,observed,0,0.0094,0.0036,0.0013,0.0574,0.0018,0.0734
m1-server,medium,1807,look,accepted,observed,0,0.0089,0.0034,0.0012,0.0527,0.0018,0.0679
m1-server,medium,1808,drop,rejected,integrity_conflict,0,0.0133,0.0033,0.0002,0.0000,0.0016,0.0183
m1-server,medium,1809,look,accepted,observed,0,0.0077,0.0031,0.0013,0.0584,0.0018,0.0722
m1-server,medium,1810,wait,rejected,invalid_time,0,0.0091,0.0038,0.0014,0.0686,0.0018,0.0846
m1-server,medium,1811,look,accepted,observed,0,0.0088,0.0032,0.0012,0.0580,0.0017,0.0728
m1-server,medium,1812,move,rejected,exit_unavailable,0,0.0088,0.0037,0.0013,0.0510,0.0017,0.0664
m1-server,medium,1813,move,accepted,moved,1,0.0087,0.0040,3.1285,0.3516,0.0035,3.4963
m1-server,medium,1814,move,rejected,exit_unavailable,0,0.0101,0.0078,0.0015,0.0530,0.0020,0.0743
m1-server,medium,1815,choose,rejected,invalid_choice,0,0.0088,0.0045,0.0013,0.0455,0.0018,0.0619
m1-server,medium,1816,talk,rejected,not_eligible,0,0.0091,0.0037,0.0013,0.0523,0.0018,0.0682
m1-server,medium,1817,move,accepted,moved,1,0.0091,0.0042,3.1468,0.3620,0.0032,3.5252
m1-server,medium,1818,wait,rejected,invalid_time,0,0.0105,0.0083,0.0013,0.0505,0.0032,0.0738
m1-server,medium,1819,look,accepted,observed,0,0.0108,0.0051,0.0014,0.0569,0.0023,0.0765
m1-server,medium,1820,wait,rejected,invalid_time,0,0.0092,0.0040,0.0013,0.0472,0.0018,0.0634
m1-server,medium,1821,move,rejected,exit_unavailable,0,0.0088,0.0037,0.0013,0.0518,0.0018,0.0675
m1-server,medium,1822,look,accepted,observed,0,0.0090,0.0033,0.0012,0.0481,0.0018,0.0634
m1-server,medium,1823,move,accepted,moved,1,0.0092,0.0043,2.9690,0.9821,0.0049,3.9695
m1-server,medium,1824,look,accepted,observed,0,0.0113,0.0129,0.0014,0.0933,0.0022,0.1212
m1-server,medium,1825,move,accepted,moved,1,0.0094,0.0048,3.7179,0.3790,0.0035,4.1146
m1-server,medium,1826,look,accepted,observed,0,0.0110,0.0076,0.0015,0.0549,0.0020,0.0770
m1-server,medium,1827,wait,rejected,invalid_time,0,0.0088,0.0041,0.0013,0.0503,0.0031,0.0675
m1-server,medium,1828,look,accepted,observed,0,0.0106,0.0050,0.0015,0.0586,0.0023,0.0779
m1-server,medium,1829,talk,rejected,not_owned,0,0.0093,0.0045,0.0013,0.0475,0.0026,0.0653
m1-server,medium,1830,move,accepted,moved,1,0.0104,0.0055,3.3238,0.3496,0.0040,3.6932
m1-server,medium,1831,move,accepted,moved,1,0.0105,0.0094,3.1649,0.3922,0.0050,3.5819
m1-server,medium,1832,choose,rejected,invalid_choice,0,0.0117,0.0098,0.0014,0.0605,0.0029,0.0862
m1-server,medium,1833,take,rejected,not_present,0,0.0089,0.0040,0.0014,0.0486,0.0028,0.0656
m1-server,medium,1834,move,accepted,moved,1,0.0092,0.0044,2.6901,0.3797,0.0041,3.0876
m1-server,medium,1835,look,accepted,observed,0,0.0107,0.0077,0.0014,0.0779,0.0020,0.0996
m1-server,medium,1836,move,accepted,moved,1,0.0090,0.0047,3.3130,0.3920,0.0042,3.7230
m1-server,medium,1837,move,rejected,exit_unavailable,0,0.0117,0.0088,0.0015,0.0555,0.0022,0.0796
m1-server,medium,1838,choose,rejected,invalid_choice,0,0.0089,0.0048,0.0013,0.0698,0.0018,0.0866
m1-server,medium,1839,look,accepted,observed,0,0.0091,0.0034,0.0012,0.0613,0.0018,0.0768
m1-server,medium,1840,take,accepted,taken,1,0.0087,0.0041,3.5451,0.3623,0.0036,3.9238
m1-server,medium,1841,move,accepted,moved,1,0.0110,0.0083,4.5230,0.4575,0.0065,5.0061
m1-server,medium,1842,move,accepted,moved,1,0.0129,0.0149,3.8496,0.4203,0.0046,4.3023
m1-server,medium,1843,move,accepted,moved,1,0.0115,0.0150,3.3841,0.3904,0.0038,3.8049
m1-server,medium,1844,look,accepted,observed,0,0.0106,0.0119,0.0014,0.0653,0.0019,0.0910
m1-server,medium,1845,activate,rejected,not_eligible,0,0.0093,0.0040,0.0013,0.0492,0.0019,0.0657
m1-server,medium,1846,look,accepted,observed,0,0.0092,0.0033,0.0013,0.0541,0.0018,0.0697
m1-server,medium,1847,activate,rejected,not_eligible,0,0.0094,0.0035,0.0013,0.0743,0.0017,0.0902
m1-server,medium,1848,choose,rejected,stale_view,0,0.0096,0.0063,0.0013,0.0641,0.0018,0.0830
m1-server,medium,1849,look,accepted,observed,0,0.0095,0.0034,0.0013,0.0580,0.0018,0.0739
m1-server,medium,1850,activate,rejected,not_eligible,0,0.0091,0.0034,0.0013,0.0516,0.0017,0.0671
m1-server,medium,1851,drop,accepted,dropped,1,0.0090,0.0037,3.2185,0.3780,0.0039,3.6131
m1-server,medium,1852,talk,rejected,not_eligible,0,0.0099,0.0068,0.0013,0.0564,0.0028,0.0772
m1-server,medium,1853,look,accepted,observed,0,0.0108,0.0052,0.0014,0.0543,0.0022,0.0738
m1-server,medium,1854,talk,rejected,not_eligible,0,0.0094,0.0038,0.0013,0.0490,0.0026,0.0660
m1-server,medium,1855,wait,rejected,invalid_time,0,0.0103,0.0053,0.0014,0.0530,0.0022,0.0720
m1-server,medium,1856,look,accepted,observed,0,0.0096,0.0037,0.0013,0.0475,0.0024,0.0645
m1-server,medium,1857,look,accepted,observed,0,0.0103,0.0043,0.0013,0.0585,0.0022,0.0765
m1-server,medium,1858,look,accepted,observed,0,0.0098,0.0036,0.0013,0.0476,0.0023,0.0646
m1-server,medium,1859,look,accepted,observed,0,0.0103,0.0039,0.0012,0.0543,0.0023,0.0719
m1-server,medium,1860,move,accepted,moved,1,0.0100,0.0050,3.3017,0.4028,0.0034,3.7228
m1-server,medium,1861,talk,rejected,not_eligible,0,0.0115,0.0072,0.0014,0.0577,0.0020,0.0798
m1-server,medium,1862,move,accepted,moved,1,0.0090,0.0043,2.7807,0.3801,0.0036,3.1777
m1-server,medium,1863,look,accepted,observed,0,0.0109,0.0113,0.0014,0.0523,0.0018,0.0776
m1-server,medium,1864,take,replayed,taken,0,0.0169,0.0036,0.0001,0.0000,0.0017,0.0223
m1-server,medium,1865,move,accepted,moved,1,0.0073,0.0043,3.2022,0.4065,0.0036,3.6239
m1-server,medium,1866,take,rejected,not_present,0,0.0112,0.0105,0.0014,0.0580,0.0018,0.0830
m1-server,medium,1867,look,accepted,observed,0,0.0088,0.0034,0.0012,0.0533,0.0028,0.0695
m1-server,medium,1868,activate,rejected,not_eligible,0,0.0115,0.0052,0.0015,0.0644,0.0024,0.0849
m1-server,medium,1869,look,accepted,observed,0,0.0100,0.0038,0.0013,0.0491,0.0025,0.0668
m1-server,medium,1870,drop,rejected,integrity_conflict,0,0.0181,0.0043,0.0002,0.0000,0.0017,0.0243
m1-server,medium,1871,look,accepted,observed,0,0.0081,0.0035,0.0013,0.0660,0.0022,0.0811
m1-server,medium,1872,talk,rejected,not_eligible,0,0.0095,0.0039,0.0013,0.0521,0.0018,0.0686
m1-server,medium,1873,move,accepted,moved,1,0.0109,0.0044,2.7868,0.4010,0.0035,3.2066
m1-server,medium,1874,move,accepted,moved,1,0.0109,0.0108,4.7356,0.4412,0.0045,5.2030
m1-server,medium,1875,move,accepted,moved,1,0.0121,0.0164,3.0428,0.4304,0.0045,3.5063
m1-server,medium,1876,talk,rejected,not_eligible,0,0.0122,0.0092,0.0013,0.0570,0.0029,0.0825
m1-server,medium,1877,move,accepted,moved,1,0.0109,0.0062,3.5201,0.4270,0.0035,3.9675
m1-server,medium,1878,look,accepted,observed,0,0.0107,0.0073,0.0014,0.0520,0.0020,0.0735
m1-server,medium,1879,move,accepted,moved,1,0.0093,0.0045,5.0132,1.0350,0.0050,6.0669
m1-server,medium,1880,move,accepted,moved,1,0.0124,0.0152,4.1772,0.4521,0.0042,4.6611
m1-server,medium,1881,move,accepted,moved,1,0.0128,0.0119,2.6035,0.3814,0.0042,3.0139
m1-server,medium,1882,wait,rejected,invalid_time,0,0.0110,0.0084,0.0015,0.0535,0.0029,0.0774
m1-server,medium,1883,look,accepted,observed,0,0.0109,0.0051,0.0015,0.0536,0.0025,0.0736
m1-server,medium,1884,move,rejected,exit_unavailable,0,0.0095,0.0043,0.0015,0.0515,0.0028,0.0695
m1-server,medium,1885,move,accepted,moved,1,0.0102,0.0055,3.5538,0.3748,0.0038,3.9480
m1-server,medium,1886,look,accepted,observed,0,0.0113,0.0074,0.0014,0.0602,0.0019,0.0822
m1-server,medium,1887,wait,rejected,invalid_time,0,0.0090,0.0040,0.0013,0.0695,0.0018,0.0857
m1-server,medium,1888,look,accepted,observed,0,0.0088,0.0034,0.0012,0.0566,0.0017,0.0716
m1-server,medium,1889,move,accepted,moved,1,0.0089,0.0043,3.3087,0.3579,0.0031,3.6829
m1-server,medium,1890,look,accepted,observed,0,0.0103,0.0068,0.0013,0.0548,0.0030,0.0761
m1-server,medium,1891,move,accepted,moved,1,0.0111,0.0062,3.0267,0.3849,0.0039,3.4328
m1-server,medium,1892,move,accepted,moved,1,0.0109,0.0110,3.3531,0.3694,0.0034,3.7479
m1-server,medium,1893,wait,rejected,invalid_time,0,0.0110,0.0079,0.0015,0.0604,0.0020,0.0828
m1-server,medium,1894,look,accepted,observed,0,0.0092,0.0036,0.0013,0.0518,0.0028,0.0687
m1-server,medium,1895,choose,rejected,invalid_choice,0,0.0109,0.0062,0.0016,0.0643,0.0024,0.0853
m1-server,medium,1896,look,accepted,observed,0,0.0096,0.0038,0.0013,0.0510,0.0018,0.0675
m1-server,medium,1897,activate,rejected,not_eligible,0,0.0107,0.0039,0.0013,0.0597,0.0018,0.0775
m1-server,medium,1898,move,rejected,exit_unavailable,0,0.0096,0.0041,0.0013,0.1138,0.0020,0.1308
m1-server,medium,1899,move,rejected,exit_unavailable,0,0.0095,0.0039,0.0013,0.0540,0.0019,0.0706
m1-server,medium,1900,move,accepted,moved,1,0.0091,0.0042,3.1300,0.3914,0.0036,3.5383
m1-server,medium,1901,move,accepted,moved,1,0.0115,0.0087,4.7715,0.4149,0.0047,5.2113
m1-server,medium,1902,move,accepted,moved,1,0.0126,0.0137,3.3605,0.3915,0.0040,3.7824
m1-server,medium,1903,move,accepted,moved,1,0.0121,0.0130,3.2962,0.4042,0.0042,3.7297
m1-server,medium,1904,look,accepted,observed,0,0.0113,0.0093,0.0014,0.0546,0.0020,0.0786
m1-server,medium,1905,take,accepted,taken,1,0.0088,0.0045,2.4408,0.4173,0.0060,2.8773
m1-server,medium,1906,look,accepted,observed,0,0.0139,0.0147,0.0017,0.0722,0.0023,0.1048
m1-server,medium,1907,talk,rejected,not_eligible,0,0.0100,0.0047,0.0014,0.0538,0.0020,0.0718
m1-server,medium,1908,look,accepted,observed,0,0.0100,0.0037,0.0013,0.0655,0.0018,0.0823
m1-server,medium,1909,look,accepted,observed,0,0.0094,0.0035,0.0012,0.0527,0.0021,0.0689
m1-server,medium,1910,move,accepted,moved,1,0.0095,0.0053,3.3351,0.4355,0.0045,3.7899
m1-server,medium,1911,move,accepted,moved,1,0.0145,0.0177,3.5833,0.3922,0.0040,4.0118
m1-server,medium,1912,look,accepted,observed,0,0.0118,0.0127,0.0015,0.0744,0.0022,0.1027
m1-server,medium,1913,move,accepted,moved,1,0.0091,0.0048,3.4294,0.3703,0.0038,3.8173
m1-server,medium,1914,move,accepted,moved,1,0.0112,0.0085,3.4507,0.3715,0.0038,3.8457
m1-server,medium,1915,drop,rejected,integrity_conflict,0,0.0187,0.0104,0.0002,0.0000,0.0018,0.0311
m1-server,medium,1916,look,accepted,observed,0,0.0076,0.0033,0.0013,0.0821,0.0019,0.0962
m1-server,medium,1917,move,accepted,moved,1,0.0095,0.0045,3.1280,0.3697,0.0034,3.5150
m1-server,medium,1918,look,accepted,observed,0,0.0109,0.0062,0.0014,0.0545,0.0020,0.0750
m1-server,medium,1919,choose,rejected,invalid_choice,0,0.0090,0.0046,0.0013,0.0477,0.0018,0.0645
m1-server,medium,1920,wait,rejected,invalid_time,0,0.0091,0.0039,0.0013,0.0545,0.0018,0.0706
m1-server,medium,1921,move,accepted,moved,1,0.0088,0.0043,3.5715,0.3863,0.0037,3.9745
m1-server,medium,1922,look,accepted,observed,0,0.0113,0.0086,0.0014,0.0533,0.0019,0.0764
m1-server,medium,1923,look,accepted,observed,0,0.0093,0.0035,0.0012,0.0519,0.0018,0.0677
m1-server,medium,1924,look,accepted,observed,0,0.0089,0.0034,0.0012,0.0470,0.0018,0.0622
m1-server,medium,1925,wait,rejected,invalid_time,0,0.0088,0.0038,0.0013,0.0518,0.0018,0.0674
m1-server,medium,1926,look,accepted,observed,0,0.0086,0.0032,0.0012,0.0459,0.0018,0.0606
m1-server,medium,1927,wait,rejected,invalid_time,0,0.0091,0.0036,0.0013,0.0525,0.0018,0.0683
m1-server,medium,1928,move,accepted,moved,1,0.0094,0.0044,3.3508,1.0022,0.0040,4.3708
m1-server,medium,1929,move,accepted,moved,1,0.0108,0.0117,5.2127,0.4530,0.0042,5.6924
m1-server,medium,1930,look,accepted,observed,0,0.0123,0.0139,0.0015,0.0560,0.0019,0.0855
m1-server,medium,1931,wait,rejected,invalid_time,0,0.0093,0.0058,0.0013,0.0516,0.0018,0.0697
m1-server,medium,1932,look,accepted,observed,0,0.0088,0.0048,0.0012,0.0516,0.0034,0.0698
m1-server,medium,1933,move,accepted,moved,1,0.0125,0.0080,3.6430,0.4132,0.0041,4.0809
m1-server,medium,1934,talk,accepted,choice_opened,1,0.0126,0.0145,2.3771,0.3943,0.0044,2.8029
m1-server,medium,1935,talk,accepted,choice_opened,1,0.0114,0.0094,2.8388,0.1478,0.0040,3.0114
m1-server,medium,1936,move,accepted,moved,1,0.0120,0.0133,3.1440,0.4289,0.0035,3.6017
m1-server,medium,1937,move,accepted,moved,1,0.0113,0.0124,3.3896,0.4029,0.0039,3.8201
m1-server,medium,1938,move,rejected,exit_unavailable,0,0.0118,0.0123,0.0013,0.0971,0.0020,0.1246
m1-server,medium,1939,drop,accepted,dropped,1,0.0092,0.0043,3.3808,0.4030,0.0041,3.8013
m1-server,medium,1940,wait,rejected,invalid_time,0,0.0122,0.0086,0.0014,0.0589,0.0020,0.0832
m1-server,medium,1941,talk,rejected,not_owned,0,0.0090,0.0038,0.0012,0.0521,0.0030,0.0691
m1-server,medium,1942,move,accepted,moved,1,0.0117,0.0064,3.2218,0.3743,0.0038,3.6180
m1-server,medium,1943,choose,rejected,invalid_choice,0,0.0107,0.0076,0.0014,0.0608,0.0020,0.0825
m1-server,medium,1944,look,accepted,observed,0,0.0090,0.0036,0.0013,0.0509,0.0018,0.0666
m1-server,medium,1945,move,rejected,exit_unavailable,0,0.0090,0.0038,0.0013,0.0698,0.0019,0.0858
m1-server,medium,1946,look,accepted,observed,0,0.0091,0.0033,0.0013,0.0485,0.0030,0.0652
m1-server,medium,1947,look,accepted,observed,0,0.0107,0.0055,0.0015,0.0629,0.0021,0.0827
m1-server,medium,1948,take,rejected,not_present,0,0.0100,0.0039,0.0013,0.0515,0.0017,0.0684
m1-server,medium,1949,look,accepted,observed,0,0.0111,0.0032,0.0014,0.0664,0.0019,0.0840
m1-server,medium,1950,move,accepted,moved,1,0.0094,0.0043,3.9660,0.4090,0.0077,4.3963
m1-server,medium,1951,look,accepted,observed,0,0.0117,0.0112,0.0013,0.0657,0.0051,0.0949
m1-server,medium,1952,activate,rejected,not_eligible,0,0.0088,0.0040,0.0013,0.0550,0.0028,0.0720
m1-server,medium,1953,move,accepted,moved,1,0.0093,0.0048,3.1196,0.4060,0.0038,3.5435
m1-server,medium,1954,look,accepted,observed,0,0.0120,0.0117,0.0014,0.0746,0.0019,0.1016
m1-server,medium,1955,look,accepted,observed,0,0.0093,0.0046,0.0012,0.0489,0.0028,0.0668
m1-server,medium,1956,look,accepted,observed,0,0.0107,0.0052,0.0033,0.0726,0.0023,0.0940
m1-server,medium,1957,look,accepted,observed,0,0.0098,0.0036,0.0025,0.0537,0.0018,0.0712
m1-server,medium,1958,look,accepted,observed,0,0.0106,0.0034,0.0012,0.0737,0.0030,0.0920
m1-server,medium,1959,look,accepted,observed,0,0.0095,0.0033,0.0012,0.0819,0.0043,0.1003
m1-server,medium,1960,look,accepted,observed,0,0.0095,0.0033,0.0012,0.0687,0.0028,0.0853
m1-server,medium,1961,move,accepted,moved,1,0.0094,0.0045,3.2970,0.4013,0.0038,3.7160
m1-server,medium,1962,drop,replayed,dropped,0,0.0192,0.0100,0.0001,0.0000,0.0018,0.0311
m1-server,medium,1963,activate,rejected,not_eligible,0,0.0073,0.0039,0.0014,0.0516,0.0019,0.0661
m1-server,medium,1964,look,accepted,observed,0,0.0089,0.0035,0.0013,0.0714,0.0018,0.0867
m1-server,medium,1965,move,accepted,moved,1,0.0090,0.0043,3.1648,0.3893,0.0033,3.5707
m1-server,medium,1966,look,accepted,observed,0,0.0105,0.0072,0.0014,0.0538,0.0018,0.0747
m1-server,medium,1967,activate,rejected,not_eligible,0,0.0090,0.0036,0.0013,0.0515,0.0018,0.0672
m1-server,medium,1968,move,accepted,moved,1,0.0087,0.0045,2.9072,0.3741,0.0037,3.2981
m1-server,medium,1969,wait,rejected,invalid_time,0,0.0105,0.0066,0.0014,0.0526,0.0019,0.0730
m1-server,medium,1970,look,accepted,observed,0,0.0088,0.0034,0.0012,0.0522,0.0018,0.0673
m1-server,medium,1971,close_choice,accepted,choice_closed,1,0.0087,0.0041,3.1077,0.3623,0.0039,3.4866
m1-server,medium,1972,move,accepted,moved,1,0.0115,0.0065,3.4965,0.3776,0.0036,3.8957
m1-server,medium,1973,look,accepted,observed,0,0.0107,0.0083,0.0014,0.0531,0.0019,0.0754
m1-server,medium,1974,activate,rejected,not_eligible,0,0.0090,0.0039,0.0013,0.0538,0.0019,0.0699
m1-server,medium,1975,move,accepted,moved,1,0.0087,0.0044,3.4743,0.3820,0.0037,3.8730
m1-server,medium,1976,move,accepted,moved,1,0.0098,0.0101,3.3405,0.3591,0.0033,3.7226
m1-server,medium,1977,move,accepted,moved,1,0.0106,0.0075,3.3030,0.3731,0.0031,3.6974
m1-server,medium,1978,move,accepted,moved,1,0.0107,0.0067,4.9165,1.0496,0.0105,5.9940
m1-server,medium,1979,drop,replayed,dropped,0,0.0214,0.0158,0.0002,0.0000,0.0020,0.0395
m1-server,medium,1980,move,accepted,moved,1,0.0112,0.0059,3.8020,0.4675,0.0041,4.2907
m1-server,medium,1981,look,accepted,observed,0,0.0125,0.0108,0.0014,0.0486,0.0020,0.0753
m1-server,medium,1982,move,accepted,moved,1,0.0092,0.0047,2.4570,0.3700,0.0037,2.8445
m1-server,medium,1983,look,accepted,observed,0,0.0105,0.0065,0.0013,0.0567,0.0020,0.0770
m1-server,medium,1984,drop,replayed,dropped,0,0.0170,0.0036,0.0001,0.0000,0.0016,0.0225
m1-server,medium,1985,look,accepted,observed,0,0.0075,0.0031,0.0012,0.0500,0.0018,0.0636
m1-server,medium,1986,move,accepted,moved,1,0.0090,0.0045,3.2917,0.3885,0.0043,3.6979
m1-server,medium,1987,take,accepted,taken,1,0.0105,0.0080,3.1545,0.3829,0.0040,3.5598
m1-server,medium,1988,look,accepted,observed,0,0.0107,0.0108,0.0015,0.0563,0.0020,0.0814
m1-server,medium,1989,move,accepted,moved,1,0.0093,0.0045,2.9288,0.3966,0.0034,3.3426
m1-server,medium,1990,move,accepted,moved,1,0.0115,0.0071,3.2598,0.3791,0.0039,3.6614
m1-server,medium,1991,look,accepted,observed,0,0.0115,0.0072,0.0014,0.0696,0.0020,0.0916
m1-server,medium,1992,move,accepted,moved,1,0.0088,0.0044,3.1726,0.3809,0.0037,3.5704
m1-server,medium,1993,move,accepted,moved,1,0.0107,0.0071,4.3816,0.4153,0.0055,4.8201
m1-server,medium,1994,look,accepted,observed,0,0.0144,0.0152,0.0015,0.0613,0.0025,0.0950
m1-server,medium,1995,look,accepted,observed,0,0.0104,0.0047,0.0013,0.0577,0.0019,0.0760
m1-server,medium,1996,wait,rejected,invalid_time,0,0.0088,0.0041,0.0014,0.0520,0.0020,0.0683
m1-server,medium,1997,look,accepted,observed,0,0.0086,0.0034,0.0013,0.0482,0.0026,0.0641
m1-server,medium,1998,wait,rejected,invalid_time,0,0.0108,0.0051,0.0014,0.0544,0.0022,0.0739
m1-server,medium,1999,talk,accepted,choice_opened,1,0.0100,0.0058,2.7548,0.4084,0.0044,3.1833
m1-server,medium,2000,move,accepted,moved,1,0.0130,0.0102,3.4124,0.3993,0.0039,3.8388
m1-server,medium,2001,look,accepted,observed,0,0.0125,0.0098,0.0014,0.0640,0.0020,0.0898
m1-server,medium,2002,move,accepted,moved,1,0.0091,0.0048,3.9996,0.4301,0.0041,4.4478
m1-server,medium,2003,move,accepted,moved,1,0.0127,0.0142,3.7702,0.3976,0.0047,4.1995
m1-server,medium,2004,move,accepted,moved,1,0.0115,0.0172,3.3267,0.3901,0.0042,3.7496
m1-server,medium,2005,wait,rejected,invalid_time,0,0.0121,0.0089,0.0014,0.0516,0.0028,0.0769
m1-server,medium,2006,close_choice,accepted,choice_closed,1,0.0107,0.0061,2.9777,0.4008,0.0053,3.4006
m1-server,medium,2007,move,accepted,moved,1,0.0123,0.0111,3.3045,0.3908,0.0050,3.7237
m1-server,medium,2008,activate,rejected,not_eligible,0,0.0126,0.0094,0.0015,0.0540,0.0025,0.0801
m1-server,medium,2009,move,accepted,moved,1,0.0115,0.0049,2.9953,0.4092,0.0038,3.4247
m1-server,medium,2010,move,rejected,exit_unavailable,0,0.0113,0.0097,0.0014,0.0580,0.0030,0.0833
m1-server,medium,2011,move,accepted,moved,1,0.0105,0.0060,3.3897,0.4624,0.0045,3.8732
m1-server,medium,2012,look,accepted,observed,0,0.0123,0.0097,0.0014,0.0578,0.0019,0.0831
m1-server,medium,2013,wait,rejected,invalid_time,0,0.0090,0.0043,0.0013,0.0502,0.0029,0.0677
m1-server,medium,2014,move,accepted,moved,1,0.0115,0.0062,5.5833,0.4674,0.0075,6.0759
m1-server,medium,2015,look,accepted,observed,0,0.0130,0.0170,0.0013,0.0603,0.0020,0.0937
m1-server,medium,2016,wait,rejected,invalid_time,0,0.0090,0.0044,0.0013,0.0668,0.0020,0.0835
m1-server,medium,2017,drop,accepted,dropped,1,0.0090,0.0045,2.2780,0.9648,0.0048,3.2610
m1-server,medium,2018,take,accepted,taken,1,0.0115,0.0126,3.5177,0.4217,0.0038,3.9673
m1-server,medium,2019,look,accepted,observed,0,0.0109,0.0095,0.0014,0.0523,0.0028,0.0768
m1-server,medium,2020,move,accepted,moved,1,0.0121,0.0062,3.3303,0.3995,0.0039,3.7520
m1-server,medium,2021,activate,rejected,not_eligible,0,0.0107,0.0082,0.0015,0.0605,0.0022,0.0831
m1-server,medium,2022,look,accepted,observed,0,0.0097,0.0038,0.0013,0.0620,0.0019,0.0787
m1-server,medium,2023,look,accepted,observed,0,0.0093,0.0036,0.0013,0.0565,0.0019,0.0725
m1-server,medium,2024,look,accepted,observed,0,0.0095,0.0034,0.0013,0.0459,0.0017,0.0618
m1-server,medium,2025,move,accepted,moved,1,0.0090,0.0050,4.4855,0.4374,0.0046,4.9415
m1-server,medium,2026,choose,rejected,stale_view,0,0.0113,0.0192,0.0015,0.0705,0.0020,0.1045
m1-server,medium,2027,look,accepted,observed,0,0.0094,0.0055,0.0013,0.0538,0.0018,0.0719
m1-server,medium,2028,move,accepted,moved,1,0.0088,0.0065,3.5399,0.4083,0.0043,3.9678
m1-server,medium,2029,drop,accepted,dropped,1,0.0114,0.0103,3.1945,0.4035,0.0044,3.6240
m1-server,medium,2030,move,accepted,moved,1,0.0121,0.0125,3.4473,0.3883,0.0041,3.8642
m1-server,medium,2031,look,accepted,observed,0,0.0110,0.0078,0.0014,0.0597,0.0020,0.0818
m1-server,medium,2032,take,rejected,not_present,0,0.0089,0.0042,0.0013,0.0479,0.0018,0.0641
m1-server,medium,2033,activate,rejected,not_eligible,0,0.0090,0.0038,0.0013,0.0589,0.0019,0.0750
m1-server,medium,2034,move,accepted,moved,1,0.0091,0.0045,3.5123,0.3793,0.0038,3.9090
m1-server,medium,2035,move,accepted,moved,1,0.0108,0.0118,3.3368,0.3718,0.0040,3.7352
m1-server,medium,2036,wait,rejected,invalid_time,0,0.0110,0.0081,0.0014,0.0582,0.0019,0.0806
m1-server,medium,2037,move,accepted,moved,1,0.0088,0.0043,3.4085,0.3686,0.0038,3.7940
m1-server,medium,2038,move,accepted,moved,1,0.0113,0.0122,5.0442,0.4328,0.0047,5.5051
m1-server,medium,2039,look,accepted,observed,0,0.0124,0.0116,0.0013,0.0845,0.0020,0.1118
m1-server,medium,2040,move,accepted,moved,1,0.0092,0.0047,2.9579,0.3829,0.0039,3.3585
m1-server,medium,2041,move,accepted,moved,1,0.0109,0.0092,2.8253,0.4065,0.0037,3.2555
m1-server,medium,2042,look,accepted,observed,0,0.0130,0.0085,0.0080,0.0597,0.0021,0.0913
m1-server,medium,2043,move,accepted,moved,1,0.0104,0.0045,3.4912,0.4120,0.0044,3.9225
m1-server,medium,2044,move,accepted,moved,1,0.0106,0.0091,4.7010,0.4177,0.0089,5.1473
m1-server,medium,2045,move,accepted,moved,1,0.0125,0.0133,4.3214,0.4219,0.0044,4.7735
m1-server,medium,2046,look,accepted,observed,0,0.0133,0.0104,0.0015,0.0676,0.0020,0.0948
m1-server,medium,2047,move,accepted,moved,1,0.0092,0.0048,3.7380,0.3586,0.0036,4.1143
m1-server,medium,2048,look,accepted,observed,0,0.0107,0.0058,0.0014,0.0520,0.0020,0.0719
m1-server,medium,2049,look,accepted,observed,0,0.0092,0.0035,0.0013,0.0512,0.0018,0.0669
m1-server,medium,2050,take,rejected,not_present,0,0.0088,0.0040,0.0013,0.0495,0.0035,0.0670
m1-server,medium,2051,move,accepted,moved,1,0.0114,0.0065,3.3942,0.3646,0.0042,3.7809
m1-server,medium,2052,talk,rejected,not_eligible,0,0.0100,0.0067,0.0014,0.0595,0.0020,0.0796
m1-server,medium,2053,move,rejected,exit_unavailable,0,0.0093,0.0043,0.0014,0.0520,0.0019,0.0688
m1-server,medium,2054,look,accepted,observed,0,0.0192,0.0059,0.0016,0.0659,0.0021,0.0946
m1-server,medium,2055,look,accepted,observed,0,0.0098,0.0037,0.0013,0.0508,0.0027,0.0683
m1-server,medium,2056,move,accepted,moved,1,0.0103,0.0054,3.2000,0.4175,0.0037,3.6368
m1-server,medium,2057,move,accepted,moved,1,0.0120,0.0088,4.1657,1.0173,0.0105,5.2142
m1-server,medium,2058,look,accepted,observed,0,0.0120,0.0116,0.0015,0.0938,0.0034,0.1223
m1-server,medium,2059,talk,rejected,not_eligible,0,0.0099,0.0043,0.0014,0.0544,0.0040,0.0740
m1-server,medium,2060,look,accepted,observed,0,0.0112,0.0049,0.0015,0.0591,0.0033,0.0800
m1-server,medium,2061,drop,replayed,dropped,0,0.0198,0.0042,0.0001,0.0000,0.0030,0.0271
m1-server,medium,2062,move,rejected,exit_unavailable,0,0.0078,0.0041,0.0015,0.0718,0.0036,0.0888
m1-server,medium,2063,talk,rejected,not_eligible,0,0.0106,0.0046,0.0013,0.0561,0.0033,0.0760
m1-server,medium,2064,look,accepted,observed,0,0.0097,0.0038,0.0013,0.0510,0.0023,0.0681
m1-server,medium,2065,move,accepted,moved,1,0.0114,0.0048,4.2645,0.4095,0.0042,4.6945
m1-server,medium,2066,move,rejected,exit_unavailable,0,0.0113,0.0108,0.0014,0.0582,0.0028,0.0845
m1-server,medium,2067,activate,rejected,not_eligible,0,0.0105,0.0050,0.0014,0.0768,0.0019,0.0957
m1-server,medium,2068,move,accepted,moved,1,0.0090,0.0047,3.3120,0.3952,0.0041,3.7248
m1-server,medium,2069,choose,rejected,invalid_choice,0,0.0119,0.0103,0.0016,0.0609,0.0026,0.0873
m1-server,medium,2070,move,accepted,moved,1,0.0113,0.0058,3.6911,0.3781,0.0037,4.0901
m1-server,medium,2071,take,rejected,not_present,0,0.0105,0.0106,0.0015,0.0516,0.0020,0.0762
m1-server,medium,2072,wait,rejected,invalid_time,0,0.0090,0.0043,0.0013,0.0610,0.0027,0.0783
m1-server,medium,2073,look,accepted,observed,0,0.0108,0.0047,0.0015,0.0631,0.0022,0.0823
m1-server,medium,2074,look,accepted,observed,0,0.0097,0.0038,0.0013,0.0518,0.0024,0.0689
m1-server,medium,2075,move,accepted,moved,1,0.0103,0.0055,3.5091,0.3828,0.0041,3.9118
m1-server,medium,2076,move,accepted,moved,1,0.0112,0.0102,3.3220,0.3777,0.0042,3.7252
m1-server,medium,2077,look,accepted,observed,0,0.0116,0.0081,0.0014,0.0633,0.0020,0.0863
m1-server,medium,2078,move,accepted,moved,1,0.0090,0.0045,3.3238,0.4046,0.0033,3.7453
m1-server,medium,2079,talk,rejected,not_eligible,0,0.0109,0.0085,0.0014,0.0564,0.0020,0.0792
m1-server,medium,2080,look,accepted,observed,0,0.0090,0.0035,0.0013,0.0542,0.0031,0.0710
m1-server,medium,2081,look,accepted,observed,0,0.0110,0.0052,0.0014,0.0570,0.0023,0.0769
m1-server,medium,2082,wait,rejected,invalid_time,0,0.0098,0.0044,0.0014,0.0535,0.0018,0.0710
m1-server,medium,2083,talk,rejected,not_eligible,0,0.0110,0.0036,0.0012,0.0583,0.0018,0.0760
m1-server,medium,2084,move,accepted,moved,1,0.0093,0.0045,5.3952,0.4363,0.0059,5.8513
m1-server,medium,2085,activate,rejected,not_eligible,0,0.0126,0.0136,0.0014,0.0583,0.0019,0.0879
m1-server,medium,2086,talk,rejected,not_owned,0,0.0089,0.0041,0.0013,0.0516,0.0018,0.0677
m1-server,medium,2087,wait,rejected,invalid_time,0,0.0087,0.0039,0.0012,0.0487,0.0017,0.0642
m1-server,medium,2088,move,accepted,moved,1,0.0088,0.0046,2.6644,0.4047,0.0051,3.0875
m1-server,medium,2089,look,accepted,observed,0,0.0108,0.0077,0.0013,0.0657,0.0031,0.0886
m1-server,medium,2090,wait,rejected,invalid_time,0,0.0106,0.0039,0.0013,0.0488,0.0024,0.0670
m1-server,medium,2091,wait,rejected,invalid_time,0,0.0092,0.0036,0.0012,0.0746,0.0025,0.0912
m1-server,medium,2092,activate,rejected,not_eligible,0,0.0092,0.0037,0.0013,0.0640,0.0027,0.0808
m1-server,medium,2093,look,accepted,observed,0,0.0092,0.0034,0.0013,0.0540,0.0064,0.0742
m1-server,medium,2094,take,rejected,not_present,0,0.0110,0.0054,0.0015,0.0644,0.0023,0.0847
m1-server,medium,2095,look,accepted,observed,0,0.0096,0.0038,0.0013,0.0500,0.0017,0.0664
m1-server,medium,2096,wait,rejected,invalid_time,0,0.0148,0.0037,0.0013,0.0620,0.0018,0.0836
m1-server,medium,2097,look,accepted,observed,0,0.0095,0.0043,0.0013,0.0514,0.0026,0.0690
m1-server,medium,2098,take,rejected,not_present,0,0.0103,0.0064,0.0015,0.0642,0.0022,0.0845
m1-server,medium,2099,activate,rejected,not_eligible,0,0.0099,0.0049,0.0013,0.0579,0.0019,0.0759
m1-server,medium,2100,move,accepted,moved,1,0.0093,0.0053,3.3670,0.4140,0.0035,3.7992
m1-server,medium,2101,look,accepted,observed,0,0.0102,0.0070,0.0014,0.0606,0.0018,0.0810
m1-server,medium,2102,move,rejected,exit_unavailable,0,0.0088,0.0041,0.0013,0.0454,0.0018,0.0614
m1-server,medium,2103,move,accepted,moved,1,0.0091,0.0042,3.5131,0.3699,0.0036,3.9000
m1-server,medium,2104,talk,rejected,not_eligible,0,0.0108,0.0064,0.0014,0.0668,0.0018,0.0872
m1-server,medium,2105,move,accepted,moved,1,0.0093,0.0043,3.8988,0.4184,0.0041,4.3350
m1-server,medium,2106,move,accepted,moved,1,0.0115,0.0148,3.5949,0.4100,0.0046,4.0358
m1-server,medium,2107,move,accepted,moved,1,0.0115,0.0111,3.4635,0.4202,0.0040,3.9103
m1-server,medium,2108,look,accepted,observed,0,0.0121,0.0088,0.0014,0.0555,0.0022,0.0800
m1-server,medium,2109,move,accepted,moved,1,0.0090,0.0046,3.0335,0.3701,0.0035,3.4208
m1-server,medium,2110,talk,rejected,not_eligible,0,0.0109,0.0074,0.0015,0.0548,0.0021,0.0766
m1-server,medium,2111,activate,rejected,not_eligible,0,0.0089,0.0038,0.0013,0.0496,0.0035,0.0671
m1-server,medium,2112,look,accepted,observed,0,0.0115,0.0056,0.0016,0.0788,0.0024,0.0998
m1-server,medium,2113,look,accepted,observed,0,0.0100,0.0041,0.0013,0.0547,0.0019,0.0719
m1-server,medium,2114,move,accepted,moved,1,0.0092,0.0045,3.8853,0.4448,0.0047,4.3484
m1-server,medium,2115,look,accepted,observed,0,0.0121,0.0110,0.0013,0.0586,0.0021,0.0852
m1-server,medium,2116,move,accepted,moved,1,0.0089,0.0046,3.7473,0.4288,0.0050,4.1945
m1-server,medium,2117,look,accepted,observed,0,0.0119,0.0164,0.0014,0.0824,0.0020,0.1141
m1-server,medium,2118,move,rejected,exit_unavailable,0,0.0089,0.0056,0.0014,0.0695,0.0019,0.0872
m1-server,medium,2119,look,accepted,observed,0,0.0090,0.0046,0.0013,0.0522,0.0018,0.0688
m1-server,medium,2120,look,accepted,observed,0,0.0088,0.0044,0.0012,0.0641,0.0017,0.0803
m1-server,medium,2121,look,accepted,observed,0,0.0090,0.0031,0.0024,0.0657,0.0017,0.0819
m1-server,medium,2122,look,accepted,observed,0,0.0088,0.0031,0.0024,0.0831,0.0017,0.0991
m1-server,medium,2123,look,accepted,observed,0,0.0090,0.0031,0.0013,0.0582,0.0016,0.0731
m1-server,medium,2124,move,accepted,moved,1,0.0088,0.0041,5.7834,1.0415,0.0073,6.8450
m1-server,medium,2125,wait,rejected,invalid_time,0,0.0125,0.0130,0.0015,0.0890,0.0023,0.1183
m1-server,medium,2126,move,rejected,exit_unavailable,0,0.0095,0.0045,0.0014,0.0548,0.0030,0.0732
m1-server,medium,2127,move,rejected,exit_unavailable,0,0.0113,0.0060,0.0015,0.0596,0.0024,0.0808
m1-server,medium,2128,look,accepted,observed,0,0.0105,0.0039,0.0013,0.0584,0.0033,0.0775
m1-server,medium,2129,look,accepted,observed,0,0.0103,0.0042,0.0013,0.0560,0.0037,0.0754
m1-server,medium,2130,activate,rejected,not_eligible,0,0.0097,0.0045,0.0015,0.0556,0.0035,0.0747
m1-server,medium,2131,move,accepted,moved,1,0.0099,0.0049,5.4822,0.4211,0.0045,5.9227
m1-server,medium,2132,move,accepted,moved,1,0.0124,0.0153,4.1662,0.4080,0.0044,4.6063
m1-server,medium,2133,move,accepted,moved,1,0.0118,0.0187,4.0828,0.3988,0.0039,4.5160
m1-server,medium,2134,move,accepted,moved,1,0.0133,0.0116,3.1761,0.4033,0.0042,3.6085
m1-server,medium,2135,look,accepted,observed,0,0.0112,0.0095,0.0015,0.0550,0.0022,0.0793
m1-server,medium,2136,wait,rejected,invalid_time,0,0.0133,0.0043,0.0013,0.0533,0.0022,0.0743
m1-server,medium,2137,wait,rejected,invalid_time,0,0.0087,0.0037,0.0013,0.0545,0.0033,0.0715
m1-server,medium,2138,move,accepted,moved,1,0.0119,0.0063,5.5764,0.4643,0.0107,6.0696
m1-server,medium,2139,look,accepted,observed,0,0.0133,0.0137,0.0015,0.0659,0.0035,0.0980
m1-server,medium,2140,look,accepted,observed,0,0.0095,0.0038,0.0013,0.0568,0.0019,0.0733
m1-server,medium,2141,take,rejected,not_present,0,0.0093,0.0042,0.0014,0.0623,0.0018,0.0788
m1-server,medium,2142,move,accepted,moved,1,0.0090,0.0056,3.6162,0.4167,0.0049,4.0524
m1-server,medium,2143,move,accepted,moved,1,0.0118,0.0129,5.3469,0.4603,0.0052,5.8370
m1-server,medium,2144,look,accepted,observed,0,0.0133,0.0126,0.0014,0.0601,0.0027,0.0900
m1-server,medium,2145,choose,rejected,invalid_choice,0,0.0090,0.0050,0.0013,0.0474,0.0026,0.0653
m1-server,medium,2146,look,accepted,observed,0,0.0086,0.0034,0.0013,0.0541,0.0026,0.0700
m1-server,medium,2147,move,accepted,moved,1,0.0089,0.0047,5.2124,0.4418,0.0057,5.6735
m1-server,medium,2148,look,accepted,observed,0,0.0140,0.0123,0.0013,0.0528,0.0019,0.0822
m1-server,medium,2149,drop,replayed,dropped,0,0.0178,0.0037,0.0001,0.0000,0.0017,0.0234
m1-server,medium,2150,move,accepted,moved,1,0.0073,0.0042,3.1625,0.4070,0.0045,3.5854
m1-server,medium,2151,close_choice,rejected,invalid_choice,0,0.0119,0.0120,0.0015,0.0606,0.0020,0.0880
m1-server,medium,2152,move,accepted,moved,1,0.0090,0.0045,3.3065,0.4236,0.0046,3.7482
m1-server,medium,2153,look,accepted,observed,0,0.0116,0.0098,0.0014,0.0605,0.0019,0.0852
m1-server,medium,2154,move,accepted,moved,1,0.0090,0.0044,2.7768,0.3959,0.0038,3.1900
m1-server,medium,2155,take,rejected,not_present,0,0.0115,0.0113,0.0014,0.0521,0.0021,0.0784
m1-server,medium,2156,take,rejected,not_present,0,0.0088,0.0038,0.0013,0.0526,0.0018,0.0683
m1-server,medium,2157,talk,rejected,not_eligible,0,0.0088,0.0035,0.0013,0.0496,0.0018,0.0650
m1-server,medium,2158,move,accepted,moved,1,0.0090,0.0044,5.1819,0.4313,0.0045,5.6311
m1-server,medium,2159,move,accepted,moved,1,0.0126,0.0138,3.0326,0.4120,0.0042,3.4751
m1-server,medium,2160,move,accepted,moved,1,0.0108,0.0107,5.3121,0.4316,0.0041,5.7693
m1-server,medium,2161,look,accepted,observed,0,0.0137,0.0124,0.0034,0.0618,0.0021,0.0933
m1-server,medium,2162,look,accepted,observed,0,0.0091,0.0035,0.0026,0.0532,0.0033,0.0716
m1-server,medium,2163,look,accepted,observed,0,0.0145,0.0055,0.0016,0.0595,0.0022,0.0833
m1-server,medium,2164,look,accepted,observed,0,0.0097,0.0038,0.0013,0.0546,0.0059,0.0753
m1-server,medium,2165,take,rejected,not_present,0,0.0103,0.0048,0.0015,0.0550,0.0036,0.0752
m1-server,medium,2166,wait,rejected,invalid_time,0,0.0096,0.0045,0.0013,0.0529,0.0033,0.0716
m1-server,medium,2167,move,accepted,moved,1,0.0110,0.0046,5.2179,0.4589,0.0050,5.6973
m1-server,medium,2168,talk,rejected,not_eligible,0,0.0129,0.0135,0.0015,0.0993,0.0022,0.1294
m1-server,medium,2169,look,accepted,observed,0,0.0097,0.0037,0.0013,0.0545,0.0019,0.0710
m1-server,medium,2170,look,accepted,observed,0,0.0090,0.0035,0.0013,0.0489,0.0018,0.0645
m1-server,medium,2171,move,accepted,moved,1,0.0090,0.0047,3.0946,0.4253,0.0045,3.5380
m1-server,medium,2172,look,accepted,observed,0,0.0113,0.0099,0.0014,0.0598,0.0020,0.0844
m1-server,medium,2173,look,accepted,observed,0,0.0091,0.0033,0.0012,0.0525,0.0018,0.0679
m1-server,medium,2174,move,accepted,moved,1,0.0088,0.0046,3.7457,0.4063,0.0100,4.1754
m1-server,medium,2175,look,accepted,observed,0,0.0144,0.0094,0.0013,0.0612,0.0019,0.0882
m1-server,medium,2176,take,accepted,taken,1,0.0090,0.0047,2.8451,1.0440,0.0051,3.9080
m1-server,medium,2177,look,accepted,observed,0,0.0111,0.0115,0.0014,0.0908,0.0022,0.1170
m1-server,medium,2178,look,accepted,observed,0,0.0095,0.0037,0.0014,0.0571,0.0034,0.0751
m1-server,medium,2179,look,accepted,observed,0,0.0142,0.0053,0.0015,0.0537,0.0023,0.0769
m1-server,medium,2180,move,rejected,exit_unavailable,0,0.0109,0.0048,0.0014,0.8806,0.0026,0.9003
m1-server,medium,2181,move,accepted,moved,1,0.0112,0.0060,4.4614,0.4317,0.0055,4.9158
m1-server,medium,2182,choose,rejected,invalid_choice,0,0.0139,0.0170,0.0016,0.0548,0.0026,0.0900
m1-server,medium,2183,look,accepted,observed,0,0.0105,0.0043,0.0014,0.0577,0.0019,0.0758
m1-server,medium,2184,move,accepted,moved,1,0.0093,0.0047,3.5523,0.4075,0.0078,3.9815
m1-server,medium,2185,drop,accepted,dropped,1,0.0110,0.0104,4.9190,0.4307,0.0071,5.3783
m1-server,medium,2186,move,accepted,moved,1,0.0121,0.0163,5.3717,0.4535,0.0061,5.8597
m1-server,medium,2187,look,accepted,observed,0,0.0132,0.0149,0.0014,0.0587,0.0020,0.0902
m1-server,medium,2188,move,accepted,moved,1,0.0093,0.0050,3.1637,0.4246,0.0046,3.6072
m1-server,medium,2189,move,accepted,moved,1,0.0109,0.0138,3.9304,0.4083,0.0073,4.3708
m1-server,medium,2190,look,accepted,observed,0,0.0110,0.0100,0.0014,0.0645,0.0021,0.0890
m1-server,medium,2191,talk,rejected,not_owned,0,0.0091,0.0041,0.0013,0.0498,0.0030,0.0673
m1-server,medium,2192,talk,rejected,not_owned,0,0.0120,0.0071,0.0015,0.0612,0.0023,0.0841
m1-server,medium,2193,drop,replayed,dropped,0,0.0200,0.0039,0.0001,0.0000,0.0018,0.0258
m1-server,medium,2194,move,accepted,moved,1,0.0078,0.0057,3.0800,0.4339,0.0044,3.5318
m1-server,medium,2195,talk,rejected,not_eligible,0,0.0131,0.0098,0.0015,0.0620,0.0021,0.0884
m1-server,medium,2196,look,accepted,observed,0,0.0094,0.0035,0.0013,0.0512,0.0020,0.0673
m1-server,medium,2197,look,accepted,observed,0,0.0088,0.0033,0.0013,0.0572,0.0018,0.0723
m1-server,medium,2198,talk,rejected,not_eligible,0,0.8238,0.0097,0.0018,0.0908,0.0027,0.9287
m1-server,medium,2199,look,accepted,observed,0,0.0095,0.0065,0.0013,0.0530,0.0019,0.0722
m1-server,medium,2200,move,accepted,moved,1,0.0092,0.0061,4.4746,0.4564,0.0062,4.9525
m1-server,medium,2201,look,accepted,observed,0,0.0126,0.0138,0.0013,0.0518,0.0018,0.0813
m1-server,medium,2202,move,rejected,exit_unavailable,0,0.0089,0.0043,0.0014,0.0518,0.0019,0.0681
m1-server,medium,2203,move,accepted,moved,1,0.0091,0.0048,3.4495,0.4275,0.0044,3.8953
m1-server,medium,2204,look,accepted,observed,0,0.0121,0.0122,0.0015,0.0539,0.0028,0.0823
m1-server,medium,2205,move,accepted,moved,1,0.0103,0.0070,4.8686,0.4595,0.0057,5.3511
m1-server,medium,2206,look,accepted,observed,0,0.0133,0.0129,0.0013,0.0623,0.0019,0.0918
m1-server,medium,2207,move,accepted,moved,1,0.0090,0.0046,5.4337,0.4359,0.0047,5.8880
m1-server,medium,2208,look,accepted,observed,0,0.0125,0.0111,0.0062,0.0590,0.0019,0.0907
m1-server,medium,2209,look,accepted,observed,0,0.0088,0.0035,0.0013,0.0531,0.0019,0.0685
m1-server,medium,2210,look,accepted,observed,0,0.0090,0.0034,0.0012,0.0510,0.0040,0.0685
m1-server,medium,2211,move,accepted,moved,1,0.0109,0.0065,3.9816,0.4019,0.0036,4.4045
m1-server,medium,2212,look,accepted,observed,0,0.0110,0.0092,0.0013,0.0555,0.0018,0.0788
m1-server,medium,2213,talk,rejected,not_owned,0,0.0090,0.0056,0.0013,0.0489,0.0031,0.0678
m1-server,medium,2214,move,accepted,moved,1,0.0110,0.0101,3.9183,0.4371,0.0040,4.3805
m1-server,medium,2215,look,accepted,observed,0,0.0125,0.0121,0.0013,0.0526,0.0019,0.0805
m1-server,medium,2216,activate,rejected,not_eligible,0,0.0090,0.0060,0.0014,0.0521,0.0019,0.0704
m1-server,medium,2217,look,accepted,observed,0,0.0088,0.0033,0.0025,0.0480,0.0029,0.0655
m1-server,medium,2218,talk,rejected,not_eligible,0,0.0106,0.0055,0.0029,0.0590,0.0022,0.0802
m1-server,medium,2219,wait,rejected,invalid_time,0,0.0095,0.0044,0.0026,0.0650,0.0019,0.0835
m1-server,medium,2220,activate,rejected,not_eligible,0,0.0091,0.0036,0.0012,0.0723,0.0019,0.0881
m1-server,medium,2221,choose,rejected,stale_view,0,0.0092,0.0070,0.0026,0.0524,0.0018,0.0730
m1-server,medium,2222,look,accepted,observed,0,0.0094,0.0033,0.0012,0.0505,0.0025,0.0668
m1-server,medium,2223,look,accepted,observed,0,0.0106,0.0043,0.0014,0.0591,0.0034,0.0788
m1-server,medium,2224,talk,rejected,not_eligible,0,0.0097,0.0039,0.0013,0.0508,0.0038,0.0694
m1-server,medium,2225,move,accepted,moved,1,0.0098,0.0054,4.9788,0.4318,0.0042,5.4300
m1-server,medium,2226,look,accepted,observed,0,0.0132,0.0149,0.0014,0.0683,0.0019,0.0996
m1-server,medium,2227,move,accepted,moved,1,0.0093,0.0062,4.6971,0.4097,0.0043,5.1266
m1-server,medium,2228,look,accepted,observed,0,0.0112,0.0109,0.0013,0.0536,0.0020,0.0790
m1-server,medium,2229,look,accepted,observed,0,0.0087,0.0034,0.0012,0.0531,0.0030,0.0694
m1-server,medium,2230,take,accepted,taken,1,0.0091,0.0045,4.5592,0.4072,0.0047,4.9847
m1-server,medium,2231,talk,rejected,not_eligible,0,0.0115,0.0170,0.0014,0.0518,0.0019,0.0836
m1-server,medium,2232,wait,rejected,invalid_time,0,0.0090,0.0052,0.0013,0.0513,0.0019,0.0685
m1-server,medium,2233,close_choice,rejected,invalid_choice,0,0.0091,0.0040,0.0026,0.0491,0.0030,0.0678
m1-server,medium,2234,move,accepted,moved,1,0.0114,0.0063,3.2128,0.3921,0.0029,3.6255
m1-server,medium,2235,wait,rejected,invalid_time,0,0.0105,0.0090,0.0013,0.0585,0.0018,0.0810
m1-server,medium,2236,wait,rejected,invalid_time,0,0.0088,0.0038,0.0012,0.0700,0.0018,0.0856
m1-server,medium,2237,move,accepted,moved,1,0.0091,0.0046,3.3929,1.0600,0.0053,4.4719
m1-server,medium,2238,move,accepted,moved,1,0.0117,0.0123,3.1805,0.4375,0.0037,3.6457
m1-server,medium,2239,choose,rejected,invalid_choice,0,0.0112,0.0091,0.0014,0.0515,0.0019,0.0751
m1-server,medium,2240,wait,rejected,invalid_time,0,0.0091,0.0040,0.0013,0.0505,0.0018,0.0667
m1-server,medium,2241,take,replayed,not_present,0,0.0180,0.0036,0.0002,0.0000,0.0016,0.0234
m1-server,medium,2242,drop,accepted,dropped,1,0.0074,0.0039,2.3858,0.3917,0.0038,2.7925
m1-server,medium,2243,look,accepted,observed,0,0.0108,0.0061,0.0013,0.0549,0.0034,0.0765
m1-server,medium,2244,take,accepted,taken,1,0.0116,0.0062,3.3905,0.3811,0.0035,3.7928
m1-server,medium,2245,move,accepted,moved,1,0.0113,0.0102,4.2926,0.4390,0.0051,4.7583
m1-server,medium,2246,look,accepted,observed,0,0.0139,0.0140,0.0015,0.0652,0.0026,0.0972
m1-server,medium,2247,drop,replayed,dropped,0,0.0177,0.0058,0.0001,0.0000,0.0018,0.0254
m1-server,medium,2248,choose,rejected,stale_view,0,0.0075,0.0063,0.0025,0.0644,0.0018,0.0827
m1-server,medium,2249,look,accepted,observed,0,0.0090,0.0035,0.0026,0.0542,0.0018,0.0711
m1-server,medium,2250,look,accepted,observed,0,0.0125,0.0043,0.0029,0.0557,0.0018,0.0771
m1-server,medium,2251,look,accepted,observed,0,0.0095,0.0034,0.0012,0.0662,0.0074,0.0877
m1-server,medium,2252,talk,rejected,not_eligible,0,0.0094,0.0039,0.0013,0.1823,0.0075,0.2043
m1-server,medium,2253,look,accepted,observed,0,0.0145,0.0045,0.0014,0.0601,0.0033,0.0838
m1-server,medium,2254,look,accepted,observed,0,0.0098,0.0036,0.0013,0.0528,0.0030,0.0704
m1-server,medium,2255,look,accepted,observed,0,0.0093,0.0033,0.0012,0.0538,0.0018,0.0694
m1-server,medium,2256,move,accepted,moved,1,0.0093,0.0046,3.6303,0.4450,0.0045,4.0936
m1-server,medium,2257,look,accepted,observed,0,0.0114,0.0080,0.0013,0.0550,0.0018,0.0776
m1-server,medium,2258,move,accepted,moved,1,0.0088,0.0049,2.9079,0.4413,0.0042,3.3670
m1-server,medium,2259,move,accepted,moved,1,0.0119,0.0097,5.1178,0.4701,0.0056,5.6151
m1-server,medium,2260,move,accepted,moved,1,0.0142,0.0151,3.2748,0.4728,0.0061,3.7830
m1-server,medium,2261,look,accepted,observed,0,0.0140,0.0131,0.0014,0.0685,0.0045,0.1016
m1-server,medium,2262,drop,accepted,dropped,1,0.0090,0.0045,4.9564,0.4497,0.0085,5.4282
m1-server,medium,2263,take,accepted,taken,1,0.0161,0.0127,5.4262,0.4177,0.0049,5.8777
m1-server,medium,2264,move,accepted,moved,1,0.0132,0.0143,3.0643,0.4282,0.0041,3.5241
m1-server,medium,2265,move,accepted,moved,1,0.0130,0.0127,3.9251,0.4179,0.0043,4.3730
m1-server,medium,2266,move,accepted,moved,1,0.0121,0.0182,3.0064,0.4338,0.0045,3.4750
m1-server,medium,2267,move,accepted,moved,1,0.0139,0.0099,5.1302,0.4273,0.0053,5.5865
m1-server,medium,2268,look,accepted,observed,0,0.0126,0.0124,0.0013,0.0659,0.0019,0.0941
m1-server,medium,2269,drop,rejected,integrity_conflict,0,0.0173,0.0035,0.0002,0.0000,0.0017,0.0227
m1-server,medium,2270,move,accepted,moved,1,0.0073,0.0042,3.0688,0.4114,0.0043,3.4959
m1-server,medium,2271,wait,rejected,invalid_time,0,0.0121,0.0089,0.0018,0.0523,0.0020,0.0770
m1-server,medium,2272,look,accepted,observed,0,0.0089,0.0036,0.0013,0.0703,0.0020,0.0859
m1-server,medium,2273,look,accepted,observed,0,0.0093,0.0033,0.0012,0.0718,0.0017,0.0872
m1-server,medium,2274,look,accepted,observed,0,0.0092,0.0032,0.0014,0.0536,0.0031,0.0704
m1-server,medium,2275,move,accepted,moved,1,0.0116,0.0067,5.4662,0.4261,0.0063,5.9168
m1-server,medium,2276,move,accepted,moved,1,0.0156,0.0142,5.3502,0.4435,0.0053,5.8287
m1-server,medium,2277,drop,accepted,dropped,1,0.0151,0.0150,3.1434,0.4472,0.0051,3.6258
m1-server,medium,2278,choose,rejected,invalid_choice,0,0.0118,0.0106,0.0015,0.0583,0.0021,0.0844
m1-server,medium,2279,move,accepted,moved,1,0.0091,0.0048,3.9071,1.0313,0.0049,4.9572
m1-server,medium,2280,move,accepted,moved,1,0.0133,0.0166,2.8605,0.4401,0.0040,3.3345
m1-server,medium,2281,look,accepted,observed,0,0.0113,0.0090,0.0013,0.0505,0.0020,0.0740
m1-server,medium,2282,activate,rejected,not_eligible,0,0.0090,0.0042,0.0013,0.0548,0.0018,0.0711
m1-server,medium,2283,look,accepted,observed,0,0.0092,0.0034,0.0012,0.0491,0.0017,0.0646
m1-server,medium,2284,move,accepted,moved,1,0.0088,0.0044,5.3420,0.4154,0.0053,5.7759
m1-server,medium,2285,choose,rejected,invalid_choice,0,0.0149,0.0149,0.0015,0.0538,0.0020,0.0871
m1-server,medium,2286,look,accepted,observed,0,0.0093,0.0035,0.0013,0.0503,0.0018,0.0661
m1-server,medium,2287,look,accepted,observed,0,0.0092,0.0033,0.0012,0.0513,0.0018,0.0667
m1-server,medium,2288,move,rejected,exit_unavailable,0,0.0088,0.0040,0.0013,0.0453,0.0020,0.0615
m1-server,medium,2289,move,accepted,moved,1,0.0092,0.0045,3.5041,0.4161,0.0067,3.9406
m1-server,medium,2290,move,rejected,exit_unavailable,0,0.0150,0.0109,0.0013,0.0630,0.0065,0.0967
m1-server,medium,2291,move,accepted,moved,1,0.0090,0.0043,5.1388,0.4310,0.0041,5.5872
m1-server,medium,2292,move,accepted,moved,1,0.0178,0.0132,5.3225,0.4628,0.0050,5.8214
m1-server,medium,2293,move,accepted,moved,1,0.0120,0.0146,3.1052,0.4070,0.0052,3.5439
m1-server,medium,2294,move,accepted,moved,1,0.0156,0.0139,3.7292,0.4217,0.0093,4.1896
m1-server,medium,2295,move,accepted,moved,1,0.0152,0.0108,3.0546,0.4168,0.0050,3.5025
m1-server,medium,2296,choose,rejected,invalid_choice,0,0.0154,0.0114,0.0015,0.0606,0.0021,0.0910
m1-server,medium,2297,look,accepted,observed,0,0.0090,0.0037,0.0013,0.0660,0.0018,0.0817
m1-server,medium,2298,close_choice,rejected,invalid_choice,0,0.0090,0.0038,0.0013,0.0658,0.0018,0.0817
m1-server,medium,2299,choose,rejected,stale_view,0,0.0089,0.0064,0.0013,0.0504,0.0018,0.0687
m1-server,medium,2300,move,accepted,moved,1,0.0089,0.0045,5.3244,0.4200,0.0067,5.7645
m1-server,medium,2301,wait,rejected,invalid_time,0,0.0135,0.0152,0.0014,0.0539,0.0021,0.0860
m1-server,medium,2302,look,accepted,observed,0,0.0090,0.0038,0.0013,0.0523,0.0035,0.0699
m1-server,medium,2303,look,accepted,observed,0,0.0088,0.0034,0.0012,0.0521,0.0049,0.0704
m1-server,medium,2304,move,rejected,exit_unavailable,0,0.0115,0.0063,0.0016,0.0603,0.0035,0.0832
m1-server,medium,2305,move,accepted,moved,1,0.0093,0.0049,3.2260,0.4290,0.0044,3.6737
m1-server,medium,2306,look,accepted,observed,0,0.0157,0.0092,0.0013,0.0540,0.0020,0.0822
m1-server,medium,2307,take,rejected,not_present,0,0.0090,0.0040,0.0013,0.0515,0.0019,0.0676
m1-server,medium,2308,move,accepted,moved,1,0.0088,0.0044,5.3715,0.4337,0.0062,5.8245
m1-server,medium,2309,close_choice,rejected,invalid_choice,0,0.0135,0.0130,0.0014,0.0624,0.0037,0.0940
m1-server,medium,2310,move,accepted,moved,1,0.0090,0.0050,5.4958,0.4658,0.0055,5.9813
m1-server,medium,2311,talk,rejected,not_eligible,0,0.0151,0.0162,0.0013,0.0593,0.0019,0.0939
m1-server,medium,2312,look,accepted,observed,0,0.0116,0.0035,0.0013,0.0470,0.0017,0.0650
m1-server,medium,2313,move,accepted,moved,1,0.0090,0.0048,3.0669,0.4420,0.0043,3.5270
m1-server,medium,2314,talk,rejected,not_owned,0,0.0119,0.0095,0.0013,0.0582,0.0019,0.0827
m1-server,medium,2315,take,rejected,not_present,0,0.0088,0.0035,0.0012,0.0525,0.0018,0.0679
m1-server,medium,2316,move,accepted,moved,1,0.0088,0.0047,4.4858,0.5390,0.0079,5.0461
m1-server,medium,2317,activate,rejected,not_eligible,0,0.0152,0.0218,0.0018,0.0753,0.0022,0.1162
m1-server,medium,2318,take,rejected,not_present,0,0.0096,0.0058,0.0015,0.0560,0.0020,0.0749
m1-server,medium,2319,activate,rejected,not_eligible,0,0.0096,0.0050,0.0014,0.0529,0.0018,0.0706
m1-server,medium,2320,wait,rejected,invalid_time,0,0.0088,0.0041,0.0049,0.0514,0.0030,0.0723
m1-server,medium,2321,look,accepted,observed,0,0.0128,0.0054,0.0032,0.0625,0.0023,0.0861
m1-server,medium,2322,take,rejected,not_present,0,0.0099,0.0040,0.0015,0.0657,0.0018,0.0830
m1-server,medium,2323,move,accepted,moved,1,0.0094,0.0049,2.9938,0.4379,0.0046,3.4506
m1-server,medium,2324,close_choice,rejected,invalid_choice,0,0.0115,0.0138,0.0014,0.0580,0.8066,0.8913
m1-server,medium,2325,move,accepted,moved,1,0.0175,0.0113,4.3561,0.4467,0.0080,4.8395
m1-server,medium,2326,look,accepted,observed,0,0.0159,0.0114,0.0015,0.0558,0.0019,0.0865
m1-server,medium,2327,wait,rejected,invalid_time,0,0.0087,0.0043,0.0014,0.0531,0.0019,0.0694
m1-server,medium,2328,move,accepted,moved,1,0.0090,0.0051,3.4917,0.4018,0.0045,3.9120
m1-server,medium,2329,take,rejected,not_present,0,0.0113,0.0147,0.0015,0.0581,0.0020,0.0876
m1-server,medium,2330,look,accepted,observed,0,0.0091,0.0056,0.0013,0.0764,0.0018,0.0942
m1-server,medium,2331,take,rejected,not_present,0,0.0091,0.0035,0.0027,0.0493,0.0030,0.0675
m1-server,medium,2332,look,accepted,observed,0,0.0124,0.0052,0.0027,0.0620,0.0022,0.0845
m1-server,medium,2333,move,rejected,exit_unavailable,0,0.0098,0.0043,0.0025,0.0514,0.0018,0.0700
m1-server,medium,2334,look,accepted,observed,0,0.0120,0.0033,0.0013,0.0634,0.0018,0.0818
m1-server,medium,2335,wait,rejected,invalid_time,0,0.0094,0.0038,0.0013,0.0485,0.0032,0.0660
m1-server,medium,2336,move,accepted,moved,1,0.0100,0.0043,4.9189,1.0832,0.0055,6.0219
m1-server,medium,2337,take,rejected,not_present,0,0.0158,0.0133,0.0014,0.0883,0.0021,0.1209
m1-server,medium,2338,wait,rejected,invalid_time,0,0.0096,0.0043,0.0016,0.0563,0.0031,0.0749
m1-server,medium,2339,talk,rejected,not_eligible,0,0.0133,0.0056,0.0018,0.0537,0.0023,0.0768
m1-server,medium,2340,talk,rejected,not_eligible,0,0.0098,0.0043,0.0014,0.0565,0.0019,0.0739
m1-server,medium,2341,look,accepted,observed,0,0.0095,0.0035,0.0016,0.0668,0.0018,0.0833
m1-server,medium,2342,move,accepted,moved,1,0.0092,0.0049,5.4161,0.4715,0.0048,5.9065
m1-server,medium,2343,move,accepted,moved,1,0.0121,0.0138,3.0916,0.3929,0.0054,3.5157
m1-server,medium,2344,move,accepted,moved,1,0.0115,0.0111,3.9848,0.4274,0.0049,4.4398
m1-server,medium,2345,look,accepted,observed,0,0.0118,0.0122,0.0014,0.0605,0.0020,0.0879
m1-server,medium,2346,move,accepted,moved,1,0.0093,0.0061,2.9843,0.4482,0.0040,3.4519
m1-server,medium,2347,look,accepted,observed,0,0.0121,0.0095,0.0014,0.0746,0.0022,0.0998
m1-server,medium,2348,look,accepted,observed,0,0.0093,0.0035,0.0013,0.0510,0.0033,0.0685
m1-server,medium,2349,activate,rejected,not_eligible,0,0.0115,0.0058,0.0015,0.0835,0.0024,0.1048
m1-server,medium,2350,choose,rejected,stale_view,0,0.0099,0.0076,0.0013,0.0485,0.8178,0.8851
m1-server,medium,2351,look,accepted,observed,0,0.0189,0.0074,0.0018,0.0645,0.0053,0.0979
m1-server,medium,2352,look,accepted,observed,0,0.0104,0.0040,0.0013,0.0495,0.0032,0.0684
m1-server,medium,2353,choose,rejected,invalid_choice,0,0.0094,0.0047,0.0013,0.0576,0.0040,0.0770
m1-server,medium,2354,move,accepted,moved,1,0.0106,0.0065,4.5145,0.4519,0.0048,4.9882
m1-server,medium,2355,wait,rejected,invalid_time,0,0.0133,0.0148,0.0014,0.0714,0.0020,0.1029
m1-server,medium,2356,look,accepted,observed,0,0.0090,0.0035,0.0013,0.0504,0.0029,0.0671
m1-server,medium,2357,move,accepted,moved,1,0.0105,0.0063,3.5533,0.4228,0.0036,3.9965
m1-server,medium,2358,wait,rejected,invalid_time,0,0.0113,0.0102,0.0013,0.0533,0.0020,0.0781
m1-server,medium,2359,look,accepted,observed,0,0.0102,0.0035,0.0013,0.0521,0.0018,0.0688
m1-server,medium,2360,look,accepted,observed,0,0.0089,0.0048,0.0012,0.0641,0.0018,0.0807
m1-server,medium,2361,look,accepted,observed,0,0.0090,0.0044,0.0012,0.0503,0.0029,0.0678
m1-server,medium,2362,wait,rejected,invalid_time,0,0.0105,0.0065,0.0015,0.0616,0.0022,0.0824
m1-server,medium,2363,talk,rejected,not_eligible,0,0.0095,0.0042,0.0024,0.0489,0.0025,0.0675
m1-server,medium,2364,drop,replayed,dropped,0,0.0206,0.0042,0.0002,0.0000,0.0017,0.0267
m1-server,medium,2365,look,accepted,observed,0,0.0075,0.0045,0.0013,0.0704,0.0021,0.0858
m1-server,medium,2366,look,accepted,observed,0,0.0093,0.0034,0.0022,0.0653,0.0017,0.0819
m1-server,medium,2367,move,accepted,moved,1,0.0091,0.0044,5.3407,0.4373,0.0043,5.7958
m1-server,medium,2368,take,rejected,not_present,0,0.0134,0.0143,0.0014,0.0806,0.0021,0.1118
m1-server,medium,2369,look,accepted,observed,0,0.0090,0.0034,0.0013,0.0893,0.0018,0.1048
m1-server,medium,2370,look,accepted,observed,0,0.0096,0.0033,0.0011,0.0523,0.0018,0.0680
m1-server,medium,2371,choose,rejected,stale_view,0,0.0091,0.0069,0.0013,0.0493,0.0030,0.0696
m1-server,medium,2372,take,replayed,not_present,0,0.0188,0.0047,0.0002,0.0000,0.0021,0.0258
m1-server,medium,2373,look,accepted,observed,0,0.0080,0.0036,0.0015,0.0606,0.0023,0.0760
m1-server,medium,2374,talk,rejected,not_owned,0,0.0097,0.0041,0.0013,0.0637,0.0019,0.0806
m1-server,medium,2375,move,accepted,moved,1,0.0093,0.0046,5.2062,0.4525,0.0055,5.6780
m1-server,medium,2376,wait,rejected,invalid_time,0,0.0154,0.0151,0.0014,0.0609,0.0021,0.0949
m1-server,medium,2377,take,rejected,not_present,0,0.0090,0.0039,0.0013,0.0510,0.0020,0.0672
m1-server,medium,2378,look,accepted,observed,0,0.0088,0.0034,0.0013,0.0527,0.0018,0.0679
m1-server,medium,2379,talk,rejected,not_eligible,0,0.0088,0.0036,0.0013,0.0460,0.0018,0.0614
m1-server,medium,2380,look,accepted,observed,0,0.0095,0.0033,0.0013,0.0532,0.0018,0.0691
m1-server,medium,2381,move,rejected,exit_unavailable,0,0.0091,0.0042,0.0014,0.0572,0.0020,0.0738
m1-server,medium,2382,move,accepted,moved,1,0.0090,0.0046,3.1944,0.4365,0.0043,3.6488
m1-server,medium,2383,choose,rejected,stale_view,0,0.0109,0.0114,0.0014,0.0533,0.0019,0.0788
m1-server,medium,2384,move,accepted,moved,1,0.0088,0.0050,3.6640,0.4102,0.0070,4.0950
m1-server,medium,2385,choose,rejected,invalid_choice,0,0.0113,0.0138,0.0025,0.0534,0.0029,0.0838
m1-server,medium,2386,wait,rejected,invalid_time,0,0.0115,0.0056,0.0026,0.0607,0.0024,0.0828
m1-server,medium,2387,talk,rejected,not_eligible,0,0.0093,0.0044,0.0013,0.0466,0.0018,0.0633
m1-server,medium,2388,wait,rejected,invalid_time,0,0.0092,0.0039,0.0013,0.0523,0.0031,0.0698
m1-server,medium,2389,look,accepted,observed,0,0.0094,0.0035,0.0013,0.0484,0.0031,0.0656
m1-server,medium,2390,choose,rejected,invalid_choice,0,0.0095,0.0043,0.0013,0.0525,0.0033,0.0709
m1-server,medium,2391,look,accepted,observed,0,0.0091,0.0034,0.0013,0.0485,0.0036,0.0659
m1-server,medium,2392,look,accepted,observed,0,0.0106,0.0043,0.0014,0.0541,0.0054,0.0758
m1-server,medium,2393,activate,rejected,not_eligible,0,0.0095,0.0039,0.0013,0.0680,0.0031,0.0859
m1-server,medium,2394,wait,rejected,invalid_time,0,0.0096,0.0038,0.0013,0.0526,0.0029,0.0702
m1-server,medium,2395,talk,rejected,not_eligible,0,0.0093,0.0036,0.0013,0.0471,0.0025,0.0638
m1-server,medium,2396,look,accepted,observed,0,0.0106,0.0042,0.0014,0.0580,0.0021,0.0763
m1-server,medium,2397,move,accepted,moved,1,0.0095,0.0058,4.9967,0.4441,0.0049,5.4610
m1-server,medium,2398,move,accepted,moved,1,0.0132,0.0200,4.5739,0.4182,0.0045,5.0298
m1-server,medium,2399,choose,rejected,stale_view,0,0.0121,0.0134,0.0015,0.0692,0.0061,0.1023
m1-server,medium,2400,move,accepted,moved,1,0.0096,0.0055,5.0498,0.4328,0.0072,5.5049
m1-server,medium,2401,move,accepted,moved,1,0.0142,0.0150,3.4775,0.4194,0.0035,3.9296
m1-server,medium,2402,move,rejected,exit_unavailable,0,0.0115,0.0138,0.0014,0.0584,0.0019,0.0870
m1-server,medium,2403,take,rejected,not_present,0,0.0089,0.0043,0.0013,0.0489,0.0029,0.0663
m1-server,medium,2404,move,accepted,moved,1,0.0112,0.0059,3.3885,0.4384,0.0043,3.8483
m1-server,medium,2405,talk,rejected,not_owned,0,0.0121,0.0128,0.0014,0.0585,0.0020,0.0867
m1-server,medium,2406,move,accepted,moved,1,0.0089,0.0049,3.3281,0.4164,0.0045,3.7629
m1-server,medium,2407,look,accepted,observed,0,0.0123,0.0086,0.0013,0.0580,0.0019,0.0823
m1-server,medium,2408,look,accepted,observed,0,0.0088,0.0034,0.0012,0.0542,0.0019,0.0695
m1-server,medium,2409,move,accepted,moved,1,0.0090,0.0048,3.3776,1.0316,0.0048,4.4277
m1-server,medium,2410,move,accepted,moved,1,0.0117,0.0139,4.1627,0.4704,0.0042,4.6630
m1-server,medium,2411,move,accepted,moved,1,0.0138,0.0135,3.6988,0.4120,0.0043,4.1425
m1-server,medium,2412,move,accepted,moved,1,0.0120,0.0110,2.9918,0.3975,0.0046,3.4168
m1-server,medium,2413,talk,rejected,not_eligible,0,0.0112,0.0143,0.0014,0.0578,0.0020,0.0868
m1-server,medium,2414,look,accepted,observed,0,0.0094,0.0038,0.0013,0.0503,0.0030,0.0678
m1-server,medium,2415,talk,rejected,not_eligible,0,0.0112,0.0058,0.0015,0.0604,0.0024,0.0812
m1-server,medium,2416,take,rejected,not_present,0,0.0097,0.0039,0.0013,0.0489,0.0026,0.0664
m1-server,medium,2417,move,rejected,exit_unavailable,0,0.0103,0.0052,0.0015,0.0581,0.0023,0.0774
m1-server,medium,2418,talk,rejected,not_eligible,0,0.0097,0.0040,0.0013,0.0529,0.0018,0.0696
m1-server,medium,2419,take,rejected,not_present,0,0.0118,0.0035,0.0013,0.0508,0.0018,0.0693
m1-server,medium,2420,look,accepted,observed,0,0.0109,0.0033,0.0013,0.0583,0.0019,0.0757
m1-server,medium,2421,move,accepted,moved,1,0.0094,0.0044,5.0718,0.4357,0.0052,5.5264
m1-server,medium,2422,look,accepted,observed,0,0.0143,0.0134,0.0013,0.0544,0.0027,0.0861
m1-server,medium,2423,look,accepted,observed,0,0.0108,0.0048,0.0014,0.0650,0.0022,0.0843
m1-server,medium,2424,move,rejected,exit_unavailable,0,0.0097,0.0046,0.0013,0.0661,0.0018,0.0835
m1-server,medium,2425,look,accepted,observed,0,0.0088,0.0035,0.0013,0.0476,0.0025,0.0637
m1-server,medium,2426,take,rejected,not_present,0,0.0103,0.0048,0.0014,0.0573,0.0023,0.0761
m1-server,medium,2427,look,accepted,observed,0,0.0097,0.0038,0.0014,0.0514,0.0018,0.0680
m1-server,medium,2428,move,accepted,moved,1,0.0107,0.0044,3.0431,0.4286,0.0044,3.4913
m1-server,medium,2429,move,rejected,exit_unavailable,0,0.0142,0.0119,0.0013,0.0652,0.0019,0.0945
m1-server,medium,2430,move,accepted,moved,1,0.0093,0.0041,4.8184,0.4462,0.0053,5.2832
m1-server,medium,2431,activate,rejected,not_eligible,0,0.0140,0.0144,0.0014,0.0604,0.0019,0.0921
m1-server,medium,2432,look,accepted,observed,0,0.0091,0.0034,0.0013,0.0470,0.0018,0.0625
m1-server,medium,2433,look,accepted,observed,0,0.0092,0.0035,0.0012,0.0525,0.0018,0.0682
m1-server,medium,2434,look,accepted,observed,0,0.0094,0.0034,0.0012,0.0500,0.0018,0.0658
m1-server,medium,2435,move,accepted,moved,1,0.0108,0.0047,5.1660,0.4715,0.0052,5.6582
m1-server,medium,2436,move,accepted,moved,1,0.0125,0.0141,3.4260,0.4014,0.0041,3.8581
m1-server,medium,2437,look,accepted,observed,0,0.0125,0.0119,0.0013,0.0534,0.0018,0.0809
m1-server,medium,2438,take,replayed,not_present,0,0.0197,0.0039,0.0002,0.0000,0.0017,0.0255
m1-server,medium,2439,move,accepted,moved,1,0.0072,0.0049,4.1535,0.4224,0.0046,4.5926
m1-server,medium,2440,move,accepted,moved,1,0.0113,0.0185,2.8640,0.4133,0.0044,3.3115
m1-server,medium,2441,choose,rejected,invalid_choice,0,0.0123,0.0105,0.0014,0.0582,0.0023,0.0845
m1-server,medium,2442,move,accepted,moved,1,0.0092,0.0045,5.6236,0.4504,0.0061,6.0938
m1-server,medium,2443,look,accepted,observed,0,0.0127,0.0129,0.0013,0.0627,0.0025,0.0921
m1-server,medium,2444,look,accepted,observed,0,0.0090,0.0034,0.0013,0.0510,0.0029,0.0676
m1-server,medium,2445,take,replayed,not_present,0,0.0210,0.0048,0.0001,0.0000,0.0019,0.0279
m1-server,medium,2446,take,rejected,not_present,0,0.0077,0.0042,0.0014,0.0580,0.0022,0.0734
m1-server,medium,2447,talk,rejected,not_eligible,0,0.0095,0.0040,0.0013,0.0486,0.0028,0.0662
m1-server,medium,2448,close_choice,rejected,invalid_choice,0,0.0104,0.0047,0.0015,0.0550,0.0022,0.0738
m1-server,medium,2449,move,accepted,moved,1,0.0097,0.0049,4.8072,0.4345,0.0050,5.2613
m1-server,medium,2450,move,accepted,moved,1,0.0137,0.0141,3.4930,0.3938,0.0038,3.9184
m1-server,medium,2451,talk,rejected,not_eligible,0,0.0123,0.0107,0.0015,0.0775,0.0020,0.1040
m1-server,medium,2452,choose,rejected,stale_view,0,0.0093,0.0078,0.0014,0.0577,0.0026,0.0787
m1-server,medium,2453,activate,rejected,not_eligible,0,0.0105,0.0062,0.0015,0.0507,0.0020,0.0709
m1-server,medium,2454,move,accepted,moved,1,0.0098,0.0065,3.5455,0.4129,0.0041,3.9789
m1-server,medium,2455,move,accepted,moved,1,0.0119,0.0107,3.3475,0.3898,0.0043,3.7643
m1-server,medium,2456,wait,rejected,invalid_time,0,0.0113,0.0087,0.0015,0.0629,0.0022,0.0865
m1-server,medium,2457,talk,rejected,not_eligible,0,0.0091,0.0040,0.0013,0.0487,0.0018,0.0648
m1-server,medium,2458,move,accepted,moved,1,0.0090,0.0042,3.2479,0.3797,0.0042,3.6449
m1-server,medium,2459,look,accepted,observed,0,0.0114,0.0084,0.0014,0.0564,0.0019,0.0795
m1-server,medium,2460,look,accepted,observed,0,0.0088,0.0034,0.0012,0.0470,0.0018,0.0620
m1-server,medium,2461,move,accepted,moved,1,0.0088,0.0042,4.5887,0.4288,0.0052,5.0356
m1-server,medium,2462,look,accepted,observed,0,0.0123,0.0128,0.0014,0.0601,0.0020,0.0885
m1-server,medium,2463,move,accepted,moved,1,0.0090,0.0047,2.7011,1.0573,0.0055,3.7777
m1-server,medium,2464,take,rejected,not_present,0,0.0115,0.0135,0.0015,0.0814,0.0022,0.1100
m1-server,medium,2465,choose,rejected,invalid_choice,0,0.0096,0.0049,0.0014,0.0569,0.0033,0.0760
m1-server,medium,2466,move,accepted,moved,1,0.0116,0.0063,2.6326,0.4060,0.0045,3.0609
m1-server,medium,2467,move,accepted,moved,1,0.0152,0.0115,2.5934,0.3927,0.0040,3.0168
m1-server,medium,2468,take,rejected,not_present,0,0.0117,0.0070,0.0013,0.0585,0.0020,0.0805
m1-server,medium,2469,move,accepted,moved,1,0.0091,0.0045,2.4630,0.3941,0.0041,2.8748
m1-server,medium,2470,move,accepted,moved,1,0.0106,0.0094,2.3135,0.3903,0.0042,2.7280
m1-server,medium,2471,look,accepted,observed,0,0.0118,0.0078,0.0013,0.0634,0.0020,0.0863
m1-server,medium,2472,move,rejected,exit_unavailable,0,0.0094,0.0042,0.0014,0.0555,0.0020,0.0725
m1-server,medium,2473,look,accepted,observed,0,0.0091,0.0034,0.0013,0.0596,0.0018,0.0753
m1-server,medium,2474,activate,rejected,not_eligible,0,0.0094,0.0038,0.0013,0.0530,0.0017,0.0692
m1-server,medium,2475,look,accepted,observed,0,0.0088,0.0032,0.0013,0.0623,0.0017,0.0774
m1-server,medium,2476,look,accepted,observed,0,0.0089,0.0033,0.0014,0.0685,0.0017,0.0838
m1-server,medium,2477,move,accepted,moved,1,0.0090,0.0042,3.5355,0.3864,0.0038,3.9388
m1-server,medium,2478,look,accepted,observed,0,0.0118,0.0089,0.0014,0.0605,0.0018,0.0845
m1-server,medium,2479,move,accepted,moved,1,0.0089,0.0046,4.0493,0.4385,0.0052,4.5065
m1-server,medium,2480,take,rejected,not_present,0,0.0136,0.0295,0.0021,0.0764,0.0022,0.1238
m1-server,medium,2481,look,accepted,observed,0,0.0098,0.0042,0.0013,0.0553,0.0020,0.0727
m1-server,medium,2482,move,accepted,moved,1,0.0095,0.0055,3.6667,0.3838,0.0041,4.0697
m1-server,medium,2483,look,accepted,observed,0,0.0104,0.0093,0.0014,0.0698,0.0019,0.0927
m1-server,medium,2484,move,accepted,moved,1,0.0091,0.0047,4.9813,0.4295,0.0047,5.4292
m1-server,medium,2485,choose,rejected,invalid_choice,0,0.0128,0.0158,0.0015,0.0544,0.0037,0.0882
m1-server,medium,2486,look,accepted,observed,0,0.0091,0.0036,0.0013,0.0516,0.0033,0.0689
m1-server,medium,2487,move,accepted,moved,1,0.0122,0.0079,4.7197,0.4209,0.0059,5.1666
m1-server,medium,2488,move,rejected,exit_unavailable,0,0.0118,0.0157,0.0015,0.0541,0.0051,0.0882
m1-server,medium,2489,look,accepted,observed,0,0.0093,0.0035,0.0013,0.0499,0.0031,0.0671
m1-server,medium,2490,move,accepted,moved,1,0.0089,0.0042,3.9549,0.4260,0.0045,4.3985
m1-server,medium,2491,look,accepted,observed,0,0.0123,0.0110,0.0014,0.0601,0.0020,0.0867
m1-server,medium,2492,move,accepted,moved,1,0.0088,0.0045,4.0957,0.4360,0.0047,4.5497
m1-server,medium,2493,talk,rejected,not_eligible,0,0.0129,0.0151,0.0030,0.0587,0.0020,0.0918
m1-server,medium,2494,take,rejected,not_present,0,0.0088,0.0036,0.0013,0.0580,0.0032,0.0750
m1-server,medium,2495,look,accepted,observed,0,0.0090,0.0035,0.0013,0.0504,0.0040,0.0681
m1-server,medium,2496,move,accepted,moved,1,0.0110,0.0068,3.8631,0.4280,0.0043,4.3132
m1-server,medium,2497,wait,rejected,invalid_time,0,0.0114,0.0111,0.0014,0.0574,0.0019,0.0831
m1-server,medium,2498,look,accepted,observed,0,0.0090,0.0034,0.0012,0.0721,0.0018,0.0875
m1-server,medium,2499,choose,rejected,stale_view,0,0.0092,0.0068,0.0012,0.0515,0.0018,0.0705
m1-server,medium,2500,move,accepted,moved,1,0.0122,0.0058,3.8299,0.4224,0.0071,4.2773
m1-server,medium,2501,move,accepted,moved,1,0.0116,0.0158,4.1058,0.4183,0.0083,4.5598
m1-server,medium,2502,move,accepted,moved,1,0.0123,0.0130,3.9778,0.4483,0.0068,4.4582
m1-server,medium,2503,move,accepted,moved,1,0.0114,0.0122,3.2596,0.3973,0.0040,3.6844
m1-server,medium,2504,wait,rejected,invalid_time,0,0.0122,0.0126,0.0014,0.0614,0.0020,0.0896
m1-server,medium,2505,take,replayed,not_present,0,0.0185,0.0037,0.0001,0.0000,0.0018,0.0241
m1-server,medium,2506,look,accepted,observed,0,0.0073,0.0034,0.0014,0.0498,0.0017,0.0635
m1-server,medium,2507,look,accepted,observed,0,0.0090,0.0032,0.0013,0.0688,0.0019,0.0841
m1-server,medium,2508,move,accepted,moved,1,0.0088,0.0042,3.4721,0.4230,0.0057,3.9137
m1-server,medium,2509,move,accepted,moved,1,0.0145,0.0104,3.4023,1.0631,0.0044,4.4947
m1-server,medium,2510,take,accepted,taken,1,0.0116,0.0123,3.2994,0.4046,0.0038,3.7317
m1-server,medium,2511,look,accepted,observed,0,0.0114,0.0068,0.0013,0.0678,0.0020,0.0892
m1-server,medium,2512,look,accepted,observed,0,0.0090,0.0035,0.0013,0.0492,0.0034,0.0664
m1-server,medium,2513,look,accepted,observed,0,0.0121,0.0059,0.0016,0.0605,0.0024,0.0825
m1-server,medium,2514,look,accepted,observed,0,0.0102,0.0042,0.0013,0.0485,0.0024,0.0666
m1-server,medium,2515,wait,rejected,invalid_time,0,0.0107,0.0051,0.0015,0.0562,0.0020,0.0755
m1-server,medium,2516,look,accepted,observed,0,0.0100,0.0038,0.0013,0.0503,0.0020,0.0675
m1-server,medium,2517,wait,rejected,invalid_time,0,0.0094,0.0040,0.0013,0.0530,0.0025,0.0700
m1-server,medium,2518,look,accepted,observed,0,0.0100,0.0038,0.0013,0.0519,0.0019,0.0688
m1-server,medium,2519,look,accepted,observed,0,0.0131,0.0032,0.0013,0.0765,0.0020,0.0961
m1-server,medium,2520,wait,rejected,invalid_time,0,0.0093,0.0040,0.0013,0.0484,0.0020,0.0651
m1-server,medium,2521,choose,rejected,invalid_choice,0,0.0101,0.0050,0.0013,0.0556,0.0020,0.0741
m1-server,medium,2522,look,accepted,observed,0,0.0095,0.0033,0.0012,0.0500,0.0017,0.0658
m1-server,medium,2523,choose,rejected,invalid_choice,0,0.0098,0.0043,0.0013,0.0546,0.0018,0.0720
m1-server,medium,2524,move,rejected,exit_unavailable,0,0.0093,0.0040,0.0013,0.0616,0.0020,0.0782
m1-server,medium,2525,activate,rejected,not_eligible,0,0.0091,0.0036,0.0013,0.0645,0.0018,0.0802
m1-server,medium,2526,move,accepted,moved,1,0.0090,0.0042,2.9865,0.4038,0.0065,3.4100
m1-server,medium,2527,move,accepted,moved,1,0.0111,0.0117,3.9070,0.4325,0.0072,4.3693
m1-server,medium,2528,move,accepted,moved,1,0.0135,0.0141,2.3977,0.3880,0.0040,2.8174
m1-server,medium,2529,move,accepted,moved,1,0.0107,0.0140,3.4334,0.4060,0.0042,3.8683
m1-server,medium,2530,move,accepted,moved,1,0.0123,0.0114,3.2981,0.4172,0.0034,3.7423
m1-server,medium,2531,look,accepted,observed,0,0.0105,0.0100,0.0015,0.0561,0.0022,0.0803
m1-server,medium,2532,look,accepted,observed,0,0.0093,0.0036,0.0013,0.0528,0.0019,0.0689
m1-server,medium,2533,move,accepted,moved,1,0.0090,0.0045,3.1269,0.3990,0.0040,3.5434
m1-server,medium,2534,activate,rejected,not_eligible,0,0.0104,0.0120,0.0015,0.0750,0.0020,0.1009
m1-server,medium,2535,move,accepted,moved,1,0.0090,0.0045,3.2658,0.3824,0.0036,3.6652
m1-server,medium,2536,look,accepted,observed,0,0.0104,0.0110,0.0014,0.0536,0.0019,0.0784
m1-server,medium,2537,move,rejected,exit_unavailable,0,0.0088,0.0043,0.0014,0.0648,0.0020,0.0813
m1-server,medium,2538,look,accepted,observed,0,0.0088,0.0035,0.0013,0.0540,0.0034,0.0708
m1-server,medium,2539,look,accepted,observed,0,0.0114,0.0055,0.0014,0.0753,0.0024,0.0960
m1-server,medium,2540,look,accepted,observed,0,0.0098,0.0038,0.0013,0.0885,0.0020,0.1054
m1-server,medium,2541,activate,rejected,not_eligible,0,0.0092,0.0038,0.0013,0.0513,0.0028,0.0683
m1-server,medium,2542,talk,rejected,not_eligible,0,0.0106,0.0047,0.0014,0.0597,0.0023,0.0785
m1-server,medium,2543,look,accepted,observed,0,0.0092,0.0036,0.0012,0.0504,0.0018,0.0662
m1-server,medium,2544,wait,rejected,invalid_time,0,0.0088,0.0039,0.0013,0.0533,0.0018,0.0691
m1-server,medium,2545,look,accepted,observed,0,0.0089,0.0032,0.0012,0.0453,0.0018,0.0603
m1-server,medium,2546,look,accepted,observed,0,0.0091,0.0032,0.0013,0.0520,0.0018,0.0673
m1-server,medium,2547,drop,accepted,dropped,1,0.0093,0.0039,3.1606,0.4106,0.0043,3.5886
m1-server,medium,2548,wait,rejected,invalid_time,0,0.0119,0.0087,0.0015,0.0560,0.0019,0.0799
m1-server,medium,2549,move,accepted,moved,1,0.0093,0.0045,4.5363,0.4606,0.0037,5.0144
m1-server,medium,2550,wait,rejected,invalid_time,0,0.0130,0.0145,0.0015,0.0580,0.0021,0.0890
m1-server,medium,2551,wait,rejected,invalid_time,0,0.0096,0.0038,0.0013,0.0553,0.0020,0.0719
m1-server,medium,2552,wait,rejected,invalid_time,0,0.0093,0.0036,0.0013,0.0711,0.0018,0.0871
m1-server,medium,2553,look,accepted,observed,0,0.0088,0.0034,0.0012,0.0493,0.0031,0.0658
m1-server,medium,2554,move,accepted,moved,1,0.0113,0.0066,3.4220,0.3670,0.0039,3.8108
m1-server,medium,2555,activate,rejected,not_eligible,0,0.0105,0.0064,0.0014,0.0668,0.0021,0.0872
m1-server,medium,2556,wait,rejected,invalid_time,0,0.0088,0.0039,0.0013,0.0494,0.0032,0.0665
m1-server,medium,2557,move,accepted,moved,1,0.0107,0.0063,3.2317,0.3853,0.0040,3.6380
m1-server,medium,2558,move,accepted,moved,1,0.0111,0.0112,3.3540,0.3789,0.0039,3.7591
m1-server,medium,2559,move,rejected,exit_unavailable,0,0.0104,0.0068,0.0015,0.0601,0.0021,0.0808
m1-server,medium,2560,look,accepted,observed,0,0.0088,0.0037,0.0013,0.0500,0.0018,0.0655
m1-server,medium,2561,look,accepted,observed,0,0.0089,0.0033,0.0012,0.0511,0.0019,0.0664
m1-server,medium,2562,look,accepted,observed,0,0.0093,0.0033,0.0012,0.0490,0.0033,0.0660
m1-server,medium,2563,move,rejected,exit_unavailable,0,0.0109,0.0058,0.0016,0.0620,0.0023,0.0826
m1-server,medium,2564,look,accepted,observed,0,0.0096,0.0037,0.0012,0.0514,0.0018,0.0676
m1-server,medium,2565,take,rejected,not_present,0,0.0110,0.0036,0.0013,0.0579,0.0018,0.0757
m1-server,medium,2566,move,accepted,moved,1,0.0093,0.0043,5.6633,0.4492,0.0037,6.1298
m1-server,medium,2567,move,accepted,moved,1,0.0133,0.0152,4.2744,0.4355,0.0045,4.7429
m1-server,medium,2568,wait,rejected,invalid_time,0,0.0131,0.0134,0.0015,0.0585,0.0021,0.0885
m1-server,medium,2569,activate,rejected,not_eligible,0,0.0095,0.0042,0.0013,0.0512,0.0032,0.0692
m1-server,medium,2570,take,rejected,not_present,0,0.0107,0.0054,0.0016,0.0623,0.0023,0.0823
m1-server,medium,2571,move,accepted,moved,1,0.0093,0.0050,4.6990,0.4372,0.0041,5.1547
m1-server,medium,2572,drop,rejected,integrity_conflict,0,0.0247,0.0157,0.0001,0.0000,0.0018,0.0424
m1-server,medium,2573,move,accepted,moved,1,0.0109,0.0067,4.5429,1.0708,0.0060,5.6373
m1-server,medium,2574,wait,rejected,invalid_time,0,0.0129,0.0146,0.0029,0.0844,0.0023,0.1172
m1-server,medium,2575,look,accepted,observed,0,0.0098,0.0039,0.0014,0.0600,0.0029,0.0780
m1-server,medium,2576,move,accepted,moved,1,0.0114,0.0068,5.2490,0.4320,0.0042,5.7035
m1-server,medium,2577,look,accepted,observed,0,0.0130,0.0171,0.0015,0.0564,0.0028,0.0907
m1-server,medium,2578,look,accepted,observed,0,0.0109,0.0053,0.0031,0.0750,0.0019,0.0962
m1-server,medium,2579,take,rejected,not_present,0,0.0096,0.0042,0.0027,0.0553,0.0025,0.0743
m1-server,medium,2580,look,accepted,observed,0,0.0104,0.0039,0.0013,0.0510,0.0023,0.0688
m1-server,medium,2581,drop,replayed,dropped,0,0.0191,0.0054,0.0002,0.0000,0.0017,0.0265
m1-server,medium,2582,look,accepted,observed,0,0.0078,0.0035,0.0014,0.0559,0.0022,0.0707
m1-server,medium,2583,move,rejected,exit_unavailable,0,0.0098,0.0048,0.0015,0.0500,0.0024,0.0685
m1-server,medium,2584,choose,rejected,invalid_choice,0,0.0097,0.0054,0.0030,0.0579,0.0023,0.0782
m1-server,medium,2585,look,accepted,observed,0,0.0096,0.0037,0.0013,0.0519,0.0022,0.0687
m1-server,medium,2586,look,accepted,observed,0,0.0097,0.0038,0.0013,0.0563,0.0036,0.0746
m1-server,medium,2587,look,accepted,observed,0,0.0095,0.0035,0.0013,0.0530,0.0039,0.0712
m1-server,medium,2588,move,accepted,moved,1,0.0121,0.0049,4.4544,0.4460,0.0049,4.9223
m1-server,medium,2589,talk,rejected,not_eligible,0,0.0124,0.0121,0.0015,0.0645,0.0020,0.0925
m1-server,medium,2590,talk,rejected,not_eligible,0,0.0093,0.0037,0.0014,0.0528,0.0019,0.0690
m1-server,medium,2591,take,rejected,not_present,0,0.0088,0.0035,0.0013,0.0540,0.0019,0.0696
m1-server,medium,2592,take,rejected,not_present,0,0.0088,0.0035,0.0013,0.0501,0.0031,0.0668
m1-server,medium,2593,look,accepted,observed,0,0.0110,0.0044,0.0013,0.0602,0.0024,0.0793
m1-server,medium,2594,activate,rejected,not_eligible,0,0.0098,0.0042,0.0013,0.0535,0.0018,0.0705
m1-server,medium,2595,move,accepted,moved,1,0.0110,0.0050,4.2964,0.4492,0.0043,4.7658
m1-server,medium,2596,move,accepted,moved,1,0.0135,0.0210,4.4085,0.4595,0.0080,4.9105
m1-server,medium,2597,look,accepted,observed,0,0.0126,0.0135,0.0015,0.0533,0.0027,0.0835
m1-server,medium,2598,move,accepted,moved,1,0.0104,0.0060,3.8400,0.4434,0.0038,4.3036
m1-server,medium,2599,talk,rejected,not_owned,0,0.0125,0.0168,0.0014,0.0600,0.0020,0.0928
m1-server,medium,2600,move,accepted,moved,1,0.0090,0.0062,4.5982,0.4509,0.0059,5.0702
m1-server,medium,2601,look,accepted,observed,0,0.0115,0.0118,0.0013,0.0528,0.0020,0.0794
m1-server,medium,2602,move,accepted,moved,1,0.0090,0.0047,3.8593,0.4553,0.0037,4.3320
m1-server,medium,2603,look,accepted,observed,0,0.0129,0.0152,0.0013,0.0597,0.0020,0.0910
m1-server,medium,2604,move,rejected,exit_unavailable,0,0.0095,0.0042,0.0028,0.0714,0.0020,0.0898
m1-server,medium,2605,move,accepted,moved,1,0.0091,0.0082,4.3356,0.4375,0.0055,4.7958
m1-server,medium,2606,activate,rejected,not_eligible,0,0.0134,0.0117,0.0014,0.0639,0.0020,0.0924
m1-server,medium,2607,look,accepted,observed,0,0.0091,0.0035,0.0013,0.0486,0.0044,0.0668
m1-server,medium,2608,look,accepted,observed,0,0.0147,0.0065,0.0018,0.0623,0.0024,0.0876
m1-server,medium,2609,take,accepted,taken,1,0.0094,0.0049,3.8366,0.4714,0.0033,4.3256
m1-server,medium,2610,wait,rejected,invalid_time,0,0.0115,0.0163,0.0014,0.0557,0.0020,0.0870
m1-server,medium,2611,look,accepted,observed,0,0.0095,0.0036,0.0026,0.0536,0.0019,0.0713
m1-server,medium,2612,move,rejected,exit_unavailable,0,0.0091,0.0042,0.0029,0.0540,0.0030,0.0733
m1-server,medium,2613,look,accepted,observed,0,0.0117,0.0050,0.0027,0.0617,0.0022,0.0833
m1-server,medium,2614,activate,rejected,not_eligible,0,0.0098,0.0042,0.0026,0.0494,0.0025,0.0685
m1-server,medium,2615,look,accepted,observed,0,0.0102,0.0042,0.0013,0.0550,0.0034,0.0740
m1-server,medium,2616,choose,rejected,invalid_choice,0,0.0096,0.0050,0.0026,0.0510,0.0024,0.0705
m1-server,medium,2617,look,accepted,observed,0,0.0098,0.0039,0.0013,0.0545,0.0038,0.0733
m1-server,medium,2618,wait,rejected,invalid_time,0,0.0099,0.0041,0.0013,0.0505,0.0034,0.0693
m1-server,medium,2619,move,accepted,moved,1,0.0113,0.0043,4.3363,0.4649,0.0060,4.8228
m1-server,medium,2620,look,accepted,observed,0,0.0137,0.0120,0.0014,0.0579,0.0018,0.0868
m1-server,medium,2621,drop,accepted,dropped,1,0.0087,0.0043,3.8011,0.4490,0.0036,4.2666
m1-server,medium,2622,move,accepted,moved,1,0.0126,0.0165,4.6495,0.4454,0.0057,5.1297
m1-server,medium,2623,look,accepted,observed,0,0.0129,0.0118,0.0013,0.0515,0.0026,0.0801
m1-server,medium,2624,move,accepted,moved,1,0.0103,0.0066,3.8699,0.4320,0.0043,4.3230
m1-server,medium,2625,choose,rejected,stale_view,0,0.0127,0.0158,0.0014,0.0639,0.0020,0.0957
m1-server,medium,2626,take,rejected,not_present,0,0.0096,0.0060,0.0014,0.0510,0.0019,0.0699
m1-server,medium,2627,move,accepted,moved,1,0.0089,0.0059,4.4393,0.4294,0.0054,4.8889
m1-server,medium,2628,move,accepted,moved,1,0.0125,0.0155,3.8068,0.4536,0.0040,4.2923
m1-server,medium,2629,wait,rejected,invalid_time,0,0.0123,0.0147,0.0015,0.0789,0.0021,0.1093
m1-server,medium,2630,take,replayed,taken,0,0.0230,0.0037,0.0002,0.0000,0.0017,0.0286
m1-server,medium,2631,look,accepted,observed,0,0.0078,0.0045,0.0014,0.0567,0.0030,0.0733
m1-server,medium,2632,move,accepted,moved,1,0.0115,0.0076,4.4157,0.4529,0.0056,4.8933
m1-server,medium,2633,take,rejected,not_present,0,0.0133,0.0129,0.0015,0.0829,0.0025,0.1130
m1-server,medium,2634,wait,rejected,invalid_time,0,0.0102,0.0046,0.0015,0.0515,0.0024,0.0702
m1-server,medium,2635,talk,rejected,not_eligible,0,0.0096,0.0044,0.0014,0.0544,0.0022,0.0720
m1-server,medium,2636,take,rejected,not_present,0,0.0095,0.0038,0.0013,0.0510,0.0018,0.0674
m1-server,medium,2637,wait,rejected,invalid_time,0,0.0088,0.0036,0.0012,0.0526,0.0023,0.0685
m1-server,medium,2638,talk,rejected,not_eligible,0,0.0100,0.0043,0.0013,0.0488,0.0019,0.0663
m1-server,medium,2639,choose,rejected,invalid_choice,0,0.0090,0.0050,0.0013,0.0523,0.0023,0.0699
m1-server,medium,2640,look,accepted,observed,0,0.0096,0.0035,0.0013,0.0542,0.0018,0.0704
m1-server,medium,2641,look,accepted,observed,0,0.0089,0.0033,0.0012,0.0548,0.0018,0.0700
m1-server,medium,2642,look,accepted,observed,0,0.0088,0.0031,0.0012,0.0474,0.0016,0.0622
m1-server,medium,2643,move,accepted,moved,1,0.0088,0.0043,3.8195,1.1087,0.0045,4.9458
m1-server,medium,2644,wait,rejected,invalid_time,0,0.0123,0.0176,0.0014,0.0778,0.0019,0.1109
m1-server,medium,2645,look,accepted,observed,0,0.0093,0.0036,0.0029,0.0561,0.0018,0.0736
m1-server,medium,2646,move,accepted,moved,1,0.0113,0.0047,4.3874,0.4637,0.0058,4.8728
m1-server,medium,2647,move,accepted,moved,1,0.0125,0.0127,3.8005,0.4300,0.0037,4.2594
m1-server,medium,2648,look,accepted,observed,0,0.0147,0.0152,0.0013,0.0518,0.0018,0.0848
m1-server,medium,2649,move,accepted,moved,1,0.0093,0.0088,4.4284,0.4441,0.0054,4.8960
m1-server,medium,2650,look,accepted,observed,0,0.0128,0.0119,0.0013,0.0605,0.0020,0.0885
m1-server,medium,2651,wait,rejected,invalid_time,0,0.0094,0.0039,0.0013,0.0698,0.0029,0.0872
m1-server,medium,2652,drop,rejected,integrity_conflict,0,0.0203,0.0048,0.0002,0.0000,0.0019,0.0271
m1-server,medium,2653,move,accepted,moved,1,0.0080,0.0051,3.8586,0.4429,0.0042,4.3188
m1-server,medium,2654,move,rejected,exit_unavailable,0,0.0127,0.0176,0.0015,0.0643,0.0020,0.0981
m1-server,medium,2655,move,rejected,exit_unavailable,0,0.0090,0.0065,0.0014,0.0495,0.0028,0.0692
m1-server,medium,2656,activate,rejected,not_eligible,0,0.0102,0.0069,0.0015,0.0721,0.0024,0.0930
m1-server,medium,2657,choose,rejected,invalid_choice,0,0.0096,0.0061,0.0013,0.0573,0.0019,0.0763
m1-server,medium,2658,take,accepted,taken,1,0.0089,0.0053,4.4709,0.4343,0.0053,4.9246
m1-server,medium,2659,drop,accepted,dropped,1,0.0125,0.0146,3.7990,0.4405,0.0038,4.2704
m1-server,medium,2660,take,accepted,taken,1,0.0124,0.0171,4.4161,0.4299,0.0052,4.8807
m1-server,medium,2661,look,accepted,observed,0,0.0123,0.0140,0.0013,0.0635,0.0020,0.0931
m1-server,medium,2662,drop,accepted,dropped,1,0.0092,0.0040,4.0935,0.4169,0.0045,4.5282
m1-server,medium,2663,wait,rejected,invalid_time,0,0.0149,0.0169,0.0016,0.0528,0.0025,0.0887
m1-server,medium,2664,activate,rejected,not_eligible,0,0.0099,0.0061,0.0014,0.0593,0.0018,0.0785
m1-server,medium,2665,look,accepted,observed,0,0.0089,0.0033,0.0025,0.0718,0.0018,0.0883
m1-server,medium,2666,choose,rejected,invalid_choice,0,0.0090,0.0056,0.0014,0.0487,0.0028,0.0674
m1-server,medium,2667,talk,rejected,not_owned,0,0.0103,0.0049,0.0027,0.0546,0.0022,0.0747
m1-server,medium,2668,wait,rejected,invalid_time,0,0.0098,0.0041,0.0023,0.0505,0.0018,0.0685
m1-server,medium,2669,wait,rejected,invalid_time,0,0.0111,0.0038,0.0025,0.0554,0.0018,0.0746
m1-server,medium,2670,look,accepted,observed,0,0.0099,0.0033,0.0013,0.0533,0.0018,0.0696
m1-server,medium,2671,move,accepted,moved,1,0.0092,0.0045,4.4510,0.4478,0.0080,4.9205
m1-server,medium,2672,look,accepted,observed,0,0.0124,0.0113,0.0014,0.0568,0.0018,0.0838
m1-server,medium,2673,close_choice,rejected,invalid_choice,0,0.0089,0.0043,0.0013,0.0521,0.0018,0.0684
m1-server,medium,2674,move,accepted,moved,1,0.0088,0.0046,4.2842,0.4581,0.0035,4.7592
m1-server,medium,2675,look,accepted,observed,0,0.0120,0.0175,0.0014,0.0843,0.0019,0.1170
m1-server,medium,2676,look,accepted,observed,0,0.0092,0.0035,0.0027,0.0494,0.0018,0.0666
m1-server,medium,2677,look,accepted,observed,0,0.0105,0.0033,0.0025,0.0555,0.0018,0.0736
m1-server,medium,2678,move,accepted,moved,1,0.0093,0.0049,4.4388,0.4643,0.0050,4.9224
m1-server,medium,2679,choose,rejected,stale_view,0,0.0118,0.0170,0.0013,0.0566,0.0018,0.0885
m1-server,medium,2680,move,accepted,moved,1,0.0092,0.0053,3.7917,0.4395,0.0037,4.2493
m1-server,medium,2681,take,replayed,not_present,0,0.0259,0.0139,0.0001,0.0000,0.0017,0.0416
m1-server,medium,2682,look,accepted,observed,0,0.0105,0.0051,0.0013,0.0662,0.0018,0.0849
m1-server,medium,2683,talk,rejected,not_owned,0,0.0090,0.0052,0.0013,0.0497,0.0030,0.0681
m1-server,medium,2684,move,accepted,moved,1,0.0115,0.0075,4.3964,0.4735,0.0047,4.8936
m1-server,medium,2685,take,rejected,not_present,0,0.0133,0.0125,0.0014,0.0701,0.0019,0.0991
m1-server,medium,2686,close_choice,rejected,invalid_choice,0,0.0089,0.0043,0.0013,0.0520,0.0020,0.0685
m1-server,medium,2687,look,accepted,observed,0,0.0088,0.0035,0.0012,0.0524,0.0018,0.0678
m1-server,medium,2688,look,accepted,observed,0,0.0086,0.0033,0.0012,0.0480,0.0018,0.0629
m1-server,medium,2689,take,rejected,not_present,0,0.0086,0.0033,0.0013,0.0638,0.0018,0.0788
m1-server,medium,2690,take,rejected,not_present,0,0.0116,0.0033,0.0012,0.0518,0.0017,0.0696
m1-server,medium,2691,choose,rejected,invalid_choice,0,0.0088,0.0045,0.0013,0.0510,0.0030,0.0685
m1-server,medium,2692,take,rejected,not_present,0,0.0105,0.0051,0.0016,0.0533,0.0020,0.0726
m1-server,medium,2693,move,rejected,exit_unavailable,0,0.0094,0.0043,0.0013,0.0631,0.0018,0.0799
m1-server,medium,2694,look,accepted,observed,0,0.0089,0.0032,0.0012,0.0513,0.0017,0.0662
m1-server,medium,2695,look,accepted,observed,0,0.0090,0.0032,0.0012,0.0452,0.0017,0.0602
m1-server,medium,2696,move,accepted,moved,1,0.0091,0.0045,3.9535,0.4544,0.0037,4.4252
m1-server,medium,2697,look,accepted,observed,0,0.0126,0.0170,0.0014,0.0750,0.0018,0.1079
m1-server,medium,2698,talk,rejected,not_eligible,0,0.0094,0.0039,0.0029,0.0531,0.0019,0.0711
m1-server,medium,2699,look,accepted,observed,0,0.0094,0.0033,0.0026,0.0504,0.0031,0.0688
m1-server,medium,2700,take,rejected,not_present,0,0.0116,0.0052,0.0016,0.0820,0.0020,0.1024
m1-server,medium,2701,wait,rejected,invalid_time,0,0.0098,0.0043,0.0014,0.0688,0.0034,0.0876
m1-server,medium,2702,move,accepted,moved,1,0.0099,0.0050,4.4256,0.4523,0.0048,4.8976
m1-server,medium,2703,look,accepted,observed,0,0.0127,0.0151,0.0013,0.0575,0.0020,0.0887
m1-server,medium,2704,choose,rejected,invalid_choice,0,0.0090,0.0048,0.0013,0.0500,0.0028,0.0678
m1-server,medium,2705,activate,rejected,not_eligible,0,0.0111,0.0052,0.0015,0.0604,0.0022,0.0803
m1-server,medium,2706,look,accepted,observed,0,0.0095,0.0035,0.0011,0.0479,0.0026,0.0646
m1-server,medium,2707,move,accepted,moved,1,0.0103,0.0054,3.8263,0.4307,0.0044,4.2772
m1-server,medium,2708,look,accepted,observed,0,0.0132,0.0140,0.0014,0.0582,0.0018,0.0885
m1-server,medium,2709,activate,rejected,not_eligible,0,0.0092,0.0038,0.0030,0.0483,0.0027,0.0670
m1-server,medium,2710,talk,rejected,not_owned,0,0.0111,0.0053,0.0032,0.0627,0.0023,0.0846
m1-server,medium,2711,move,accepted,moved,1,0.0097,0.0049,4.4160,1.1254,0.0095,5.5655
m1-server,medium,2712,look,accepted,observed,0,0.0130,0.0159,0.0013,0.0886,0.0019,0.1208
m1-server,medium,2713,activate,rejected,not_eligible,0,0.0095,0.0040,0.0013,0.0566,0.0029,0.0743
m1-server,medium,2714,move,rejected,exit_unavailable,0,0.0112,0.0060,0.0017,0.0528,0.0023,0.0740
m1-server,medium,2715,move,accepted,moved,1,0.0100,0.0048,3.8308,0.4540,0.0064,4.3059
m1-server,medium,2716,look,accepted,observed,0,0.0122,0.0123,0.0013,0.0637,0.0019,0.0914
m1-server,medium,2717,take,accepted,taken,1,0.0091,0.0045,4.5258,0.4518,0.0125,5.0037
m1-server,medium,2718,look,accepted,observed,0,0.0135,0.0158,0.0014,0.0650,0.0021,0.0978
m1-server,medium,2719,move,rejected,exit_unavailable,0,0.0096,0.0048,0.0014,0.0723,0.0019,0.0900
m1-server,medium,2720,look,accepted,observed,0,0.0096,0.0034,0.0012,0.0604,0.0018,0.0764
m1-server,medium,2721,activate,rejected,not_eligible,0,0.0091,0.0039,0.0013,0.0530,0.0021,0.0694
m1-server,medium,2722,look,accepted,observed,0,0.0091,0.0033,0.0012,0.0518,0.0032,0.0686
m1-server,medium,2723,look,accepted,observed,0,0.0120,0.0052,0.0015,0.0596,0.0023,0.0805
m1-server,medium,2724,wait,rejected,invalid_time,0,0.0100,0.0043,0.0013,0.0498,0.0018,0.0671
m1-server,medium,2725,look,accepted,observed,0,0.0114,0.0032,0.0012,0.0600,0.0018,0.0775
m1-server,medium,2726,move,accepted,moved,1,0.0095,0.0046,3.8150,0.4224,0.0036,4.2551
m1-server,medium,2727,move,accepted,moved,1,0.0130,0.0166,4.4113,0.4666,0.0058,4.9133
m1-server,medium,2728,look,accepted,observed,0,0.0124,0.0122,0.0013,0.0562,0.0019,0.0839
m1-server,medium,2729,move,accepted,moved,1,0.0088,0.0048,3.8281,0.4488,0.0036,4.2940
m1-server,medium,2730,take,replayed,not_present,0,0.0236,0.0126,0.0001,0.0000,0.0018,0.0382
m1-server,medium,2731,move,accepted,moved,1,0.0138,0.0069,4.5206,0.4211,0.0056,4.9681
m1-server,medium,2732,look,accepted,observed,0,0.0132,0.0129,0.0016,0.0638,0.0019,0.0934
m1-server,medium,2733,choose,rejected,invalid_choice,0,0.0092,0.0048,0.0013,0.1071,0.0023,0.1247
m1-server,medium,2734,look,accepted,observed,0,0.0092,0.0035,0.0013,0.0603,0.0018,0.0761
m1-server,medium,2735,look,accepted,observed,0,0.0090,0.0032,0.0012,0.0571,0.0030,0.0734
m1-server,medium,2736,move,accepted,moved,1,0.0115,0.0063,3.8127,0.4285,0.0038,4.2627
m1-server,medium,2737,drop,accepted,dropped,1,0.0125,0.0145,4.4425,0.4484,0.0060,4.9239
m1-server,medium,2738,move,accepted,moved,1,0.0127,0.0158,3.8125,0.4096,0.0036,4.2542
m1-server,medium,2739,take,rejected,not_present,0,0.0128,0.0150,0.0015,0.0627,0.0018,0.0938
m1-server,medium,2740,talk,rejected,not_eligible,0,0.0093,0.0037,0.0026,0.0524,0.0018,0.0698
m1-server,medium,2741,take,rejected,not_present,0,0.0088,0.0035,0.0026,0.0574,0.0018,0.0741
m1-server,medium,2742,look,accepted,observed,0,0.0092,0.0032,0.0025,0.0569,0.0018,0.0735
m1-server,medium,2743,drop,rejected,integrity_conflict,0,0.0180,0.0046,0.0001,0.0000,0.0015,0.0243
m1-server,medium,2744,look,accepted,observed,0,0.0072,0.0030,0.0022,0.0520,0.0017,0.0661
m1-server,medium,2745,look,accepted,observed,0,0.0090,0.0031,0.0013,0.0564,0.0028,0.0726
m1-server,medium,2746,move,accepted,moved,1,0.0089,0.0044,4.3921,0.4476,0.0056,4.8586
m1-server,medium,2747,wait,rejected,invalid_time,0,0.0122,0.0151,0.0013,0.0550,0.0019,0.0856
m1-server,medium,2748,move,accepted,moved,1,0.0094,0.0045,3.7949,0.4385,0.0036,4.2509
m1-server,medium,2749,move,accepted,moved,1,0.0122,0.0148,4.4359,0.4388,0.0055,4.9071
m1-server,medium,2750,move,accepted,moved,1,0.0148,0.0125,3.8342,0.4565,0.0040,4.3220
m1-server,medium,2751,look,accepted,observed,0,0.0131,0.0136,0.0013,0.0627,0.0019,0.0926
m1-server,medium,2752,look,accepted,observed,0,0.0088,0.0033,0.0025,0.0554,0.0018,0.0719
m1-server,medium,2753,look,accepted,observed,0,0.0088,0.0033,0.0025,0.0576,0.0018,0.0740
m1-server,medium,2754,look,accepted,observed,0,0.0088,0.0032,0.0011,0.0573,0.0017,0.0721
m1-server,medium,2755,move,rejected,exit_unavailable,0,0.0087,0.0039,0.0013,0.0525,0.0031,0.0695
m1-server,medium,2756,take,rejected,not_present,0,0.0089,0.0037,0.0013,0.0488,0.0043,0.0670
m1-server,medium,2757,look,accepted,observed,0,0.0111,0.0053,0.0016,0.0539,0.0035,0.0754
m1-server,medium,2758,move,accepted,moved,1,0.0096,0.0052,4.4141,0.4231,0.0053,4.8572
m1-server,medium,2759,wait,rejected,invalid_time,0,0.0121,0.0123,0.0014,0.0707,0.0018,0.0983
m1-server,medium,2760,move,accepted,moved,1,0.0090,0.0043,3.8040,0.4249,0.0035,4.2457
m1-server,medium,2761,talk,rejected,not_owned,0,0.0126,0.0159,0.0013,0.0568,0.0020,0.0886
m1-server,medium,2762,look,accepted,observed,0,0.0090,0.0033,0.0025,0.0503,0.0029,0.0681
m1-server,medium,2763,move,accepted,moved,1,0.0113,0.0062,4.6316,0.4278,0.0047,5.0815
m1-server,medium,2764,move,rejected,exit_unavailable,0,0.0126,0.0158,0.0014,0.0575,0.0021,0.0894
m1-server,medium,2765,look,accepted,observed,0,0.0091,0.0035,0.0013,0.0502,0.0020,0.0661
m1-server,medium,2766,move,rejected,exit_unavailable,0,0.0090,0.0039,0.0014,0.0520,0.0018,0.0681
m1-server,medium,2767,wait,rejected,invalid_time,0,0.0090,0.0037,0.0012,0.0512,0.0035,0.0687
m1-server,medium,2768,move,accepted,moved,1,0.0115,0.0063,3.8323,0.4074,0.0034,4.2609
m1-server,medium,2769,activate,rejected,not_eligible,0,0.0121,0.0131,0.0016,0.0547,0.0020,0.0835
m1-server,medium,2770,look,accepted,observed,0,0.0091,0.0035,0.0027,0.0518,0.0027,0.0698
m1-server,medium,2771,wait,rejected,invalid_time,0,0.0112,0.0054,0.0034,0.0577,0.0023,0.0800
m1-server,medium,2772,look,accepted,observed,0,0.0098,0.0038,0.0025,0.0538,0.0017,0.0716
m1-server,medium,2773,talk,rejected,not_owned,0,0.0107,0.0036,0.0013,0.0608,0.0033,0.0797
m1-server,medium,2774,look,accepted,observed,0,0.0096,0.0033,0.0013,0.0518,0.0031,0.0691
m1-server,medium,2775,look,accepted,observed,0,0.0092,0.0033,0.0013,0.0606,0.0032,0.0774
m1-server,medium,2776,look,accepted,observed,0,0.0092,0.0033,0.0013,0.0581,0.0030,0.0748
m1-server,medium,2777,take,rejected,not_present,0,0.0095,0.0036,0.0013,0.0609,0.0018,0.0770
m1-server,medium,2778,move,rejected,exit_unavailable,0,0.0090,0.0040,0.0013,0.0549,0.0018,0.0710
m1-server,medium,2779,talk,rejected,not_owned,0,0.0089,0.0036,0.0012,0.0720,0.0017,0.0873
m1-server,medium,2780,activate,rejected,not_eligible,0,0.0102,0.0036,0.0012,0.0511,0.0018,0.0679
m1-server,medium,2781,move,accepted,moved,1,0.0090,0.0087,4.3945,1.0692,0.0062,5.4876
m1-server,medium,2782,choose,rejected,invalid_choice,0,0.0133,0.0160,0.0015,0.0854,0.0023,0.1184
m1-server,medium,2783,talk,rejected,not_eligible,0,0.0096,0.0042,0.0014,0.0539,0.0030,0.0720
m1-server,medium,2784,activate,rejected,not_eligible,0,0.0112,0.0054,0.0015,0.0688,0.0023,0.0890
m1-server,medium,2785,wait,rejected,invalid_time,0,0.0097,0.0044,0.0014,0.0556,0.0025,0.0736
m1-server,medium,2786,look,accepted,observed,0,0.0101,0.0046,0.0013,0.0568,0.0024,0.0753
m1-server,medium,2787,move,accepted,moved,1,0.0111,0.0053,3.8199,0.4360,0.0038,4.2761
m1-server,medium,2788,move,accepted,moved,1,0.0118,0.0170,4.4664,0.4581,0.0060,4.9594
m1-server,medium,2789,move,rejected,exit_unavailable,0,0.0128,0.0150,0.0014,0.0564,0.0020,0.0876
m1-server,medium,2790,activate,rejected,not_eligible,0,0.0091,0.0040,0.0013,0.0520,0.0018,0.0682
m1-server,medium,2791,take,replayed,not_present,0,0.0177,0.0035,0.0001,0.0000,0.0017,0.0231
m1-server,medium,2792,drop,replayed,dropped,0,0.0110,0.0028,0.0001,0.0000,0.0015,0.0155
m1-server,medium,2793,wait,rejected,invalid_time,0,0.0075,0.0035,0.0013,0.0565,0.0018,0.0705
m1-server,medium,2794,take,accepted,taken,1,0.0092,0.0039,3.8385,0.4323,0.0044,4.2882
m1-server,medium,2795,look,accepted,observed,0,0.0129,0.0169,0.0015,0.0574,0.0024,0.0912
m1-server,medium,2796,wait,rejected,invalid_time,0,0.0103,0.0049,0.0028,0.0758,0.0020,0.0958
m1-server,medium,2797,look,accepted,observed,0,0.0090,0.0035,0.0026,0.0507,0.0018,0.0675
m1-server,medium,2798,look,accepted,observed,0,0.0089,0.0033,0.0025,0.0541,0.0018,0.0706
m1-server,medium,2799,look,accepted,observed,0,0.0088,0.0033,0.0012,0.0476,0.0062,0.0671
m1-server,medium,2800,look,accepted,observed,0,0.0107,0.0044,0.0013,0.0564,0.0034,0.0763
m1-server,medium,2801,move,accepted,moved,1,0.0094,0.0053,4.4095,0.4456,0.0053,4.8751
m1-server,medium,2802,drop,accepted,dropped,1,0.0130,0.0153,3.8469,0.4478,0.0039,4.3267
m1-server,medium,2803,move,accepted,moved,1,0.0123,0.0179,4.3495,0.4474,0.0055,4.8325
m1-server,medium,2804,look,accepted,observed,0,0.0133,0.0145,0.0015,0.0580,0.0028,0.0901
m1-server,medium,2805,talk,rejected,not_eligible,0,0.0101,0.0050,0.0014,0.0526,0.0020,0.0710
m1-server,medium,2806,wait,rejected,invalid_time,0,0.0090,0.0041,0.0013,0.0501,0.0018,0.0663
m1-server,medium,2807,look,accepted,observed,0,0.0092,0.0033,0.0012,0.0511,0.0018,0.0666
m1-server,medium,2808,wait,rejected,invalid_time,0,0.0089,0.0036,0.0012,0.0494,0.0018,0.0648
m1-server,medium,2809,close_choice,rejected,invalid_choice,0,0.0088,0.0036,0.0013,0.0510,0.0017,0.0663
m1-server,medium,2810,activate,rejected,not_eligible,0,0.0088,0.0035,0.0011,0.0453,0.0017,0.0605
m1-server,medium,2811,wait,rejected,invalid_time,0,0.0092,0.0039,0.0012,0.0694,0.0018,0.0855
m1-server,medium,2812,wait,rejected,invalid_time,0,0.0093,0.0038,0.0012,0.0521,0.0018,0.0681
m1-server,medium,2813,talk,rejected,not_eligible,0,0.0091,0.0036,0.0012,0.0500,0.0020,0.0660
m1-server,medium,2814,look,accepted,observed,0,0.0110,0.0034,0.0012,0.0583,0.0018,0.0758
m1-server,medium,2815,talk,rejected,not_eligible,0,0.0094,0.0036,0.0013,0.0490,0.0025,0.0658
m1-server,medium,2816,take,rejected,not_present,0,0.0106,0.0048,0.0015,0.0660,0.0022,0.0851
m1-server,medium,2817,take,rejected,not_present,0,0.0096,0.0040,0.0013,0.0512,0.0025,0.0686
m1-server,medium,2818,move,accepted,moved,1,0.0102,0.0058,3.9252,0.4366,0.0037,4.3814
m1-server,medium,2819,move,accepted,moved,1,0.0123,0.0139,4.4346,0.4691,0.0062,4.9360
m1-server,medium,2820,activate,rejected,not_eligible,0,0.0127,0.0148,0.0014,0.0672,0.0020,0.0980
m1-server,medium,2821,move,accepted,moved,1,0.0090,0.0048,3.8132,0.4515,0.0033,4.2819
m1-server,medium,2822,look,accepted,observed,0,0.0142,0.0158,0.0013,0.0531,0.0019,0.0863
m1-server,medium,2823,move,accepted,moved,1,0.0093,0.0061,4.4569,0.4357,0.0055,4.9134
m1-server,medium,2824,look,accepted,observed,0,0.0125,0.0117,0.0014,0.0576,0.0018,0.0851
m1-server,medium,2825,look,accepted,observed,0,0.0092,0.0033,0.0012,0.0503,0.0017,0.0657
m1-server,medium,2826,move,accepted,moved,1,0.0089,0.0046,3.8105,0.4520,0.0033,4.2793
m1-server,medium,2827,move,accepted,moved,1,0.0127,0.0205,4.3505,0.4392,0.0055,4.8283
m1-server,medium,2828,move,accepted,moved,1,0.0137,0.0156,3.8198,0.4390,0.0039,4.2920
m1-server,medium,2829,look,accepted,observed,0,0.0129,0.0147,0.0013,0.0570,0.0020,0.0879
m1-server,medium,2830,activate,rejected,not_eligible,0,0.0093,0.0039,0.0027,0.0529,0.0019,0.0707
m1-server,medium,2831,move,rejected,exit_unavailable,0,0.0090,0.0041,0.0025,0.0671,0.0019,0.0847
m1-server,medium,2832,look,accepted,observed,0,0.0090,0.0033,0.0024,0.0504,0.0028,0.0680
m1-server,medium,2833,look,accepted,observed,0,0.0103,0.0050,0.0014,0.0620,0.0022,0.0809
m1-server,medium,2834,move,accepted,moved,1,0.0094,0.0046,4.4836,0.4346,0.0073,4.9395
m1-server,medium,2835,move,accepted,moved,1,0.0125,0.0147,3.8203,0.4366,0.0041,4.2882
m1-server,medium,2836,move,accepted,moved,1,0.0133,0.0168,4.4972,0.4599,0.0050,4.9922
m1-server,medium,2837,move,accepted,moved,1,0.0118,0.0162,3.8252,0.4315,0.0040,4.2887
m1-server,medium,2838,move,accepted,moved,1,0.0134,0.0153,4.4969,1.1300,0.0068,5.6624
m1-server,medium,2839,move,accepted,moved,1,0.0132,0.0160,3.8202,0.4692,0.0042,4.3227
m1-server,medium,2840,look,accepted,observed,0,0.0131,0.0173,0.0014,0.0675,0.0020,0.1013
m1-server,medium,2841,take,accepted,taken,1,0.0095,0.0047,4.3461,0.4328,0.0059,4.7989
m1-server,medium,2842,move,accepted,moved,1,0.0128,0.0159,3.8247,0.4249,0.0034,4.2817
m1-server,medium,2843,look,accepted,observed,0,0.0118,0.0177,0.0013,0.0570,0.0019,0.0898
m1-server,medium,2844,take,replayed,taken,0,0.0221,0.0038,0.0001,0.0000,0.0017,0.0277
m1-server,medium,2845,move,rejected,exit_unavailable,0,0.0075,0.0052,0.0014,0.0532,0.0018,0.0692
m1-server,medium,2846,move,rejected,exit_unavailable,0,0.0089,0.0050,0.0013,0.0538,0.0031,0.0721
m1-server,medium,2847,drop,accepted,dropped,1,0.0118,0.0074,4.4600,0.4303,0.0052,4.9146
m1-server,medium,2848,move,accepted,moved,1,0.0126,0.0140,3.8228,0.4707,0.0035,4.3235
m1-server,medium,2849,wait,rejected,invalid_time,0,0.0123,0.0172,0.0016,0.0633,0.0020,0.0963
m1-server,medium,2850,close_choice,rejected,invalid_choice,0,0.0095,0.0054,0.0014,0.0498,0.0019,0.0680
m1-server,medium,2851,move,accepted,moved,1,0.0093,0.0061,4.3701,0.4367,0.0050,4.8272
m1-server,medium,2852,take,accepted,taken,1,0.0125,0.0148,3.7868,0.4555,0.0035,4.2730
m1-server,medium,2853,drop,accepted,dropped,1,0.0133,0.0189,4.5357,0.4601,0.0055,5.0334
m1-server,medium,2854,look,accepted,observed,0,0.0128,0.0127,0.0013,0.0635,0.0020,0.0923
m1-server,medium,2855,move,rejected,exit_unavailable,0,0.0089,0.0045,0.0013,0.0524,0.0031,0.0703
m1-server,medium,2856,activate,rejected,not_eligible,0,0.0109,0.0056,0.0016,0.0699,0.0025,0.0905
m1-server,medium,2857,talk,rejected,not_eligible,0,0.0097,0.0042,0.0014,0.0663,0.0020,0.0835
m1-server,medium,2858,choose,rejected,invalid_choice,0,0.0092,0.0047,0.0013,0.0515,0.0020,0.0688
m1-server,medium,2859,take,accepted,taken,1,0.0090,0.0040,3.8120,0.4387,0.0033,4.2671
m1-server,medium,2860,look,accepted,observed,0,0.0120,0.0131,0.0013,0.0739,0.0019,0.1022
m1-server,medium,2861,move,accepted,moved,1,0.0093,0.0060,4.3409,0.4601,0.0053,4.8217
m1-server,medium,2862,talk,accepted,choice_opened,1,0.0114,0.0167,3.7995,0.4568,0.0037,4.2882
m1-server,medium,2863,activate,rejected,not_eligible,0,0.0126,0.0165,0.0013,0.0700,0.0018,0.1022
m1-server,medium,2864,move,accepted,moved,1,0.0093,0.0061,4.5183,0.4718,0.0058,5.0113
m1-server,medium,2865,talk,rejected,not_eligible,0,0.0125,0.0124,0.0015,0.0571,0.0020,0.0853
m1-server,medium,2866,look,accepted,observed,0,0.0091,0.0034,0.0013,0.0503,0.0029,0.0670
m1-server,medium,2867,look,accepted,observed,0,0.0110,0.0050,0.0014,0.0610,0.0022,0.0807
m1-server,medium,2868,look,accepted,observed,0,0.0096,0.0037,0.0014,0.0542,0.0018,0.0706
m1-server,medium,2869,talk,rejected,not_eligible,0,0.0089,0.0034,0.0012,0.0457,0.0017,0.0608
m1-server,medium,2870,move,accepted,moved,1,0.0091,0.0045,3.8444,0.4475,0.0035,4.3089
m1-server,medium,2871,talk,accepted,choice_opened,1,0.0117,0.0175,4.4356,0.1930,0.0058,4.6636
m1-server,medium,2872,look,accepted,observed,0,0.0134,0.0150,0.0015,0.0574,0.0026,0.0900
m1-server,medium,2873,look,accepted,observed,0,0.0102,0.0044,0.0013,0.0584,0.0025,0.0767
m1-server,medium,2874,drop,accepted,dropped,1,0.0102,0.0052,3.8327,0.4411,0.0037,4.2929
m1-server,medium,2875,wait,rejected,invalid_time,0,0.0121,0.0174,0.0015,0.0525,0.0027,0.0862
m1-server,medium,2876,take,accepted,taken,1,0.0102,0.0079,4.3815,0.4388,0.0050,4.8434
m1-server,medium,2877,wait,rejected,invalid_time,0,0.0133,0.0148,0.0015,0.0618,0.0020,0.0933
m1-server,medium,2878,look,accepted,observed,0,0.0091,0.0036,0.0012,0.0519,0.0018,0.0675
m1-server,medium,2879,look,accepted,observed,0,0.0090,0.0034,0.0012,0.0517,0.0030,0.0683
m1-server,medium,2880,wait,rejected,invalid_time,0,0.0103,0.0055,0.0016,0.0651,0.0023,0.0847
m1-server,medium,2881,look,accepted,observed,0,0.0098,0.0037,0.0014,0.0509,0.0018,0.0675
m1-server,medium,2882,wait,rejected,invalid_time,0,0.0109,0.0038,0.0013,0.0570,0.0019,0.0748
m1-server,medium,2883,move,accepted,moved,1,0.0093,0.0046,3.8336,0.4527,0.0039,4.3041
m1-server,medium,2884,look,accepted,observed,0,0.0123,0.0155,0.0014,0.0595,0.0018,0.0905
m1-server,medium,2885,look,accepted,observed,0,0.0090,0.0034,0.0027,0.0595,0.0018,0.0763
m1-server,medium,2886,move,accepted,moved,1,0.0089,0.0048,4.4691,0.4475,0.0058,4.9362
m1-server,medium,2887,wait,rejected,invalid_time,0,0.0133,0.0140,0.0013,0.0734,0.0020,0.1040
m1-server,medium,2888,move,accepted,moved,1,0.0092,0.0044,3.8049,1.1027,0.0044,4.9257
m1-server,medium,2889,drop,accepted,dropped,1,0.0127,0.0173,4.4192,0.4623,0.0057,4.9172
m1-server,medium,2890,look,accepted,observed,0,0.0126,0.0138,0.0013,0.0514,0.0019,0.0811
m1-server,medium,2891,look,accepted,observed,0,0.0089,0.0033,0.0012,0.0514,0.0018,0.0667
m1-server,medium,2892,look,accepted,observed,0,0.0092,0.0033,0.0011,0.0493,0.0030,0.0659
m1-server,medium,2893,move,accepted,moved,1,0.0113,0.0066,3.8515,0.4182,0.0040,4.2915
m1-server,medium,2894,choose,rejected,invalid_choice,0,0.0135,0.0155,0.0015,0.0607,0.0020,0.0932
m1-server,medium,2895,move,accepted,moved,1,0.0093,0.0062,4.4292,0.4160,0.0062,4.8667
m1-server,medium,2896,move,accepted,moved,1,0.0133,0.0139,3.8123,0.4224,0.0036,4.2655
m1-server,medium,2897,wait,rejected,invalid_time,0,0.0133,0.0139,0.0014,0.0589,0.0020,0.0894
m1-server,medium,2898,move,accepted,moved,1,0.0093,0.0061,4.3617,0.4170,0.0047,4.7988
m1-server,medium,2899,activate,rejected,not_eligible,0,0.0142,0.0129,0.0013,0.0610,0.0020,0.0915
m1-server,medium,2900,move,accepted,moved,1,0.0093,0.0046,3.8293,0.4221,0.0035,4.2689
m1-server,medium,2901,look,accepted,observed,0,0.0126,0.0135,0.0013,0.0542,0.0020,0.0836
m1-server,medium,2902,look,accepted,observed,0,0.0093,0.0034,0.0026,0.0566,0.0018,0.0737
m1-server,medium,2903,move,accepted,moved,1,0.0093,0.0047,4.4078,0.4611,0.0058,4.8885
m1-server,medium,2904,look,accepted,observed,0,0.0125,0.0116,0.0012,0.0630,0.0029,0.0911
m1-server,medium,2905,choose,rejected,invalid_choice,0,0.0118,0.0072,0.0016,0.0608,0.0023,0.0837
m1-server,medium,2906,look,accepted,observed,0,0.0098,0.0038,0.0013,0.0547,0.0019,0.0713
m1-server,medium,2907,look,accepted,observed,0,0.0093,0.0033,0.0012,0.0540,0.0018,0.0696
m1-server,medium,2908,look,accepted,observed,0,0.0093,0.0033,0.0013,0.0550,0.0018,0.0707
m1-server,medium,2909,take,rejected,not_present,0,0.0091,0.0038,0.0013,0.0677,0.0018,0.0836
m1-server,medium,2910,move,accepted,moved,1,0.0087,0.0042,3.8242,0.4403,0.0040,4.2815
m1-server,medium,2911,move,accepted,moved,1,0.0122,0.0167,4.4962,0.4215,0.0048,4.9514
m1-server,medium,2912,choose,rejected,stale_view,0,0.0140,0.0145,0.0014,0.0770,0.0020,0.1089
m1-server,medium,2913,move,accepted,moved,1,0.0090,0.0053,3.8720,0.4151,0.0041,4.3055
m1-server,medium,2914,move,rejected,exit_unavailable,0,0.0123,0.0142,0.0015,0.0596,0.0020,0.0896
m1-server,medium,2915,look,accepted,observed,0,0.0089,0.0049,0.0013,0.0472,0.0018,0.0640
m1-server,medium,2916,choose,rejected,invalid_choice,0,0.0090,0.0088,0.0013,0.0521,0.0019,0.0730
m1-server,medium,2917,drop,replayed,dropped,0,0.0188,0.0036,0.0001,0.0000,0.0016,0.0242
m1-server,medium,2918,take,rejected,not_present,0,0.0073,0.0047,0.0014,0.0494,0.0030,0.0658
m1-server,medium,2919,look,accepted,observed,0,0.0107,0.0062,0.0016,0.0595,0.0022,0.0802
m1-server,medium,2920,move,accepted,moved,1,0.0095,0.0058,4.5018,0.4579,0.0053,4.9801
m1-server,medium,2921,talk,rejected,not_eligible,0,0.0116,0.0158,0.0013,0.0510,0.0019,0.0816
m1-server,medium,2922,choose,rejected,invalid_choice,0,0.0091,0.0046,0.0013,0.0519,0.0019,0.0687
m1-server,medium,2923,choose,rejected,invalid_choice,0,0.0093,0.0047,0.0012,0.0494,0.0030,0.0676
m1-server,medium,2924,look,accepted,observed,0,0.0111,0.0051,0.0015,0.0639,0.0023,0.0840
m1-server,medium,2925,look,accepted,observed,0,0.0098,0.0038,0.0014,0.0503,0.0018,0.0671
m1-server,medium,2926,look,accepted,observed,0,0.0111,0.0033,0.0012,0.0579,0.0018,0.0753
m1-server,medium,2927,look,accepted,observed,0,0.0093,0.0033,0.0012,0.0555,0.0018,0.0711
m1-server,medium,2928,move,accepted,moved,1,0.0090,0.0045,3.8483,0.4431,0.0035,4.3084
m1-server,medium,2929,move,accepted,moved,1,0.0125,0.0142,4.3662,0.4258,0.0054,4.8241
m1-server,medium,2930,take,rejected,not_present,0,0.0125,0.0125,0.0014,0.0550,0.0019,0.0833
m1-server,medium,2931,look,accepted,observed,0,0.0094,0.0036,0.0012,0.0571,0.0020,0.0734
m1-server,medium,2932,look,accepted,observed,0,0.0092,0.0033,0.0012,0.0526,0.0018,0.0680
m1-server,medium,2933,look,accepted,observed,0,0.0088,0.0033,0.0011,0.0546,0.0018,0.0695
m1-server,medium,2934,move,accepted,moved,1,0.0090,0.0045,3.8589,0.4218,0.0035,4.2977
m1-server,medium,2935,look,accepted,observed,0,0.0128,0.0170,0.0013,0.0517,0.0018,0.0846
m1-server,medium,2936,activate,rejected,not_eligible,0,0.0090,0.0040,0.0025,0.0538,0.0020,0.0712
m1-server,medium,2937,close_choice,accepted,choice_closed,1,0.0088,0.0042,4.4209,0.4400,0.0058,4.8796
m1-server,medium,2938,wait,rejected,invalid_time,0,0.0120,0.0133,0.0013,0.0737,0.0018,0.1020
m1-server,medium,2939,look,accepted,observed,0,0.0092,0.0033,0.0012,0.0758,0.0018,0.0912
m1-server,medium,2940,move,accepted,moved,1,0.0089,0.0045,3.7925,0.4219,0.0034,4.2313
m1-server,medium,2941,activate,rejected,not_eligible,0,0.0127,0.0136,0.0014,0.0655,0.0019,0.0952
m1-server,medium,2942,take,rejected,not_present,0,0.0096,0.0037,0.0026,0.0540,0.0018,0.0717
m1-server,medium,2943,activate,rejected,not_eligible,0,0.0091,0.0035,0.0025,0.0588,0.0017,0.0757
m1-server,medium,2944,move,accepted,moved,1,0.0090,0.0043,4.5408,0.4205,0.0053,4.9799
m1-server,medium,2945,look,accepted,observed,0,0.0126,0.0124,0.0014,0.0593,0.0018,0.0875
m1-server,medium,2946,move,accepted,moved,1,0.0093,0.0046,3.8345,1.0905,0.0044,4.9432
m1-server,medium,2947,move,accepted,moved,1,0.0124,0.0177,4.5573,0.4736,0.0058,5.0668
m1-server,medium,2948,wait,rejected,invalid_time,0,0.0137,0.0132,0.0013,0.0548,0.0019,0.0848
m1-server,medium,2949,look,accepted,observed,0,0.0090,0.0034,0.0012,0.0571,0.0017,0.0725
m1-server,medium,2950,wait,rejected,invalid_time,0,0.0089,0.0037,0.0012,0.0518,0.0017,0.0673
m1-server,medium,2951,take,rejected,not_present,0,0.0090,0.0038,0.0013,0.0573,0.0029,0.0742
m1-server,medium,2952,take,rejected,not_present,0,0.0108,0.0053,0.0015,0.0533,0.0021,0.0730
m1-server,medium,2953,look,accepted,observed,0,0.0095,0.0035,0.0013,0.0516,0.0018,0.0675
m1-server,medium,2954,move,rejected,exit_unavailable,0,0.0088,0.0038,0.0014,0.0520,0.0018,0.0678
m1-server,medium,2955,talk,rejected,not_eligible,0,0.0090,0.0035,0.0012,0.0561,0.0017,0.0714
m1-server,medium,2956,look,accepted,observed,0,0.0090,0.0033,0.0012,0.0511,0.0017,0.0662
m1-server,medium,2957,move,accepted,moved,1,0.0086,0.0041,3.8425,0.4359,0.0042,4.2953
m1-server,medium,2958,wait,rejected,invalid_time,0,0.0130,0.0165,0.0014,0.0603,0.0018,0.0931
m1-server,medium,2959,move,accepted,moved,1,0.0095,0.0060,4.2950,0.4349,0.0058,4.7512
m1-server,medium,2960,talk,rejected,not_owned,0,0.0127,0.0126,0.0013,0.0596,0.0018,0.0880
m1-server,medium,2961,wait,rejected,invalid_time,0,0.0097,0.0037,0.0012,0.0770,0.0028,0.0943
m1-server,medium,2962,look,accepted,observed,0,0.0111,0.0051,0.0015,0.0547,0.0021,0.0745
m1-server,medium,2963,move,accepted,moved,1,0.0095,0.0048,3.8656,0.4584,0.0043,4.3426
m1-server,medium,2964,move,accepted,moved,1,0.0145,0.0190,4.4744,0.4528,0.0048,4.9656
m1-server,medium,2965,choose,rejected,invalid_choice,0,0.0118,0.0158,0.0014,0.0566,0.0019,0.0875
m1-server,medium,2966,look,accepted,observed,0,0.0091,0.0036,0.0013,0.0527,0.0035,0.0701
m1-server,medium,2967,look,accepted,observed,0,0.0114,0.0052,0.0015,0.0646,0.0023,0.0850
m1-server,medium,2968,wait,rejected,invalid_time,0,0.0096,0.0043,0.0013,0.0626,0.0019,0.0797
m1-server,medium,2969,move,accepted,moved,1,0.0094,0.0046,3.8791,0.4303,0.0036,4.3270
m1-server,medium,2970,look,accepted,observed,0,0.0123,0.0168,0.0014,0.0537,0.0020,0.0860
m1-server,medium,2971,look,accepted,observed,0,0.0091,0.0035,0.0029,0.0542,0.0018,0.0715
m1-server,medium,2972,talk,rejected,not_eligible,0,0.0090,0.0039,0.0029,0.0534,0.0031,0.0723
m1-server,medium,2973,move,rejected,exit_unavailable,0,0.0113,0.0059,0.0030,0.0570,0.0023,0.0795
m1-server,medium,2974,move,accepted,moved,1,0.0096,0.0046,4.4410,0.4581,0.0065,4.9198
m1-server,medium,2975,choose,rejected,stale_view,0,0.0140,0.0178,0.0015,0.0673,0.0035,0.1041
m1-server,medium,2976,look,accepted,observed,0,0.0108,0.0051,0.0013,0.0911,0.0028,0.1112
m1-server,medium,2977,move,accepted,moved,1,0.0113,0.0068,3.8238,0.4130,0.0040,4.2589
m1-server,medium,2978,move,accepted,moved,1,0.0129,0.0170,4.3941,0.4678,0.0052,4.8970
m1-server,medium,2979,take,rejected,not_present,0,0.0128,0.0121,0.0014,0.0560,0.0020,0.0843
m1-server,medium,2980,look,accepted,observed,0,0.0096,0.0033,0.0012,0.0536,0.0018,0.0695
m1-server,medium,2981,move,rejected,exit_unavailable,0,0.0088,0.0040,0.0013,0.0500,0.0018,0.0660
m1-server,medium,2982,move,accepted,moved,1,0.0087,0.0043,3.8034,0.4688,0.0039,4.2890
m1-server,medium,2983,take,accepted,taken,1,0.0192,0.0170,4.3827,0.4573,0.0058,4.8819
m1-server,medium,2984,drop,rejected,integrity_conflict,0,0.0220,0.0145,0.0001,0.0000,0.0017,0.0384
m1-server,medium,2985,look,accepted,observed,0,0.0106,0.0037,0.0013,0.0631,0.0018,0.0805
m1-server,medium,2986,wait,rejected,invalid_time,0,0.0090,0.0042,0.0013,0.0479,0.0018,0.0642
m1-server,medium,2987,talk,rejected,not_eligible,0,0.0086,0.0036,0.0013,0.0514,0.0018,0.0667
m1-server,medium,2988,look,accepted,observed,0,0.0089,0.0032,0.0012,0.0463,0.0018,0.0614
m1-server,medium,2989,talk,rejected,not_eligible,0,0.0091,0.0035,0.0013,0.0645,0.0017,0.0801
m1-server,medium,2990,drop,accepted,dropped,1,0.0092,0.0041,3.8349,0.4423,0.0041,4.2945
m1-server,medium,2991,move,accepted,moved,1,0.0123,0.0142,4.3983,0.4657,0.0059,4.8963
m1-server,medium,2992,wait,rejected,invalid_time,0,0.0130,0.0153,0.0016,0.0641,0.0025,0.0966
m1-server,medium,2993,take,rejected,not_present,0,0.0099,0.0045,0.0014,0.0496,0.0025,0.0679
m1-server,medium,2994,choose,rejected,invalid_choice,0,0.0101,0.0057,0.0016,0.0532,0.0023,0.0728
m1-server,medium,2995,move,rejected,exit_unavailable,0,0.0100,0.0044,0.0013,0.0527,0.0018,0.0701
m1-server,medium,2996,move,accepted,moved,1,0.0093,0.0043,3.8007,0.4337,0.0038,4.2517
m1-server,medium,2997,take,rejected,not_present,0,0.0119,0.0156,0.0014,0.0560,0.0018,0.0867
m1-server,medium,2998,move,accepted,moved,1,0.0091,0.0060,4.5152,0.4388,0.0056,4.9747
m1-server,medium,2999,look,accepted,observed,0,0.0125,0.0150,0.0013,0.0554,0.0020,0.0862
m1-server,stress,1000,move,accepted,moved,1,0.0151,0.0062,18.4216,1.2183,0.0090,19.6702
m1-server,stress,1001,move,accepted,moved,1,0.0194,0.0170,18.6524,2.8054,0.0078,21.5020
m1-server,stress,1002,move,accepted,moved,1,0.0182,0.0224,18.6511,1.1841,0.0065,19.8824
m1-server,stress,1003,wait,rejected,invalid_time,0,0.0157,0.0171,0.0027,0.0620,0.0022,0.0996
m1-server,stress,1004,move,accepted,moved,1,0.0099,0.0052,18.8532,1.1993,0.0081,20.0757
m1-server,stress,1005,move,accepted,moved,1,0.0223,0.0253,18.0218,1.2029,0.0069,19.2791
m1-server,stress,1006,choose,rejected,invalid_choice,0,0.0201,0.0188,0.0064,0.0978,0.0028,0.1460
m1-server,stress,1007,move,accepted,moved,1,0.0167,0.0074,17.8979,1.2173,0.0075,19.1468
m1-server,stress,1008,look,accepted,observed,0,0.0190,0.0185,0.0015,0.0917,0.0028,0.1335
m1-server,stress,1009,take,rejected,not_present,0,0.0193,0.0055,0.0016,0.0776,0.0027,0.1066
m1-server,stress,1010,move,accepted,moved,1,0.0181,0.0062,15.4102,1.2383,0.0084,16.6812
m1-server,stress,1011,choose,rejected,invalid_choice,0,0.0226,0.0244,0.0017,0.0841,0.0029,0.1356
m1-server,stress,1012,look,accepted,observed,0,0.0157,0.0057,0.0015,0.0918,0.0028,0.1175
m1-server,stress,1013,talk,rejected,not_eligible,0,0.0160,0.0056,0.0016,0.0772,0.0028,0.1031
m1-server,stress,1014,look,accepted,observed,0,0.0158,0.0046,0.0013,0.0918,0.0026,0.1162
m1-server,stress,1015,move,accepted,moved,1,0.0148,0.0060,18.6473,2.5817,0.0074,21.2571
m1-server,stress,1016,wait,rejected,invalid_time,0,0.0142,0.0177,0.0040,0.0964,0.0031,0.1354
m1-server,stress,1017,look,accepted,observed,0,0.0122,0.0053,0.0015,0.0601,0.0022,0.0813
m1-server,stress,1018,move,accepted,moved,1,0.0103,0.0057,18.1970,1.2605,0.0078,19.4813
m1-server,stress,1019,take,accepted,taken,1,0.0211,0.0203,14.7784,1.2536,0.0262,16.0995
m1-server,stress,1020,look,accepted,observed,0,0.0208,0.0175,0.0016,0.0631,0.0040,0.1071
m1-server,stress,1021,look,accepted,observed,0,0.0160,0.0050,0.0013,0.0830,0.0043,0.1095
m1-server,stress,1022,drop,accepted,dropped,1,0.0141,0.0089,16.1713,1.2378,0.0090,17.4411
m1-server,stress,1023,activate,rejected,not_eligible,0,0.0143,0.0188,0.0016,0.0923,0.0031,0.1300
m1-server,stress,1024,move,accepted,moved,1,0.0162,0.0068,21.7530,1.2326,0.0067,23.0153
m1-server,stress,1025,look,accepted,observed,0,0.0199,0.0183,0.0015,0.0630,0.0024,0.1050
m1-server,stress,1026,move,rejected,exit_unavailable,0,0.0153,0.0075,0.0016,0.0740,0.0036,0.1021
m1-server,stress,1027,move,accepted,moved,1,0.0124,0.0060,29.7117,1.2363,0.0077,30.9741
m1-server,stress,1028,move,accepted,moved,1,0.0230,0.0223,14.7369,2.6499,0.0133,17.4455
m1-server,stress,1029,look,accepted,observed,0,0.0180,0.0140,0.0015,0.0923,0.0050,0.1308
m1-server,stress,1030,move,accepted,moved,1,0.0170,0.0078,15.6972,1.2132,0.0079,16.9431
m1-server,stress,1031,look,accepted,observed,0,0.0202,0.0247,0.0017,0.0886,0.0030,0.1382
m1-server,stress,1032,take,rejected,not_present,0,0.0135,0.0068,0.0016,0.0618,0.0028,0.0865
m1-server,stress,1033,take,rejected,not_present,0,0.0174,0.0066,0.0015,0.0582,0.0026,0.0863
m1-server,stress,1034,talk,rejected,not_eligible,0,0.0154,0.0050,0.0015,0.0546,0.0021,0.0786
m1-server,stress,1035,take,rejected,not_present,0,0.0143,0.0045,0.0013,0.0606,0.0023,0.0832
m1-server,stress,1036,look,accepted,observed,0,0.0141,0.0043,0.0013,0.0531,0.0023,0.0751
m1-server,stress,1037,move,accepted,moved,1,0.0140,0.0058,19.3541,1.2157,0.0066,20.5962
m1-server,stress,1038,talk,rejected,not_owned,0,0.0222,0.0273,0.0097,0.1138,0.0027,0.1756
m1-server,stress,1039,move,accepted,moved,1,0.0152,0.0064,19.7807,1.1994,0.0073,21.0089
m1-server,stress,1040,activate,rejected,not_eligible,0,0.0143,0.0193,0.0084,0.0760,0.0031,0.1211
m1-server,stress,1041,talk,rejected,not_eligible,0,0.0149,0.0056,0.0032,0.0608,0.0021,0.0866
m1-server,stress,1042,look,accepted,observed,0,0.0138,0.0062,0.0015,0.0905,0.0039,0.1158
m1-server,stress,1043,move,rejected,exit_unavailable,0,0.0150,0.0065,0.0015,0.0630,0.0038,0.0898
m1-server,stress,1044,take,replayed,not_present,0,0.0275,0.0057,0.0002,0.0000,0.0019,0.0353
m1-server,stress,1045,activate,rejected,not_eligible,0,0.0090,0.0035,0.0013,0.0545,0.0024,0.0707
m1-server,stress,1046,look,accepted,observed,0,0.0159,0.0047,0.0014,0.0780,0.0041,0.1040
m1-server,stress,1047,look,accepted,observed,0,0.0145,0.0046,0.0013,0.0518,0.0035,0.0757
m1-server,stress,1048,move,accepted,moved,1,0.0151,0.0056,19.7438,1.1947,0.0053,20.9645
m1-server,stress,1049,activate,rejected,not_eligible,0,0.0148,0.0149,0.0015,0.0714,0.0032,0.1058
m1-server,stress,1050,move,accepted,moved,1,0.0143,0.0073,15.6241,1.2229,0.0053,16.8739
m1-server,stress,1051,look,accepted,observed,0,0.0195,0.0151,0.0015,0.0650,0.0033,0.1045
m1-server,stress,1052,wait,rejected,invalid_time,0,0.0180,0.0066,0.0015,0.0576,0.0024,0.0862
m1-server,stress,1053,choose,rejected,invalid_choice,0,0.0150,0.0063,0.0015,0.0540,0.0023,0.0791
m1-server,stress,1054,wait,rejected,invalid_time,0,0.0143,0.0048,0.0014,0.0583,0.0023,0.0810
m1-server,stress,1055,look,accepted,observed,0,0.0140,0.0044,0.0014,0.0543,0.0023,0.0763
m1-server,stress,1056,wait,rejected,invalid_time,0,0.0138,0.0048,0.0013,0.1083,0.0026,0.1308
m1-server,stress,1057,take,accepted,taken,1,0.0155,0.0056,20.8444,2.7773,0.0085,23.6513
m1-server,stress,1058,move,accepted,moved,1,0.0246,0.0305,19.2120,1.3011,0.0057,20.5740
m1-server,stress,1059,move,accepted,moved,1,0.0176,0.0192,21.9273,1.2661,0.0083,23.2385
m1-server,stress,1060,look,accepted,observed,0,0.0230,0.0199,0.0018,0.0878,0.0030,0.1355
m1-server,stress,1061,talk,rejected,not_eligible,0,0.0150,0.0070,0.0015,0.0947,0.0028,0.1210
m1-server,stress,1062,wait,rejected,invalid_time,0,0.0150,0.0059,0.0015,0.0575,0.0021,0.0821
m1-server,stress,1063,take,replayed,not_present,0,0.0247,0.0057,0.0002,0.0000,0.0021,0.0328
m1-server,stress,1064,move,accepted,moved,1,0.0088,0.0052,16.4193,1.2326,0.0084,17.6743
m1-server,stress,1065,choose,rejected,invalid_choice,0,0.0147,0.0213,0.0014,0.0970,0.0032,0.1375
m1-server,stress,1066,move,accepted,moved,1,0.0140,0.0069,20.6719,1.1987,0.0073,21.8989
m1-server,stress,1067,move,accepted,moved,1,0.0205,0.0198,18.7458,1.2760,0.0057,20.0677
m1-server,stress,1068,drop,replayed,dropped,0,0.0311,0.0175,0.0002,0.0000,0.0020,0.0508
m1-server,stress,1069,look,accepted,observed,0,0.0182,0.0060,0.0016,0.1189,0.0029,0.1476
m1-server,stress,1070,move,accepted,moved,1,0.0168,0.0063,22.0791,2.7367,0.0068,24.8455
m1-server,stress,1071,move,accepted,moved,1,0.0150,0.0169,16.2281,1.1993,0.0075,17.4669
m1-server,stress,1072,talk,accepted,choice_opened,1,0.0177,0.0188,21.6490,1.1982,0.0077,22.8914
m1-server,stress,1073,activate,rejected,not_eligible,0,0.0227,0.0244,0.0020,0.0835,0.0030,0.1355
m1-server,stress,1074,move,accepted,moved,1,0.0160,0.0089,30.6675,1.1653,0.0074,31.8651
m1-server,stress,1075,look,accepted,observed,0,0.0150,0.0140,0.0039,0.0732,0.0031,0.1093
m1-server,stress,1076,move,accepted,moved,1,0.0158,0.0073,18.4454,1.1845,0.0073,19.6603
m1-server,stress,1077,move,accepted,moved,1,0.0187,0.0209,18.9062,1.1764,0.0054,20.1275
m1-server,stress,1078,move,accepted,moved,1,0.0146,0.0168,18.3988,2.7622,0.0085,21.2008
m1-server,stress,1079,move,accepted,moved,1,0.0205,0.0280,18.6078,1.2685,0.0070,19.9319
m1-server,stress,1080,move,accepted,moved,1,0.0181,0.0175,19.6694,1.2116,0.0076,20.9243
m1-server,stress,1081,talk,accepted,choice_opened,1,0.0233,0.0240,17.9436,0.2835,0.0056,18.2800
m1-server,stress,1082,look,accepted,observed,0,0.0173,0.0153,0.0015,0.0760,0.0029,0.1129
m1-server,stress,1083,choose,rejected,stale_view,0,0.0154,0.0105,0.0020,0.0855,0.0028,0.1162
m1-server,stress,1084,activate,rejected,not_eligible,0,0.0150,0.0072,0.0018,0.0711,0.0029,0.0979
m1-server,stress,1085,wait,rejected,invalid_time,0,0.0363,0.0089,0.0018,0.0561,0.0034,0.1065
m1-server,stress,1086,move,rejected,exit_unavailable,0,0.0102,0.0058,0.0014,0.0597,0.0023,0.0794
m1-server,stress,1087,activate,rejected,not_eligible,0,0.0115,0.0051,0.0015,0.0560,0.0019,0.0761
m1-server,stress,1088,look,accepted,observed,0,0.0099,0.0038,0.0013,0.0713,0.0018,0.0880
m1-server,stress,1089,move,accepted,moved,1,0.0093,0.0050,15.4819,1.1120,0.0078,16.6159
m1-server,stress,1090,move,accepted,moved,1,0.0143,0.0155,19.2713,1.2269,0.0074,20.5354
m1-server,stress,1091,close_choice,accepted,choice_closed,1,0.0212,0.0248,18.9089,1.2732,0.0063,20.2344
m1-server,stress,1092,look,accepted,observed,0,0.0172,0.0249,0.0015,0.1412,0.0129,0.1977
m1-server,stress,1093,activate,rejected,not_eligible,0,0.0135,0.0061,0.0016,0.0898,0.0030,0.1140
m1-server,stress,1094,move,accepted,moved,1,0.0252,0.0085,22.6623,2.8258,0.0055,25.5272
m1-server,stress,1095,look,accepted,observed,0,0.0146,0.0182,0.0015,0.0836,0.0023,0.1202
m1-server,stress,1096,look,accepted,observed,0,0.0103,0.0041,0.0026,0.0734,0.0019,0.0922
m1-server,stress,1097,move,accepted,moved,1,0.0098,0.0055,18.3696,1.2959,0.0080,19.6887
m1-server,stress,1098,look,accepted,observed,0,0.0218,0.0200,0.0016,0.0796,0.0025,0.1255
m1-server,stress,1099,choose,rejected,invalid_choice,0,0.0142,0.0080,0.0016,0.1031,0.0029,0.1298
m1-server,stress,1100,activate,rejected,not_eligible,0,0.0133,0.0063,0.0015,0.0721,0.0024,0.0955
m1-server,stress,1101,look,accepted,observed,0,0.0152,0.0057,0.0014,0.1200,0.0028,0.1450
m1-server,stress,1102,move,accepted,moved,1,0.0133,0.0071,16.2272,1.3187,0.0070,17.5733
m1-server,stress,1103,move,accepted,moved,1,0.0195,0.0225,18.9754,1.2761,0.0063,20.2997
m1-server,stress,1104,look,accepted,observed,0,0.0298,0.0375,0.0024,0.1000,0.0032,0.1728
m1-server,stress,1105,drop,accepted,dropped,1,0.0249,0.0076,18.3892,1.2631,0.0074,19.6922
m1-server,stress,1106,look,accepted,observed,0,0.0323,0.0172,0.0017,0.0795,0.0030,0.1337
m1-server,stress,1107,move,accepted,moved,1,0.0153,0.0073,17.1890,1.2248,0.0084,18.4448
m1-server,stress,1108,move,accepted,moved,1,0.0209,0.0180,17.1885,2.7790,0.0083,20.0147
m1-server,stress,1109,wait,rejected,invalid_time,0,0.0199,0.0179,0.0016,0.0831,0.0036,0.1261
m1-server,stress,1110,move,rejected,exit_unavailable,0,0.0114,0.0062,0.0017,0.0558,0.0024,0.0774
m1-server,stress,1111,move,accepted,moved,1,0.0100,0.0052,22.5809,1.2184,0.0071,23.8216
m1-server,stress,1112,look,accepted,observed,0,0.0220,0.0197,0.0015,0.0726,0.0027,0.1184
m1-server,stress,1113,look,accepted,observed,0,0.0152,0.0057,0.0015,0.0745,0.0031,0.1000
m1-server,stress,1114,look,accepted,observed,0,0.0148,0.0058,0.0016,0.0503,0.0022,0.0747
m1-server,stress,1115,look,accepted,observed,0,0.0130,0.0072,0.0017,0.0613,0.0030,0.0862
m1-server,stress,1116,move,accepted,moved,1,0.0177,0.0076,15.9534,1.2204,0.0085,17.2077
m1-server,stress,1117,look,accepted,observed,0,0.0222,0.0192,0.0014,0.1051,0.0028,0.1506
m1-server,stress,1118,move,accepted,moved,1,0.0152,0.0071,17.2730,1.2212,0.0082,18.5247
m1-server,stress,1119,look,accepted,observed,0,0.0203,0.0207,0.0013,0.0945,0.0028,0.1397
m1-server,stress,1120,look,accepted,observed,0,0.0172,0.0055,0.0014,0.0868,0.0027,0.1135
m1-server,stress,1121,move,rejected,exit_unavailable,0,0.0148,0.0073,0.0016,0.0578,0.0029,0.0843
m1-server,stress,1122,activate,rejected,not_eligible,0,0.0182,0.0075,0.0018,0.0644,0.0028,0.0947
m1-server,stress,1123,wait,rejected,invalid_time,0,0.0155,0.0067,0.0015,0.0560,0.0024,0.0820
m1-server,stress,1124,look,accepted,observed,0,0.0148,0.0045,0.0013,0.0958,0.0026,0.1190
m1-server,stress,1125,move,accepted,moved,1,0.0142,0.0070,17.4473,1.2201,0.0067,18.6953
m1-server,stress,1126,move,accepted,moved,1,0.0198,0.0314,18.6716,1.2283,0.0060,19.9571
m1-server,stress,1127,choose,rejected,stale_view,0,0.0193,0.0184,0.0015,0.0710,0.0033,0.1135
m1-server,stress,1128,choose,rejected,invalid_choice,0,0.0143,0.0079,0.0015,0.0605,0.0023,0.0865
m1-server,stress,1129,look,accepted,observed,0,0.0153,0.0049,0.0014,0.0567,0.0023,0.0805
m1-server,stress,1130,take,rejected,not_present,0,0.0145,0.0052,0.0013,0.0585,0.0020,0.0816
m1-server,stress,1131,choose,rejected,invalid_choice,0,0.0141,0.0050,0.0014,0.0610,0.0030,0.0844
m1-server,stress,1132,look,accepted,observed,0,0.0160,0.0056,0.0014,0.0574,0.0020,0.0824
m1-server,stress,1133,move,accepted,moved,1,0.0147,0.0079,22.4548,2.7185,0.0073,25.2031
m1-server,stress,1134,move,rejected,exit_unavailable,0,0.0146,0.0172,0.0016,0.0917,0.0022,0.1273
m1-server,stress,1135,look,accepted,observed,0,0.0101,0.0041,0.0013,0.0611,0.0019,0.0785
m1-server,stress,1136,activate,rejected,not_eligible,0,0.0117,0.0041,0.0013,0.0530,0.0034,0.0735
m1-server,stress,1137,look,accepted,observed,0,0.0114,0.0056,0.0015,0.0535,0.0024,0.0744
m1-server,stress,1138,look,accepted,observed,0,0.0104,0.0039,0.0014,0.0530,0.0027,0.0714
m1-server,stress,1139,move,accepted,moved,1,0.0100,0.0060,17.4301,1.2376,0.0070,18.6908
m1-server,stress,1140,move,accepted,moved,1,0.0195,0.0180,21.4179,1.2769,0.0076,22.7400
m1-server,stress,1141,choose,rejected,invalid_choice,0,0.0199,0.0212,0.0017,0.1166,0.0031,0.1625
m1-server,stress,1142,look,accepted,observed,0,0.0175,0.0053,0.0014,0.1084,0.0026,0.1352
m1-server,stress,1143,move,accepted,moved,1,0.0151,0.0061,29.4266,1.2205,0.0067,30.6750
m1-server,stress,1144,look,accepted,observed,0,0.0197,0.0213,0.0016,0.1001,0.0030,0.1457
m1-server,stress,1145,take,rejected,not_present,0,0.0152,0.0070,0.0015,0.0590,0.0022,0.0849
m1-server,stress,1146,look,accepted,observed,0,0.0162,0.0078,0.0031,0.0575,0.0026,0.0871
m1-server,stress,1147,wait,rejected,invalid_time,0,0.0173,0.0062,0.0030,0.0643,0.0025,0.0932
m1-server,stress,1148,choose,rejected,invalid_choice,0,0.0150,0.0078,0.0015,0.0537,0.0028,0.0807
m1-server,stress,1149,move,accepted,moved,1,0.0164,0.0075,14.2065,1.2203,0.0057,15.4564
m1-server,stress,1150,take,accepted,taken,1,0.0198,0.0201,23.4847,1.2148,0.0069,24.7462
m1-server,stress,1151,move,accepted,moved,1,0.0145,0.0223,31.6700,2.7649,0.0083,34.4799
m1-server,stress,1152,drop,accepted,dropped,1,0.0203,0.0311,19.5447,1.2512,0.0072,20.8545
m1-server,stress,1153,look,accepted,observed,0,0.0160,0.0292,0.0017,0.1235,0.0032,0.1736
m1-server,stress,1154,move,accepted,moved,1,0.0165,0.0109,16.9967,1.2604,0.0170,18.3015
m1-server,stress,1155,look,accepted,observed,0,0.0208,0.0202,0.0017,0.0923,0.0032,0.1382
m1-server,stress,1156,move,accepted,moved,1,0.0168,0.0072,18.7177,1.1963,0.0083,19.9462
m1-server,stress,1157,look,accepted,observed,0,0.0203,0.0205,0.0018,0.0991,0.0030,0.1447
m1-server,stress,1158,move,rejected,exit_unavailable,0,0.0160,0.0064,0.0015,0.0894,0.0027,0.1160
m1-server,stress,1159,look,accepted,observed,0,0.0163,0.0062,0.0015,0.0884,0.0026,0.1149
m1-server,stress,1160,move,accepted,moved,1,0.0160,0.0060,22.7516,1.1968,0.0069,23.9773
m1-server,stress,1161,move,accepted,moved,1,0.0148,0.0190,15.8795,1.2090,0.0080,17.1302
m1-server,stress,1162,talk,rejected,not_eligible,0,0.0240,0.0206,0.0018,0.0764,0.0032,0.1260
m1-server,stress,1163,look,accepted,observed,0,0.0137,0.0061,0.0015,0.1081,0.0028,0.1323
m1-server,stress,1164,look,accepted,observed,0,0.0152,0.0058,0.0016,0.0612,0.0021,0.0858
m1-server,stress,1165,look,accepted,observed,0,0.0148,0.0057,0.0016,0.0596,0.0029,0.0846
m1-server,stress,1166,look,accepted,observed,0,0.0149,0.0058,0.0015,0.0543,0.0021,0.0786
m1-server,stress,1167,move,rejected,exit_unavailable,0,0.0147,0.0055,0.0015,0.0957,0.0027,0.1201
m1-server,stress,1168,look,accepted,observed,0,0.0135,0.0056,0.0014,0.0656,0.0023,0.0883
m1-server,stress,1169,wait,rejected,invalid_time,0,0.0117,0.0050,0.0014,0.0706,0.0027,0.0914
m1-server,stress,1170,move,accepted,moved,1,0.0101,0.0056,20.1431,2.6803,0.0068,22.8459
m1-server,stress,1171,look,accepted,observed,0,0.0143,0.0153,0.0014,0.0892,0.0032,0.1233
m1-server,stress,1172,take,rejected,not_present,0,0.0115,0.0060,0.0016,0.0568,0.0021,0.0780
m1-server,stress,1173,move,accepted,moved,1,0.0096,0.0055,19.3178,1.2267,0.0068,20.5664
m1-server,stress,1174,activate,rejected,not_eligible,0,0.0158,0.0213,0.0015,0.0967,0.0027,0.1381
m1-server,stress,1175,wait,rejected,invalid_time,0,0.0115,0.0080,0.0014,0.0497,0.0025,0.0731
m1-server,stress,1176,take,accepted,taken,1,0.0103,0.0066,19.7637,1.2288,0.0076,21.0169
m1-server,stress,1177,activate,rejected,not_eligible,0,0.0207,0.0206,0.0015,0.0895,0.0036,0.1360
m1-server,stress,1178,wait,rejected,invalid_time,0,0.0185,0.0063,0.0013,0.1023,0.0030,0.1314
m1-server,stress,1179,move,accepted,moved,1,0.0149,0.0080,17.8042,1.2178,0.0071,19.0520
m1-server,stress,1180,move,accepted,moved,1,0.0193,0.0239,17.9212,1.2652,0.0074,19.2369
m1-server,stress,1181,choose,rejected,invalid_choice,0,0.0213,0.0209,0.0015,0.0959,0.0028,0.1424
m1-server,stress,1182,wait,rejected,invalid_time,0,0.0189,0.0055,0.0014,0.1030,0.0028,0.1317
m1-server,stress,1183,look,accepted,observed,0,0.0151,0.0050,0.0013,0.0799,0.0028,0.1040
m1-server,stress,1184,look,accepted,observed,0,0.0182,0.0062,0.0014,0.0777,0.0033,0.1068
m1-server,stress,1185,move,accepted,moved,1,0.0147,0.0068,18.9930,1.2294,0.0070,20.2508
m1-server,stress,1186,activate,rejected,not_eligible,0,0.0158,0.0229,0.0016,0.0895,0.0032,0.1330
m1-server,stress,1187,close_choice,rejected,invalid_choice,0,0.0136,0.0087,0.0016,0.1030,0.0028,0.1297
m1-server,stress,1188,move,accepted,moved,1,0.0146,0.0087,17.4443,2.8668,0.0103,20.3447
m1-server,stress,1189,close_choice,rejected,invalid_choice,0,0.0165,0.0243,0.0015,0.1051,0.0023,0.1497
m1-server,stress,1190,look,accepted,observed,0,0.0103,0.0044,0.0013,0.0884,0.0020,0.1064
m1-server,stress,1191,move,rejected,exit_unavailable,0,0.0096,0.0048,0.0014,0.0530,0.0018,0.0705
m1-server,stress,1192,look,accepted,observed,0,0.0128,0.0034,0.0013,0.0783,0.0018,0.0975
m1-server,stress,1193,look,accepted,observed,0,0.0094,0.0035,0.0012,0.0519,0.0018,0.0678
m1-server,stress,1194,wait,rejected,invalid_time,0,0.0092,0.0040,0.0013,0.0527,0.0019,0.0690
m1-server,stress,1195,move,accepted,moved,1,0.0093,0.0048,17.0882,1.2788,0.0087,18.3898
m1-server,stress,1196,choose,rejected,invalid_choice,0,0.0147,0.0183,0.0018,0.0672,0.0030,0.1049
m1-server,stress,1197,talk,accepted,choice_opened,1,0.0159,0.0073,19.3320,1.1792,0.0060,20.5405
m1-server,stress,1198,move,rejected,exit_unavailable,0,0.0187,0.0186,0.0018,0.0778,0.0030,0.1198
m1-server,stress,1199,look,accepted,observed,0,0.0142,0.0082,0.0020,0.0648,0.0027,0.0919
m1-server,stress,1200,talk,accepted,choice_opened,1,0.0153,0.0080,16.9725,0.3212,0.0079,17.3249
m1-server,stress,1201,look,accepted,observed,0,0.0168,0.0156,0.0014,0.0617,0.0023,0.0978
m1-server,stress,1202,drop,accepted,dropped,1,0.0138,0.0075,16.0405,1.2351,0.0080,17.3049
m1-server,stress,1203,look,accepted,observed,0,0.0180,0.0194,0.0017,0.0874,0.0028,0.1292
m1-server,stress,1204,move,accepted,moved,1,0.0153,0.0069,23.7460,1.2226,0.0075,24.9982
m1-server,stress,1205,look,accepted,observed,0,0.0188,0.0259,0.0018,0.0733,0.0032,0.1230
m1-server,stress,1206,move,accepted,moved,1,0.0111,0.0080,25.7366,1.2197,0.0071,26.9825
m1-server,stress,1207,move,accepted,moved,1,0.0199,0.0269,24.7949,2.6113,0.0062,27.4592
m1-server,stress,1208,look,accepted,observed,0,0.0154,0.0217,0.0017,0.0889,0.0022,0.1300
m1-server,stress,1209,move,accepted,moved,1,0.0103,0.0077,25.1573,1.2093,0.0073,26.3919
m1-server,stress,1210,take,accepted,taken,1,0.0161,0.0243,25.6480,1.1738,0.0069,26.8691
m1-server,stress,1211,choose,rejected,invalid_choice,0,0.0155,0.0293,0.0015,0.0830,0.0033,0.1327
m1-server,stress,1212,look,accepted,observed,0,0.0140,0.0077,0.0015,0.0593,0.0025,0.0850
m1-server,stress,1213,move,accepted,moved,1,0.0149,0.0098,30.1151,1.1695,0.0073,31.3165
m1-server,stress,1214,move,rejected,exit_unavailable,0,0.0194,0.0216,0.0017,0.1157,0.0031,0.1614
m1-server,stress,1215,move,accepted,moved,1,0.0142,0.0068,20.3004,1.2333,0.0083,21.5630
m1-server,stress,1216,look,accepted,observed,0,0.0227,0.0186,0.0016,0.0929,0.0031,0.1389
m1-server,stress,1217,move,accepted,moved,1,0.0166,0.0080,15.5949,1.2501,0.0177,16.8873
m1-server,stress,1218,look,accepted,observed,0,0.0185,0.0183,0.0017,0.0860,0.0045,0.1290
m1-server,stress,1219,choose,rejected,stale_view,0,0.0165,0.0095,0.0016,0.0565,0.0054,0.0895
m1-server,stress,1220,wait,rejected,invalid_time,0,0.0187,0.0056,0.0014,0.1037,0.0040,0.1334
m1-server,stress,1221,look,accepted,observed,0,0.0145,0.0056,0.0013,0.0694,0.0027,0.0935
m1-server,stress,1222,look,accepted,observed,0,0.0150,0.0055,0.0013,0.0909,0.0026,0.1155
m1-server,stress,1223,move,accepted,moved,1,0.0137,0.0070,18.5505,2.6259,0.0080,21.2052
m1-server,stress,1224,wait,rejected,invalid_time,0,0.0141,0.0182,0.0018,0.0777,0.0025,0.1143
m1-server,stress,1225,drop,accepted,dropped,1,0.0104,0.0058,18.4929,1.2311,0.0071,19.7473
m1-server,stress,1226,move,accepted,moved,1,0.0220,0.0221,16.6893,1.2078,0.0080,17.9491
m1-server,stress,1227,move,rejected,exit_unavailable,0,0.0218,0.0253,0.0019,0.1153,0.0029,0.1672
m1-server,stress,1228,move,accepted,moved,1,0.0147,0.0075,23.0565,1.2032,0.0062,24.2882
m1-server,stress,1229,look,accepted,observed,0,0.0155,0.0239,0.0016,0.0804,0.0032,0.1246
m1-server,stress,1230,look,accepted,observed,0,0.0152,0.0058,0.0057,0.0620,0.0023,0.0909
m1-server,stress,1231,take,accepted,taken,1,0.0139,0.0071,15.7343,1.2119,0.0085,16.9757
m1-server,stress,1232,drop,accepted,dropped,1,0.0139,0.0179,19.3257,1.2015,0.0083,20.5673
m1-server,stress,1233,wait,rejected,invalid_time,0,0.0220,0.0165,0.0018,0.0964,0.0030,0.1396
m1-server,stress,1234,choose,rejected,invalid_choice,0,0.0140,0.0103,0.0016,0.0902,0.0028,0.1188
m1-server,stress,1235,look,accepted,observed,0,0.0141,0.0058,0.0015,0.0893,0.0026,0.1134
m1-server,stress,1236,drop,replayed,dropped,0,0.0232,0.0055,0.0002,0.0000,0.0021,0.0310
m1-server,stress,1237,move,accepted,moved,1,0.0085,0.0051,20.5935,2.8186,0.0078,23.4335
m1-server,stress,1238,move,accepted,moved,1,0.0191,0.0297,24.6985,1.2514,0.0068,26.0055
m1-server,stress,1239,take,rejected,not_present,0,0.0167,0.0203,0.0016,0.0617,0.0024,0.1026
m1-server,stress,1240,move,accepted,moved,1,0.0166,0.0081,23.6279,1.2445,0.0073,24.9044
m1-server,stress,1241,choose,rejected,stale_view,0,0.0217,0.0251,0.0017,0.0896,0.0034,0.1415
m1-server,stress,1242,move,accepted,moved,1,0.0153,0.0093,30.5320,1.1791,0.0063,31.7420
m1-server,stress,1243,move,accepted,moved,1,0.0163,0.0155,16.0198,1.2549,0.0178,17.3243
m1-server,stress,1244,move,accepted,moved,1,0.0198,0.0285,15.8955,1.2263,0.0051,17.1753
m1-server,stress,1245,move,accepted,moved,1,0.0223,0.0243,16.0200,2.8742,0.0083,18.9490
m1-server,stress,1246,close_choice,accepted,choice_closed,1,0.0174,0.0192,21.9378,1.3711,0.0079,23.3535
m1-server,stress,1247,activate,rejected,not_eligible,0,0.0168,0.0193,0.0018,0.0835,0.0029,0.1242
m1-server,stress,1248,move,accepted,moved,1,0.0176,0.0070,24.0873,1.2397,0.0063,25.3579
m1-server,stress,1249,wait,rejected,invalid_time,0,0.0160,0.0210,0.0016,0.0909,0.0037,0.1332
m1-server,stress,1250,take,accepted,taken,1,0.0134,0.0089,23.4915,1.1534,0.0068,24.6740
m1-server,stress,1251,wait,rejected,invalid_time,0,0.0160,0.0179,0.0015,0.0671,0.0031,0.1056
m1-server,stress,1252,move,accepted,moved,1,0.0150,0.0100,17.7095,1.2403,0.0084,18.9832
m1-server,stress,1253,look,accepted,observed,0,0.0200,0.0194,0.0014,0.1028,0.0028,0.1465
m1-server,stress,1254,wait,rejected,invalid_time,0,0.0180,0.0058,0.0013,0.0576,0.0021,0.0848
m1-server,stress,1255,look,accepted,observed,0,0.0158,0.0046,0.0014,0.1024,0.0026,0.1268
m1-server,stress,1256,talk,rejected,not_eligible,0,0.0155,0.0053,0.0013,0.0585,0.0020,0.0825
m1-server,stress,1257,move,accepted,moved,1,0.0148,0.0061,14.9527,1.2754,0.0092,16.2582
m1-server,stress,1258,move,accepted,moved,1,0.0149,0.0178,19.2775,2.8083,0.0072,22.1257
m1-server,stress,1259,move,accepted,moved,1,0.0293,0.0221,19.0068,1.2067,0.0060,20.2708
m1-server,stress,1260,look,accepted,observed,0,0.0140,0.0166,0.0015,0.0565,0.0030,0.0915
m1-server,stress,1261,wait,rejected,invalid_time,0,0.0113,0.0058,0.0016,0.0583,0.0021,0.0789
m1-server,stress,1262,move,accepted,moved,1,0.0096,0.0050,19.1697,1.2922,0.0079,20.4844
m1-server,stress,1263,talk,rejected,not_eligible,0,0.0214,0.0205,0.0017,0.1107,0.0030,0.1573
m1-server,stress,1264,look,accepted,observed,0,0.0182,0.0055,0.0015,0.0564,0.0023,0.0838
m1-server,stress,1265,move,accepted,moved,1,0.0148,0.0081,18.1010,1.2539,0.0072,19.3849
m1-server,stress,1266,move,accepted,moved,1,0.0234,0.0204,19.6092,1.1942,0.0070,20.8541
m1-server,stress,1267,look,accepted,observed,0,0.0230,0.0312,0.0021,0.1188,0.0030,0.1780
m1-server,stress,1268,look,accepted,observed,0,0.0148,0.0068,0.0042,0.0986,0.0027,0.1271
m1-server,stress,1269,look,accepted,observed,0,0.0163,0.0058,0.0030,0.1060,0.0026,0.1338
m1-server,stress,1270,move,accepted,moved,1,0.0162,0.0069,19.1427,1.2443,0.0059,20.4160
m1-server,stress,1271,look,accepted,observed,0,0.0211,0.0193,0.0016,0.0980,0.0028,0.1428
m1-server,stress,1272,drop,accepted,dropped,1,0.0126,0.0075,24.0617,2.8039,0.0149,26.9006
m1-server,stress,1273,move,accepted,moved,1,0.0211,0.0206,14.6579,1.2908,0.0056,15.9961
m1-server,stress,1274,look,accepted,observed,0,0.0169,0.0194,0.0015,0.0933,0.0029,0.1339
m1-server,stress,1275,look,accepted,observed,0,0.0149,0.0067,0.0017,0.1041,0.0026,0.1299
m1-server,stress,1276,take,rejected,not_present,0,0.0154,0.0059,0.0015,0.0707,0.0033,0.0969
m1-server,stress,1277,look,accepted,observed,0,0.0188,0.0053,0.0015,0.0710,0.0027,0.0993
m1-server,stress,1278,look,accepted,observed,0,0.0140,0.0058,0.0014,0.0971,0.0026,0.1209
m1-server,stress,1279,look,accepted,observed,0,0.0151,0.0050,0.0015,0.1058,0.0028,0.1303
m1-server,stress,1280,take,rejected,not_present,0,0.0147,0.0058,0.0015,0.1216,0.0027,0.1463
m1-server,stress,1281,move,accepted,moved,1,0.0141,0.0076,25.3869,1.2171,0.0134,26.6391
m1-server,stress,1282,look,accepted,observed,0,0.0210,0.0186,0.0015,0.0886,0.0028,0.1325
m1-server,stress,1283,move,accepted,moved,1,0.0143,0.0088,18.2280,1.2572,0.0086,19.5169
m1-server,stress,1284,wait,rejected,invalid_time,0,0.0231,0.0238,0.0018,0.0912,0.0028,0.1427
m1-server,stress,1285,look,accepted,observed,0,0.0135,0.0078,0.0017,0.0683,0.0027,0.0940
m1-server,stress,1286,move,accepted,moved,1,0.0156,0.0093,15.4526,1.2613,0.0053,16.7441
m1-server,stress,1287,move,accepted,moved,1,0.0243,0.0224,17.0359,1.2292,0.0078,18.3195
m1-server,stress,1288,look,accepted,observed,0,0.0195,0.0167,0.0017,0.0735,0.0026,0.1140
m1-server,stress,1289,move,accepted,moved,1,0.0120,0.0076,22.9148,2.5816,0.0064,25.5223
m1-server,stress,1290,wait,rejected,invalid_time,0,0.0154,0.0177,0.0016,0.0837,0.0023,0.1208
m1-server,stress,1291,look,accepted,observed,0,0.0103,0.0042,0.0026,0.0580,0.0034,0.0784
m1-server,stress,1292,wait,rejected,invalid_time,0,0.0111,0.0058,0.0028,0.0501,0.0023,0.0720
m1-server,stress,1293,move,accepted,moved,1,0.0104,0.0055,24.3010,1.2034,0.0066,25.5269
m1-server,stress,1294,wait,rejected,invalid_time,0,0.0229,0.0258,0.0016,0.0936,0.0030,0.1469
m1-server,stress,1295,look,accepted,observed,0,0.0127,0.0073,0.0015,0.0537,0.0024,0.0775
m1-server,stress,1296,move,accepted,moved,1,0.0148,0.0076,29.2622,1.2130,0.0142,30.5117
m1-server,stress,1297,activate,rejected,not_eligible,0,0.0188,0.0217,0.0015,0.0860,0.0043,0.1323
m1-server,stress,1298,look,accepted,observed,0,0.0136,0.0058,0.0014,0.0786,0.0028,0.1022
m1-server,stress,1299,look,accepted,observed,0,0.0188,0.0057,0.0015,0.0596,0.0021,0.0877
m1-server,stress,1300,talk,rejected,not_eligible,0,0.0140,0.0060,0.0014,0.0563,0.0026,0.0804
m1-server,stress,1301,take,rejected,not_present,0,0.0176,0.0059,0.0013,0.0793,0.0027,0.1068
m1-server,stress,1302,move,accepted,moved,1,0.0148,0.0084,16.1337,1.2363,0.0095,17.4028
m1-server,stress,1303,move,rejected,exit_unavailable,0,0.0188,0.0231,0.0016,0.0836,0.0028,0.1299
m1-server,stress,1304,look,accepted,observed,0,0.0156,0.0067,0.0014,0.0800,0.0033,0.1069
m1-server,stress,1305,wait,rejected,invalid_time,0,0.0185,0.0068,0.0015,0.0606,0.0027,0.0901
m1-server,stress,1306,move,accepted,moved,1,0.0148,0.0074,16.0869,1.2130,0.0060,17.3281
m1-server,stress,1307,activate,rejected,not_eligible,0,0.0193,0.0192,0.0016,0.0781,0.0033,0.1216
m1-server,stress,1308,look,accepted,observed,0,0.0135,0.0061,0.0014,0.0538,0.0026,0.0773
m1-server,stress,1309,look,accepted,observed,0,0.0148,0.0045,0.0013,0.0605,0.0021,0.0832
m1-server,stress,1310,look,accepted,observed,0,0.0141,0.0045,0.0013,0.0613,0.0021,0.0832
m1-server,stress,1311,wait,rejected,invalid_time,0,0.0150,0.0048,0.0014,0.0595,0.0021,0.0828
m1-server,stress,1312,look,accepted,observed,0,0.0147,0.0062,0.0015,0.0558,0.0024,0.0805
m1-server,stress,1313,look,accepted,observed,0,0.0180,0.0071,0.0018,0.0750,0.0035,0.1054
m1-server,stress,1314,wait,rejected,invalid_time,0,0.0122,0.0055,0.0015,0.0528,0.0025,0.0745
m1-server,stress,1315,take,rejected,not_present,0,0.0200,0.0053,0.0015,0.0608,0.0024,0.0900
m1-server,stress,1316,wait,rejected,invalid_time,0,0.0148,0.0060,0.0015,0.0544,0.0020,0.0788
m1-server,stress,1317,look,accepted,observed,0,0.0150,0.0045,0.0014,0.0604,0.0020,0.0833
m1-server,stress,1318,look,accepted,observed,0,0.0156,0.0059,0.0015,0.1043,0.0029,0.1301
m1-server,stress,1319,activate,rejected,not_eligible,0,0.0173,0.0045,0.0013,0.0590,0.0025,0.0845
m1-server,stress,1320,look,accepted,observed,0,0.0143,0.0056,0.0014,0.0772,0.0025,0.1011
m1-server,stress,1321,activate,rejected,not_eligible,0,0.0898,0.0049,0.0013,0.0578,0.0020,0.1558
m1-server,stress,1322,look,accepted,observed,0,0.0162,0.0057,0.0013,0.1078,0.0028,0.1338
m1-server,stress,1323,look,accepted,observed,0,0.0125,0.0043,0.0013,0.0513,0.0022,0.0716
m1-server,stress,1324,move,accepted,moved,1,0.0144,0.0060,16.6120,1.2244,0.0076,17.8644
m1-server,stress,1325,look,accepted,observed,0,0.0162,0.0174,0.0016,0.0917,0.0028,0.1296
m1-server,stress,1326,wait,rejected,invalid_time,0,0.0154,0.0061,0.0015,0.0564,0.0022,0.0817
m1-server,stress,1327,look,accepted,observed,0,0.0147,0.0047,0.0015,0.0604,0.0020,0.0834
m1-server,stress,1328,wait,rejected,invalid_time,0,0.0153,0.0047,0.0014,0.0539,0.0020,0.0773
m1-server,stress,1329,look,accepted,observed,0,0.0139,0.0042,0.0015,0.0870,0.0025,0.1091
m1-server,stress,1330,look,accepted,observed,0,0.0146,0.0056,0.0013,0.0610,0.0023,0.0848
m1-server,stress,1331,look,accepted,observed,0,0.0141,0.0054,0.0014,0.0563,0.0020,0.0792
m1-server,stress,1332,take,rejected,not_present,0,0.0150,0.0048,0.0015,1.4552,0.0023,1.4787
m1-server,stress,1333,move,accepted,moved,1,0.0097,0.0053,19.5855,1.2751,0.0089,20.8845
m1-server,stress,1334,choose,rejected,invalid_choice,0,0.0218,0.0211,0.0018,0.1452,0.0031,0.1930
m1-server,stress,1335,move,rejected,exit_unavailable,0,0.0133,0.0110,0.0020,0.0744,0.0030,0.1036
m1-server,stress,1336,wait,rejected,invalid_time,0,0.0143,0.0064,0.0015,0.0676,0.0023,0.0921
m1-server,stress,1337,move,accepted,moved,1,0.0150,0.0080,14.9792,1.2390,0.0087,16.2498
m1-server,stress,1338,look,accepted,observed,0,0.0216,0.0182,0.0016,0.0849,0.0028,0.1291
m1-server,stress,1339,look,accepted,observed,0,0.0166,0.0050,0.0013,0.0790,0.0027,0.1046
m1-server,stress,1340,move,accepted,moved,1,0.0155,0.0064,15.5976,1.2271,0.0078,16.8543
m1-server,stress,1341,move,accepted,moved,1,0.0149,0.0181,15.6186,1.2290,0.0079,16.8885
m1-server,stress,1342,move,accepted,moved,1,0.0216,0.0202,20.0566,1.2628,0.0075,21.3686
m1-server,stress,1343,look,accepted,observed,0,0.0208,0.0170,0.0016,0.1017,0.0029,0.1440
m1-server,stress,1344,move,accepted,moved,1,0.0167,0.0066,20.9120,2.8665,0.0136,23.8154
m1-server,stress,1345,move,accepted,moved,1,0.0198,0.0260,17.6175,1.2593,0.0246,18.9471
m1-server,stress,1346,move,rejected,exit_unavailable,0,0.0215,0.0227,0.0017,0.0705,0.0089,0.1253
m1-server,stress,1347,wait,rejected,invalid_time,0,0.0106,0.0047,0.0014,0.0545,0.0034,0.0745
m1-server,stress,1348,look,accepted,observed,0,0.0094,0.0038,0.0013,0.0523,0.0031,0.0699
m1-server,stress,1349,move,accepted,moved,1,0.0093,0.0046,16.3985,1.1997,0.0075,17.6197
m1-server,stress,1350,look,accepted,observed,0,0.0213,0.0152,0.0015,0.0927,0.0027,0.1334
m1-server,stress,1351,wait,rejected,invalid_time,0,0.0161,0.0080,0.0018,0.0885,0.0027,0.1170
m1-server,stress,1352,talk,rejected,not_eligible,0,0.0169,0.0056,0.0014,0.1025,0.0026,0.1290
m1-server,stress,1353,wait,rejected,invalid_time,0,0.0179,0.0052,0.0013,0.0898,0.0025,0.1168
m1-server,stress,1354,move,accepted,moved,1,0.0145,0.0057,15.4515,1.2060,0.0067,16.6845
m1-server,stress,1355,move,accepted,moved,1,0.0139,0.0184,18.4061,1.1896,0.0107,19.6387
m1-server,stress,1356,close_choice,rejected,invalid_choice,0,0.0150,0.0198,0.0016,0.0877,0.0047,0.1288
m1-server,stress,1357,talk,rejected,not_eligible,0,0.0147,0.0068,0.0015,0.0937,0.0040,0.1208
m1-server,stress,1358,move,accepted,moved,1,0.0127,0.0073,17.3568,1.1820,0.0053,18.5641
m1-server,stress,1359,choose,rejected,invalid_choice,0,0.0179,0.0194,0.0017,0.0710,0.0029,0.1129
m1-server,stress,1360,move,accepted,moved,1,0.0152,0.0081,21.1863,2.6409,0.0085,23.8589
m1-server,stress,1361,move,accepted,moved,1,0.0141,0.0213,28.2166,1.2338,0.0095,29.4953
m1-server,stress,1362,move,rejected,exit_unavailable,0,0.0146,0.0164,0.0016,0.0688,0.0050,0.1063
m1-server,stress,1363,move,accepted,moved,1,0.0130,0.0084,17.4863,1.2247,0.0087,18.7411
m1-server,stress,1364,move,accepted,moved,1,0.0230,0.0263,17.3233,1.1936,0.0065,18.5727
m1-server,stress,1365,move,rejected,exit_unavailable,0,0.0204,0.0163,0.0016,0.0837,0.0030,0.1249
m1-server,stress,1366,move,accepted,moved,1,0.0140,0.0078,18.9296,1.1902,0.0134,20.1551
m1-server,stress,1367,activate,rejected,not_eligible,0,0.0204,0.0185,0.0017,0.0904,0.0041,0.1351
m1-server,stress,1368,talk,rejected,not_eligible,0,0.0185,0.0063,0.0015,0.0950,0.0038,0.1251
m1-server,stress,1369,move,accepted,moved,1,0.0183,0.0073,19.8173,1.2142,0.0085,21.0655
m1-server,stress,1370,activate,rejected,not_eligible,0,0.0208,0.0213,0.0015,0.1076,0.0061,0.1574
m1-server,stress,1371,look,accepted,observed,0,0.0136,0.0060,0.0015,0.0649,0.0046,0.0906
m1-server,stress,1372,look,accepted,observed,0,0.0126,0.0050,0.0013,0.0585,0.0038,0.0812
m1-server,stress,1373,look,accepted,observed,0,0.0103,0.0039,0.0013,0.0520,0.0019,0.0693
m1-server,stress,1374,move,accepted,moved,1,0.0099,0.0062,21.0689,2.7759,0.0101,23.8710
m1-server,stress,1375,look,accepted,observed,0,0.0196,0.0203,0.0016,0.0897,0.0036,0.1348
m1-server,stress,1376,move,accepted,moved,1,0.0196,0.0082,18.5631,1.2048,0.0106,19.8063
m1-server,stress,1377,move,rejected,exit_unavailable,0,0.0227,0.0196,0.0016,0.0985,0.0042,0.1465
m1-server,stress,1378,move,accepted,moved,1,0.0130,0.0084,18.5656,1.1632,0.0063,19.7564
m1-server,stress,1379,wait,rejected,invalid_time,0,0.0147,0.0152,0.0015,0.0710,0.0032,0.1055
m1-server,stress,1380,look,accepted,observed,0,0.0148,0.0061,0.0014,0.0711,0.0030,0.0963
m1-server,stress,1381,look,accepted,observed,0,0.0159,0.0059,0.0014,0.0687,0.0027,0.0946
m1-server,stress,1382,look,accepted,observed,0,0.0153,0.0050,0.0014,0.0721,0.0027,0.0965
m1-server,stress,1383,move,accepted,moved,1,0.0155,0.0066,19.0398,1.2376,0.0055,20.3050
m1-server,stress,1384,take,replayed,not_present,0,0.0307,0.0185,0.0002,0.0000,0.0022,0.0516
m1-server,stress,1385,move,rejected,exit_unavailable,0,0.0217,0.0070,0.0017,0.0929,0.0029,0.1263
m1-server,stress,1386,look,accepted,observed,0,0.0166,0.0053,0.0014,0.1055,0.0029,0.1318
m1-server,stress,1387,take,rejected,not_present,0,0.0169,0.0058,0.0014,0.0813,0.0026,0.1080
m1-server,stress,1388,look,accepted,observed,0,0.0174,0.0046,0.0013,0.0563,0.0021,0.0816
m1-server,stress,1389,look,accepted,observed,0,0.0160,0.0061,0.0015,0.0623,0.0024,0.0883
m1-server,stress,1390,wait,rejected,invalid_time,0,0.0148,0.0063,0.0015,0.0529,0.0022,0.0776
m1-server,stress,1391,look,accepted,observed,0,0.0150,0.0043,0.0013,0.0782,0.0025,0.1013
m1-server,stress,1392,choose,rejected,invalid_choice,0,0.0133,0.0071,0.0015,0.0465,0.0021,0.0705
m1-server,stress,1393,move,accepted,moved,1,0.0097,0.0048,19.3452,1.2199,0.0130,20.5926
m1-server,stress,1394,choose,rejected,invalid_choice,0,0.0186,0.0187,0.0038,0.0885,0.0031,0.1328
m1-server,stress,1395,look,accepted,observed,0,0.0109,0.0048,0.0034,0.0520,0.0025,0.0735
m1-server,stress,1396,move,accepted,moved,1,0.0183,0.0078,15.5697,1.2695,0.0055,16.8707
m1-server,stress,1397,move,accepted,moved,1,0.0202,0.0173,18.4968,2.9798,0.0113,21.5253
m1-server,stress,1398,look,accepted,observed,0,0.0245,0.0330,0.0015,0.0884,0.0023,0.1496
m1-server,stress,1399,move,accepted,moved,1,0.0102,0.0077,18.8139,1.2690,0.0087,20.1095
m1-server,stress,1400,take,rejected,not_present,0,0.0150,0.0181,0.0016,0.0880,0.0032,0.1259
m1-server,stress,1401,take,rejected,not_present,0,0.0132,0.0061,0.0015,0.0649,0.0025,0.0883
m1-server,stress,1402,wait,rejected,invalid_time,0,0.0163,0.0053,0.0014,0.0601,0.0030,0.0860
m1-server,stress,1403,look,accepted,observed,0,0.0149,0.0056,0.0015,0.0618,0.0020,0.0858
m1-server,stress,1404,look,accepted,observed,0,0.0145,0.0046,0.0013,0.0656,0.0033,0.0893
m1-server,stress,1405,look,accepted,observed,0,0.0148,0.0055,0.0013,0.1110,0.0027,0.1352
m1-server,stress,1406,look,accepted,observed,0,0.0148,0.0045,0.0013,0.0603,0.0020,0.0830
m1-server,stress,1407,look,accepted,observed,0,0.0140,0.0039,0.0015,0.0578,0.0023,0.0795
m1-server,stress,1408,wait,rejected,invalid_time,0,0.0142,0.0048,0.0015,0.0555,0.0020,0.0779
m1-server,stress,1409,move,accepted,moved,1,0.0145,0.0055,16.6471,1.2577,0.0104,17.9353
m1-server,stress,1410,move,accepted,moved,1,0.0203,0.0172,20.4548,1.2614,0.0066,21.7602
m1-server,stress,1411,wait,rejected,invalid_time,0,0.0190,0.0179,0.0015,0.0920,0.0027,0.1330
m1-server,stress,1412,move,accepted,moved,1,0.0142,0.0081,18.5177,1.2021,0.0053,19.7473
m1-server,stress,1413,look,accepted,observed,0,0.0195,0.0163,0.0015,0.0848,0.0031,0.1252
m1-server,stress,1414,wait,rejected,invalid_time,0,0.0151,0.0055,0.0014,0.0588,0.0022,0.0830
m1-server,stress,1415,look,accepted,observed,0,0.0146,0.0046,0.0015,0.0525,0.0020,0.0751
m1-server,stress,1416,talk,rejected,not_eligible,0,0.0143,0.0051,0.0014,0.0670,0.0021,0.0899
m1-server,stress,1417,move,accepted,moved,1,0.0141,0.0058,21.2067,1.2453,0.0096,22.4815
m1-server,stress,1418,look,accepted,observed,0,0.0184,0.0183,0.0015,0.0655,0.0025,0.1060
m1-server,stress,1419,look,accepted,observed,0,0.0173,0.0069,0.0017,0.0905,0.0034,0.1197
m1-server,stress,1420,look,accepted,observed,0,0.0153,0.0045,0.0013,0.0603,0.0035,0.0849
m1-server,stress,1421,move,accepted,moved,1,0.0129,0.0077,20.8509,2.8149,0.0067,23.6930
m1-server,stress,1422,move,accepted,moved,1,0.0156,0.0190,15.8876,1.2643,0.0092,17.1957
m1-server,stress,1423,move,rejected,exit_unavailable,0,0.0166,0.0252,0.0016,0.0811,0.0037,0.1282
m1-server,stress,1424,move,accepted,moved,1,0.0190,0.0086,17.3921,1.2723,0.0080,18.7001
m1-server,stress,1425,look,accepted,observed,0,0.0154,0.0192,0.0015,0.0931,0.0032,0.1323
m1-server,stress,1426,move,accepted,moved,1,0.0128,0.0111,20.7917,1.2148,0.0170,22.0474
m1-server,stress,1427,move,accepted,moved,1,0.0181,0.0204,18.0388,1.1820,0.0090,19.2683
m1-server,stress,1428,take,rejected,not_present,0,0.0230,0.0236,0.0018,0.0818,0.0039,0.1341
m1-server,stress,1429,look,accepted,observed,0,0.0169,0.0078,0.0018,0.1039,0.0029,0.1333
m1-server,stress,1430,look,accepted,observed,0,0.0171,0.0073,0.0014,0.0621,0.0024,0.0903
m1-server,stress,1431,talk,rejected,not_eligible,0,0.0156,0.0079,0.0016,0.0554,0.0023,0.0828
m1-server,stress,1432,look,accepted,observed,0,0.0150,0.0047,0.0028,0.0948,0.0027,0.1199
m1-server,stress,1433,move,rejected,exit_unavailable,0,0.0180,0.0054,0.0028,0.0569,0.0022,0.0853
m1-server,stress,1434,move,accepted,moved,1,0.0153,0.0058,17.9060,1.1715,0.0053,19.1038
m1-server,stress,1435,move,accepted,moved,1,0.0149,0.0177,20.5117,2.8462,0.0118,23.4022
m1-server,stress,1436,move,accepted,moved,1,0.0193,0.0313,25.7238,1.2864,0.0071,27.0678
m1-server,stress,1437,look,accepted,observed,0,0.0177,0.0167,0.0049,0.1087,0.0029,0.1508
m1-server,stress,1438,move,accepted,moved,1,0.0150,0.0091,18.7467,1.1985,0.0105,19.9797
m1-server,stress,1439,move,rejected,exit_unavailable,0,0.0189,0.0393,0.0018,0.1133,0.0029,0.1763
m1-server,stress,1440,move,accepted,moved,1,0.0158,0.0085,16.2748,1.1573,0.0072,17.4636
m1-server,stress,1441,move,accepted,moved,1,0.0195,0.0203,16.7211,1.2059,0.0085,17.9754
m1-server,stress,1442,look,accepted,observed,0,0.0211,0.0204,0.0015,0.1052,0.0030,0.1512
m1-server,stress,1443,wait,rejected,invalid_time,0,0.0151,0.0056,0.0015,0.1034,0.0027,0.1283
m1-server,stress,1444,move,rejected,exit_unavailable,0,0.0179,0.0055,0.0015,0.1027,0.0028,0.1304
m1-server,stress,1445,talk,rejected,not_eligible,0,0.0143,0.0052,0.0015,0.0881,0.0026,0.1117
m1-server,stress,1446,look,accepted,observed,0,0.0160,0.0045,0.0013,0.0755,0.0025,0.0998
m1-server,stress,1447,look,accepted,observed,0,0.0141,0.0067,0.0017,0.1015,0.0027,0.1267
m1-server,stress,1448,look,accepted,observed,0,0.0148,0.0044,0.0014,0.0536,0.0021,0.0763
m1-server,stress,1449,choose,rejected,invalid_choice,0,0.0128,0.0102,0.0024,0.0567,0.0023,0.0844
m1-server,stress,1450,talk,rejected,not_eligible,0,0.0116,0.0064,0.0017,0.0658,0.0021,0.0876
m1-server,stress,1451,activate,rejected,not_eligible,0,0.0179,0.0048,0.0013,0.0529,0.0022,0.0790
m1-server,stress,1452,look,accepted,observed,0,0.0140,0.0043,0.0015,0.0890,0.0025,0.1112
m1-server,stress,1453,look,accepted,observed,0,0.0140,0.0058,0.0015,0.0979,0.0025,0.1216
m1-server,stress,1454,move,accepted,moved,1,0.0164,0.0057,21.6897,1.2484,0.0138,22.9740
m1-server,stress,1455,wait,rejected,invalid_time,0,0.0177,0.0189,0.0016,0.1330,0.0047,0.1759
m1-server,stress,1456,drop,rejected,integrity_conflict,0,0.0231,0.0053,0.0002,0.0000,0.0059,0.0345
m1-server,stress,1457,move,accepted,moved,1,0.0155,0.0068,18.3100,2.9311,0.0079,21.2714
m1-server,stress,1458,talk,rejected,not_eligible,0,0.0175,0.0187,0.0017,0.1238,0.0035,0.1653
m1-server,stress,1459,look,accepted,observed,0,0.0114,0.0054,0.0015,0.0483,0.0023,0.0688
m1-server,stress,1460,wait,rejected,invalid_time,0,0.0099,0.0049,0.0016,0.0532,0.0025,0.0720
m1-server,stress,1461,move,rejected,exit_unavailable,0,0.0136,0.0054,0.0015,0.0620,0.0021,0.0846
m1-server,stress,1462,take,replayed,not_present,0,0.0233,0.0058,0.0002,0.0000,0.0022,0.0315
m1-server,stress,1463,take,rejected,not_present,0,0.0083,0.0038,0.0015,0.0598,0.0025,0.0758
m1-server,stress,1464,move,accepted,moved,1,0.0151,0.0069,16.0841,1.2569,0.0073,17.3703
m1-server,stress,1465,wait,rejected,invalid_time,0,0.0188,0.0189,0.0016,0.0643,0.0023,0.1060
m1-server,stress,1466,move,accepted,moved,1,0.0161,0.0079,17.0310,1.2641,0.0093,18.3284
m1-server,stress,1467,move,accepted,moved,1,0.0152,0.0189,18.2852,1.2046,0.0077,19.5316
m1-server,stress,1468,choose,rejected,invalid_choice,0,0.0138,0.0200,0.0015,0.0984,0.0029,0.1366
m1-server,stress,1469,talk,rejected,not_owned,0,0.0144,0.0083,0.0015,0.0657,0.0025,0.0923
m1-server,stress,1470,activate,rejected,not_eligible,0,0.0142,0.0064,0.0063,0.0893,0.0028,0.1189
m1-server,stress,1471,take,accepted,taken,1,0.0195,0.0056,20.8878,1.2179,0.0069,22.1377
m1-server,stress,1472,look,accepted,observed,0,0.0197,0.0187,0.0046,0.0791,0.0028,0.1248
m1-server,stress,1473,look,accepted,observed,0,0.0157,0.0049,0.0029,0.0621,0.0021,0.0877
m1-server,stress,1474,look,accepted,observed,0,0.0152,0.0044,0.0013,0.0561,0.0022,0.0793
m1-server,stress,1475,activate,rejected,not_eligible,0,0.0142,0.0051,0.0015,0.0604,0.0036,0.0848
m1-server,stress,1476,drop,accepted,dropped,1,0.0145,0.0051,17.6856,1.2254,0.0158,18.9462
m1-server,stress,1477,look,accepted,observed,0,0.0188,0.0151,0.0014,0.0568,0.0083,0.1004
m1-server,stress,1478,look,accepted,observed,0,0.0115,0.0046,0.0013,0.0631,0.0035,0.0840
m1-server,stress,1479,drop,replayed,dropped,0,0.0200,0.0043,0.0002,0.0000,0.0028,0.0274
m1-server,stress,1480,move,accepted,moved,1,0.0078,0.0048,15.6631,2.7077,0.0053,18.3888
m1-server,stress,1481,move,accepted,moved,1,0.0140,0.0170,16.0798,1.2450,0.0065,17.3622
m1-server,stress,1482,wait,rejected,invalid_time,0,0.0139,0.0140,0.0015,0.0582,0.0022,0.0898
m1-server,stress,1483,choose,rejected,stale_view,0,0.0100,0.0076,0.0014,0.0789,0.0020,0.0998
m1-server,stress,1484,look,accepted,observed,0,0.0096,0.0038,0.0012,0.0601,0.0030,0.0777
m1-server,stress,1485,move,rejected,exit_unavailable,0,0.0114,0.0058,0.0016,0.0554,0.0023,0.0765
m1-server,stress,1486,wait,rejected,invalid_time,0,0.0096,0.0041,0.0013,0.0540,0.0018,0.0708
m1-server,stress,1487,look,accepted,observed,0,0.0093,0.0035,0.0013,0.0513,0.0018,0.0672
m1-server,stress,1488,move,rejected,exit_unavailable,0,0.0090,0.0039,0.0013,0.0570,0.0019,0.0730
m1-server,stress,1489,move,accepted,moved,1,0.0090,0.0045,21.6376,1.2391,0.0073,22.8976
m1-server,stress,1490,look,accepted,observed,0,0.0162,0.0160,0.0037,0.0892,0.0027,0.1278
m1-server,stress,1491,wait,rejected,invalid_time,0,0.0172,0.0075,0.0018,0.0637,0.0027,0.0929
m1-server,stress,1492,move,accepted,moved,1,0.0145,0.0071,19.0100,1.2650,0.0092,20.3057
m1-server,stress,1493,look,accepted,observed,0,0.0225,0.0228,0.0015,0.0816,0.0029,0.1312
m1-server,stress,1494,take,accepted,taken,1,0.0173,0.0081,17.8445,1.2794,0.0070,19.1563
m1-server,stress,1495,look,accepted,observed,0,0.0198,0.0158,0.0015,0.0943,0.0028,0.1341
m1-server,stress,1496,look,accepted,observed,0,0.0190,0.0050,0.0014,0.0565,0.0020,0.0839
m1-server,stress,1497,move,accepted,moved,1,0.0159,0.0080,14.9447,1.2650,0.0084,16.2420
m1-server,stress,1498,move,accepted,moved,1,0.0188,0.0162,14.7637,2.7570,0.0080,17.5636
m1-server,stress,1499,move,accepted,moved,1,0.0150,0.0170,16.4487,1.3365,0.0087,17.8259
m1-server,stress,1500,move,rejected,exit_unavailable,0,0.0162,0.0190,0.0016,0.0615,0.0027,0.1009
m1-server,stress,1501,take,replayed,not_present,0,0.0237,0.0060,0.0003,0.0000,0.0022,0.0322
m1-server,stress,1502,talk,rejected,not_eligible,0,0.0083,0.0041,0.0015,0.1033,0.0028,0.1200
m1-server,stress,1503,talk,rejected,not_eligible,0,0.0150,0.0065,0.0015,0.0738,0.0027,0.0994
m1-server,stress,1504,look,accepted,observed,0,0.0124,0.0056,0.0015,0.0538,0.0023,0.0756
m1-server,stress,1505,wait,rejected,invalid_time,0,0.0180,0.0053,0.0015,0.0626,0.0027,0.0901
m1-server,stress,1506,move,accepted,moved,1,0.0147,0.0063,17.9765,1.2263,0.0066,19.2304
m1-server,stress,1507,move,accepted,moved,1,0.0196,0.0196,18.3860,1.2449,0.0219,19.6920
m1-server,stress,1508,look,accepted,observed,0,0.0181,0.0203,0.0016,0.0766,0.0045,0.1211
m1-server,stress,1509,look,accepted,observed,0,0.0147,0.0059,0.0013,0.0869,0.0042,0.1130
m1-server,stress,1510,look,accepted,observed,0,0.0144,0.0056,0.0013,0.0941,0.0043,0.1196
m1-server,stress,1511,move,accepted,moved,1,0.0123,0.0076,15.5401,1.2173,0.0057,16.7830
m1-server,stress,1512,take,replayed,taken,0,0.0336,0.0180,0.0002,0.0000,0.0020,0.0538
m1-server,stress,1513,move,accepted,moved,1,0.0214,0.0075,17.2376,1.2371,0.0076,18.5112
m1-server,stress,1514,take,replayed,not_present,0,0.0402,0.0188,0.0002,0.0000,0.0024,0.0615
m1-server,stress,1515,look,accepted,observed,0,0.0207,0.0060,0.0016,0.1035,0.0029,0.1348
m1-server,stress,1516,look,accepted,observed,0,0.0178,0.0057,0.0015,0.0595,0.0023,0.0868
m1-server,stress,1517,move,accepted,moved,1,0.0139,0.0080,22.1481,2.7339,0.0122,24.9161
m1-server,stress,1518,move,accepted,moved,1,0.0148,0.0152,19.4639,1.2852,0.0102,20.7893
m1-server,stress,1519,look,accepted,observed,0,0.0190,0.0253,0.0015,0.0853,0.0029,0.1340
m1-server,stress,1520,look,accepted,observed,0,0.0105,0.0072,0.0015,0.0667,0.0020,0.0879
m1-server,stress,1521,look,accepted,observed,0,0.0093,0.0056,0.0014,0.0501,0.0025,0.0689
m1-server,stress,1522,look,accepted,observed,0,0.0113,0.0042,0.0028,0.0608,0.0022,0.0813
m1-server,stress,1523,move,accepted,moved,1,0.0099,0.0054,17.7854,1.2595,0.0071,19.0673
m1-server,stress,1524,move,accepted,moved,1,0.0233,0.0199,15.2868,1.2350,0.0079,16.5730
m1-server,stress,1525,move,accepted,moved,1,0.0206,0.0168,15.3564,1.2072,0.0078,16.6088
m1-server,stress,1526,drop,accepted,dropped,1,0.0212,0.0166,17.3604,1.2151,0.0072,18.6205
m1-server,stress,1527,move,accepted,moved,1,0.0208,0.0193,19.2745,2.6018,0.0060,21.9222
m1-server,stress,1528,look,accepted,observed,0,0.0148,0.0205,0.0015,0.0885,0.0024,0.1277
m1-server,stress,1529,look,accepted,observed,0,0.0100,0.0043,0.0025,0.0760,0.0019,0.0946
m1-server,stress,1530,wait,rejected,invalid_time,0,0.0095,0.0045,0.0027,0.0568,0.0020,0.0754
m1-server,stress,1531,move,accepted,moved,1,0.0091,0.0051,17.8015,1.2641,0.0106,19.0905
m1-server,stress,1532,look,accepted,observed,0,0.0248,0.0177,0.0015,0.0545,0.0025,0.1010
m1-server,stress,1533,talk,rejected,not_eligible,0,0.0200,0.0062,0.0015,0.0736,0.0033,0.1046
m1-server,stress,1534,look,accepted,observed,0,0.0170,0.0069,0.0014,0.0809,0.0026,0.1088
m1-server,stress,1535,look,accepted,observed,0,0.0173,0.0062,0.0013,0.0797,0.0026,0.1071
m1-server,stress,1536,move,rejected,exit_unavailable,0,0.0180,0.0072,0.0015,0.0569,0.0021,0.0857
m1-server,stress,1537,activate,rejected,not_eligible,0,0.0158,0.0087,0.0014,0.0680,0.0030,0.0968
m1-server,stress,1538,take,rejected,not_present,0,0.0147,0.0070,0.0014,0.0513,0.0021,0.0765
m1-server,stress,1539,move,accepted,moved,1,0.0151,0.0055,17.1893,1.2716,0.0072,18.4887
m1-server,stress,1540,move,accepted,moved,1,0.0195,0.0179,18.0415,1.2047,0.0070,19.2906
m1-server,stress,1541,take,replayed,not_present,0,0.0324,0.0136,0.0002,0.0000,0.0017,0.0480
m1-server,stress,1542,move,accepted,moved,1,0.0182,0.0119,18.9191,1.2160,0.0062,20.1713
m1-server,stress,1543,move,accepted,moved,1,0.0201,0.0218,17.7464,1.3546,0.0097,19.1526
m1-server,stress,1544,move,accepted,moved,1,0.0228,0.0366,15.9732,2.9613,0.0100,19.0038
m1-server,stress,1545,take,rejected,not_present,0,0.0191,0.0229,0.0016,0.0999,0.0028,0.1463
m1-server,stress,1546,activate,rejected,not_eligible,0,0.0154,0.0050,0.0015,0.0690,0.0025,0.0935
m1-server,stress,1547,move,accepted,moved,1,0.0178,0.0051,17.4100,1.2464,0.0076,18.6868
m1-server,stress,1548,look,accepted,observed,0,0.0142,0.0148,0.0015,0.0695,0.0029,0.1029
m1-server,stress,1549,look,accepted,observed,0,0.0144,0.0060,0.0014,0.0695,0.0027,0.0940
m1-server,stress,1550,look,accepted,observed,0,0.0145,0.0056,0.0014,0.0690,0.0022,0.0928
m1-server,stress,1551,move,accepted,moved,1,0.0109,0.0062,17.3624,1.2700,0.0090,18.6586
m1-server,stress,1552,move,accepted,moved,1,0.0205,0.0180,25.1072,1.1822,0.0074,26.3353
m1-server,stress,1553,look,accepted,observed,0,0.0218,0.0294,0.0015,0.1086,0.0028,0.1641
m1-server,stress,1554,move,accepted,moved,1,0.0157,0.0124,18.3528,1.2080,0.0192,19.6080
m1-server,stress,1555,look,accepted,observed,0,0.0200,0.0223,0.0015,0.1006,0.0031,0.1475
m1-server,stress,1556,look,accepted,observed,0,0.0135,0.0059,0.0014,0.0865,0.0027,0.1100
m1-server,stress,1557,talk,rejected,not_eligible,0,0.0156,0.0074,0.0015,0.1080,0.0028,0.1353
m1-server,stress,1558,choose,rejected,invalid_choice,0,0.0130,0.0090,0.0015,0.0860,0.0027,0.1123
m1-server,stress,1559,move,accepted,moved,1,0.0175,0.0075,16.8613,1.2880,0.0059,18.1801
m1-server,stress,1560,take,rejected,not_present,0,0.0150,0.0166,0.0014,0.0652,0.0030,0.1013
m1-server,stress,1561,move,accepted,moved,1,0.0117,0.0061,16.2276,2.7493,0.0077,19.0025
m1-server,stress,1562,take,rejected,not_present,0,0.0144,0.0142,0.0015,0.0836,0.0031,0.1168
m1-server,stress,1563,activate,rejected,not_eligible,0,0.0114,0.0054,0.0015,0.0604,0.0027,0.0813
m1-server,stress,1564,move,accepted,moved,1,0.0104,0.0055,21.9081,1.2700,0.0104,23.2045
m1-server,stress,1565,look,accepted,observed,0,0.0204,0.0254,0.0015,0.0801,0.0035,0.1310
m1-server,stress,1566,move,accepted,moved,1,0.0166,0.0095,19.9815,1.2307,0.0080,21.2462
m1-server,stress,1567,look,accepted,observed,0,0.0233,0.0212,0.0018,0.0996,0.0029,0.1488
m1-server,stress,1568,look,accepted,observed,0,0.0189,0.0051,0.0015,0.0602,0.0023,0.0879
m1-server,stress,1569,move,accepted,moved,1,0.0158,0.0068,15.3885,1.2428,0.0085,16.6625
m1-server,stress,1570,look,accepted,observed,0,0.0205,0.0166,0.0017,0.1016,0.0030,0.1434
m1-server,stress,1571,take,accepted,taken,1,0.0155,0.0063,16.2694,1.2257,0.0080,17.5249
m1-server,stress,1572,close_choice,rejected,invalid_choice,0,0.0200,0.0179,0.0015,0.0927,0.0030,0.1351
m1-server,stress,1573,activate,rejected,not_eligible,0,0.0147,0.0071,0.0018,0.0904,0.0028,0.1168
m1-server,stress,1574,drop,accepted,dropped,1,0.0157,0.0056,19.6703,1.2087,0.0070,20.9073
m1-server,stress,1575,take,accepted,taken,1,0.0214,0.0270,20.2777,2.9502,0.0090,23.2853
m1-server,stress,1576,move,rejected,exit_unavailable,0,0.0270,0.0221,0.0017,0.1191,0.0026,0.1726
m1-server,stress,1577,drop,rejected,integrity_conflict,0,0.0271,0.0073,0.0002,0.0000,0.0025,0.0371
m1-server,stress,1578,move,rejected,exit_unavailable,0,0.0127,0.0053,0.0017,0.0724,0.0024,0.0945
m1-server,stress,1579,wait,rejected,invalid_time,0,0.0162,0.0068,0.0016,0.0598,0.0023,0.0866
m1-server,stress,1580,move,accepted,moved,1,0.0145,0.0073,19.0174,1.2608,0.0105,20.3104
m1-server,stress,1581,look,accepted,observed,0,0.0169,0.0301,0.0016,0.0850,0.0030,0.1366
m1-server,stress,1582,talk,rejected,not_eligible,0,0.0136,0.0084,0.0018,0.0862,0.0045,0.1145
m1-server,stress,1583,activate,rejected,not_eligible,0,0.0162,0.0057,0.0048,0.0588,0.0021,0.0875
m1-server,stress,1584,drop,accepted,dropped,1,0.0143,0.0055,15.4416,1.2356,0.0060,16.7030
m1-server,stress,1585,activate,rejected,not_eligible,0,0.0147,0.0170,0.0016,0.0890,0.0029,0.1252
m1-server,stress,1586,look,accepted,observed,0,0.0143,0.0059,0.0014,0.0602,0.0025,0.0843
m1-server,stress,1587,close_choice,rejected,invalid_choice,0,0.0153,0.0066,0.0017,0.0628,0.0025,0.0889
m1-server,stress,1588,move,rejected,exit_unavailable,0,0.0149,0.0057,0.0015,0.0568,0.0021,0.0810
m1-server,stress,1589,drop,replayed,dropped,0,0.0244,0.0046,0.0002,0.0000,0.0018,0.0310
m1-server,stress,1590,take,accepted,taken,1,0.0118,0.0039,16.2342,1.2441,0.0073,17.5013
m1-server,stress,1591,wait,rejected,invalid_time,0,0.0201,0.0164,0.0015,0.0875,0.0030,0.1285
m1-server,stress,1592,look,accepted,observed,0,0.0135,0.0046,0.0014,0.0580,0.0021,0.0797
m1-server,stress,1593,move,rejected,exit_unavailable,0,0.0126,0.0050,0.0013,0.0835,0.0031,0.1055
m1-server,stress,1594,look,accepted,observed,0,0.0127,0.0055,0.0013,0.0949,0.0027,0.1170
m1-server,stress,1595,look,accepted,observed,0,0.0132,0.0061,0.0015,0.0869,0.0025,0.1103
m1-server,stress,1596,wait,rejected,invalid_time,0,0.0170,0.0052,0.0014,0.0583,0.0020,0.0838
m1-server,stress,1597,wait,rejected,invalid_time,0,0.0143,0.0065,0.0015,0.0583,0.0023,0.0829
m1-server,stress,1598,move,accepted,moved,1,0.0176,0.0098,21.9092,1.2167,0.0111,23.1643
m1-server,stress,1599,move,accepted,moved,1,0.0184,0.0261,19.0455,1.2611,0.0102,20.3613
m1-server,stress,1600,look,accepted,observed,0,0.0183,0.0229,0.0059,0.1142,0.0026,0.1639
m1-server,stress,1601,look,accepted,observed,0,0.0155,0.0047,0.0034,0.0575,0.0020,0.0831
m1-server,stress,1602,choose,rejected,invalid_choice,0,0.0154,0.0058,0.0035,0.0587,0.0020,0.0855
m1-server,stress,1603,talk,rejected,not_eligible,0,0.0153,0.0049,0.0030,0.1027,0.0028,0.1288
m1-server,stress,1604,look,accepted,observed,0,0.0152,0.0042,0.0038,0.0808,0.0025,0.1065
m1-server,stress,1605,wait,rejected,invalid_time,0,0.0135,0.0067,0.0015,0.0792,0.0027,0.1036
m1-server,stress,1606,talk,rejected,not_eligible,0,0.0157,0.0048,0.0013,0.0631,0.0043,0.0890
m1-server,stress,1607,move,rejected,exit_unavailable,0,0.0147,0.0096,0.0014,0.0593,0.0055,0.0905
m1-server,stress,1608,look,accepted,observed,0,0.0128,0.0058,0.0014,0.0733,0.0045,0.0977
m1-server,stress,1609,wait,rejected,invalid_time,0,0.0143,0.0048,0.0013,0.0690,0.0085,0.0978
m1-server,stress,1610,look,accepted,observed,0,0.0127,0.0042,0.0013,0.0512,0.0072,0.0765
m1-server,stress,1611,move,accepted,moved,1,0.0160,0.0053,17.8973,2.7163,0.0075,20.6425
m1-server,stress,1612,move,accepted,moved,1,0.0140,0.0193,15.5337,1.2476,0.0083,16.8228
m1-server,stress,1613,look,accepted,observed,0,0.0141,0.0156,0.0013,0.0723,0.0033,0.1066
m1-server,stress,1614,choose,rejected,invalid_choice,0,0.0113,0.0064,0.0016,0.0555,0.0025,0.0773
m1-server,stress,1615,look,accepted,observed,0,0.0101,0.0043,0.0013,0.0577,0.0024,0.0758
m1-server,stress,1616,drop,accepted,dropped,1,0.0102,0.0051,14.3502,1.1917,0.0075,15.5646
m1-server,stress,1617,choose,rejected,invalid_choice,0,0.0134,0.0161,0.0014,0.0600,0.0029,0.0937
m1-server,stress,1618,look,accepted,observed,0,0.0109,0.0051,0.0015,0.0589,0.0019,0.0783
m1-server,stress,1619,move,accepted,moved,1,0.0097,0.0055,16.4628,1.1795,0.0070,17.6643
m1-server,stress,1620,take,rejected,not_present,0,0.0148,0.0160,0.0015,0.0923,0.0030,0.1275
m1-server,stress,1621,look,accepted,observed,0,0.0140,0.0059,0.0014,0.0693,0.0029,0.0934
m1-server,stress,1622,move,accepted,moved,1,0.0153,0.0069,19.0072,1.2423,0.0072,20.2788
m1-server,stress,1623,move,accepted,moved,1,0.0184,0.0170,16.1887,1.2877,0.0238,17.5356
m1-server,stress,1624,talk,rejected,not_owned,0,0.0200,0.0261,0.0015,0.1044,0.0043,0.1563
m1-server,stress,1625,move,accepted,moved,1,0.0147,0.0065,16.0535,2.9525,0.0080,19.0351
m1-server,stress,1626,move,accepted,moved,1,0.0156,0.0163,20.9708,1.3213,0.0140,22.3381
m1-server,stress,1627,wait,rejected,invalid_time,0,0.0161,0.0198,0.0015,0.0889,0.0047,0.1311
m1-server,stress,1628,move,rejected,exit_unavailable,0,0.0117,0.0056,0.0016,0.0897,0.0049,0.1135
m1-server,stress,1629,move,accepted,moved,1,0.0153,0.0060,16.8785,1.2503,0.0158,18.1658
m1-server,stress,1630,take,rejected,not_present,0,0.0318,0.0213,0.0017,0.0668,0.0082,0.1297
m1-server,stress,1631,look,accepted,observed,0,0.0136,0.0038,0.0013,0.0757,0.0060,0.1004
m1-server,stress,1632,look,accepted,observed,0,0.0093,0.0035,0.0014,0.0692,0.0032,0.0866
m1-server,stress,1633,wait,rejected,invalid_time,0,0.0090,0.0042,0.0013,0.0820,0.0031,0.0997
m1-server,stress,1634,look,accepted,observed,0,0.0091,0.0034,0.0013,0.0501,0.0018,0.0657
m1-server,stress,1635,choose,rejected,invalid_choice,0,0.0089,0.0047,0.0013,0.0640,0.0029,0.0818
m1-server,stress,1636,look,accepted,observed,0,0.0090,0.0033,0.0012,0.0608,0.0018,0.0760
m1-server,stress,1637,move,rejected,exit_unavailable,0,0.0090,0.0042,0.0014,0.0547,0.0018,0.0710
m1-server,stress,1638,move,accepted,moved,1,0.0090,0.0050,19.7236,1.2376,0.0058,20.9811
m1-server,stress,1639,wait,rejected,invalid_time,0,0.0156,0.0178,0.0016,0.0743,0.0031,0.1123
m1-server,stress,1640,take,rejected,not_present,0,0.0155,0.0065,0.0015,0.0626,0.0024,0.0886
m1-server,stress,1641,move,accepted,moved,1,0.0112,0.0063,21.3388,1.2629,0.0174,22.6366
m1-server,stress,1642,look,accepted,observed,0,0.0188,0.0240,0.0018,0.0874,0.0044,0.1364
m1-server,stress,1643,talk,rejected,not_eligible,0,0.0148,0.0071,0.0016,0.0641,0.0044,0.0919
m1-server,stress,1644,look,accepted,observed,0,0.0135,0.0066,0.0017,0.0530,0.0023,0.0770
m1-server,stress,1645,take,accepted,taken,1,0.0151,0.0057,39.4104,1.2459,0.0064,40.6835
m1-server,stress,1646,talk,rejected,not_eligible,0,0.0160,0.0196,0.0016,0.0990,0.0033,0.1395
m1-server,stress,1647,look,accepted,observed,0,0.0170,0.0063,0.0015,0.0621,0.0026,0.0894
m1-server,stress,1648,look,accepted,observed,0,0.0143,0.0084,0.0016,0.0785,0.0028,0.1056
m1-server,stress,1649,wait,rejected,invalid_time,0,0.0192,0.0070,0.0015,0.0571,0.0025,0.0873
m1-server,stress,1650,move,accepted,moved,1,0.0147,0.0076,16.3277,2.9391,0.0109,19.2999
m1-server,stress,1651,move,accepted,moved,1,0.0188,0.0247,16.1520,1.2927,0.0088,17.4970
m1-server,stress,1652,look,accepted,observed,0,0.0153,0.0166,0.0015,0.0746,0.0030,0.1110
m1-server,stress,1653,drop,accepted,dropped,1,0.0513,0.0065,15.9470,1.2364,0.0083,17.2494
m1-server,stress,1654,look,accepted,observed,0,0.0231,0.0194,0.0017,0.0855,0.0030,0.1327
m1-server,stress,1655,wait,rejected,invalid_time,0,0.0165,0.0063,0.0016,0.0573,0.0025,0.0840
m1-server,stress,1656,take,accepted,taken,1,0.0145,0.0057,18.3155,1.2386,0.0155,19.5897
m1-server,stress,1657,move,accepted,moved,1,0.0208,0.0167,19.0624,1.1407,0.0112,20.2517
m1-server,stress,1658,move,accepted,moved,1,0.0151,0.0172,16.2161,1.1973,0.0110,17.4567
m1-server,stress,1659,wait,rejected,invalid_time,0,0.0155,0.0140,0.0015,0.0675,0.0023,0.1008
m1-server,stress,1660,activate,rejected,not_eligible,0,0.0104,0.0045,0.0014,0.0519,0.0035,0.0716
m1-server,stress,1661,look,accepted,observed,0,0.0115,0.0055,0.0017,0.0585,0.0023,0.0795
m1-server,stress,1662,move,rejected,exit_unavailable,0,0.0104,0.0050,0.0015,0.0489,0.0019,0.0677
m1-server,stress,1663,wait,rejected,invalid_time,0,0.0096,0.0039,0.0013,0.0533,0.0019,0.0700
m1-server,stress,1664,take,replayed,not_present,0,0.0197,0.0037,0.0002,0.0000,0.0017,0.0253
m1-server,stress,1665,close_choice,rejected,invalid_choice,0,0.0080,0.0036,0.0013,0.0504,0.0029,0.0662
m1-server,stress,1666,look,accepted,observed,0,0.0105,0.0044,0.0013,0.0548,0.0023,0.0732
m1-server,stress,1667,look,accepted,observed,0,0.0100,0.0039,0.0014,0.0534,0.0018,0.0704
m1-server,stress,1668,move,accepted,moved,1,0.0138,0.0046,15.4247,2.6136,0.0077,18.0645
m1-server,stress,1669,look,accepted,observed,0,0.0139,0.0155,0.0015,0.0930,0.0022,0.1261
m1-server,stress,1670,drop,accepted,dropped,1,0.0099,0.0050,22.8033,1.2156,0.0118,24.0456
m1-server,stress,1671,talk,rejected,not_eligible,0,0.0202,0.0169,0.0015,0.0907,0.0031,0.1324
m1-server,stress,1672,choose,rejected,stale_view,0,0.0131,0.0127,0.0015,0.0770,0.0028,0.1070
m1-server,stress,1673,look,accepted,observed,0,0.0137,0.0057,0.0013,0.0667,0.0024,0.0898
m1-server,stress,1674,look,accepted,observed,0,0.0164,0.0078,0.0015,0.1375,0.0038,0.1669
m1-server,stress,1675,take,accepted,taken,1,0.0109,0.0091,12.4795,1.1591,0.0058,13.6644
m1-server,stress,1676,move,accepted,moved,1,0.0154,0.0189,20.2289,1.2115,0.0056,21.4803
m1-server,stress,1677,look,accepted,observed,0,0.0244,0.0184,0.0017,0.0959,0.0029,0.1432
m1-server,stress,1678,move,accepted,moved,1,0.0187,0.0085,20.4637,1.2348,0.0106,21.7362
m1-server,stress,1679,look,accepted,observed,0,0.0233,0.0348,0.0015,0.1131,0.0029,0.1757
m1-server,stress,1680,wait,rejected,invalid_time,0,0.0128,0.0078,0.0030,0.0603,0.0025,0.0863
m1-server,stress,1681,look,accepted,observed,0,0.0117,0.0048,0.0027,0.0599,0.0019,0.0809
m1-server,stress,1682,wait,rejected,invalid_time,0,0.0096,0.0045,0.0028,0.0527,0.0019,0.0715
m1-server,stress,1683,look,accepted,observed,0,0.0094,0.0037,0.0013,0.0588,0.0018,0.0750
m1-server,stress,1684,choose,rejected,invalid_choice,0,0.0093,0.0048,0.0027,0.0473,0.0019,0.0660
m1-server,stress,1685,look,accepted,observed,0,0.0093,0.0034,0.0012,0.0568,0.0018,0.0725
m1-server,stress,1686,move,accepted,moved,1,0.0094,0.0048,25.1585,1.2275,0.0133,26.4135
m1-server,stress,1687,drop,rejected,integrity_conflict,0,0.0336,0.0174,0.0002,0.0000,0.0044,0.0557
m1-server,stress,1688,move,accepted,moved,1,0.0184,0.0078,19.3278,2.7597,0.0115,22.1252
m1-server,stress,1689,look,accepted,observed,0,0.0141,0.0145,0.0015,0.0834,0.0043,0.1178
m1-server,stress,1690,wait,rejected,invalid_time,0,0.0113,0.0060,0.0015,0.0567,0.0038,0.0793
m1-server,stress,1691,drop,accepted,dropped,1,0.0107,0.0058,15.2391,1.1863,0.0052,16.4472
m1-server,stress,1692,move,rejected,exit_unavailable,0,0.0145,0.0192,0.0015,0.0985,0.0023,0.1360
m1-server,stress,1693,look,accepted,observed,0,0.0095,0.0043,0.0014,0.0593,0.0019,0.0764
m1-server,stress,1694,move,accepted,moved,1,0.0092,0.0047,15.9964,1.2299,0.0080,17.2482
m1-server,stress,1695,look,accepted,observed,0,0.0228,0.0182,0.0016,0.0992,0.0029,0.1447
m1-server,stress,1696,look,accepted,observed,0,0.0135,0.0060,0.0015,0.0870,0.0027,0.1106
m1-server,stress,1697,activate,rejected,not_eligible,0,0.0166,0.0065,0.0015,0.0750,0.0027,0.1023
m1-server,stress,1698,move,accepted,moved,1,0.0158,0.0067,22.1401,1.1927,0.0079,23.3632
m1-server,stress,1699,move,accepted,moved,1,0.0145,0.0153,19.8328,1.2093,0.0073,21.0792
m1-server,stress,1700,look,accepted,observed,0,0.0183,0.0236,0.0018,0.0879,0.0032,0.1348
m1-server,stress,1701,take,replayed,not_present,0,0.0249,0.0058,0.0002,0.0000,0.0021,0.0330
m1-server,stress,1702,take,rejected,not_present,0,0.0083,0.0053,0.0015,0.0893,0.0029,0.1073
m1-server,stress,1703,look,accepted,observed,0,0.0154,0.0055,0.0048,0.0595,0.0021,0.0872
m1-server,stress,1704,look,accepted,observed,0,0.0160,0.0057,0.0026,0.0615,0.0025,0.0883
m1-server,stress,1705,choose,rejected,invalid_choice,0,0.0149,0.0074,0.0026,0.0533,0.0025,0.0807
m1-server,stress,1706,activate,rejected,not_eligible,0,0.0148,0.0053,0.0025,0.0796,0.0030,0.1052
m1-server,stress,1707,move,rejected,exit_unavailable,0,0.0120,0.0053,0.0027,0.0510,0.0023,0.0733
m1-server,stress,1708,wait,rejected,invalid_time,0,0.0152,0.0052,0.0029,0.0600,0.0027,0.0859
m1-server,stress,1709,move,accepted,moved,1,0.0151,0.0133,14.9989,1.2304,0.0086,16.2662
m1-server,stress,1710,look,accepted,observed,0,0.0197,0.0201,0.0014,0.0588,0.0025,0.1025
m1-server,stress,1711,activate,rejected,not_eligible,0,0.0150,0.0062,0.0015,0.0661,0.0030,0.0918
m1-server,stress,1712,talk,rejected,not_owned,0,0.0153,0.0054,0.0013,0.0551,0.0024,0.0795
m1-server,stress,1713,look,accepted,observed,0,0.0142,0.0045,0.0015,0.0588,0.0022,0.0811
m1-server,stress,1714,drop,replayed,dropped,0,0.0248,0.0056,0.0003,0.0000,0.0019,0.0325
m1-server,stress,1715,move,accepted,moved,1,0.0085,0.0048,14.7365,2.7743,0.0080,17.5322
m1-server,stress,1716,look,accepted,observed,0,0.0135,0.0159,0.0015,0.0842,0.0023,0.1174
m1-server,stress,1717,activate,rejected,not_eligible,0,0.0097,0.0048,0.0014,0.0593,0.0029,0.0781
m1-server,stress,1718,wait,rejected,invalid_time,0,0.0120,0.0050,0.0015,0.0540,0.0025,0.0751
m1-server,stress,1719,wait,rejected,invalid_time,0,0.0129,0.0048,0.0013,0.0627,0.0019,0.0836
m1-server,stress,1720,wait,rejected,invalid_time,0,0.0100,0.0040,0.0013,0.0524,0.0019,0.0695
m1-server,stress,1721,move,accepted,moved,1,0.0097,0.0050,15.4605,1.2385,0.0073,16.7210
m1-server,stress,1722,look,accepted,observed,0,0.0136,0.0128,0.0014,0.0734,0.0020,0.1033
m1-server,stress,1723,look,accepted,observed,0,0.0093,0.0037,0.0013,0.0529,0.0019,0.0690
m1-server,stress,1724,choose,rejected,invalid_choice,0,0.0089,0.0052,0.0014,0.0497,0.0028,0.0679
m1-server,stress,1725,choose,rejected,stale_view,0,0.0118,0.0078,0.0014,0.0590,0.0025,0.0824
m1-server,stress,1726,move,rejected,exit_unavailable,0,0.0101,0.0048,0.0014,0.0490,0.0028,0.0680
m1-server,stress,1727,activate,rejected,not_eligible,0,0.0104,0.0046,0.0013,0.0584,0.0024,0.0770
m1-server,stress,1728,choose,rejected,invalid_choice,0,0.0103,0.0048,0.0014,0.0649,0.0020,0.0833
m1-server,stress,1729,look,accepted,observed,0,0.0094,0.0037,0.0013,0.0620,0.0018,0.0782
m1-server,stress,1730,look,accepted,observed,0,0.0090,0.0034,0.0013,0.0546,0.0018,0.0700
m1-server,stress,1731,activate,rejected,not_eligible,0,0.0094,0.0037,0.0014,0.0633,0.0018,0.0795
m1-server,stress,1732,look,accepted,observed,0,0.0090,0.0033,0.0012,0.0698,0.0019,0.0853
m1-server,stress,1733,drop,replayed,dropped,0,0.0177,0.0033,0.0002,0.0000,0.0015,0.0228
m1-server,stress,1734,move,accepted,moved,1,0.0078,0.0041,19.8011,1.2608,0.0066,21.0803
m1-server,stress,1735,wait,rejected,invalid_time,0,0.0503,0.0160,0.0016,0.0938,0.0030,0.1648
m1-server,stress,1736,move,accepted,moved,1,0.0136,0.0076,18.2282,1.2764,0.0049,19.5307
m1-server,stress,1737,take,accepted,taken,1,0.0199,0.0175,20.7929,1.2978,0.0113,22.1394
m1-server,stress,1738,wait,rejected,invalid_time,0,0.0195,0.0304,0.0018,0.0765,0.0034,0.1315
m1-server,stress,1739,talk,accepted,choice_opened,1,0.0176,0.0080,16.7760,1.2161,0.0065,18.0243
m1-server,stress,1740,look,accepted,observed,0,0.0193,0.0206,0.0017,0.1014,0.0028,0.1458
m1-server,stress,1741,look,accepted,observed,0,0.0194,0.0075,0.0015,0.0576,0.0025,0.0885
m1-server,stress,1742,move,accepted,moved,1,0.0164,0.0079,16.5015,2.7676,0.0071,19.3005
m1-server,stress,1743,look,accepted,observed,0,0.0136,0.0158,0.0016,0.1114,0.0021,0.1446
m1-server,stress,1744,activate,rejected,not_eligible,0,0.0106,0.0045,0.0014,0.0520,0.0018,0.0703
m1-server,stress,1745,look,accepted,observed,0,0.0116,0.0038,0.0013,0.0641,0.0018,0.0826
m1-server,stress,1746,activate,rejected,not_eligible,0,0.0095,0.0037,0.0013,0.0499,0.0035,0.0678
m1-server,stress,1747,move,accepted,moved,1,0.0112,0.0065,15.4496,1.2560,0.0073,16.7306
m1-server,stress,1748,move,accepted,moved,1,0.0143,0.0188,14.6096,1.2095,0.0077,15.8600
m1-server,stress,1749,move,accepted,moved,1,0.0235,0.0188,18.3056,1.2030,0.0115,19.5625
m1-server,stress,1750,drop,accepted,dropped,1,0.0201,0.0162,18.5944,1.2227,0.0123,19.8656
m1-server,stress,1751,move,accepted,moved,1,0.0193,0.0272,17.3670,1.2181,0.0056,18.6373
m1-server,stress,1752,move,accepted,moved,1,0.0249,0.0207,17.7921,2.8426,0.0123,20.6925
m1-server,stress,1753,choose,rejected,not_owned,0,0.0177,0.0196,0.0016,0.0936,0.0037,0.1362
m1-server,stress,1754,look,accepted,observed,0,0.0120,0.0046,0.0013,0.0652,0.0052,0.0883
m1-server,stress,1755,talk,rejected,not_owned,0,0.0115,0.0063,0.0016,0.0577,0.0039,0.0809
m1-server,stress,1756,move,accepted,moved,1,0.0150,0.0074,14.9930,1.2221,0.0059,16.2435
m1-server,stress,1757,talk,rejected,not_eligible,0,0.0206,0.0221,0.0017,0.1066,0.0030,0.1540
m1-server,stress,1758,look,accepted,observed,0,0.0185,0.0051,0.0030,0.0738,0.0033,0.1038
m1-server,stress,1759,move,accepted,moved,1,0.0138,0.0073,25.4419,1.2429,0.0092,26.7151
m1-server,stress,1760,take,rejected,not_present,0,0.0226,0.0212,0.0020,0.0950,0.0030,0.1438
m1-server,stress,1761,move,rejected,exit_unavailable,0,0.0147,0.0071,0.0017,0.0653,0.0027,0.0915
m1-server,stress,1762,move,accepted,moved,1,0.0164,0.0059,20.3721,1.2155,0.0065,21.6164
m1-server,stress,1763,look,accepted,observed,0,0.0217,0.0246,0.0017,0.0789,0.0034,0.1303
m1-server,stress,1764,look,accepted,observed,0,0.0154,0.0060,0.0014,0.0916,0.0028,0.1172
m1-server,stress,1765,close_choice,accepted,choice_closed,1,0.0153,0.0145,17.0163,1.2519,0.0083,18.3062
m1-server,stress,1766,wait,rejected,invalid_time,0,0.0190,0.0201,0.0016,0.0915,0.0030,0.1353
m1-server,stress,1767,move,accepted,moved,1,0.0179,0.0067,15.2960,1.2001,0.0077,16.5284
m1-server,stress,1768,take,rejected,not_present,0,0.0196,0.0183,0.0017,0.0955,0.0029,0.1381
m1-server,stress,1769,look,accepted,observed,0,0.0155,0.0050,0.0013,0.0595,0.0021,0.0834
m1-server,stress,1770,move,rejected,exit_unavailable,0,0.0155,0.0053,0.0017,0.0597,0.0023,0.0845
m1-server,stress,1771,take,rejected,not_present,0,0.0144,0.0046,0.0014,0.0765,0.0033,0.1002
m1-server,stress,1772,move,accepted,moved,1,0.0137,0.0069,19.4472,2.8904,0.0088,22.3669
m1-server,stress,1773,look,accepted,observed,0,0.0182,0.0198,0.0014,0.1013,0.0032,0.1438
m1-server,stress,1774,look,accepted,observed,0,0.0157,0.0062,0.0016,0.0645,0.0028,0.0908
m1-server,stress,1775,move,accepted,moved,1,0.0139,0.0063,23.0773,1.2215,0.0073,24.3263
m1-server,stress,1776,wait,rejected,invalid_time,0,0.0208,0.0181,0.0016,0.0708,0.0037,0.1151
m1-server,stress,1777,move,accepted,moved,1,0.0172,0.0076,17.3027,1.2225,0.0225,18.5725
m1-server,stress,1778,look,accepted,observed,0,0.0175,0.0197,0.0014,0.1133,0.0048,0.1567
m1-server,stress,1779,move,accepted,moved,1,0.0147,0.0064,16.0680,1.2128,0.0135,17.3154
m1-server,stress,1780,look,accepted,observed,0,0.0180,0.0183,0.0020,0.1087,0.0028,0.1498
m1-server,stress,1781,wait,rejected,invalid_time,0,0.0154,0.0057,0.0015,0.0898,0.0028,0.1152
m1-server,stress,1782,take,accepted,taken,1,0.0170,0.0060,15.8965,1.2095,0.0079,17.1370
m1-server,stress,1783,look,accepted,observed,0,0.0195,0.0183,0.0014,0.1064,0.0029,0.1485
m1-server,stress,1784,look,accepted,observed,0,0.0148,0.0069,0.0017,0.0820,0.0026,0.1080
m1-server,stress,1785,move,accepted,moved,1,0.0187,0.0068,16.4569,1.1627,0.0064,17.6515
m1-server,stress,1786,talk,rejected,not_eligible,0,0.0147,0.0188,0.0016,0.0849,0.0030,0.1230
m1-server,stress,1787,move,accepted,moved,1,0.0162,0.0079,19.4505,3.0655,0.0118,22.5519
m1-server,stress,1788,drop,accepted,dropped,1,0.0180,0.0217,23.9628,1.3532,0.0084,25.3641
m1-server,stress,1789,wait,rejected,invalid_time,0,0.0163,0.0213,0.0016,0.0693,0.0031,0.1117
m1-server,stress,1790,choose,rejected,stale_view,0,0.0156,0.0105,0.0015,0.1016,0.0030,0.1321
m1-server,stress,1791,activate,rejected,not_eligible,0,0.0154,0.0063,0.0015,0.0615,0.0023,0.0869
m1-server,stress,1792,talk,rejected,not_eligible,0,0.0148,0.0050,0.0014,0.0587,0.0030,0.0828
m1-server,stress,1793,move,accepted,moved,1,0.0159,0.0070,16.8872,1.2822,0.0099,18.2022
m1-server,stress,1794,wait,rejected,invalid_time,0,0.0203,0.0225,0.0014,0.0985,0.0030,0.1456
m1-server,stress,1795,move,rejected,exit_unavailable,0,0.0165,0.0073,0.0017,0.0594,0.0026,0.0874
m1-server,stress,1796,move,accepted,moved,1,0.0142,0.0085,16.4384,1.2938,0.0086,17.7634
m1-server,stress,1797,close_choice,rejected,invalid_choice,0,0.0213,0.0220,0.0016,0.1046,0.0031,0.1525
m1-server,stress,1798,take,rejected,not_present,0,0.0155,0.0055,0.0014,0.0789,0.0031,0.1044
m1-server,stress,1799,look,accepted,observed,0,0.0127,0.0058,0.0015,0.0723,0.0025,0.0948
m1-server,stress,1800,look,accepted,observed,0,0.0145,0.0056,0.0015,0.1026,0.0026,0.1268
m1-server,stress,1801,look,accepted,observed,0,0.0124,0.0058,0.0013,0.0543,0.0024,0.0762
m1-server,stress,1802,drop,replayed,dropped,0,0.0204,0.0045,0.0002,0.0000,0.0017,0.0268
m1-server,stress,1803,move,rejected,exit_unavailable,0,0.0080,0.0043,0.0015,0.0558,0.0020,0.0715
m1-server,stress,1804,look,accepted,observed,0,0.0096,0.0035,0.0013,0.0513,0.0024,0.0681
m1-server,stress,1805,take,rejected,not_present,0,0.0105,0.0043,0.0013,0.0542,0.0021,0.0724
m1-server,stress,1806,look,accepted,observed,0,0.0097,0.0035,0.0012,0.0465,0.0020,0.0628
m1-server,stress,1807,look,accepted,observed,0,0.0095,0.0033,0.0012,0.0570,0.0019,0.0730
m1-server,stress,1808,drop,rejected,integrity_conflict,0,0.0138,0.0033,0.0001,0.0000,0.0016,0.0189
m1-server,stress,1809,look,accepted,observed,0,0.0076,0.0103,0.0013,0.0488,0.0024,0.0704
m1-server,stress,1810,wait,rejected,invalid_time,0,0.0106,0.0046,0.0014,0.0751,0.0021,0.0939
m1-server,stress,1811,look,accepted,observed,0,0.0099,0.0035,0.0013,0.0541,0.0018,0.0705
m1-server,stress,1812,move,rejected,exit_unavailable,0,0.0118,0.0040,0.0013,0.0617,0.0019,0.0806
m1-server,stress,1813,move,accepted,moved,1,0.0098,0.0043,17.7317,1.2646,0.0076,19.0180
m1-server,stress,1814,move,rejected,exit_unavailable,0,0.0161,0.0181,0.0014,0.0608,0.0022,0.0987
m1-server,stress,1815,choose,rejected,invalid_choice,0,0.0148,0.0077,0.0016,0.0765,0.0027,0.1033
m1-server,stress,1816,talk,rejected,not_eligible,0,0.0190,0.0056,0.0014,0.0541,0.0021,0.0822
m1-server,stress,1817,move,accepted,moved,1,0.0147,0.0055,17.4365,1.2699,0.0173,18.7438
m1-server,stress,1818,wait,rejected,invalid_time,0,0.0188,0.0184,0.0015,0.0937,0.0067,0.1391
m1-server,stress,1819,look,accepted,observed,0,0.0127,0.0060,0.0015,0.0611,0.0040,0.0854
m1-server,stress,1820,wait,rejected,invalid_time,0,0.0165,0.0048,0.0014,0.0797,0.0037,0.1061
m1-server,stress,1821,move,rejected,exit_unavailable,0,0.0153,0.0063,0.0016,0.0591,0.0023,0.0846
m1-server,stress,1822,look,accepted,observed,0,0.0161,0.0058,0.0014,0.0593,0.0023,0.0849
m1-server,stress,1823,move,accepted,moved,1,0.0140,0.0071,24.9642,2.6899,0.0068,27.6819
m1-server,stress,1824,look,accepted,observed,0,0.0138,0.0175,0.0015,0.0883,0.0029,0.1239
m1-server,stress,1825,move,accepted,moved,1,0.0118,0.0067,18.1191,1.2553,0.0095,19.4024
m1-server,stress,1826,look,accepted,observed,0,0.0220,0.0172,0.0015,0.0819,0.0030,0.1255
m1-server,stress,1827,wait,rejected,invalid_time,0,0.0180,0.0069,0.0015,0.0941,0.0030,0.1235
m1-server,stress,1828,look,accepted,observed,0,0.0146,0.0057,0.0013,0.0602,0.0024,0.0842
m1-server,stress,1829,talk,rejected,not_owned,0,0.0146,0.0063,0.0015,0.0694,0.0031,0.0949
m1-server,stress,1830,move,accepted,moved,1,0.0150,0.0071,16.6922,1.2317,0.0050,17.9510
m1-server,stress,1831,move,accepted,moved,1,0.0196,0.0175,16.2552,1.1957,0.0057,17.4936
m1-server,stress,1832,choose,rejected,invalid_choice,0,0.0195,0.0178,0.0017,0.0941,0.0028,0.1359
m1-server,stress,1833,take,rejected,not_present,0,0.0178,0.0059,0.0014,0.0564,0.0021,0.0837
m1-server,stress,1834,move,accepted,moved,1,0.0159,0.0080,18.3536,1.2410,0.0098,19.6282
m1-server,stress,1835,look,accepted,observed,0,0.0220,0.0200,0.0061,0.1268,0.0030,0.1779
m1-server,stress,1836,move,accepted,moved,1,0.0178,0.0073,17.3600,1.2470,0.0096,18.6416
m1-server,stress,1837,move,rejected,exit_unavailable,0,0.0210,0.0265,0.0016,0.0850,0.0030,0.1370
m1-server,stress,1838,choose,rejected,invalid_choice,0,0.0165,0.0081,0.0016,0.0528,0.0022,0.0813
m1-server,stress,1839,look,accepted,observed,0,0.0148,0.0063,0.0014,0.0821,0.0026,0.1072
m1-server,stress,1840,take,accepted,taken,1,0.0182,0.0073,18.5553,2.8065,0.0099,21.3971
m1-server,stress,1841,move,accepted,moved,1,0.0186,0.0185,19.7594,1.2312,0.0085,21.0362
m1-server,stress,1842,move,accepted,moved,1,0.0175,0.0201,21.0420,1.2099,0.0065,22.2960
m1-server,stress,1843,move,accepted,moved,1,0.0221,0.0250,17.5970,1.2509,0.0113,18.9063
m1-server,stress,1844,look,accepted,observed,0,0.0259,0.0224,0.0017,0.0862,0.0035,0.1397
m1-server,stress,1845,activate,rejected,not_eligible,0,0.0134,0.0093,0.0016,0.0755,0.0031,0.1028
m1-server,stress,1846,look,accepted,observed,0,0.0194,0.0100,0.0020,0.0682,0.0030,0.1027
m1-server,stress,1847,activate,rejected,not_eligible,0,0.0173,0.0100,0.0018,0.0868,0.0024,0.1184
m1-server,stress,1848,choose,rejected,stale_view,0,0.0145,0.0123,0.0016,0.2407,0.0034,0.2724
m1-server,stress,1849,look,accepted,observed,0,0.0185,0.0071,0.0016,0.0718,0.0048,0.1039
m1-server,stress,1850,activate,rejected,not_eligible,0,0.0123,0.0099,0.0020,0.0950,0.0036,0.1228
m1-server,stress,1851,drop,accepted,dropped,1,0.0139,0.0062,15.5402,1.1584,0.0048,16.7235
m1-server,stress,1852,talk,rejected,not_eligible,0,0.0140,0.0172,0.0015,0.0621,0.0031,0.0978
m1-server,stress,1853,look,accepted,observed,0,0.0138,0.0063,0.0016,0.0710,0.0020,0.0947
m1-server,stress,1854,talk,rejected,not_eligible,0,0.0105,0.0045,0.0015,0.0554,0.0025,0.0744
m1-server,stress,1855,wait,rejected,invalid_time,0,0.0102,0.0054,0.0013,0.0543,0.0025,0.0737
m1-server,stress,1856,look,accepted,observed,0,0.0104,0.0040,0.0013,0.0501,0.0023,0.0682
m1-server,stress,1857,look,accepted,observed,0,0.0100,0.0040,0.0013,0.0533,0.0023,0.0708
m1-server,stress,1858,look,accepted,observed,0,0.0100,0.0038,0.0013,0.0528,0.0019,0.0698
m1-server,stress,1859,look,accepted,observed,0,0.0098,0.0034,0.0012,0.0638,0.0024,0.0805
m1-server,stress,1860,move,accepted,moved,1,0.0107,0.0060,17.1197,1.2370,0.0078,18.3812
m1-server,stress,1861,talk,rejected,not_eligible,0,0.0224,0.0190,0.0016,0.0738,0.0026,0.1194
m1-server,stress,1862,move,accepted,moved,1,0.0155,0.0075,17.6590,3.0335,0.0109,20.7264
m1-server,stress,1863,look,accepted,observed,0,0.0168,0.0282,0.0017,0.1069,0.0032,0.1567
m1-server,stress,1864,take,replayed,taken,0,0.0315,0.0059,0.0002,0.0000,0.0018,0.0394
m1-server,stress,1865,move,accepted,moved,1,0.0117,0.0068,25.2164,1.2118,0.0070,26.4536
m1-server,stress,1866,take,rejected,not_present,0,0.0160,0.0160,0.0038,0.0701,0.0033,0.1091
m1-server,stress,1867,look,accepted,observed,0,0.0124,0.0057,0.0030,0.0533,0.0027,0.0771
m1-server,stress,1868,activate,rejected,not_eligible,0,0.0105,0.0048,0.0015,0.0596,0.0037,0.0800
m1-server,stress,1869,look,accepted,observed,0,0.0106,0.0043,0.0013,0.0520,0.0035,0.0718
m1-server,stress,1870,drop,rejected,integrity_conflict,0,0.0197,0.0054,0.0002,0.0000,0.0017,0.0270
m1-server,stress,1871,look,accepted,observed,0,0.0078,0.0035,0.0013,0.0635,0.0036,0.0796
m1-server,stress,1872,talk,rejected,not_eligible,0,0.0102,0.0045,0.0014,0.0510,0.0035,0.0706
m1-server,stress,1873,move,accepted,moved,1,0.0100,0.0059,18.9725,1.2274,0.0093,20.2251
m1-server,stress,1874,move,accepted,moved,1,0.0232,0.0235,15.0822,1.2323,0.0075,16.3687
m1-server,stress,1875,move,accepted,moved,1,0.0224,0.0200,16.8637,1.1810,0.0053,18.0925
m1-server,stress,1876,talk,rejected,not_eligible,0,0.0174,0.0232,0.0017,0.0878,0.0032,0.1332
m1-server,stress,1877,move,accepted,moved,1,0.0162,0.0086,19.9285,1.2419,0.0107,21.2059
m1-server,stress,1878,look,accepted,observed,0,0.0233,0.0235,0.0155,0.1099,0.0027,0.1749
m1-server,stress,1879,move,accepted,moved,1,0.0152,0.0073,17.8716,2.6878,0.0051,20.5871
m1-server,stress,1880,move,accepted,moved,1,0.0142,0.0182,16.1938,1.2579,0.0072,17.4912
m1-server,stress,1881,move,accepted,moved,1,0.0139,0.0153,15.2634,1.1432,0.0071,16.4430
m1-server,stress,1882,wait,rejected,invalid_time,0,0.0140,0.0181,0.0015,0.0543,0.0022,0.0901
m1-server,stress,1883,look,accepted,observed,0,0.0094,0.0040,0.0013,0.0620,0.0020,0.0788
m1-server,stress,1884,move,rejected,exit_unavailable,0,0.0090,0.0046,0.0015,0.0522,0.0033,0.0705
m1-server,stress,1885,move,accepted,moved,1,0.0118,0.0067,16.9587,1.2004,0.0086,18.1863
m1-server,stress,1886,look,accepted,observed,0,0.0206,0.0188,0.0015,0.0952,0.0028,0.1389
m1-server,stress,1887,wait,rejected,invalid_time,0,0.0200,0.0060,0.0014,0.1052,0.0028,0.1353
m1-server,stress,1888,look,accepted,observed,0,0.0195,0.0048,0.0013,0.0577,0.0020,0.0853
m1-server,stress,1889,move,accepted,moved,1,0.0153,0.0094,17.0980,1.2130,0.0177,18.3534
m1-server,stress,1890,look,accepted,observed,0,0.0212,0.0150,0.0015,0.0940,0.0027,0.1343
m1-server,stress,1891,move,accepted,moved,1,0.0133,0.0087,19.5701,1.1965,0.0083,20.7969
m1-server,stress,1892,move,accepted,moved,1,0.0195,0.0261,19.6230,2.6868,0.0078,22.3631
m1-server,stress,1893,wait,rejected,invalid_time,0,0.0150,0.0162,0.0015,0.0951,0.0025,0.1302
m1-server,stress,1894,look,accepted,observed,0,0.0105,0.0042,0.0013,0.0565,0.0038,0.0763
m1-server,stress,1895,choose,rejected,invalid_choice,0,0.0117,0.0070,0.0017,0.0514,0.0025,0.0743
m1-server,stress,1896,look,accepted,observed,0,0.0102,0.0040,0.0013,0.0573,0.0019,0.0747
m1-server,stress,1897,activate,rejected,not_eligible,0,0.0093,0.0044,0.0014,0.0543,0.0018,0.0712
m1-server,stress,1898,move,rejected,exit_unavailable,0,0.0094,0.0042,0.0014,0.0690,0.0020,0.0859
m1-server,stress,1899,move,rejected,exit_unavailable,0,0.0098,0.0040,0.0013,0.0530,0.0020,0.0701
m1-server,stress,1900,move,accepted,moved,1,0.0093,0.0050,15.7933,1.2105,0.0079,17.0260
m1-server,stress,1901,move,accepted,moved,1,0.0205,0.0219,15.2437,1.2451,0.0090,16.5402
m1-server,stress,1902,move,accepted,moved,1,0.0214,0.0212,14.9629,1.2761,0.0142,16.2958
m1-server,stress,1903,move,accepted,moved,1,0.0205,0.0240,15.7948,1.2065,0.0166,17.0624
m1-server,stress,1904,look,accepted,observed,0,0.0183,0.0213,0.0018,0.0985,0.0042,0.1441
m1-server,stress,1905,take,accepted,taken,1,0.0155,0.0073,18.2811,1.2002,0.0078,19.5120
m1-server,stress,1906,look,accepted,observed,0,0.0163,0.0177,0.0016,0.0739,0.0039,0.1133
m1-server,stress,1907,talk,rejected,not_eligible,0,0.0118,0.0067,0.0017,0.0530,0.0021,0.0753
m1-server,stress,1908,look,accepted,observed,0,0.0097,0.0040,0.0014,0.0528,0.0019,0.0697
m1-server,stress,1909,look,accepted,observed,0,0.0089,0.0035,0.0012,0.0481,0.0028,0.0645
m1-server,stress,1910,move,accepted,moved,1,0.0108,0.0060,20.0911,2.6872,0.0078,22.8029
m1-server,stress,1911,move,accepted,moved,1,0.0137,0.0240,41.7225,1.2044,0.0062,42.9708
m1-server,stress,1912,look,accepted,observed,0,0.0151,0.0205,0.0015,0.0806,0.0022,0.1198
m1-server,stress,1913,move,accepted,moved,1,0.0097,0.0070,15.9289,1.1115,0.0079,17.0650
m1-server,stress,1914,move,accepted,moved,1,0.0132,0.0148,17.9371,1.2298,0.0078,19.2028
m1-server,stress,1915,drop,rejected,integrity_conflict,0,0.0354,0.0165,0.0002,0.0000,0.0019,0.0540
m1-server,stress,1916,look,accepted,observed,0,0.0161,0.0055,0.0015,0.1285,0.0028,0.1543
m1-server,stress,1917,move,accepted,moved,1,0.0149,0.0085,18.0143,1.2679,0.0114,19.3170
m1-server,stress,1918,look,accepted,observed,0,0.0211,0.0197,0.0017,0.1006,0.0029,0.1460
m1-server,stress,1919,choose,rejected,invalid_choice,0,0.0147,0.0074,0.0016,0.0580,0.0026,0.0843
m1-server,stress,1920,wait,rejected,invalid_time,0,0.0152,0.0071,0.0017,0.1020,0.0032,0.1291
m1-server,stress,1921,move,accepted,moved,1,0.0173,0.0068,17.1190,1.2572,0.0097,18.4100
m1-server,stress,1922,look,accepted,observed,0,0.0218,0.0227,0.0034,0.0925,0.0030,0.1433
m1-server,stress,1923,look,accepted,observed,0,0.0203,0.0054,0.0016,0.0791,0.0040,0.1103
m1-server,stress,1924,look,accepted,observed,0,0.0130,0.0055,0.0014,0.0565,0.0039,0.0803
m1-server,stress,1925,wait,rejected,invalid_time,0,0.0147,0.0068,0.0016,0.0583,0.0055,0.0868
m1-server,stress,1926,look,accepted,observed,0,0.0163,0.0045,0.0013,0.0536,0.0062,0.0819
m1-server,stress,1927,wait,rejected,invalid_time,0,0.0164,0.0048,0.0014,0.0578,0.0032,0.0835
m1-server,stress,1928,move,accepted,moved,1,0.0151,0.0070,18.7814,2.7433,0.0113,21.5582
m1-server,stress,1929,move,accepted,moved,1,0.0139,0.0175,15.9671,1.1915,0.0065,17.1965
m1-server,stress,1930,look,accepted,observed,0,0.0142,0.0162,0.0014,0.0590,0.0030,0.0937
m1-server,stress,1931,wait,rejected,invalid_time,0,0.0110,0.0056,0.0015,0.0593,0.0021,0.0796
m1-server,stress,1932,look,accepted,observed,0,0.0093,0.0039,0.0013,0.0495,0.0027,0.0668
m1-server,stress,1933,move,accepted,moved,1,0.0102,0.0057,16.0744,1.1770,0.0086,17.2758
m1-server,stress,1934,talk,accepted,choice_opened,1,0.0135,0.0175,18.2696,1.1978,0.0069,19.5053
m1-server,stress,1935,talk,accepted,choice_opened,1,0.0159,0.0221,15.2037,0.3132,0.0066,15.5615
m1-server,stress,1936,move,accepted,moved,1,0.0171,0.0185,20.0928,1.2620,0.0201,21.4105
m1-server,stress,1937,move,accepted,moved,1,0.0194,0.0261,34.9834,1.1935,0.0095,36.2319
m1-server,stress,1938,move,rejected,exit_unavailable,0,0.0220,0.0208,0.0015,0.1334,0.0031,0.1809
m1-server,stress,1939,drop,accepted,dropped,1,0.0149,0.0096,21.8701,3.0503,0.0122,24.9571
m1-server,stress,1940,wait,rejected,invalid_time,0,0.0180,0.0303,0.0016,0.1138,0.0034,0.1671
m1-server,stress,1941,talk,rejected,not_owned,0,0.0161,0.0065,0.0032,0.0633,0.0029,0.0920
m1-server,stress,1942,move,accepted,moved,1,0.0178,0.0076,19.6885,1.2648,0.0119,20.9905
m1-server,stress,1943,choose,rejected,invalid_choice,0,0.0180,0.0221,0.0018,0.0735,0.0034,0.1188
m1-server,stress,1944,look,accepted,observed,0,0.0110,0.0050,0.0013,0.0599,0.0030,0.0802
m1-server,stress,1945,move,rejected,exit_unavailable,0,0.0147,0.0066,0.0016,0.0754,0.0029,0.1013
m1-server,stress,1946,look,accepted,observed,0,0.0139,0.0060,0.0015,0.0530,0.0022,0.0767
m1-server,stress,1947,look,accepted,observed,0,0.0153,0.0045,0.0013,0.0915,0.0026,0.1153
m1-server,stress,1948,take,rejected,not_present,0,0.0169,0.0051,0.0015,0.0539,0.0022,0.0796
m1-server,stress,1949,look,accepted,observed,0,0.0149,0.0044,0.0013,0.0576,0.0022,0.0804
m1-server,stress,1950,move,accepted,moved,1,0.0143,0.0057,15.9500,1.2724,0.0088,17.2512
m1-server,stress,1951,look,accepted,observed,0,0.0215,0.0198,0.0016,0.0867,0.0023,0.1318
m1-server,stress,1952,activate,rejected,not_eligible,0,0.0147,0.0073,0.0018,0.0535,0.0025,0.0798
m1-server,stress,1953,move,accepted,moved,1,0.0170,0.0068,17.0745,1.2905,0.0086,18.3972
m1-server,stress,1954,look,accepted,observed,0,0.0211,0.0183,0.0092,0.0908,0.0026,0.1418
m1-server,stress,1955,look,accepted,observed,0,0.0143,0.0045,0.0014,0.0647,0.0033,0.0882
m1-server,stress,1956,look,accepted,observed,0,0.0158,0.0065,0.0018,0.1052,0.0038,0.1331
m1-server,stress,1957,look,accepted,observed,0,0.0137,0.0058,0.0014,0.0571,0.0038,0.0818
m1-server,stress,1958,look,accepted,observed,0,0.0154,0.0055,0.0013,0.1004,0.0060,0.1287
m1-server,stress,1959,look,accepted,observed,0,0.0127,0.0056,0.0013,0.1015,0.0025,0.1238
m1-server,stress,1960,look,accepted,observed,0,0.0148,0.0054,0.0013,0.0974,0.0025,0.1213
m1-server,stress,1961,move,accepted,moved,1,0.0158,0.0076,25.4542,1.2136,0.0068,26.6980
m1-server,stress,1962,drop,replayed,dropped,0,0.0415,0.0171,0.0002,0.0000,0.0024,0.0612
m1-server,stress,1963,activate,rejected,not_eligible,0,0.0269,0.0092,0.0017,0.0799,0.0028,0.1205
m1-server,stress,1964,look,accepted,observed,0,0.0148,0.0078,0.0016,0.1017,0.0026,0.1285
m1-server,stress,1965,move,accepted,moved,1,0.0159,0.0081,17.3522,1.1579,0.0110,18.5451
m1-server,stress,1966,look,accepted,observed,0,0.0177,0.0169,0.0015,0.0911,0.0028,0.1300
m1-server,stress,1967,activate,rejected,not_eligible,0,0.0180,0.0059,0.0014,0.0936,0.0027,0.1216
m1-server,stress,1968,move,accepted,moved,1,0.0137,0.0082,17.5063,2.7563,0.0053,20.2898
m1-server,stress,1969,wait,rejected,invalid_time,0,0.0137,0.0149,0.0017,0.0862,0.0024,0.1189
m1-server,stress,1970,look,accepted,observed,0,0.0099,0.0043,0.0013,0.0582,0.0034,0.0770
m1-server,stress,1971,close_choice,accepted,choice_closed,1,0.0115,0.0060,15.6660,1.2532,0.0080,16.9447
m1-server,stress,1972,move,accepted,moved,1,0.0510,0.0163,17.9870,1.3140,0.0134,19.3817
m1-server,stress,1973,look,accepted,observed,0,0.0183,0.0235,0.0018,0.0787,0.0032,0.1254
m1-server,stress,1974,activate,rejected,not_eligible,0,0.0153,0.0065,0.0034,0.0715,0.0028,0.0995
m1-server,stress,1975,move,accepted,moved,1,0.0153,0.0066,16.7617,1.2856,0.0194,18.0886
m1-server,stress,1976,move,accepted,moved,1,0.0184,0.0202,16.6483,1.2375,0.0107,17.9350
m1-server,stress,1977,move,accepted,moved,1,0.0205,0.0203,15.7125,1.2739,0.0123,17.0394
m1-server,stress,1978,move,accepted,moved,1,0.0190,0.0244,14.6375,2.9575,0.0100,17.6484
m1-server,stress,1979,drop,replayed,dropped,0,0.0313,0.0190,0.0002,0.0000,0.0020,0.0525
m1-server,stress,1980,move,accepted,moved,1,0.0208,0.0121,15.3919,1.3274,0.0086,16.7608
m1-server,stress,1981,look,accepted,observed,0,0.0155,0.0162,0.0020,0.0590,0.0025,0.0953
m1-server,stress,1982,move,accepted,moved,1,0.0140,0.0077,21.4895,1.2370,0.0092,22.7575
m1-server,stress,1983,look,accepted,observed,0,0.0222,0.0223,0.0018,0.0934,0.0030,0.1426
m1-server,stress,1984,drop,replayed,dropped,0,0.0321,0.0057,0.0002,0.0000,0.0022,0.0402
m1-server,stress,1985,look,accepted,observed,0,0.0110,0.0049,0.0014,0.0578,0.0023,0.0773
m1-server,stress,1986,move,accepted,moved,1,0.0175,0.0080,12.1836,1.1473,0.0058,13.3621
m1-server,stress,1987,take,accepted,taken,1,0.0155,0.0154,21.3462,1.2070,0.0052,22.5893
m1-server,stress,1988,look,accepted,observed,0,0.0167,0.0155,0.0015,0.0720,0.0034,0.1091
m1-server,stress,1989,move,accepted,moved,1,0.0112,0.0082,18.4544,1.2518,0.0133,19.7389
m1-server,stress,1990,move,accepted,moved,1,0.0234,0.0180,38.3260,2.8826,0.0079,41.2579
m1-server,stress,1991,look,accepted,observed,0,0.0173,0.0210,0.0016,0.1290,0.0030,0.1719
m1-server,stress,1992,move,accepted,moved,1,0.0114,0.0085,17.0968,1.2577,0.0107,18.3850
m1-server,stress,1993,move,accepted,moved,1,0.0246,0.0300,16.0407,1.2324,0.0104,17.3380
m1-server,stress,1994,look,accepted,observed,0,0.0226,0.0174,0.0015,0.0715,0.0029,0.1160
m1-server,stress,1995,look,accepted,observed,0,0.0179,0.0058,0.0015,0.1026,0.0029,0.1307
m1-server,stress,1996,wait,rejected,invalid_time,0,0.0129,0.0057,0.0015,0.0809,0.0027,0.1035
m1-server,stress,1997,look,accepted,observed,0,0.0160,0.0048,0.0015,0.0855,0.0024,0.1102
m1-server,stress,1998,wait,rejected,invalid_time,0,0.0176,0.0046,0.0013,0.0623,0.0022,0.0880
m1-server,stress,1999,talk,accepted,choice_opened,1,0.0151,0.0085,18.4648,1.2370,0.0135,19.7390
m1-server,stress,2000,move,accepted,moved,1,0.0158,0.0156,17.6090,1.2363,0.0133,18.8900
m1-server,stress,2001,look,accepted,observed,0,0.0196,0.0267,0.0018,0.0844,0.0028,0.1354
m1-server,stress,2002,move,accepted,moved,1,0.0160,0.0088,16.8995,1.2558,0.0085,18.1886
m1-server,stress,2003,move,accepted,moved,1,0.0216,0.0230,16.9930,2.8710,0.0130,19.9217
m1-server,stress,2004,move,accepted,moved,1,0.0205,0.0194,15.7898,1.3306,0.0151,17.1754
m1-server,stress,2005,wait,rejected,invalid_time,0,0.0201,0.0254,0.0018,0.0703,0.0031,0.1207
m1-server,stress,2006,close_choice,accepted,choice_closed,1,0.0158,0.0074,48.2655,1.3168,0.0073,49.6128
m1-server,stress,2007,move,accepted,moved,1,0.0268,0.0196,16.8107,1.2303,0.0177,18.1052
m1-server,stress,2008,activate,rejected,not_eligible,0,0.0194,0.0174,0.0016,0.0817,0.0040,0.1242
m1-server,stress,2009,move,accepted,moved,1,0.0168,0.0078,15.8964,1.2243,0.0094,17.1546
m1-server,stress,2010,move,rejected,exit_unavailable,0,0.0227,0.0184,0.0017,0.0975,0.0029,0.1432
m1-server,stress,2011,move,accepted,moved,1,0.0149,0.0077,16.7921,1.1503,0.0078,17.9728
m1-server,stress,2012,look,accepted,observed,0,0.0145,0.0135,0.0014,0.0670,0.0031,0.0995
m1-server,stress,2013,wait,rejected,invalid_time,0,0.0159,0.0064,0.0016,0.0738,0.0030,0.1006
m1-server,stress,2014,move,accepted,moved,1,0.0153,0.0063,17.4784,2.7216,0.0089,20.2305
m1-server,stress,2015,look,accepted,observed,0,0.0152,0.0147,0.0015,0.0836,0.0024,0.1175
m1-server,stress,2016,wait,rejected,invalid_time,0,0.0163,0.0055,0.0015,0.0790,0.0039,0.1062
m1-server,stress,2017,drop,accepted,dropped,1,0.0131,0.0068,29.1019,1.2464,0.0065,30.3747
m1-server,stress,2018,take,accepted,taken,1,0.0236,0.0192,17.3433,1.2192,0.0135,18.6188
m1-server,stress,2019,look,accepted,observed,0,0.0190,0.0265,0.0018,0.0901,0.0034,0.1407
m1-server,stress,2020,move,accepted,moved,1,0.0150,0.0093,17.1107,1.2668,0.0097,18.4114
m1-server,stress,2021,activate,rejected,not_eligible,0,0.0213,0.0171,0.0018,0.0962,0.0035,0.1400
m1-server,stress,2022,look,accepted,observed,0,0.0254,0.0061,0.0015,0.0706,0.0028,0.1064
m1-server,stress,2023,look,accepted,observed,0,0.0153,0.0057,0.0014,0.0903,0.0027,0.1153
m1-server,stress,2024,look,accepted,observed,0,0.0148,0.0055,0.0013,0.0683,0.0026,0.0925
m1-server,stress,2025,move,accepted,moved,1,0.0168,0.0146,15.2617,1.1296,0.0055,16.4281
m1-server,stress,2026,choose,rejected,stale_view,0,0.0155,0.0175,0.0015,0.0691,0.0031,0.1067
m1-server,stress,2027,look,accepted,observed,0,0.0150,0.0072,0.0015,0.0698,0.0027,0.0962
m1-server,stress,2028,move,accepted,moved,1,0.0157,0.0073,17.2396,1.2471,0.0089,18.5187
m1-server,stress,2029,drop,accepted,dropped,1,0.0163,0.0159,25.4654,2.8798,0.0066,28.3839
m1-server,stress,2030,move,accepted,moved,1,0.0163,0.0174,16.9622,1.2511,0.0079,18.2548
m1-server,stress,2031,look,accepted,observed,0,0.0157,0.0158,0.0015,0.0566,0.0033,0.0928
m1-server,stress,2032,take,rejected,not_present,0,0.0111,0.0063,0.0016,0.0590,0.0021,0.0801
m1-server,stress,2033,activate,rejected,not_eligible,0,0.0094,0.0042,0.0015,0.0500,0.0027,0.0677
m1-server,stress,2034,move,accepted,moved,1,0.0107,0.0058,17.2276,1.6069,0.0071,18.8582
m1-server,stress,2035,move,accepted,moved,1,0.0233,0.0213,16.3759,1.2105,0.0051,17.6361
m1-server,stress,2036,wait,rejected,invalid_time,0,0.0206,0.0184,0.0017,0.0919,0.0031,0.1357
m1-server,stress,2037,move,accepted,moved,1,0.0144,0.0065,19.0091,1.2575,0.0140,20.3015
m1-server,stress,2038,move,accepted,moved,1,0.0217,0.0306,22.2937,1.2205,0.0070,23.5734
m1-server,stress,2039,look,accepted,observed,0,0.0213,0.0185,0.0016,0.0926,0.0030,0.1370
m1-server,stress,2040,move,accepted,moved,1,0.0153,0.0088,22.0928,2.6859,0.0088,24.8116
m1-server,stress,2041,move,accepted,moved,1,0.0144,0.0183,43.3968,1.3520,0.0072,44.7888
m1-server,stress,2042,look,accepted,observed,0,0.0189,0.0165,0.0016,0.0544,0.0025,0.0939
m1-server,stress,2043,move,accepted,moved,1,0.0175,0.0093,17.4348,1.2033,0.0100,18.6749
m1-server,stress,2044,move,accepted,moved,1,0.0207,0.0225,15.8398,1.2182,0.0058,17.1070
m1-server,stress,2045,move,accepted,moved,1,0.0202,0.0203,16.4207,1.1967,0.0084,17.6663
m1-server,stress,2046,look,accepted,observed,0,0.0223,0.0192,0.0015,0.0988,0.0032,0.1450
m1-server,stress,2047,move,accepted,moved,1,0.0146,0.0078,21.3156,1.2176,0.0092,22.5648
m1-server,stress,2048,look,accepted,observed,0,0.0156,0.0215,0.0016,0.0682,0.0025,0.1095
m1-server,stress,2049,look,accepted,observed,0,0.0163,0.0062,0.0015,0.0589,0.0022,0.0852
m1-server,stress,2050,take,rejected,not_present,0,0.0156,0.0090,0.0018,0.0788,0.0030,0.1082
m1-server,stress,2051,move,accepted,moved,1,0.0187,0.0084,22.2361,2.8918,0.0171,25.1720
m1-server,stress,2052,talk,rejected,not_eligible,0,0.0230,0.0163,0.0015,0.0850,0.0061,0.1319
m1-server,stress,2053,move,rejected,exit_unavailable,0,0.0106,0.0080,0.0019,0.0663,0.0028,0.0896
m1-server,stress,2054,look,accepted,observed,0,0.0200,0.0058,0.0015,0.0568,0.0030,0.0871
m1-server,stress,2055,look,accepted,observed,0,0.0159,0.0067,0.0015,0.0606,0.0024,0.0870
m1-server,stress,2056,move,accepted,moved,1,0.0147,0.0076,17.8298,1.2748,0.0081,19.1350
m1-server,stress,2057,move,accepted,moved,1,0.0226,0.0225,13.8700,1.2513,0.0086,15.1750
m1-server,stress,2058,look,accepted,observed,0,0.0145,0.0155,0.0015,0.0878,0.0028,0.1221
m1-server,stress,2059,talk,rejected,not_eligible,0,0.0155,0.0063,0.0016,0.0613,0.0024,0.0872
m1-server,stress,2060,look,accepted,observed,0,0.0160,0.0048,0.0014,0.0605,0.0022,0.0849
m1-server,stress,2061,drop,replayed,dropped,0,0.0261,0.0055,0.0002,0.0000,0.0020,0.0338
m1-server,stress,2062,move,rejected,exit_unavailable,0,0.0093,0.0043,0.0015,0.1011,0.0027,0.1189
m1-server,stress,2063,talk,rejected,not_eligible,0,0.0168,0.0051,0.0014,0.0620,0.0020,0.0873
m1-server,stress,2064,look,accepted,observed,0,0.0144,0.0046,0.0014,0.0550,0.0021,0.0775
m1-server,stress,2065,move,accepted,moved,1,0.0142,0.0058,14.2903,1.2799,0.0090,15.5991
m1-server,stress,2066,move,rejected,exit_unavailable,0,0.0190,0.0188,0.0015,0.0947,0.0029,0.1368
m1-server,stress,2067,activate,rejected,not_eligible,0,0.0184,0.0065,0.0018,0.0723,0.0023,0.1013
m1-server,stress,2068,move,accepted,moved,1,0.0133,0.0071,14.6568,1.2390,0.0081,15.9243
m1-server,stress,2069,choose,rejected,invalid_choice,0,0.0187,0.0219,0.0017,0.0940,0.0028,0.1391
m1-server,stress,2070,move,accepted,moved,1,0.0147,0.0061,15.0367,1.2498,0.0108,16.3182
m1-server,stress,2071,take,rejected,not_present,0,0.0245,0.0218,0.0015,0.0768,0.0034,0.1281
m1-server,stress,2072,wait,rejected,invalid_time,0,0.0111,0.0056,0.0015,0.0578,0.0030,0.0790
m1-server,stress,2073,look,accepted,observed,0,0.0148,0.0055,0.0014,0.1093,0.0026,0.1334
m1-server,stress,2074,look,accepted,observed,0,0.0136,0.0061,0.0014,0.0615,0.0025,0.0851
m1-server,stress,2075,move,accepted,moved,1,0.0224,0.0070,15.5646,2.9454,0.0107,18.5501
m1-server,stress,2076,move,accepted,moved,1,0.0206,0.0259,19.6273,1.2634,0.0060,20.9431
m1-server,stress,2077,look,accepted,observed,0,0.0159,0.0190,0.0015,0.0714,0.0024,0.1103
m1-server,stress,2078,move,accepted,moved,1,0.0151,0.0082,20.0368,1.2484,0.0094,21.3178
m1-server,stress,2079,talk,rejected,not_eligible,0,0.0202,0.0231,0.0017,0.0655,0.0025,0.1130
m1-server,stress,2080,look,accepted,observed,0,0.0147,0.0066,0.0034,0.0814,0.0027,0.1089
m1-server,stress,2081,look,accepted,observed,0,0.0180,0.0053,0.0031,0.0553,0.0023,0.0840
m1-server,stress,2082,wait,rejected,invalid_time,0,0.0143,0.0055,0.0033,0.0908,0.0026,0.1165
m1-server,stress,2083,talk,rejected,not_eligible,0,0.0175,0.0049,0.0013,0.0564,0.0037,0.0838
m1-server,stress,2084,move,accepted,moved,1,0.0147,0.0074,25.7881,1.1910,0.0139,27.0151
m1-server,stress,2085,activate,rejected,not_eligible,0,0.0188,0.0156,0.0015,0.0934,0.0031,0.1324
m1-server,stress,2086,talk,rejected,not_owned,0,0.0134,0.0064,0.0015,0.0593,0.0024,0.0829
m1-server,stress,2087,wait,rejected,invalid_time,0,0.0180,0.0052,0.0014,0.0585,0.0023,0.0855
m1-server,stress,2088,move,accepted,moved,1,0.0162,0.0075,18.7401,1.2308,0.0107,20.0053
m1-server,stress,2089,look,accepted,observed,0,0.0191,0.0275,0.0015,0.0883,0.0028,0.1391
m1-server,stress,2090,wait,rejected,invalid_time,0,0.0145,0.0081,0.0015,0.0598,0.0025,0.0865
m1-server,stress,2091,wait,rejected,invalid_time,0,0.0141,0.0085,0.0017,0.0896,0.0027,0.1166
m1-server,stress,2092,activate,rejected,not_eligible,0,0.0139,0.0118,0.0032,0.0726,0.0022,0.1037
m1-server,stress,2093,look,accepted,observed,0,0.0124,0.0055,0.0035,0.0531,0.0023,0.0768
m1-server,stress,2094,take,rejected,not_present,0,0.0151,0.0047,0.0027,0.0560,0.0024,0.0809
m1-server,stress,2095,look,accepted,observed,0,0.0144,0.0043,0.0013,0.0879,0.0038,0.1116
m1-server,stress,2096,wait,rejected,invalid_time,0,0.0147,0.0056,0.0013,0.0795,0.0041,0.1053
m1-server,stress,2097,look,accepted,observed,0,0.0166,0.0049,0.0013,0.0785,0.0042,0.1055
m1-server,stress,2098,take,rejected,not_present,0,0.0145,0.0057,0.0014,0.0593,0.0035,0.0843
m1-server,stress,2099,activate,rejected,not_eligible,0,0.0149,0.0060,0.0014,0.0850,0.0049,0.1123
m1-server,stress,2100,move,accepted,moved,1,0.0182,0.0062,15.8402,1.2475,0.0054,17.1175
m1-server,stress,2101,look,accepted,observed,0,0.0211,0.0199,0.0018,0.0786,0.0028,0.1242
m1-server,stress,2102,move,rejected,exit_unavailable,0,0.0180,0.0063,0.0016,0.0707,0.0027,0.0993
m1-server,stress,2103,move,accepted,moved,1,0.0154,0.0062,16.7245,2.8679,0.0093,19.6233
m1-server,stress,2104,talk,rejected,not_eligible,0,0.0135,0.0157,0.0015,0.0833,0.0022,0.1161
m1-server,stress,2105,move,accepted,moved,1,0.0102,0.0059,20.7075,1.2347,0.0128,21.9711
m1-server,stress,2106,move,accepted,moved,1,0.0158,0.0155,23.7742,1.2208,0.0075,25.0338
m1-server,stress,2107,move,accepted,moved,1,0.0223,0.0228,22.7373,1.2665,0.0145,24.0635
m1-server,stress,2108,look,accepted,observed,0,0.0190,0.0232,0.0017,0.0909,0.0028,0.1376
m1-server,stress,2109,move,accepted,moved,1,0.0134,0.0100,40.4942,1.1796,0.0125,41.7097
m1-server,stress,2110,talk,rejected,not_eligible,0,0.0208,0.0168,0.0018,0.0869,0.0073,0.1335
m1-server,stress,2111,activate,rejected,not_eligible,0,0.0166,0.0060,0.0015,0.0640,0.0022,0.0904
m1-server,stress,2112,look,accepted,observed,0,0.0145,0.0062,0.0015,0.1035,0.0028,0.1285
m1-server,stress,2113,look,accepted,observed,0,0.0156,0.0054,0.0014,0.0575,0.0020,0.0819
m1-server,stress,2114,move,accepted,moved,1,0.0187,0.0094,16.5703,1.2386,0.0135,17.8505
m1-server,stress,2115,look,accepted,observed,0,0.0526,0.0144,0.0015,0.0855,0.0037,0.1578
m1-server,stress,2116,move,accepted,moved,1,0.0113,0.0068,14.7468,2.6664,0.0052,17.4364
m1-server,stress,2117,look,accepted,observed,0,0.0143,0.0142,0.0014,0.0991,0.0033,0.1324
m1-server,stress,2118,move,rejected,exit_unavailable,0,0.0115,0.0065,0.0016,0.0744,0.0027,0.0967
m1-server,stress,2119,look,accepted,observed,0,0.0106,0.0046,0.0013,0.0565,0.0025,0.0755
m1-server,stress,2120,look,accepted,observed,0,0.0108,0.0043,0.0015,0.0801,0.0024,0.0991
m1-server,stress,2121,look,accepted,observed,0,0.0103,0.0041,0.0013,0.0716,0.0019,0.0892
m1-server,stress,2122,look,accepted,observed,0,0.0095,0.0037,0.0013,0.0859,0.0019,0.1022
m1-server,stress,2123,look,accepted,observed,0,0.0098,0.0033,0.0013,0.0511,0.0018,0.0671
m1-server,stress,2124,move,accepted,moved,1,0.0089,0.0046,16.5496,1.2172,0.0085,17.7888
m1-server,stress,2125,wait,rejected,invalid_time,0,0.0190,0.0206,0.0015,0.0942,0.0030,0.1384
m1-server,stress,2126,move,rejected,exit_unavailable,0,0.0151,0.0057,0.0015,0.0582,0.0022,0.0826
m1-server,stress,2127,move,rejected,exit_unavailable,0,0.0145,0.0066,0.0015,0.0919,0.0026,0.1173
m1-server,stress,2128,look,accepted,observed,0,0.0160,0.0050,0.0016,0.0591,0.0020,0.0838
m1-server,stress,2129,look,accepted,observed,0,0.0151,0.0121,0.0015,0.0571,0.0023,0.0880
m1-server,stress,2130,activate,rejected,not_eligible,0,0.0137,0.0053,0.0015,0.0590,0.0023,0.0817
m1-server,stress,2131,move,accepted,moved,1,0.0140,0.0056,19.1907,1.2698,0.0102,20.4903
m1-server,stress,2132,move,accepted,moved,1,0.0173,0.0295,23.1011,1.1980,0.0063,24.3522
m1-server,stress,2133,move,accepted,moved,1,0.0211,0.0169,23.6356,1.2477,0.0090,24.9304
m1-server,stress,2134,move,accepted,moved,1,0.0194,0.0184,29.8427,1.2847,0.0168,31.1820
m1-server,stress,2135,look,accepted,observed,0,0.0182,0.0242,0.0015,0.0812,0.0050,0.1301
m1-server,stress,2136,wait,rejected,invalid_time,0,0.0161,0.0069,0.0016,0.0940,0.0033,0.1219
m1-server,stress,2137,wait,rejected,invalid_time,0,0.0630,0.0055,0.0014,0.0546,0.0023,0.1267
m1-server,stress,2138,move,accepted,moved,1,0.0152,0.0059,21.3214,3.0337,0.0091,24.3853
m1-server,stress,2139,look,accepted,observed,0,0.0187,0.0186,0.0018,0.1062,0.0039,0.1492
m1-server,stress,2140,look,accepted,observed,0,0.0140,0.0068,0.0017,0.0673,0.0031,0.0928
m1-server,stress,2141,take,rejected,not_present,0,0.0119,0.0058,0.0014,0.0528,0.0030,0.0748
m1-server,stress,2142,move,accepted,moved,1,0.0126,0.0062,17.1840,1.2689,0.0090,18.4807
m1-server,stress,2143,move,accepted,moved,1,0.0216,0.0222,18.6343,1.1997,0.0156,19.8933
m1-server,stress,2144,look,accepted,observed,0,0.0204,0.0184,0.0015,0.0895,0.0070,0.1368
m1-server,stress,2145,choose,rejected,invalid_choice,0,0.0130,0.0086,0.0015,0.0591,0.0042,0.0864
m1-server,stress,2146,look,accepted,observed,0,0.0169,0.0046,0.0013,0.0579,0.0036,0.0843
m1-server,stress,2147,move,accepted,moved,1,0.0155,0.0078,19.4102,1.1986,0.0141,20.6462
m1-server,stress,2148,look,accepted,observed,0,0.0193,0.0196,0.0015,0.0945,0.0069,0.1417
m1-server,stress,2149,drop,replayed,dropped,0,0.0251,0.0055,0.0002,0.0000,0.0034,0.0342
m1-server,stress,2150,move,accepted,moved,1,0.0089,0.0054,16.4143,1.2312,0.0095,17.6693
m1-server,stress,2151,close_choice,rejected,invalid_choice,0,0.0280,0.0180,0.0016,0.0938,0.0029,0.1443
m1-server,stress,2152,move,accepted,moved,1,0.0152,0.0079,15.9003,1.2701,0.0061,17.1996
m1-server,stress,2153,look,accepted,observed,0,0.0229,0.0242,0.0014,0.0815,0.0031,0.1332
m1-server,stress,2154,move,accepted,moved,1,0.0175,0.0093,20.1064,2.8232,0.0113,22.9677
m1-server,stress,2155,take,rejected,not_present,0,0.0166,0.0178,0.0016,0.0831,0.0044,0.1235
m1-server,stress,2156,take,rejected,not_present,0,0.0115,0.0052,0.0013,0.0514,0.0035,0.0730
m1-server,stress,2157,talk,rejected,not_eligible,0,0.0099,0.0042,0.0014,0.0508,0.0037,0.0699
m1-server,stress,2158,move,accepted,moved,1,0.0158,0.0063,19.1143,1.2150,0.0115,20.3630
m1-server,stress,2159,move,accepted,moved,1,0.0155,0.0201,18.4127,1.2611,0.0143,19.7237
m1-server,stress,2160,move,accepted,moved,1,0.0181,0.0194,18.0960,1.2525,0.0088,19.3947
m1-server,stress,2161,look,accepted,observed,0,0.0196,0.0168,0.0016,0.0952,0.0029,0.1361
m1-server,stress,2162,look,accepted,observed,0,0.0160,0.0053,0.0014,0.0577,0.0022,0.0825
m1-server,stress,2163,look,accepted,observed,0,0.0153,0.0064,0.0018,0.0917,0.0026,0.1178
m1-server,stress,2164,look,accepted,observed,0,0.0164,0.0049,0.0013,0.0718,0.0025,0.0970
m1-server,stress,2165,take,rejected,not_present,0,0.0130,0.0062,0.0016,0.0787,0.0027,0.1021
m1-server,stress,2166,wait,rejected,invalid_time,0,0.0155,0.0056,0.0015,0.0575,0.0021,0.0821
m1-server,stress,2167,move,accepted,moved,1,0.0153,0.0060,17.0185,1.1607,0.0081,18.2086
m1-server,stress,2168,talk,rejected,not_eligible,0,0.0153,0.0185,0.0016,0.1346,0.0029,0.1730
m1-server,stress,2169,look,accepted,observed,0,0.0130,0.0060,0.0016,0.0934,0.0027,0.1166
m1-server,stress,2170,look,accepted,observed,0,0.0174,0.0056,0.0015,0.0538,0.0024,0.0807
m1-server,stress,2171,move,accepted,moved,1,0.0140,0.0103,16.3452,1.2456,0.0062,17.6214
m1-server,stress,2172,look,accepted,observed,0,0.0221,0.0302,0.0017,0.1049,0.0026,0.1615
m1-server,stress,2173,look,accepted,observed,0,0.0183,0.0056,0.0030,0.0556,0.0022,0.0847
m1-server,stress,2174,move,accepted,moved,1,0.0148,0.0065,21.4430,2.6871,0.0123,24.1637
m1-server,stress,2175,look,accepted,observed,0,0.0138,0.0167,0.0015,0.0878,0.0037,0.1234
m1-server,stress,2176,take,accepted,taken,1,0.0100,0.0057,19.3556,1.1858,0.0083,20.5654
m1-server,stress,2177,look,accepted,observed,0,0.0171,0.0195,0.0015,0.0716,0.0024,0.1120
m1-server,stress,2178,look,accepted,observed,0,0.0115,0.0054,0.0013,0.0526,0.0038,0.0745
m1-server,stress,2179,look,accepted,observed,0,0.0110,0.0080,0.0017,0.0608,0.0023,0.0839
m1-server,stress,2180,move,rejected,exit_unavailable,0,0.0095,0.0061,0.0015,0.0486,0.0028,0.0684
m1-server,stress,2181,move,accepted,moved,1,0.0103,0.0075,17.6524,1.2150,0.0102,18.8955
m1-server,stress,2182,choose,rejected,invalid_choice,0,0.0142,0.0189,0.0016,0.1005,0.0028,0.1380
m1-server,stress,2183,look,accepted,observed,0,0.0178,0.0049,0.0013,0.0566,0.0022,0.0828
m1-server,stress,2184,move,accepted,moved,1,0.0147,0.0060,15.4708,1.2783,0.0098,16.7797
m1-server,stress,2185,drop,accepted,dropped,1,0.0180,0.0225,16.7534,1.2600,0.0165,18.0705
m1-server,stress,2186,move,accepted,moved,1,0.0187,0.0217,17.3973,1.2425,0.0132,18.6933
m1-server,stress,2187,look,accepted,observed,0,0.0247,0.0204,0.0070,0.0869,0.0033,0.1423
m1-server,stress,2188,move,accepted,moved,1,0.0151,0.0073,17.5099,2.6790,0.0055,20.2167
m1-server,stress,2189,move,accepted,moved,1,0.0142,0.0172,20.3648,1.2132,0.0092,21.6186
m1-server,stress,2190,look,accepted,observed,0,0.0158,0.0193,0.0018,0.0790,0.0031,0.1190
m1-server,stress,2191,talk,rejected,not_owned,0,0.0144,0.0068,0.0032,0.0729,0.0028,0.1002
m1-server,stress,2192,talk,rejected,not_owned,0,0.0130,0.0058,0.0034,0.0595,0.0024,0.0841
m1-server,stress,2193,drop,replayed,dropped,0,0.0260,0.0095,0.0002,0.0000,0.0023,0.0381
m1-server,stress,2194,move,accepted,moved,1,0.0213,0.0072,26.8927,1.2370,0.0140,28.1722
m1-server,stress,2195,talk,rejected,not_eligible,0,0.0211,0.0176,0.0019,0.0941,0.0046,0.1394
m1-server,stress,2196,look,accepted,observed,0,0.0136,0.0059,0.0014,0.0603,0.0043,0.0856
m1-server,stress,2197,look,accepted,observed,0,0.0156,0.0082,0.0017,0.0877,0.0043,0.1175
m1-server,stress,2198,talk,rejected,not_eligible,0,0.0138,0.0060,0.0015,0.1019,0.0040,0.1273
m1-server,stress,2199,look,accepted,observed,0,0.0147,0.0054,0.0014,0.0814,0.0027,0.1055
m1-server,stress,2200,move,accepted,moved,1,0.0139,0.0080,16.0214,1.2790,0.0115,17.3339
m1-server,stress,2201,look,accepted,observed,0,0.0224,0.0242,0.0018,0.0863,0.0028,0.1375
m1-server,stress,2202,move,rejected,exit_unavailable,0,0.0153,0.0066,0.0015,0.0623,0.0022,0.0879
m1-server,stress,2203,move,accepted,moved,1,0.0159,0.0060,16.5493,1.1536,0.0053,17.7300
m1-server,stress,2204,look,accepted,observed,0,0.0141,0.0165,0.0015,0.0678,0.0029,0.1028
m1-server,stress,2205,move,accepted,moved,1,0.0151,0.0093,16.0642,1.2730,0.0087,17.3703
m1-server,stress,2206,look,accepted,observed,0,0.0218,0.0188,0.0017,0.0838,0.0029,0.1289
m1-server,stress,2207,move,accepted,moved,1,0.0154,0.0068,19.2114,2.9000,0.0165,22.1501
m1-server,stress,2208,look,accepted,observed,0,0.0181,0.0225,0.0017,0.0940,0.0065,0.1429
m1-server,stress,2209,look,accepted,observed,0,0.0139,0.0092,0.0020,0.0687,0.0030,0.0967
m1-server,stress,2210,look,accepted,observed,0,0.0565,0.0061,0.0014,0.0674,0.0020,0.1335
m1-server,stress,2211,move,accepted,moved,1,0.0113,0.0073,21.2288,1.2618,0.0163,22.5254
m1-server,stress,2212,look,accepted,observed,0,0.0217,0.0180,0.0015,0.1002,0.0043,0.1457
m1-server,stress,2213,talk,rejected,not_owned,0,0.0158,0.0060,0.0015,0.0594,0.0040,0.0868
m1-server,stress,2214,move,accepted,moved,1,0.0152,0.0064,15.0062,1.2500,0.0078,16.2856
m1-server,stress,2215,look,accepted,observed,0,0.0196,0.0168,0.0014,0.0977,0.0028,0.1384
m1-server,stress,2216,activate,rejected,not_eligible,0,0.0177,0.0058,0.0015,0.0589,0.0023,0.0861
m1-server,stress,2217,look,accepted,observed,0,0.0154,0.0068,0.0017,0.0788,0.0026,0.1053
m1-server,stress,2218,talk,rejected,not_eligible,0,0.0131,0.0063,0.0016,0.0590,0.0022,0.0822
m1-server,stress,2219,wait,rejected,invalid_time,0,0.0111,0.0053,0.0015,0.0682,0.0018,0.0879
m1-server,stress,2220,activate,rejected,not_eligible,0,0.0098,0.0040,0.0013,0.0723,0.0018,0.0892
m1-server,stress,2221,choose,rejected,stale_view,0,0.0097,0.0075,0.0013,0.0481,0.0018,0.0685
m1-server,stress,2222,look,accepted,observed,0,0.0090,0.0035,0.0013,0.0535,0.0017,0.0690
m1-server,stress,2223,look,accepted,observed,0,0.0089,0.0035,0.0012,0.0483,0.0030,0.0648
m1-server,stress,2224,talk,rejected,not_eligible,0,0.0105,0.0045,0.0013,0.0552,0.0023,0.0738
m1-server,stress,2225,move,accepted,moved,1,0.0099,0.0053,15.6007,1.1982,0.0082,16.8222
m1-server,stress,2226,look,accepted,observed,0,0.0129,0.0158,0.0017,0.0628,0.0022,0.0954
m1-server,stress,2227,move,accepted,moved,1,0.0093,0.0056,15.3100,1.2411,0.0084,16.5744
m1-server,stress,2228,look,accepted,observed,0,0.0190,0.0220,0.0014,0.0833,0.0030,0.1287
m1-server,stress,2229,look,accepted,observed,0,0.0155,0.0055,0.0014,0.0578,0.0022,0.0823
m1-server,stress,2230,take,accepted,taken,1,0.0149,0.0060,20.4095,1.2635,0.0095,21.7034
m1-server,stress,2231,talk,rejected,not_eligible,0,0.0243,0.0204,0.0017,0.0997,0.0028,0.1489
m1-server,stress,2232,wait,rejected,invalid_time,0,0.0171,0.0055,0.0014,0.0592,0.0020,0.0852
m1-server,stress,2233,close_choice,rejected,invalid_choice,0,0.0163,0.0120,0.0018,0.0602,0.0027,0.0928
m1-server,stress,2234,move,accepted,moved,1,0.0141,0.0072,18.0240,2.9398,0.0115,20.9965
m1-server,stress,2235,wait,rejected,invalid_time,0,0.0230,0.0209,0.0015,0.1050,0.0031,0.1535
m1-server,stress,2236,wait,rejected,invalid_time,0,0.0156,0.0062,0.0015,0.0848,0.0031,0.1112
m1-server,stress,2237,move,accepted,moved,1,0.0123,0.0065,17.8542,1.2610,0.0078,19.1418
m1-server,stress,2238,move,accepted,moved,1,0.0156,0.0166,15.5528,1.2340,0.0086,16.8276
m1-server,stress,2239,choose,rejected,invalid_choice,0,0.0141,0.0176,0.0016,0.0963,0.0031,0.1327
m1-server,stress,2240,wait,rejected,invalid_time,0,0.0168,0.0060,0.0015,0.0878,0.0029,0.1150
m1-server,stress,2241,take,replayed,not_present,0,0.0245,0.0059,0.0002,0.0000,0.0021,0.0328
m1-server,stress,2242,drop,accepted,dropped,1,0.0090,0.0045,14.2417,1.2157,0.0080,15.4789
m1-server,stress,2243,look,accepted,observed,0,0.0196,0.0155,0.0015,0.1000,0.0028,0.1395
m1-server,stress,2244,take,accepted,taken,1,0.0153,0.0063,17.3218,1.2807,0.0081,18.6323
m1-server,stress,2245,move,accepted,moved,1,0.0222,0.0220,15.7147,1.2130,0.0059,16.9777
m1-server,stress,2246,look,accepted,observed,0,0.0193,0.0208,0.0018,0.0929,0.0030,0.1378
m1-server,stress,2247,drop,replayed,dropped,0,0.0270,0.0050,0.0002,0.0000,0.0018,0.0341
m1-server,stress,2248,choose,rejected,stale_view,0,0.0102,0.0076,0.0014,0.0603,0.0021,0.0816
m1-server,stress,2249,look,accepted,observed,0,0.0151,0.0083,0.0016,0.0958,0.0026,0.1234
m1-server,stress,2250,look,accepted,observed,0,0.0129,0.0061,0.0015,0.0563,0.0020,0.0788
m1-server,stress,2251,look,accepted,observed,0,0.0158,0.0060,0.0029,0.1022,0.0025,0.1294
m1-server,stress,2252,talk,rejected,not_eligible,0,0.0180,0.0054,0.0028,0.0803,0.0033,0.1098
m1-server,stress,2253,look,accepted,observed,0,0.0126,0.0045,0.0027,0.0610,0.0023,0.0831
m1-server,stress,2254,look,accepted,observed,0,0.0152,0.0043,0.0013,0.0814,0.0044,0.1065
m1-server,stress,2255,look,accepted,observed,0,0.0127,0.0043,0.0013,0.0521,0.0037,0.0739
m1-server,stress,2256,move,accepted,moved,1,0.0155,0.0060,20.0413,2.8548,0.0081,22.9257
m1-server,stress,2257,look,accepted,observed,0,0.0140,0.0190,0.0015,0.0983,0.0022,0.1350
m1-server,stress,2258,move,accepted,moved,1,0.0099,0.0078,39.9218,1.2910,0.0060,41.2366
m1-server,stress,2259,move,accepted,moved,1,0.0204,0.0195,18.7175,1.2251,0.0094,19.9919
m1-server,stress,2260,move,accepted,moved,1,0.0209,0.0212,16.7328,1.2378,0.0080,18.0207
m1-server,stress,2261,look,accepted,observed,0,0.0200,0.0155,0.0016,0.0945,0.0028,0.1343
m1-server,stress,2262,drop,accepted,dropped,1,0.0156,0.0063,15.5704,1.2009,0.0084,16.8015
m1-server,stress,2263,take,accepted,taken,1,0.0140,0.0182,21.8622,1.1550,0.0083,23.0577
m1-server,stress,2264,move,accepted,moved,1,0.0150,0.0220,22.0632,2.8979,0.0109,25.0089
m1-server,stress,2265,move,accepted,moved,1,0.0198,0.0235,18.3754,1.2953,0.0073,19.7212
m1-server,stress,2266,move,accepted,moved,1,0.0152,0.0219,15.1240,1.2217,0.0074,16.3902
m1-server,stress,2267,move,accepted,moved,1,0.0193,0.0169,14.5037,1.2278,0.0089,15.7766
m1-server,stress,2268,look,accepted,observed,0,0.0199,0.0162,0.0018,0.0838,0.0030,0.1246
m1-server,stress,2269,drop,rejected,integrity_conflict,0,0.0259,0.0048,0.0002,0.0000,0.0018,0.0328
m1-server,stress,2270,move,accepted,moved,1,0.0108,0.0050,17.1349,1.2020,0.0068,18.3595
m1-server,stress,2271,wait,rejected,invalid_time,0,0.0144,0.0202,0.0064,0.0767,0.0031,0.1208
m1-server,stress,2272,look,accepted,observed,0,0.0113,0.0047,0.0030,0.0719,0.0020,0.0928
m1-server,stress,2273,look,accepted,observed,0,0.0100,0.0036,0.0013,0.0746,0.0032,0.0926
m1-server,stress,2274,look,accepted,observed,0,0.0093,0.0034,0.0012,0.0520,0.0030,0.0689
m1-server,stress,2275,move,accepted,moved,1,0.0093,0.0048,18.5205,1.2561,0.0082,19.7989
m1-server,stress,2276,move,accepted,moved,1,0.0215,0.0190,16.5633,2.7951,0.0095,19.4085
m1-server,stress,2277,drop,accepted,dropped,1,0.0165,0.0236,17.2535,1.3229,0.0090,18.6254
m1-server,stress,2278,choose,rejected,invalid_choice,0,0.0160,0.0199,0.0015,0.0568,0.0025,0.0966
m1-server,stress,2279,move,accepted,moved,1,0.0187,0.0063,18.0465,1.2068,0.0060,19.2842
m1-server,stress,2280,move,accepted,moved,1,0.0209,0.0209,15.6247,1.2118,0.0077,16.8860
m1-server,stress,2281,look,accepted,observed,0,0.0154,0.0189,0.0015,0.0981,0.0032,0.1371
m1-server,stress,2282,activate,rejected,not_eligible,0,0.0148,0.0069,0.0016,0.0607,0.0024,0.0864
m1-server,stress,2283,look,accepted,observed,0,0.0141,0.0065,0.0016,0.0578,0.0021,0.0821
m1-server,stress,2284,move,accepted,moved,1,0.0148,0.0078,19.6062,1.2155,0.0088,20.8531
m1-server,stress,2285,choose,rejected,invalid_choice,0,0.0197,0.0234,0.0015,0.1057,0.0029,0.1532
m1-server,stress,2286,look,accepted,observed,0,0.0153,0.0052,0.0027,0.0597,0.0021,0.0850
m1-server,stress,2287,look,accepted,observed,0,0.0146,0.0068,0.0034,0.0590,0.0027,0.0865
m1-server,stress,2288,move,rejected,exit_unavailable,0,0.0180,0.0069,0.0029,0.0689,0.0027,0.0994
m1-server,stress,2289,move,accepted,moved,1,0.0155,0.0057,40.5628,1.2166,0.0068,41.8074
m1-server,stress,2290,move,rejected,exit_unavailable,0,0.0233,0.0220,0.0098,0.0975,0.0030,0.1555
m1-server,stress,2291,move,accepted,moved,1,0.0151,0.0075,16.7691,2.9276,0.0097,19.7290
m1-server,stress,2292,move,accepted,moved,1,0.0239,0.0210,16.2467,1.2907,0.0082,17.5905
m1-server,stress,2293,move,accepted,moved,1,0.0158,0.0170,15.6963,1.1764,0.0086,16.9141
m1-server,stress,2294,move,accepted,moved,1,0.0217,0.0212,19.3001,1.2400,0.0196,20.6026
m1-server,stress,2295,move,accepted,moved,1,0.0194,0.0291,18.1796,1.2215,0.0105,19.4600
m1-server,stress,2296,choose,rejected,invalid_choice,0,0.0183,0.0323,0.0018,0.0817,0.0031,0.1371
m1-server,stress,2297,look,accepted,observed,0,0.0183,0.0063,0.0034,0.1108,0.0030,0.1418
m1-server,stress,2298,close_choice,rejected,invalid_choice,0,0.0177,0.0053,0.0032,0.1046,0.0028,0.1335
m1-server,stress,2299,choose,rejected,stale_view,0,0.0153,0.0081,0.0030,0.0555,0.0024,0.0842
m1-server,stress,2300,move,accepted,moved,1,0.0143,0.0062,15.0307,1.1828,0.0080,16.2419
m1-server,stress,2301,wait,rejected,invalid_time,0,0.0148,0.0153,0.0014,0.0697,0.0033,0.1045
m1-server,stress,2302,look,accepted,observed,0,0.0140,0.0059,0.0014,0.0882,0.0029,0.1124
m1-server,stress,2303,look,accepted,observed,0,0.0153,0.0057,0.0013,0.0668,0.0026,0.0918
m1-server,stress,2304,move,rejected,exit_unavailable,0,0.0164,0.0063,0.0016,0.0665,0.0027,0.0934
m1-server,stress,2305,move,accepted,moved,1,0.0147,0.0065,15.1080,2.8723,0.0084,18.0098
m1-server,stress,2306,look,accepted,observed,0,0.0183,0.0175,0.0014,0.1127,0.0028,0.1528
m1-server,stress,2307,take,rejected,not_present,0,0.0188,0.0058,0.0015,0.0613,0.0024,0.0898
m1-server,stress,2308,move,accepted,moved,1,0.0148,0.0061,14.8504,1.2038,0.0069,16.0819
m1-server,stress,2309,close_choice,rejected,invalid_choice,0,0.0149,0.0146,0.0014,0.0703,0.0030,0.1042
m1-server,stress,2310,move,accepted,moved,1,0.0155,0.0075,17.0883,1.2805,0.0100,18.4018
m1-server,stress,2311,talk,rejected,not_eligible,0,0.0250,0.0228,0.0019,0.1011,0.0029,0.1538
m1-server,stress,2312,look,accepted,observed,0,0.0173,0.0057,0.0014,0.0580,0.0022,0.0845
m1-server,stress,2313,move,accepted,moved,1,0.0166,0.0062,15.2803,1.2162,0.0071,16.5264
m1-server,stress,2314,talk,rejected,not_owned,0,0.0195,0.0239,0.0016,0.0838,0.0028,0.1315
m1-server,stress,2315,take,rejected,not_present,0,0.0190,0.0052,0.0031,0.0564,0.0023,0.0860
m1-server,stress,2316,move,accepted,moved,1,0.0147,0.0063,19.8117,1.3484,0.0109,21.1920
m1-server,stress,2317,activate,rejected,not_eligible,0,0.0418,0.0167,0.0016,0.0680,0.0030,0.1311
m1-server,stress,2318,take,rejected,not_present,0,0.0137,0.0063,0.0015,0.0692,0.0027,0.0934
m1-server,stress,2319,activate,rejected,not_eligible,0,0.0160,0.0070,0.0016,0.0678,0.0027,0.0950
m1-server,stress,2320,wait,rejected,invalid_time,0,0.0137,0.0080,0.0015,0.0691,0.0026,0.0948
m1-server,stress,2321,look,accepted,observed,0,0.0161,0.0062,0.0014,0.0576,0.0021,0.0834
m1-server,stress,2322,take,rejected,not_present,0,0.0150,0.0063,0.0015,0.0867,0.0026,0.1120
m1-server,stress,2323,move,accepted,moved,1,0.0125,0.0087,40.2180,1.3787,0.0069,41.6248
m1-server,stress,2324,close_choice,rejected,invalid_choice,0,0.0270,0.0200,0.0016,0.0767,0.0032,0.1285
m1-server,stress,2325,move,accepted,moved,1,0.0132,0.0091,16.7898,2.9972,0.0136,19.8228
m1-server,stress,2326,look,accepted,observed,0,0.0155,0.0149,0.0016,0.0867,0.0020,0.1207
m1-server,stress,2327,wait,rejected,invalid_time,0,0.0104,0.0048,0.0015,0.0724,0.0033,0.0923
m1-server,stress,2328,move,accepted,moved,1,0.0117,0.0066,16.4015,1.3448,0.0055,17.7700
m1-server,stress,2329,take,rejected,not_present,0,0.0145,0.0140,0.0017,0.0725,0.0030,0.1056
m1-server,stress,2330,look,accepted,observed,0,0.0135,0.0061,0.0015,0.0906,0.0027,0.1145
m1-server,stress,2331,take,rejected,not_present,0,0.0138,0.0057,0.0014,0.0724,0.0028,0.0960
m1-server,stress,2332,look,accepted,observed,0,0.0137,0.0055,0.0015,0.0656,0.0026,0.0888
m1-server,stress,2333,move,rejected,exit_unavailable,0,0.0165,0.0062,0.0015,0.0746,0.0027,0.1014
m1-server,stress,2334,look,accepted,observed,0,0.0157,0.0051,0.0014,0.0690,0.0026,0.0938
m1-server,stress,2335,wait,rejected,invalid_time,0,0.0142,0.0083,0.0015,0.0705,0.0026,0.0970
m1-server,stress,2336,move,accepted,moved,1,0.0145,0.0071,17.4538,1.3399,0.0078,18.8231
m1-server,stress,2337,take,rejected,not_present,0,0.0140,0.0155,0.0014,0.0694,0.0027,0.1030
m1-server,stress,2338,wait,rejected,invalid_time,0,0.0147,0.0065,0.0015,0.0684,0.0025,0.0937
m1-server,stress,2339,talk,rejected,not_eligible,0,0.0157,0.0052,0.0014,0.0702,0.0025,0.0950
m1-server,stress,2340,talk,rejected,not_eligible,0,0.0145,0.0049,0.0013,0.0693,0.0026,0.0926
m1-server,stress,2341,look,accepted,observed,0,0.0146,0.0045,0.0013,0.0893,0.0026,0.1122
m1-server,stress,2342,move,accepted,moved,1,0.0152,0.0062,19.7253,1.3441,0.0080,21.0987
m1-server,stress,2343,move,accepted,moved,1,0.0196,0.0222,19.1185,1.3608,0.0078,20.5289
m1-server,stress,2344,move,accepted,moved,1,0.0186,0.0161,18.5431,2.6115,0.0082,21.1975
m1-server,stress,2345,look,accepted,observed,0,0.0184,0.0185,0.0017,1.0740,0.0029,1.1154
m1-server,stress,2346,move,accepted,moved,1,0.0287,0.0092,18.6403,2.9053,0.0064,21.5899
m1-server,stress,2347,look,accepted,observed,0,0.0164,0.0173,0.0015,0.1607,0.0043,0.2003
m1-server,stress,2348,look,accepted,observed,0,0.0137,0.0067,0.0036,0.0580,0.0027,0.0846
m1-server,stress,2349,activate,rejected,not_eligible,0,0.0154,0.0058,0.0029,0.0856,0.0035,0.1132
m1-server,stress,2350,choose,rejected,stale_view,0,0.0130,0.0101,0.0017,0.0555,0.0023,0.0825
m1-server,stress,2351,look,accepted,observed,0,0.0155,0.0053,0.0030,0.0604,0.0022,0.0864
m1-server,stress,2352,look,accepted,observed,0,0.0143,0.0057,0.0027,0.0577,0.0021,0.0825
m1-server,stress,2353,choose,rejected,invalid_choice,0,0.0158,0.0062,0.0029,0.0808,0.0027,0.1083
m1-server,stress,2354,move,accepted,moved,1,0.0186,0.0064,18.7530,1.2629,0.0080,20.0489
m1-server,stress,2355,wait,rejected,invalid_time,0,0.0185,0.0228,0.0018,0.1016,0.0028,0.1475
m1-server,stress,2356,look,accepted,observed,0,0.0163,0.0063,0.0019,0.0567,0.0023,0.0836
m1-server,stress,2357,move,accepted,moved,1,0.0175,0.0080,17.3801,1.2667,0.0107,18.6831
m1-server,stress,2358,wait,rejected,invalid_time,0,0.0201,0.0242,0.0060,0.0739,0.0035,0.1277
m1-server,stress,2359,look,accepted,observed,0,0.0158,0.0058,0.0032,0.0606,0.0025,0.0878
m1-server,stress,2360,look,accepted,observed,0,0.0145,0.0048,0.0029,0.1141,0.0029,0.1392
m1-server,stress,2361,look,accepted,observed,0,0.0145,0.0055,0.0013,0.0603,0.0039,0.0856
m1-server,stress,2362,wait,rejected,invalid_time,0,0.0146,0.0065,0.0014,0.0686,0.0042,0.0953
m1-server,stress,2363,talk,rejected,not_eligible,0,0.0147,0.0061,0.0014,0.0892,0.0059,0.1173
m1-server,stress,2364,drop,replayed,dropped,0,0.0245,0.0053,0.0002,0.0000,0.0058,0.0359
m1-server,stress,2365,look,accepted,observed,0,0.0145,0.0050,0.0013,0.1021,0.0045,0.1275
m1-server,stress,2366,look,accepted,observed,0,0.0125,0.0044,0.0014,0.0832,0.0042,0.1056
m1-server,stress,2367,move,accepted,moved,1,0.0141,0.0069,15.3615,1.2708,0.0055,16.6588
m1-server,stress,2368,take,rejected,not_present,0,0.0159,0.0178,0.0015,0.1164,0.0027,0.1543
m1-server,stress,2369,look,accepted,observed,0,0.0180,0.0049,0.0013,0.1273,0.0026,0.1540
m1-server,stress,2370,look,accepted,observed,0,0.0163,0.0056,0.0014,0.0608,0.0020,0.0862
m1-server,stress,2371,choose,rejected,stale_view,0,0.0145,0.0089,0.0015,0.0533,0.0021,0.0804
m1-server,stress,2372,take,replayed,not_present,0,0.0245,0.0045,0.0002,0.0000,0.0018,0.0310
m1-server,stress,2373,look,accepted,observed,0,0.0113,0.0032,0.0013,0.0555,0.0020,0.0733
m1-server,stress,2374,talk,rejected,not_owned,0,0.0154,0.0047,0.0015,0.0978,0.0026,0.1219
m1-server,stress,2375,move,accepted,moved,1,0.0148,0.0060,16.7740,1.1518,0.0069,17.9534
m1-server,stress,2376,wait,rejected,invalid_time,0,0.0153,0.0136,0.0015,0.0678,0.0028,0.1008
m1-server,stress,2377,take,rejected,not_present,0,0.0146,0.0055,0.0014,0.0730,0.0025,0.0971
m1-server,stress,2378,look,accepted,observed,0,0.0183,0.0047,0.0013,0.0576,0.0020,0.0840
m1-server,stress,2379,talk,rejected,not_eligible,0,0.0146,0.0067,0.0018,0.0764,0.0027,0.1021
m1-server,stress,2380,look,accepted,observed,0,0.0180,0.0045,0.0015,0.0533,0.0023,0.0796
m1-server,stress,2381,move,rejected,exit_unavailable,0,0.0144,0.0052,0.0015,0.0575,0.0020,0.0805
m1-server,stress,2382,move,accepted,moved,1,0.0155,0.0075,21.8331,2.7852,0.0115,24.6528
m1-server,stress,2383,choose,rejected,stale_view,0,0.0154,0.0168,0.0028,0.0952,0.0033,0.1334
m1-server,stress,2384,move,accepted,moved,1,0.0157,0.0088,24.9713,1.2834,0.0074,26.2865
m1-server,stress,2385,choose,rejected,invalid_choice,0,0.0232,0.0222,0.0018,0.0881,0.0030,0.1383
m1-server,stress,2386,wait,rejected,invalid_time,0,0.0140,0.0066,0.0015,0.0933,0.0028,0.1182
m1-server,stress,2387,talk,rejected,not_eligible,0,0.0147,0.0063,0.0015,0.0620,0.0025,0.0870
m1-server,stress,2388,wait,rejected,invalid_time,0,0.0144,0.0066,0.0015,0.0532,0.0019,0.0776
m1-server,stress,2389,look,accepted,observed,0,0.0143,0.0050,0.0014,0.0986,0.0028,0.1222
m1-server,stress,2390,choose,rejected,invalid_choice,0,0.0134,0.0067,0.0014,0.0534,0.0028,0.0775
m1-server,stress,2391,look,accepted,observed,0,0.0183,0.0058,0.0014,0.0585,0.0020,0.0861
m1-server,stress,2392,look,accepted,observed,0,0.0141,0.0058,0.0015,0.0527,0.0025,0.0765
m1-server,stress,2393,activate,rejected,not_eligible,0,0.0148,0.0049,0.0014,0.0748,0.0026,0.0984
m1-server,stress,2394,wait,rejected,invalid_time,0,0.0135,0.0060,0.0013,0.0550,0.0022,0.0780
m1-server,stress,2395,talk,rejected,not_eligible,0,0.0153,0.0047,0.0013,0.0938,0.0028,0.1179
m1-server,stress,2396,look,accepted,observed,0,0.0161,0.0049,0.0014,0.0890,0.0026,0.1139
m1-server,stress,2397,move,accepted,moved,1,0.0137,0.0067,23.5335,1.2713,0.0088,24.8339
m1-server,stress,2398,move,accepted,moved,1,0.0200,0.0230,29.9692,1.3010,0.0150,31.3283
m1-server,stress,2399,choose,rejected,stale_view,0,0.0176,0.0195,0.0055,0.0912,0.0028,0.1367
m1-server,stress,2400,move,accepted,moved,1,0.0131,0.0090,19.7030,1.2546,0.0072,20.9870
m1-server,stress,2401,move,accepted,moved,1,0.0206,0.0201,16.4625,1.2479,0.0078,17.7589
m1-server,stress,2402,move,rejected,exit_unavailable,0,0.0203,0.0181,0.0016,0.1041,0.0031,0.1473
m1-server,stress,2403,take,rejected,not_present,0,0.0160,0.0069,0.0018,0.0765,0.0029,0.1040
m1-server,stress,2404,move,accepted,moved,1,0.0164,0.0061,19.0527,2.8736,0.0088,21.9577
m1-server,stress,2405,talk,rejected,not_owned,0,0.0245,0.0228,0.0015,0.0925,0.0032,0.1444
m1-server,stress,2406,move,accepted,moved,1,0.0113,0.0078,18.0541,1.2608,0.0077,19.3417
m1-server,stress,2407,look,accepted,observed,0,0.0213,0.0173,0.0015,0.0991,0.0030,0.1423
m1-server,stress,2408,look,accepted,observed,0,0.0174,0.0064,0.0016,0.0678,0.0027,0.0959
m1-server,stress,2409,move,accepted,moved,1,0.0164,0.0066,18.7429,1.2471,0.0058,20.0189
m1-server,stress,2410,move,accepted,moved,1,0.0195,0.0192,19.2586,1.2660,0.0077,20.5710
m1-server,stress,2411,move,accepted,moved,1,0.0217,0.0210,18.1543,1.2591,0.0084,19.4645
m1-server,stress,2412,move,accepted,moved,1,0.0264,0.0177,16.4820,1.1613,0.0057,17.6930
m1-server,stress,2413,talk,rejected,not_eligible,0,0.0158,0.0172,0.0017,0.0677,0.0032,0.1055
m1-server,stress,2414,look,accepted,observed,0,0.0148,0.0062,0.0015,0.0694,0.0028,0.0946
m1-server,stress,2415,talk,rejected,not_eligible,0,0.0158,0.0060,0.0016,0.0701,0.0028,0.0962
m1-server,stress,2416,take,rejected,not_present,0,0.0156,0.0053,0.0014,0.0718,0.0027,0.0967
m1-server,stress,2417,move,rejected,exit_unavailable,0,0.0150,0.0055,0.0015,0.0661,0.0028,0.0908
m1-server,stress,2418,talk,rejected,not_eligible,0,0.0156,0.0049,0.0018,0.0696,0.0027,0.0946
m1-server,stress,2419,take,rejected,not_present,0,0.0160,0.0047,0.0015,0.0657,0.0027,0.0905
m1-server,stress,2420,look,accepted,observed,0,0.0158,0.0047,0.0014,0.0687,0.0026,0.0933
m1-server,stress,2421,move,accepted,moved,1,0.0138,0.0078,19.6791,2.7212,0.0070,22.4289
m1-server,stress,2422,look,accepted,observed,0,0.0170,0.0190,0.0014,0.0872,0.0021,0.1268
m1-server,stress,2423,look,accepted,observed,0,0.0101,0.0052,0.0013,0.0690,0.0018,0.0874
m1-server,stress,2424,move,rejected,exit_unavailable,0,0.0094,0.0059,0.0015,0.0863,0.0031,0.1062
m1-server,stress,2425,look,accepted,observed,0,0.0111,0.0062,0.0016,0.0579,0.0022,0.0790
m1-server,stress,2426,take,rejected,not_present,0,0.0098,0.0043,0.0025,0.0662,0.0018,0.0845
m1-server,stress,2427,look,accepted,observed,0,0.0091,0.0035,0.0029,0.0565,0.0018,0.0737
m1-server,stress,2428,move,accepted,moved,1,0.0092,0.0045,19.3258,1.2249,0.0087,20.5731
m1-server,stress,2429,move,rejected,exit_unavailable,0,0.0215,0.0173,0.0017,0.0759,0.0033,0.1197
m1-server,stress,2430,move,accepted,moved,1,0.0154,0.0071,15.4488,1.2652,0.0084,16.7450
m1-server,stress,2431,activate,rejected,not_eligible,0,0.0220,0.0273,0.0021,0.1130,0.0030,0.1673
m1-server,stress,2432,look,accepted,observed,0,0.0185,0.0102,0.0017,0.0625,0.0026,0.0955
m1-server,stress,2433,look,accepted,observed,0,0.0146,0.0078,0.0072,0.0539,0.0025,0.0859
m1-server,stress,2434,look,accepted,observed,0,0.0153,0.0052,0.0032,0.0617,0.0021,0.0875
m1-server,stress,2435,move,accepted,moved,1,0.0148,0.0069,16.1758,1.3246,0.0101,17.5323
m1-server,stress,2436,move,accepted,moved,1,0.0223,0.0280,17.4825,1.2193,0.0058,18.7579
m1-server,stress,2437,look,accepted,observed,0,0.0224,0.0185,0.0015,0.0673,0.0030,0.1125
m1-server,stress,2438,take,replayed,not_present,0,0.0233,0.0054,0.0002,0.0000,0.0019,0.0308
m1-server,stress,2439,move,accepted,moved,1,0.0080,0.0051,18.4029,1.1948,0.0063,19.6171
m1-server,stress,2440,move,accepted,moved,1,0.0197,0.0178,18.8160,2.9235,0.0070,21.7838
m1-server,stress,2441,choose,rejected,invalid_choice,0,0.0248,0.0170,0.0016,0.0898,0.0027,0.1359
m1-server,stress,2442,move,accepted,moved,1,0.0166,0.0896,15.3659,1.2355,0.0064,16.7140
m1-server,stress,2443,look,accepted,observed,0,0.0224,0.0247,0.0014,0.0872,0.0035,0.1391
m1-server,stress,2444,look,accepted,observed,0,0.0143,0.0078,0.0014,0.0558,0.0025,0.0818
m1-server,stress,2445,take,replayed,not_present,0,0.0292,0.0062,0.0002,0.0000,0.0022,0.0378
m1-server,stress,2446,take,rejected,not_present,0,0.0090,0.0043,0.0015,0.0635,0.0024,0.0808
m1-server,stress,2447,talk,rejected,not_eligible,0,0.0155,0.0045,0.0014,0.0646,0.0038,0.0898
m1-server,stress,2448,close_choice,rejected,invalid_choice,0,0.0147,0.0060,0.0015,0.0595,0.0022,0.0838
m1-server,stress,2449,move,accepted,moved,1,0.0166,0.0055,19.2312,1.2332,0.0088,20.4952
m1-server,stress,2450,move,accepted,moved,1,0.0193,0.0225,23.6438,1.2104,0.0073,24.9031
m1-server,stress,2451,talk,rejected,not_eligible,0,0.0200,0.0189,0.0018,0.1089,0.0031,0.1528
m1-server,stress,2452,choose,rejected,stale_view,0,0.0188,0.0100,0.0017,0.0575,0.0026,0.0906
m1-server,stress,2453,activate,rejected,not_eligible,0,0.0157,0.0063,0.0015,0.0774,0.0029,0.1038
m1-server,stress,2454,move,accepted,moved,1,0.0156,0.0065,23.4592,1.2459,0.0163,24.7434
m1-server,stress,2455,move,accepted,moved,1,0.0184,0.0225,40.9342,1.2009,0.0070,42.1829
m1-server,stress,2456,wait,rejected,invalid_time,0,0.0187,0.0205,0.0018,0.0854,0.0030,0.1293
m1-server,stress,2457,talk,rejected,not_eligible,0,0.0168,0.0068,0.0015,0.0897,0.0028,0.1176
m1-server,stress,2458,move,accepted,moved,1,0.0162,0.0085,17.5057,2.8995,0.0090,20.4390
m1-server,stress,2459,look,accepted,observed,0,0.0157,0.0198,0.0016,0.0850,0.0032,0.1252
m1-server,stress,2460,look,accepted,observed,0,0.0116,0.0061,0.0014,0.0658,0.0025,0.0875
m1-server,stress,2461,move,accepted,moved,1,0.0138,0.0058,14.7319,1.2297,0.0079,15.9891
m1-server,stress,2462,look,accepted,observed,0,0.0206,0.0153,0.0015,0.0815,0.0028,0.1218
m1-server,stress,2463,move,accepted,moved,1,0.0130,0.0080,15.5382,1.2385,0.0083,16.8060
m1-server,stress,2464,take,rejected,not_present,0,0.0188,0.0167,0.0015,0.0646,0.0022,0.1038
m1-server,stress,2465,choose,rejected,invalid_choice,0,0.0174,0.0080,0.0017,0.0927,0.0028,0.1225
m1-server,stress,2466,move,accepted,moved,1,0.0176,0.0066,19.9932,1.3071,0.0203,21.3449
m1-server,stress,2467,move,accepted,moved,1,0.0214,0.0291,26.8594,1.1957,0.0076,28.1131
m1-server,stress,2468,take,rejected,not_present,0,0.0158,0.0159,0.0015,0.0685,0.0031,0.1048
m1-server,stress,2469,move,accepted,moved,1,0.0163,0.0076,18.4861,1.2176,0.0098,19.7374
m1-server,stress,2470,move,accepted,moved,1,0.0187,0.0199,16.3392,2.8688,0.0099,19.2564
m1-server,stress,2471,look,accepted,observed,0,0.0199,0.0236,0.0016,0.1081,0.0025,0.1557
m1-server,stress,2472,move,rejected,exit_unavailable,0,0.0155,0.0062,0.0016,0.0676,0.0025,0.0933
m1-server,stress,2473,look,accepted,observed,0,0.0147,0.0046,0.0015,0.0593,0.0022,0.0823
m1-server,stress,2474,activate,rejected,not_eligible,0,0.0144,0.0049,0.0015,0.0604,0.0020,0.0833
m1-server,stress,2475,look,accepted,observed,0,0.0145,0.0042,0.0015,0.0697,0.0020,0.0920
m1-server,stress,2476,look,accepted,observed,0,0.0143,0.0042,0.0013,0.1253,0.0042,0.1493
m1-server,stress,2477,move,accepted,moved,1,0.0142,0.0091,16.6233,1.2485,0.0083,17.9033
m1-server,stress,2478,look,accepted,observed,0,0.0182,0.0172,0.0015,0.0898,0.0029,0.1296
m1-server,stress,2479,move,accepted,moved,1,0.0195,0.0072,18.0675,1.2152,0.0069,19.3163
m1-server,stress,2480,take,rejected,not_present,0,0.0205,0.0236,0.0016,0.0984,0.0028,0.1470
m1-server,stress,2481,look,accepted,observed,0,0.0152,0.0050,0.0029,0.0611,0.0024,0.0865
m1-server,stress,2482,move,accepted,moved,1,0.0165,0.0064,21.3913,1.2225,0.0131,22.6498
m1-server,stress,2483,look,accepted,observed,0,0.0215,0.0160,0.0015,0.1085,0.0028,0.1504
m1-server,stress,2484,move,accepted,moved,1,0.0160,0.0086,18.2709,1.2301,0.0165,19.5421
m1-server,stress,2485,choose,rejected,invalid_choice,0,0.0224,0.0193,0.0015,0.0775,0.0052,0.1259
m1-server,stress,2486,look,accepted,observed,0,0.0141,0.0060,0.0015,0.0538,0.0035,0.0788
m1-server,stress,2487,move,accepted,moved,1,0.0097,0.0053,15.6071,1.1598,0.0060,16.7879
m1-server,stress,2488,move,rejected,exit_unavailable,0,0.0143,0.0146,0.0016,0.0619,0.0022,0.0945
m1-server,stress,2489,look,accepted,observed,0,0.0100,0.0038,0.0013,0.0514,0.0018,0.0683
m1-server,stress,2490,move,accepted,moved,1,0.0090,0.0046,15.8884,2.7110,0.0109,18.6240
m1-server,stress,2491,look,accepted,observed,0,0.0146,0.0145,0.0015,0.0827,0.0034,0.1168
m1-server,stress,2492,move,accepted,moved,1,0.0115,0.0077,21.0358,1.2855,0.0194,22.3599
m1-server,stress,2493,talk,rejected,not_eligible,0,0.0199,0.0253,0.0019,0.0860,0.0032,0.1362
m1-server,stress,2494,take,rejected,not_present,0,0.0147,0.0063,0.0015,0.0555,0.0024,0.0805
m1-server,stress,2495,look,accepted,observed,0,0.0152,0.0052,0.0014,0.0633,0.0022,0.0873
m1-server,stress,2496,move,accepted,moved,1,0.0143,0.0074,23.1124,1.2668,0.0073,24.4081
m1-server,stress,2497,wait,rejected,invalid_time,0,0.0154,0.0176,0.0016,0.0862,0.0032,0.1240
m1-server,stress,2498,look,accepted,observed,0,0.0159,0.0054,0.0016,0.1066,0.0028,0.1323
m1-server,stress,2499,choose,rejected,stale_view,0,0.0149,0.0086,0.0015,0.0815,0.0027,0.1092
m1-server,stress,2500,move,accepted,moved,1,0.0149,0.0073,23.8428,1.2368,0.0093,25.1111
m1-server,stress,2501,move,accepted,moved,1,0.0193,0.0198,29.4965,1.2645,0.0085,30.8085
m1-server,stress,2502,move,accepted,moved,1,0.0189,0.0253,20.2935,1.2248,0.0083,21.5708
m1-server,stress,2503,move,accepted,moved,1,0.0212,0.0196,16.6384,2.8513,0.0086,19.5390
m1-server,stress,2504,wait,rejected,invalid_time,0,0.0160,0.0209,0.0019,0.1069,0.0025,0.1483
m1-server,stress,2505,take,replayed,not_present,0,0.0200,0.0045,0.0002,0.0000,0.0018,0.0265
m1-server,stress,2506,look,accepted,observed,0,0.0083,0.0035,0.0014,0.0630,0.0033,0.0794
m1-server,stress,2507,look,accepted,observed,0,0.0111,0.0054,0.0016,0.0530,0.0023,0.0733
m1-server,stress,2508,move,accepted,moved,1,0.0102,0.0052,16.6735,1.2424,0.0081,17.9393
m1-server,stress,2509,move,accepted,moved,1,0.0143,0.0180,17.5781,1.1990,0.0067,18.8160
m1-server,stress,2510,take,accepted,taken,1,0.0200,0.0215,21.9389,1.2269,0.0075,23.2147
m1-server,stress,2511,look,accepted,observed,0,0.0224,0.0208,0.0018,0.1275,0.0029,0.1753
m1-server,stress,2512,look,accepted,observed,0,0.0151,0.0060,0.0014,0.0934,0.0027,0.1185
m1-server,stress,2513,look,accepted,observed,0,0.0185,0.0056,0.0014,0.0583,0.0020,0.0859
m1-server,stress,2514,look,accepted,observed,0,0.0149,0.0047,0.0015,0.0677,0.0026,0.0914
m1-server,stress,2515,wait,rejected,invalid_time,0,0.0156,0.0068,0.0014,0.0533,0.0022,0.0793
m1-server,stress,2516,look,accepted,observed,0,0.0145,0.0045,0.0017,0.0588,0.0019,0.0814
m1-server,stress,2517,wait,rejected,invalid_time,0,0.0148,0.0048,0.0014,0.0538,0.0023,0.0770
m1-server,stress,2518,look,accepted,observed,0,0.0140,0.0046,0.0046,0.0900,0.0025,0.1158
m1-server,stress,2519,look,accepted,observed,0,0.0152,0.0045,0.0013,0.0784,0.0029,0.1022
m1-server,stress,2520,wait,rejected,invalid_time,0,0.0097,0.0053,0.0014,0.0573,0.0023,0.0759
m1-server,stress,2521,choose,rejected,invalid_choice,0,0.0106,0.0053,0.0013,0.0483,0.0027,0.0682
m1-server,stress,2522,look,accepted,observed,0,0.0098,0.0041,0.0013,0.0557,0.0022,0.0731
m1-server,stress,2523,choose,rejected,invalid_choice,0,0.0105,0.0048,0.0013,0.0540,0.0018,0.0725
m1-server,stress,2524,move,rejected,exit_unavailable,0,0.0126,0.0041,0.0014,0.0569,0.0020,0.0770
m1-server,stress,2525,activate,rejected,not_eligible,0,0.0100,0.0040,0.0013,0.0652,0.0019,0.0824
m1-server,stress,2526,move,accepted,moved,1,0.0094,0.0045,15.6601,1.1875,0.0078,16.8692
m1-server,stress,2527,move,accepted,moved,1,0.0133,0.0140,17.6364,1.2560,0.0084,18.9281
m1-server,stress,2528,move,accepted,moved,1,0.0181,0.0188,21.1923,2.8077,0.0127,24.0495
m1-server,stress,2529,move,accepted,moved,1,0.0162,0.0166,18.0191,1.2001,0.0070,19.2590
m1-server,stress,2530,move,accepted,moved,1,0.0135,0.0189,18.3610,1.2447,0.0074,19.6454
m1-server,stress,2531,look,accepted,observed,0,0.0192,0.0193,0.0017,0.0947,0.0030,0.1378
m1-server,stress,2532,look,accepted,observed,0,0.0157,0.0058,0.0015,0.0577,0.0024,0.0831
m1-server,stress,2533,move,accepted,moved,1,0.0145,0.0063,19.3646,1.2268,0.0093,20.6214
m1-server,stress,2534,activate,rejected,not_eligible,0,0.0210,0.0181,0.0016,0.1143,0.0029,0.1579
m1-server,stress,2535,move,accepted,moved,1,0.0188,0.0069,40.2415,1.1704,0.0133,41.4509
m1-server,stress,2536,look,accepted,observed,0,0.0193,0.0201,0.0020,0.0870,0.0047,0.1332
m1-server,stress,2537,move,rejected,exit_unavailable,0,0.0129,0.0087,0.0017,0.1075,0.0046,0.1354
m1-server,stress,2538,look,accepted,observed,0,0.0155,0.0067,0.0016,0.0823,0.0028,0.1088
m1-server,stress,2539,look,accepted,observed,0,0.0147,0.0059,0.0014,0.0982,0.0026,0.1228
m1-server,stress,2540,look,accepted,observed,0,0.0173,0.0075,0.0015,0.0908,0.0029,0.1200
m1-server,stress,2541,activate,rejected,not_eligible,0,0.0143,0.0072,0.0015,0.0583,0.0023,0.0835
m1-server,stress,2542,talk,rejected,not_eligible,0,0.0158,0.0102,0.0017,0.0524,0.0024,0.0824
m1-server,stress,2543,look,accepted,observed,0,0.0156,0.0062,0.0014,0.0807,0.0026,0.1065
m1-server,stress,2544,wait,rejected,invalid_time,0,0.0149,0.0079,0.0014,0.0542,0.0023,0.0806
m1-server,stress,2545,look,accepted,observed,0,0.0107,0.0043,0.0025,0.0560,0.0019,0.0755
m1-server,stress,2546,look,accepted,observed,0,0.0094,0.0036,0.0027,0.0490,0.0018,0.0665
m1-server,stress,2547,drop,accepted,dropped,1,0.0095,0.0041,20.9806,1.2557,0.0757,22.3255
m1-server,stress,2548,wait,rejected,invalid_time,0,0.0204,0.0167,0.0017,0.1009,0.0043,0.1438
m1-server,stress,2549,move,accepted,moved,1,0.0130,0.0082,16.1774,2.9695,0.0069,19.1750
m1-server,stress,2550,wait,rejected,invalid_time,0,0.0191,0.0270,0.0015,0.1028,0.0037,0.1541
m1-server,stress,2551,wait,rejected,invalid_time,0,0.0190,0.0067,0.0016,0.0695,0.0033,0.1000
m1-server,stress,2552,wait,rejected,invalid_time,0,0.0127,0.0060,0.0015,0.0663,0.0028,0.0893
m1-server,stress,2553,look,accepted,observed,0,0.0135,0.0062,0.0014,0.0629,0.0030,0.0870
m1-server,stress,2554,move,accepted,moved,1,0.0150,0.0071,17.4446,1.2183,0.0082,18.6932
m1-server,stress,2555,activate,rejected,not_eligible,0,0.0193,0.0176,0.0018,0.0753,0.0035,0.1174
m1-server,stress,2556,wait,rejected,invalid_time,0,0.0144,0.0065,0.0015,0.0538,0.0023,0.0785
m1-server,stress,2557,move,accepted,moved,1,0.0156,0.0060,20.9172,1.2757,0.0122,22.2267
m1-server,stress,2558,move,accepted,moved,1,0.0139,0.0236,22.7160,1.2526,0.0069,24.0130
m1-server,stress,2559,move,rejected,exit_unavailable,0,0.0146,0.0173,0.0017,0.0895,0.0032,0.1263
m1-server,stress,2560,look,accepted,observed,0,0.0149,0.0063,0.0015,0.0878,0.0028,0.1133
m1-server,stress,2561,look,accepted,observed,0,0.0150,0.0059,0.0013,0.0716,0.0029,0.0967
m1-server,stress,2562,look,accepted,observed,0,0.0144,0.0064,0.0016,0.0810,0.0027,0.1060
m1-server,stress,2563,move,rejected,exit_unavailable,0,0.0159,0.0058,0.0015,0.0725,0.0027,0.0983
m1-server,stress,2564,look,accepted,observed,0,0.0175,0.0048,0.0013,0.0547,0.0023,0.0805
m1-server,stress,2565,take,rejected,not_present,0,0.0145,0.0049,0.0014,0.0609,0.0029,0.0846
m1-server,stress,2566,move,accepted,moved,1,0.0160,0.0065,23.6874,1.2584,0.0094,24.9777
m1-server,stress,2567,move,accepted,moved,1,0.0211,0.0263,39.3103,1.2723,0.0133,40.6431
m1-server,stress,2568,wait,rejected,invalid_time,0,0.0212,0.0176,0.0015,0.0616,0.0039,0.1058
m1-server,stress,2569,activate,rejected,not_eligible,0,0.0149,0.0072,0.0019,0.0831,0.0039,0.1110
m1-server,stress,2570,take,rejected,not_present,0,0.0140,0.0064,0.0016,0.0930,0.0037,0.1187
m1-server,stress,2571,move,accepted,moved,1,0.0137,0.0074,16.8499,2.7328,0.0118,19.6156
m1-server,stress,2572,drop,rejected,integrity_conflict,0,0.0243,0.0183,0.0002,0.0000,0.0018,0.0445
m1-server,stress,2573,move,accepted,moved,1,0.0150,0.0060,16.8164,1.2740,0.0069,18.1182
m1-server,stress,2574,wait,rejected,invalid_time,0,0.0155,0.0138,0.0015,0.0659,0.0028,0.0996
m1-server,stress,2575,look,accepted,observed,0,0.0155,0.0051,0.0015,0.0720,0.0026,0.0968
m1-server,stress,2576,move,accepted,moved,1,0.0150,0.0081,16.2255,1.2625,0.0084,17.5195
m1-server,stress,2577,look,accepted,observed,0,0.0192,0.0182,0.0014,0.0605,0.0021,0.1014
m1-server,stress,2578,look,accepted,observed,0,0.0149,0.0045,0.0014,0.1035,0.0028,0.1270
m1-server,stress,2579,take,rejected,not_present,0,0.0168,0.0079,0.0019,0.0628,0.0027,0.0920
m1-server,stress,2580,look,accepted,observed,0,0.0169,0.0056,0.0014,0.0568,0.0021,0.0828
m1-server,stress,2581,drop,replayed,dropped,0,0.0240,0.0058,0.0003,0.0000,0.0020,0.0320
m1-server,stress,2582,look,accepted,observed,0,0.0083,0.0034,0.0014,0.0575,0.0023,0.0729
m1-server,stress,2583,move,rejected,exit_unavailable,0,0.0160,0.0064,0.0015,0.0528,0.0023,0.0789
m1-server,stress,2584,choose,rejected,invalid_choice,0,0.0148,0.0056,0.0014,0.0631,0.0019,0.0868
m1-server,stress,2585,look,accepted,observed,0,0.0157,0.0060,0.0015,0.0530,0.0023,0.0784
m1-server,stress,2586,look,accepted,observed,0,0.0150,0.0045,0.0013,0.1075,0.0026,0.1308
m1-server,stress,2587,look,accepted,observed,0,0.0125,0.0055,0.0015,0.0539,0.0023,0.0757
m1-server,stress,2588,move,accepted,moved,1,0.0148,0.0060,18.7283,1.2048,0.0141,19.9680
m1-server,stress,2589,talk,rejected,not_eligible,0,0.0226,0.0263,0.0016,0.0855,0.0026,0.1386
m1-server,stress,2590,talk,rejected,not_eligible,0,0.0148,0.0090,0.0013,0.0603,0.0023,0.0877
m1-server,stress,2591,take,rejected,not_present,0,0.0144,0.0062,0.0015,0.0730,0.0027,0.0978
m1-server,stress,2592,take,rejected,not_present,0,0.0167,0.0063,0.0033,0.0668,0.0027,0.0957
m1-server,stress,2593,look,accepted,observed,0,0.0156,0.0047,0.0025,0.0888,0.0026,0.1141
m1-server,stress,2594,activate,rejected,not_eligible,0,0.0147,0.0050,0.0029,0.0543,0.0020,0.0790
m1-server,stress,2595,move,accepted,moved,1,0.0145,0.0060,26.2439,1.2209,0.0134,27.4987
m1-server,stress,2596,move,accepted,moved,1,0.0177,0.0205,15.8073,1.2717,0.0095,17.1268
m1-server,stress,2597,look,accepted,observed,0,0.0168,0.0242,0.0018,0.0920,0.0028,0.1376
m1-server,stress,2598,move,accepted,moved,1,0.0135,0.0077,17.2231,2.8324,0.0090,20.0857
m1-server,stress,2599,talk,rejected,not_owned,0,0.0189,0.0209,0.0017,0.1157,0.0028,0.1600
m1-server,stress,2600,move,accepted,moved,1,0.0108,0.0061,15.7392,1.1820,0.0070,16.9450
m1-server,stress,2601,look,accepted,observed,0,0.0143,0.0148,0.0014,0.0666,0.0022,0.0993
m1-server,stress,2602,move,accepted,moved,1,0.0093,0.0055,19.9015,1.2169,0.0182,21.1514
m1-server,stress,2603,look,accepted,observed,0,0.0183,0.0189,0.0017,0.0877,0.0030,0.1295
m1-server,stress,2604,move,rejected,exit_unavailable,0,0.0139,0.0068,0.0016,0.0951,0.0028,0.1202
m1-server,stress,2605,move,accepted,moved,1,0.0174,0.0070,19.8813,1.1957,0.0190,21.1203
m1-server,stress,2606,activate,rejected,not_eligible,0,0.0183,0.0234,0.0017,0.1019,0.0043,0.1496
m1-server,stress,2607,look,accepted,observed,0,0.0177,0.0057,0.0014,0.0874,0.0090,0.1211
m1-server,stress,2608,look,accepted,observed,0,0.0154,0.0055,0.0014,0.0809,0.0063,0.1095
m1-server,stress,2609,take,accepted,taken,1,0.0131,0.0065,15.4570,1.2988,0.0071,16.7824
m1-server,stress,2610,wait,rejected,invalid_time,0,0.0208,0.0174,0.0016,0.0945,0.0028,0.1372
m1-server,stress,2611,look,accepted,observed,0,0.0198,0.0050,0.0014,0.0807,0.0028,0.1095
m1-server,stress,2612,move,rejected,exit_unavailable,0,0.0153,0.0056,0.0015,0.0562,0.0021,0.0808
m1-server,stress,2613,look,accepted,observed,0,0.0157,0.0063,0.0017,0.0923,0.0025,0.1185
m1-server,stress,2614,activate,rejected,not_eligible,0,0.0155,0.0053,0.0015,0.0538,0.0019,0.0780
m1-server,stress,2615,look,accepted,observed,0,0.0144,0.0045,0.0014,0.0641,0.0023,0.0867
m1-server,stress,2616,choose,rejected,invalid_choice,0,0.0129,0.0093,0.0020,0.0539,0.0030,0.0812
m1-server,stress,2617,look,accepted,observed,0,0.0175,0.0055,0.0013,0.0600,0.0021,0.0865
m1-server,stress,2618,wait,rejected,invalid_time,0,0.0127,0.0043,0.0013,0.0507,0.0022,0.0712
m1-server,stress,2619,move,accepted,moved,1,0.0148,0.0055,15.6352,1.2525,0.0078,16.9158
m1-server,stress,2620,look,accepted,observed,0,0.0203,0.0177,0.0015,0.0833,0.0030,0.1258
m1-server,stress,2621,drop,accepted,dropped,1,0.0115,0.0060,16.2682,2.8582,0.0065,19.1505
m1-server,stress,2622,move,accepted,moved,1,0.0208,0.0175,22.1189,1.3742,0.0087,23.5401
m1-server,stress,2623,look,accepted,observed,0,0.0203,0.0175,0.0047,0.0633,0.0024,0.1081
m1-server,stress,2624,move,accepted,moved,1,0.0150,0.0065,12.2685,1.1785,0.0060,13.4746
m1-server,stress,2625,choose,rejected,stale_view,0,0.0203,0.0270,0.0016,0.0837,0.0035,0.1360
m1-server,stress,2626,take,rejected,not_present,0,0.0166,0.0086,0.0016,0.0607,0.0023,0.0897
m1-server,stress,2627,move,accepted,moved,1,0.0136,0.0105,19.6953,1.2081,0.0057,20.9332
m1-server,stress,2628,move,accepted,moved,1,0.0194,0.0160,17.9597,1.2139,0.0100,19.2190
m1-server,stress,2629,wait,rejected,invalid_time,0,0.0163,0.0242,0.0018,0.1253,0.0032,0.1708
m1-server,stress,2630,take,replayed,taken,0,0.0245,0.0057,0.0002,0.0000,0.0021,0.0325
m1-server,stress,2631,look,accepted,observed,0,0.0084,0.0037,0.0015,0.0810,0.0030,0.0975
m1-server,stress,2632,move,accepted,moved,1,1.8526,0.0181,38.8738,1.1940,0.0090,41.9476
m1-server,stress,2633,take,rejected,not_present,0,0.0174,0.0148,0.0016,0.0893,0.0030,0.1261
m1-server,stress,2634,wait,rejected,invalid_time,0,0.0155,0.0095,0.0021,0.0715,0.0040,0.1025
m1-server,stress,2635,talk,rejected,not_eligible,0,0.0153,0.0055,0.0014,0.0666,0.0041,0.0929
m1-server,stress,2636,take,rejected,not_present,0,0.0147,0.0049,0.0014,0.0702,0.0040,0.0952
m1-server,stress,2637,wait,rejected,invalid_time,0,0.0144,0.0068,0.0015,0.0645,0.0037,0.0909
m1-server,stress,2638,talk,rejected,not_eligible,0,0.0146,0.0050,0.0013,0.0699,0.0038,0.0946
m1-server,stress,2639,choose,rejected,invalid_choice,0,0.0145,0.0073,0.0016,0.0872,0.0037,0.1143
m1-server,stress,2640,look,accepted,observed,0,0.0149,0.0059,0.0014,0.0692,0.0036,0.0950
m1-server,stress,2641,look,accepted,observed,0,0.0146,0.0054,0.0013,0.0908,0.0025,0.1148
m1-server,stress,2642,look,accepted,observed,0,0.0135,0.0078,0.0014,0.0679,0.0025,0.0931
m1-server,stress,2643,move,accepted,moved,1,0.0141,0.0089,19.0260,2.7023,0.0086,21.7600
m1-server,stress,2644,wait,rejected,invalid_time,0,0.0140,0.0141,0.0014,0.0832,0.0022,0.1149
m1-server,stress,2645,look,accepted,observed,0,0.0100,0.0041,0.0013,0.0525,0.0034,0.0713
m1-server,stress,2646,move,accepted,moved,1,0.0110,0.0083,16.2937,1.2526,0.0060,17.5717
m1-server,stress,2647,move,accepted,moved,1,0.0191,0.0168,15.8810,1.2240,0.0079,17.1489
m1-server,stress,2648,look,accepted,observed,0,0.0199,0.0176,0.0017,0.0880,0.0028,0.1298
m1-server,stress,2649,move,accepted,moved,1,0.0160,0.0070,19.3645,1.2007,0.0278,20.6160
m1-server,stress,2650,look,accepted,observed,0,0.0215,0.0192,0.0016,2.3852,0.0057,2.4333
m1-server,stress,2651,wait,rejected,invalid_time,0,0.0167,0.0103,0.0018,0.0810,0.0021,0.1119
m1-server,stress,2652,drop,rejected,integrity_conflict,0,0.0214,0.0045,0.0002,0.0000,0.0019,0.0279
m1-server,stress,2653,move,accepted,moved,1,0.0077,0.0050,34.3325,1.2328,0.0067,35.5847
m1-server,stress,2654,move,rejected,exit_unavailable,0,0.0221,0.0313,0.0018,0.0798,0.0036,0.1386
m1-server,stress,2655,move,rejected,exit_unavailable,0,0.0169,0.0079,0.0015,0.0742,0.0029,0.1034
m1-server,stress,2656,activate,rejected,not_eligible,0,0.0169,0.0072,0.0015,0.1017,0.0027,0.1300
m1-server,stress,2657,choose,rejected,invalid_choice,0,0.0180,0.0075,0.0015,0.0703,0.0026,0.0999
m1-server,stress,2658,take,accepted,taken,1,0.0137,0.0095,22.6201,2.9689,0.0092,25.6213
m1-server,stress,2659,drop,accepted,dropped,1,0.0217,0.0180,37.6795,2.8728,0.0067,40.5987
m1-server,stress,2660,take,accepted,taken,1,0.0163,0.0164,19.2399,1.3578,0.0103,20.6406
m1-server,stress,2661,look,accepted,observed,0,0.0447,0.0155,0.0015,0.0916,0.0031,0.1564
m1-server,stress,2662,drop,accepted,dropped,1,0.0147,0.0087,16.8472,1.1991,0.0109,18.0806
m1-server,stress,2663,wait,rejected,invalid_time,0,0.0216,0.0198,0.0017,0.0827,0.0037,0.1295
m1-server,stress,2664,activate,rejected,not_eligible,0,0.0195,0.0063,0.0016,0.0618,0.0023,0.0915
m1-server,stress,2665,look,accepted,observed,0,0.0153,0.0060,0.0015,0.1022,0.0027,0.1277
m1-server,stress,2666,choose,rejected,invalid_choice,0,0.0153,0.0065,0.0015,0.0715,0.0028,0.0975
m1-server,stress,2667,talk,rejected,not_owned,0,0.0160,0.0053,0.0015,0.0545,0.0023,0.0796
m1-server,stress,2668,wait,rejected,invalid_time,0,0.0144,0.0050,0.0014,0.0592,0.0020,0.0820
m1-server,stress,2669,wait,rejected,invalid_time,0,0.0143,0.0061,0.0015,0.0536,0.0026,0.0780
m1-server,stress,2670,look,accepted,observed,0,0.0168,0.0048,0.0015,0.0837,0.0026,0.1093
m1-server,stress,2671,move,accepted,moved,1,0.0148,0.0063,17.5871,1.1566,0.0091,18.7738
m1-server,stress,2672,look,accepted,observed,0,0.0213,0.0170,0.0015,0.0823,0.0029,0.1249
m1-server,stress,2673,close_choice,rejected,invalid_choice,0,0.0523,0.0058,0.0015,0.0712,0.0025,0.1334
m1-server,stress,2674,move,accepted,moved,1,0.0147,0.0081,22.1919,1.2336,0.0067,23.4550
m1-server,stress,2675,look,accepted,observed,0,0.0201,0.0183,0.0016,0.1062,0.0028,0.1490
m1-server,stress,2676,look,accepted,observed,0,0.0143,0.0064,0.0018,0.0670,0.0028,0.0923
m1-server,stress,2677,look,accepted,observed,0,0.0157,0.0050,0.0014,0.0556,0.0023,0.0799
m1-server,stress,2678,move,accepted,moved,1,0.0148,0.0063,20.8350,1.2090,0.0080,22.0729
m1-server,stress,2679,choose,rejected,stale_view,0,0.0205,0.0265,0.0018,0.1085,0.0035,0.1608
m1-server,stress,2680,move,accepted,moved,1,0.0159,0.0140,18.8344,2.8012,0.0116,21.6771
m1-server,stress,2681,take,replayed,not_present,0,0.0365,0.0208,0.0001,0.0000,0.0019,0.0593
m1-server,stress,2682,look,accepted,observed,0,0.0207,0.0073,0.0016,0.1151,0.0028,0.1475
m1-server,stress,2683,talk,rejected,not_owned,0,0.0163,0.0065,0.0033,0.0526,0.0024,0.0810
m1-server,stress,2684,move,accepted,moved,1,0.0151,0.0062,16.8129,1.2219,0.0074,18.0635
m1-server,stress,2685,take,rejected,not_present,0,0.0196,0.0170,0.0015,0.2090,0.0034,0.2507
m1-server,stress,2686,close_choice,rejected,invalid_choice,0,0.0181,0.0058,0.0015,0.0678,0.0024,0.0955
m1-server,stress,2687,look,accepted,observed,0,0.0141,0.0068,0.0017,0.0728,0.0028,0.0981
m1-server,stress,2688,look,accepted,observed,0,0.0278,0.0049,0.0014,0.0588,0.0020,0.0949
m1-server,stress,2689,take,rejected,not_present,0,0.0101,0.0039,0.0013,0.0746,0.0029,0.0929
m1-server,stress,2690,take,rejected,not_present,0,0.0104,0.0050,0.0014,0.0562,0.0023,0.0753
m1-server,stress,2691,choose,rejected,invalid_choice,0,0.0103,0.0055,0.0014,0.0565,0.0021,0.0759
m1-server,stress,2692,take,rejected,not_present,0,0.0096,0.0036,0.0013,0.0579,0.0019,0.0744
m1-server,stress,2693,move,rejected,exit_unavailable,0,0.0096,0.0047,0.0015,0.0717,0.0019,0.0894
m1-server,stress,2694,look,accepted,observed,0,0.0095,0.0034,0.0013,0.0588,0.0020,0.0750
m1-server,stress,2695,look,accepted,observed,0,0.0095,0.0035,0.0014,0.0530,0.0019,0.0693
m1-server,stress,2696,move,accepted,moved,1,0.0096,0.0052,16.8875,1.2560,0.0078,18.1661
m1-server,stress,2697,look,accepted,observed,0,0.0204,0.0178,0.0014,0.1070,0.0030,0.1496
m1-server,stress,2698,talk,rejected,not_eligible,0,0.0152,0.0062,0.0015,0.0926,0.0027,0.1182
m1-server,stress,2699,look,accepted,observed,0,0.0142,0.0049,0.0015,0.0590,0.0020,0.0815
m1-server,stress,2700,take,rejected,not_present,0,0.0134,0.0061,0.0014,0.1036,0.0031,0.1276
m1-server,stress,2701,wait,rejected,invalid_time,0,0.0158,0.0054,0.0013,0.0973,0.0026,0.1225
m1-server,stress,2702,move,accepted,moved,1,0.0138,0.0073,23.9049,1.2503,0.0066,25.1828
m1-server,stress,2703,look,accepted,observed,0,0.0171,0.0212,0.0020,0.0856,0.0028,0.1287
m1-server,stress,2704,choose,rejected,invalid_choice,0,0.0169,0.0091,0.0015,0.0878,0.0028,0.1181
m1-server,stress,2705,activate,rejected,not_eligible,0,0.0157,0.0071,0.0015,0.0560,0.0022,0.0825
m1-server,stress,2706,look,accepted,observed,0,0.0167,0.0074,0.0042,0.0875,0.0026,0.1184
m1-server,stress,2707,move,accepted,moved,1,0.0179,0.0060,29.4758,1.2174,0.0138,30.7310
m1-server,stress,2708,look,accepted,observed,0,0.0217,0.0177,0.0062,0.0976,0.0028,0.1460
m1-server,stress,2709,activate,rejected,not_eligible,0,0.0151,0.0072,0.0041,0.0575,0.0030,0.0868
m1-server,stress,2710,talk,rejected,not_owned,0,0.0188,0.0068,0.0041,0.0665,0.0028,0.0990
m1-server,stress,2711,move,accepted,moved,1,0.0165,0.0075,21.0897,1.2439,0.0071,22.3647
m1-server,stress,2712,look,accepted,observed,0,0.0184,0.0150,0.0016,0.0870,0.0030,0.1250
m1-server,stress,2713,activate,rejected,not_eligible,0,0.0160,0.0065,0.0016,0.0810,0.0029,0.1080
m1-server,stress,2714,move,rejected,exit_unavailable,0,0.0158,0.0060,0.0015,0.0723,0.0028,0.0984
m1-server,stress,2715,move,accepted,moved,1,0.0176,0.0060,17.4523,2.7663,0.0075,20.2497
m1-server,stress,2716,look,accepted,observed,0,0.0155,0.0140,0.0016,0.0897,0.0030,0.1238
m1-server,stress,2717,take,accepted,taken,1,0.0112,0.0062,16.2586,1.2326,0.0071,17.5157
m1-server,stress,2718,look,accepted,observed,0,0.0202,0.0197,0.0016,0.1000,0.0028,0.1443
m1-server,stress,2719,move,rejected,exit_unavailable,0,0.0161,0.0062,0.0015,0.0535,0.0023,0.0795
m1-server,stress,2720,look,accepted,observed,0,0.0149,0.0047,0.0014,0.0853,0.0028,0.1090
m1-server,stress,2721,activate,rejected,not_eligible,0,0.0130,0.0050,0.0015,0.0683,0.0026,0.0904
m1-server,stress,2722,look,accepted,observed,0,0.0179,0.0045,0.0014,0.0571,0.0021,0.0830
m1-server,stress,2723,look,accepted,observed,0,0.0143,0.0043,0.0014,0.0549,0.0024,0.0773
m1-server,stress,2724,wait,rejected,invalid_time,0,0.0141,0.0049,0.0014,0.0593,0.0020,0.0817
m1-server,stress,2725,look,accepted,observed,0,0.0142,0.0063,0.0015,0.0601,0.0025,0.0845
m1-server,stress,2726,move,accepted,moved,1,0.0175,0.0068,15.4574,1.2579,0.0148,16.7544
m1-server,stress,2727,move,accepted,moved,1,0.0182,0.0210,33.2730,1.2506,0.0108,34.5736
m1-server,stress,2728,look,accepted,observed,0,0.0533,0.0162,0.0018,0.0712,0.0025,0.1449
m1-server,stress,2729,move,accepted,moved,1,0.0141,0.0086,21.7910,1.2421,0.0076,23.0634
m1-server,stress,2730,take,replayed,not_present,0,0.0320,0.0179,0.0002,0.0000,0.0022,0.0524
m1-server,stress,2731,move,accepted,moved,1,0.0208,0.0074,17.8544,1.2605,0.0085,19.1516
m1-server,stress,2732,look,accepted,observed,0,0.0206,0.0200,0.0018,0.0747,0.0028,0.1198
m1-server,stress,2733,choose,rejected,invalid_choice,0,0.0146,0.0085,0.0018,0.1010,0.0032,0.1290
m1-server,stress,2734,look,accepted,observed,0,0.0150,0.0059,0.0015,0.0900,0.0027,0.1150
m1-server,stress,2735,look,accepted,observed,0,0.0152,0.0055,0.0013,0.0581,0.0021,0.0822
m1-server,stress,2736,move,accepted,moved,1,0.0151,0.0062,24.6442,2.9903,0.0074,27.6632
m1-server,stress,2737,drop,accepted,dropped,1,0.0159,0.0275,26.3539,1.3247,0.0117,27.7337
m1-server,stress,2738,move,accepted,moved,1,0.0155,0.0247,18.6451,1.2478,0.0107,19.9439
m1-server,stress,2739,take,rejected,not_present,0,0.0203,0.0192,0.0015,0.0921,0.0031,0.1362
m1-server,stress,2740,talk,rejected,not_eligible,0,0.0158,0.0060,0.0016,0.0956,0.0028,0.1218
m1-server,stress,2741,take,rejected,not_present,0,0.0175,0.0053,0.0014,0.0773,0.0027,0.1041
m1-server,stress,2742,look,accepted,observed,0,0.0130,0.0062,0.0015,0.0585,0.0022,0.0813
m1-server,stress,2743,drop,rejected,integrity_conflict,0,0.0217,0.0045,0.0002,0.0000,0.0017,0.0281
m1-server,stress,2744,look,accepted,observed,0,0.0076,0.0033,0.0013,0.0538,0.0027,0.0688
m1-server,stress,2745,look,accepted,observed,0,0.0105,0.0040,0.0013,0.0552,0.0023,0.0734
m1-server,stress,2746,move,accepted,moved,1,0.0100,0.0055,15.9755,1.1757,0.0071,17.1738
m1-server,stress,2747,wait,rejected,invalid_time,0,0.0131,0.0147,0.0018,0.0654,0.0028,0.0978
m1-server,stress,2748,move,accepted,moved,1,0.0110,0.0063,27.3879,1.2317,0.0073,28.6442
m1-server,stress,2749,move,accepted,moved,1,0.0198,0.0191,28.0682,1.2397,0.0093,29.3562
m1-server,stress,2750,move,accepted,moved,1,0.0174,0.0206,22.9522,2.7380,0.0053,25.7335
m1-server,stress,2751,look,accepted,observed,0,0.0137,0.0137,0.0015,0.0931,0.0022,0.1242
m1-server,stress,2752,look,accepted,observed,0,0.0100,0.0041,0.0014,0.0569,0.0020,0.0745
m1-server,stress,2753,look,accepted,observed,0,0.0098,0.0037,0.0013,0.0518,0.0018,0.0684
m1-server,stress,2754,look,accepted,observed,0,0.0123,0.0103,0.0013,0.0646,0.0019,0.0904
m1-server,stress,2755,move,rejected,exit_unavailable,0,0.0097,0.0046,0.0015,0.0539,0.0020,0.0717
m1-server,stress,2756,take,rejected,not_present,0,0.0105,0.0037,0.0013,0.0570,0.0019,0.0744
m1-server,stress,2757,look,accepted,observed,0,0.0098,0.0033,0.0012,0.0520,0.0021,0.0684
m1-server,stress,2758,move,accepted,moved,1,0.0094,0.0048,17.1137,1.2489,0.0081,18.3849
m1-server,stress,2759,wait,rejected,invalid_time,0,0.0205,0.0202,0.0018,0.0927,0.0030,0.1381
m1-server,stress,2760,move,accepted,moved,1,0.0159,0.0083,17.4209,1.2794,0.0085,18.7330
m1-server,stress,2761,talk,rejected,not_owned,0,0.0220,0.0210,0.0016,0.0943,0.0032,0.1421
m1-server,stress,2762,look,accepted,observed,0,0.0165,0.0065,0.0018,0.0604,0.0028,0.0881
m1-server,stress,2763,move,accepted,moved,1,0.0181,0.0077,17.2325,1.1921,0.0092,18.4595
m1-server,stress,2764,move,rejected,exit_unavailable,0,0.0147,0.0240,0.0016,0.0753,0.0032,0.1188
m1-server,stress,2765,look,accepted,observed,0,0.0110,0.0063,0.0014,0.0563,0.0020,0.0771
m1-server,stress,2766,move,rejected,exit_unavailable,0,0.0091,0.0045,0.0026,0.0556,0.0026,0.0744
m1-server,stress,2767,wait,rejected,invalid_time,0,0.0103,0.0049,0.0027,0.0600,0.0024,0.0803
m1-server,stress,2768,move,accepted,moved,1,0.0103,0.0053,21.0282,1.2219,0.0066,22.2722
m1-server,stress,2769,activate,rejected,not_eligible,0,0.0150,0.0179,0.0015,0.0693,0.0030,0.1068
m1-server,stress,2770,look,accepted,observed,0,0.0144,0.0078,0.0015,0.0564,0.0024,0.0824
m1-server,stress,2771,wait,rejected,invalid_time,0,0.0174,0.0070,0.0032,0.0669,0.0028,0.0973
m1-server,stress,2772,look,accepted,observed,0,0.0153,0.0049,0.0029,0.0565,0.0020,0.0817
m1-server,stress,2773,talk,rejected,not_owned,0,0.0158,0.0048,0.0029,0.0695,0.0027,0.0956
m1-server,stress,2774,look,accepted,observed,0,0.0159,0.0045,0.0013,0.0567,0.0035,0.0819
m1-server,stress,2775,look,accepted,observed,0,0.0143,0.0059,0.0014,0.0681,0.0038,0.0934
m1-server,stress,2776,look,accepted,observed,0,0.0148,0.0045,0.0013,0.0697,0.0039,0.0943
m1-server,stress,2777,take,rejected,not_present,0,0.0146,0.0058,0.0015,0.0740,0.0038,0.0998
m1-server,stress,2778,move,rejected,exit_unavailable,0,0.0144,0.0053,0.0014,0.0719,0.0040,0.0970
m1-server,stress,2779,talk,rejected,not_owned,0,0.0144,0.0059,0.0014,0.1032,0.0027,0.1275
m1-server,stress,2780,activate,rejected,not_eligible,0,0.0145,0.0056,0.0015,0.0869,0.0026,0.1110
m1-server,stress,2781,move,accepted,moved,1,0.0147,0.0072,17.9288,1.5736,0.0140,19.5384
m1-server,stress,2782,choose,rejected,invalid_choice,0,0.0186,0.0189,0.0017,0.0878,0.0042,0.1312
m1-server,stress,2783,talk,rejected,not_eligible,0,0.0141,0.0063,0.0014,0.0890,0.0037,0.1145
m1-server,stress,2784,activate,rejected,not_eligible,0,0.0151,0.0057,0.0014,0.0756,0.0022,0.1000
m1-server,stress,2785,wait,rejected,invalid_time,0,0.0111,0.0053,0.0013,0.0545,0.0018,0.0741
m1-server,stress,2786,look,accepted,observed,0,0.0094,0.0038,0.0013,0.0484,0.0026,0.0655
m1-server,stress,2787,move,accepted,moved,1,0.0107,0.0079,15.5172,2.6437,0.0053,18.1848
m1-server,stress,2788,move,accepted,moved,1,0.0137,0.0180,15.9748,1.2061,0.0070,17.2195
m1-server,stress,2789,move,rejected,exit_unavailable,0,0.0154,0.0169,0.0016,0.0587,0.0022,0.0947
m1-server,stress,2790,activate,rejected,not_eligible,0,0.0104,0.0047,0.0015,0.0540,0.0020,0.0726
m1-server,stress,2791,take,replayed,not_present,0,0.0195,0.0042,0.0002,0.0000,0.0016,0.0255
m1-server,stress,2792,drop,replayed,dropped,0,0.0113,0.0028,0.0001,0.0000,0.0015,0.0158
m1-server,stress,2793,wait,rejected,invalid_time,0,0.0072,0.0036,0.0013,0.0487,0.0032,0.0640
m1-server,stress,2794,take,accepted,taken,1,0.0117,0.0057,24.0298,1.3153,0.0081,25.3705
m1-server,stress,2795,look,accepted,observed,0,0.0210,0.0232,0.0016,0.0810,0.0025,0.1293
m1-server,stress,2796,wait,rejected,invalid_time,0,0.0107,0.0065,0.0033,0.0577,0.0021,0.0803
m1-server,stress,2797,look,accepted,observed,0,0.0095,0.0041,0.0027,0.0581,0.0019,0.0763
m1-server,stress,2798,look,accepted,observed,0,0.0089,0.0036,0.0027,0.0493,0.0027,0.0671
m1-server,stress,2799,look,accepted,observed,0,0.0103,0.0043,0.0013,0.0543,0.0033,0.0735
m1-server,stress,2800,look,accepted,observed,0,0.0096,0.0038,0.0012,0.0478,0.0036,0.0660
m1-server,stress,2801,move,accepted,moved,1,0.0105,0.0058,27.8589,1.2180,0.0093,29.1025
m1-server,stress,2802,drop,accepted,dropped,1,0.0212,0.0257,20.2499,1.2525,0.0074,21.5568
m1-server,stress,2803,move,accepted,moved,1,0.0201,0.0190,16.3183,1.2282,0.0083,17.5939
m1-server,stress,2804,look,accepted,observed,0,0.0192,0.0158,0.0020,0.0898,0.0031,0.1299
m1-server,stress,2805,talk,rejected,not_eligible,0,0.0155,0.0059,0.0015,0.0588,0.0022,0.0838
m1-server,stress,2806,wait,rejected,invalid_time,0,0.0145,0.0070,0.0017,0.0602,0.0029,0.0864
m1-server,stress,2807,look,accepted,observed,0,0.0157,0.0052,0.0013,0.0916,0.0027,0.1165
m1-server,stress,2808,wait,rejected,invalid_time,0,0.0175,0.0056,0.0014,0.0591,0.0020,0.0856
m1-server,stress,2809,close_choice,rejected,invalid_choice,0,0.0147,0.0061,0.0015,0.0879,0.0027,0.1128
m1-server,stress,2810,activate,rejected,not_eligible,0,0.0159,0.0050,0.0014,0.0608,0.0021,0.0853
m1-server,stress,2811,wait,rejected,invalid_time,0,0.0143,0.0049,0.0013,0.0788,0.0030,0.1023
m1-server,stress,2812,wait,rejected,invalid_time,0,0.0127,0.0049,0.0013,0.0585,0.0022,0.0796
m1-server,stress,2813,talk,rejected,not_eligible,0,0.0164,0.0048,0.0013,0.0576,0.0022,0.0823
m1-server,stress,2814,look,accepted,observed,0,0.0165,0.0057,0.0014,0.0501,0.0022,0.0759
m1-server,stress,2815,talk,rejected,not_eligible,0,0.0147,0.0045,0.0014,0.0576,0.0020,0.0802
m1-server,stress,2816,take,rejected,not_present,0,0.0162,0.0059,0.0015,0.0514,0.0023,0.0773
m1-server,stress,2817,take,rejected,not_present,0,0.0149,0.0048,0.0013,0.0600,0.0021,0.0831
m1-server,stress,2818,move,accepted,moved,1,0.0165,0.0068,19.2822,2.7966,0.0089,22.1110
m1-server,stress,2819,move,accepted,moved,1,0.0214,0.0215,20.8957,1.3194,0.0066,22.2647
m1-server,stress,2820,activate,rejected,not_eligible,0,0.0166,0.0291,0.0018,0.0692,0.0032,0.1199
m1-server,stress,2821,move,accepted,moved,1,0.0118,0.0091,18.9637,1.2284,0.0102,20.2232
m1-server,stress,2822,look,accepted,observed,0,0.0205,0.0223,0.0015,0.1059,0.0028,0.1531
m1-server,stress,2823,move,accepted,moved,1,0.0155,0.0082,17.0529,1.1914,0.0068,18.2748
m1-server,stress,2824,look,accepted,observed,0,0.0197,0.0176,0.0015,0.0935,0.0028,0.1351
m1-server,stress,2825,look,accepted,observed,0,0.0178,0.0051,0.0015,0.0571,0.0021,0.0836
m1-server,stress,2826,move,accepted,moved,1,0.0152,0.0063,16.3132,1.1695,0.0084,17.5127
m1-server,stress,2827,move,accepted,moved,1,0.0158,0.0148,17.9394,1.2087,0.0063,19.1849
m1-server,stress,2828,move,accepted,moved,1,0.0204,0.0240,23.3725,2.7427,0.0061,26.1657
m1-server,stress,2829,look,accepted,observed,0,0.0139,0.0201,0.0016,0.0919,0.0024,0.1299
m1-server,stress,2830,activate,rejected,not_eligible,0,0.0102,0.0062,0.0014,0.0587,0.0034,0.0799
m1-server,stress,2831,move,rejected,exit_unavailable,0,0.0117,0.0106,0.0017,0.0742,0.0027,0.1008
m1-server,stress,2832,look,accepted,observed,0,0.0100,0.0053,0.0014,0.0525,0.0018,0.0710
m1-server,stress,2833,look,accepted,observed,0,0.0093,0.0050,0.0013,0.0588,0.0018,0.0760
m1-server,stress,2834,move,accepted,moved,1,0.0094,0.0065,20.0140,1.2885,0.0091,21.3275
m1-server,stress,2835,move,accepted,moved,1,0.0192,0.0268,15.8312,1.2765,0.0056,17.1593
m1-server,stress,2836,move,accepted,moved,1,0.0145,0.0236,16.3400,1.2407,0.0077,17.6264
m1-server,stress,2837,move,accepted,moved,1,0.0193,0.0172,22.1195,1.2762,0.0071,23.4393
m1-server,stress,2838,move,accepted,moved,1,0.0235,0.0283,24.2258,1.2128,0.0072,25.4977
m1-server,stress,2839,move,accepted,moved,1,0.0222,0.0294,24.9777,3.0569,0.0079,28.0940
m1-server,stress,2840,look,accepted,observed,0,0.0173,0.0293,0.0018,0.1162,0.0025,0.1670
m1-server,stress,2841,take,accepted,taken,1,0.0206,0.0064,28.3288,1.2768,0.0165,29.6492
m1-server,stress,2842,move,accepted,moved,1,0.0207,0.0192,19.8786,1.2644,0.0085,21.1913
m1-server,stress,2843,look,accepted,observed,0,0.0521,0.0157,0.0017,0.0794,0.0030,0.1519
m1-server,stress,2844,take,replayed,taken,0,0.0244,0.0063,0.0002,0.0000,0.0022,0.0331
m1-server,stress,2845,move,rejected,exit_unavailable,0,0.0081,0.0058,0.0016,0.0728,0.0028,0.0911
m1-server,stress,2846,move,rejected,exit_unavailable,0,0.0170,0.0069,0.0015,0.0575,0.0021,0.0850
m1-server,stress,2847,drop,accepted,dropped,1,0.0159,0.0053,16.5795,1.2933,0.0088,17.9028
m1-server,stress,2848,move,accepted,moved,1,0.0197,0.0171,21.3954,1.2167,0.0067,22.6555
m1-server,stress,2849,wait,rejected,invalid_time,0,0.0245,0.0231,0.0019,0.0881,0.0031,0.1407
m1-server,stress,2850,close_choice,rejected,invalid_choice,0,0.0160,0.0074,0.0015,0.0553,0.0025,0.0827
m1-server,stress,2851,move,accepted,moved,1,0.0148,0.0096,19.1770,1.2125,0.0073,20.4213
m1-server,stress,2852,take,accepted,taken,1,0.0192,0.0225,20.3467,3.0334,0.0188,23.4407
m1-server,stress,2853,drop,accepted,dropped,1,0.0190,0.0226,16.3113,1.3188,0.0069,17.6786
m1-server,stress,2854,look,accepted,observed,0,0.0157,0.0170,0.0015,0.0772,0.0029,0.1143
m1-server,stress,2855,move,rejected,exit_unavailable,0,0.0148,0.0075,0.0020,0.0945,0.0028,0.1215
m1-server,stress,2856,activate,rejected,not_eligible,0,0.0167,0.0057,0.0015,0.0580,0.0020,0.0840
m1-server,stress,2857,talk,rejected,not_eligible,0,0.0148,0.0118,0.0016,0.0775,0.0034,0.1090
m1-server,stress,2858,choose,rejected,invalid_choice,0,0.0134,0.0073,0.0017,0.0562,0.0020,0.0805
m1-server,stress,2859,take,accepted,taken,1,0.0146,0.0070,16.4176,1.2312,0.0078,17.6782
m1-server,stress,2860,look,accepted,observed,0,0.0136,0.0173,0.0014,0.0999,0.0028,0.1349
m1-server,stress,2861,move,accepted,moved,1,0.0138,0.0079,19.4238,1.2175,0.0073,20.6702
m1-server,stress,2862,talk,accepted,choice_opened,1,0.0195,0.0198,22.5325,1.2683,0.0077,23.8478
m1-server,stress,2863,activate,rejected,not_eligible,0,0.0227,0.0208,0.0017,0.0909,0.0035,0.1396
m1-server,stress,2864,move,accepted,moved,1,0.0128,0.0070,16.1872,1.2997,0.0102,17.5170
m1-server,stress,2865,talk,rejected,not_eligible,0,0.0242,0.0291,0.0016,0.0808,0.0030,0.1386
m1-server,stress,2866,look,accepted,observed,0,0.0149,0.0083,0.0018,0.0551,0.0023,0.0824
m1-server,stress,2867,look,accepted,observed,0,0.0100,0.0053,0.0015,0.0594,0.0023,0.0785
m1-server,stress,2868,look,accepted,observed,0,0.0120,0.0046,0.0027,0.0580,0.0019,0.0791
m1-server,stress,2869,talk,rejected,not_eligible,0,0.0100,0.0040,0.0027,0.0568,0.0019,0.0753
m1-server,stress,2870,move,accepted,moved,1,0.0096,0.0056,15.4315,2.7534,0.0055,18.2057
m1-server,stress,2871,talk,accepted,choice_opened,1,0.0154,0.0132,16.0323,0.3233,0.0070,16.3912
m1-server,stress,2872,look,accepted,observed,0,0.0178,0.0215,0.0016,0.0903,0.0038,0.1350
m1-server,stress,2873,look,accepted,observed,0,0.0119,0.0060,0.0016,0.0673,0.0029,0.0897
m1-server,stress,2874,drop,accepted,dropped,1,0.0153,0.0076,23.3693,1.2385,0.0066,24.6373
m1-server,stress,2875,wait,rejected,invalid_time,0,0.0145,0.0207,0.0016,0.0689,0.0028,0.1085
m1-server,stress,2876,take,accepted,taken,1,0.0145,0.0090,25.6557,1.2387,0.0074,26.9252
m1-server,stress,2877,wait,rejected,invalid_time,0,0.0199,0.0256,0.0017,0.0740,0.0030,0.1242
m1-server,stress,2878,look,accepted,observed,0,0.0125,0.0049,0.0026,0.0582,0.0021,0.0803
m1-server,stress,2879,look,accepted,observed,0,0.0149,0.0064,0.0031,0.0560,0.0025,0.0829
m1-server,stress,2880,wait,rejected,invalid_time,0,0.0173,0.0053,0.0030,0.0738,0.0028,0.1022
m1-server,stress,2881,look,accepted,observed,0,0.0124,0.0057,0.0014,0.0554,0.0023,0.0773
m1-server,stress,2882,wait,rejected,invalid_time,0,0.0153,0.0050,0.0014,0.0597,0.0033,0.0847
m1-server,stress,2883,move,accepted,moved,1,0.0159,0.0061,25.0299,1.2238,0.0067,26.2825
m1-server,stress,2884,look,accepted,observed,0,0.0195,0.0220,0.0015,0.0777,0.0028,0.1235
m1-server,stress,2885,look,accepted,observed,0,0.0185,0.0049,0.0028,0.0880,0.0025,0.1168
m1-server,stress,2886,move,accepted,moved,1,0.0157,0.0068,25.7330,1.1761,0.0058,26.9373
m1-server,stress,2887,wait,rejected,invalid_time,0,0.0140,0.0196,0.0016,0.0838,0.0024,0.1214
m1-server,stress,2888,move,accepted,moved,1,0.0100,0.0074,28.8257,1.2717,0.0088,30.1236
m1-server,stress,2889,drop,accepted,dropped,1,0.0213,0.0202,19.4840,2.8653,0.0065,22.3974
m1-server,stress,2890,look,accepted,observed,0,0.0143,0.0158,0.0015,0.0831,0.0022,0.1168
m1-server,stress,2891,look,accepted,observed,0,0.0100,0.0041,0.0013,0.0577,0.0033,0.0765
m1-server,stress,2892,look,accepted,observed,0,0.0122,0.0056,0.0015,0.0510,0.0023,0.0726
m1-server,stress,2893,move,accepted,moved,1,0.0101,0.0060,17.5054,1.2968,0.0082,18.8266
m1-server,stress,2894,choose,rejected,invalid_choice,0,0.0200,0.0183,0.0015,0.1135,0.0030,0.1563
m1-server,stress,2895,move,accepted,moved,1,0.0184,0.0065,24.3243,1.2888,0.0077,25.6457
m1-server,stress,2896,move,accepted,moved,1,0.0198,0.0163,24.4555,1.1983,0.0073,25.6972
m1-server,stress,2897,wait,rejected,invalid_time,0,0.0222,0.0287,0.0017,0.0995,0.0033,0.1554
m1-server,stress,2898,move,accepted,moved,1,0.0185,0.0104,23.3905,1.2612,0.0066,24.6872
m1-server,stress,2899,activate,rejected,not_eligible,0,0.0154,0.0200,0.0018,0.0733,0.0032,0.1137
m1-server,stress,2900,move,accepted,moved,1,0.0151,0.0092,25.2748,1.1947,0.0067,26.5005
m1-server,stress,2901,look,accepted,observed,0,0.0196,0.0282,0.0017,0.0807,0.0035,0.1336
m1-server,stress,2902,look,accepted,observed,0,0.0183,0.0059,0.0030,0.0657,0.0023,0.0951
m1-server,stress,2903,move,accepted,moved,1,0.0163,0.0064,23.5408,2.8816,0.0082,26.4532
m1-server,stress,2904,look,accepted,observed,0,0.0184,0.0237,0.0016,0.1148,0.0021,0.1605
m1-server,stress,2905,choose,rejected,invalid_choice,0,0.0103,0.0072,0.0014,0.0564,0.0033,0.0786
m1-server,stress,2906,look,accepted,observed,0,0.0116,0.0065,0.0015,0.0505,0.0023,0.0725
m1-server,stress,2907,look,accepted,observed,0,0.0100,0.0042,0.0026,0.0589,0.0019,0.0775
m1-server,stress,2908,look,accepted,observed,0,0.0095,0.0036,0.0065,0.0532,0.0026,0.0753
m1-server,stress,2909,take,rejected,not_present,0,0.0104,0.0047,0.0015,0.0718,0.0023,0.0907
m1-server,stress,2910,move,accepted,moved,1,0.0100,0.0055,24.4988,1.2666,0.0065,25.7875
m1-server,stress,2911,move,accepted,moved,1,0.0191,0.0184,24.8600,1.2202,0.0065,26.1241
m1-server,stress,2912,choose,rejected,stale_view,0,0.0241,0.0300,0.0018,0.1261,0.0029,0.1850
m1-server,stress,2913,move,accepted,moved,1,0.0139,0.0106,28.7062,1.2405,0.0077,29.9788
m1-server,stress,2914,move,rejected,exit_unavailable,0,0.0145,0.0271,0.0018,0.0814,0.0035,0.1283
m1-server,stress,2915,look,accepted,observed,0,0.0184,0.0082,0.0015,0.0814,0.0028,0.1123
m1-server,stress,2916,choose,rejected,invalid_choice,0,0.0177,0.0120,0.0015,0.0538,0.0025,0.0875
m1-server,stress,2917,drop,replayed,dropped,0,0.0288,0.0047,0.0002,0.0000,0.0020,0.0357
m1-server,stress,2918,take,rejected,not_present,0,0.0108,0.0076,0.0013,0.0611,0.0030,0.0838
m1-server,stress,2919,look,accepted,observed,0,0.0145,0.0077,0.0016,0.0601,0.0028,0.0867
m1-server,stress,2920,move,accepted,moved,1,0.0200,0.0067,19.5558,1.2298,0.0079,20.8202
m1-server,stress,2921,talk,rejected,not_eligible,0,0.0208,0.0240,0.0074,0.0865,0.0030,0.1416
m1-server,stress,2922,choose,rejected,invalid_choice,0,0.0138,0.0073,0.0015,0.0549,0.0023,0.0798
m1-server,stress,2923,choose,rejected,invalid_choice,0,0.0159,0.0056,0.0015,0.0615,0.0030,0.0875
m1-server,stress,2924,look,accepted,observed,0,0.0149,0.0058,0.0016,0.0572,0.0022,0.0817
m1-server,stress,2925,look,accepted,observed,0,0.0145,0.0048,0.0014,0.0630,0.0027,0.0865
m1-server,stress,2926,look,accepted,observed,0,0.0145,0.0048,0.0015,0.0538,0.0024,0.0770
m1-server,stress,2927,look,accepted,observed,0,0.0147,0.0047,0.0013,0.0585,0.0022,0.0813
m1-server,stress,2928,move,accepted,moved,1,0.0165,0.0071,16.7917,1.2520,0.0094,18.0767
m1-server,stress,2929,move,accepted,moved,1,0.0227,0.0200,16.7812,2.9097,0.0103,19.7439
m1-server,stress,2930,take,rejected,not_present,0,0.0190,0.0238,0.0016,0.0960,0.0027,0.1431
m1-server,stress,2931,look,accepted,observed,0,0.0155,0.0052,0.0014,0.1162,0.0033,0.1415
m1-server,stress,2932,look,accepted,observed,0,0.0125,0.0044,0.0017,0.0717,0.0025,0.0928
m1-server,stress,2933,look,accepted,observed,0,0.0143,0.0064,0.0017,0.0564,0.0022,0.0810
m1-server,stress,2934,move,accepted,moved,1,0.0149,0.0073,16.6714,1.2277,0.0096,17.9308
m1-server,stress,2935,look,accepted,observed,0,0.0214,0.0201,0.0066,0.0733,0.0033,0.1248
m1-server,stress,2936,activate,rejected,not_eligible,0,0.0140,0.0067,0.0030,0.0645,0.0022,0.0904
m1-server,stress,2937,close_choice,accepted,choice_closed,1,0.0153,0.0073,26.7885,1.2116,0.0130,28.0356
m1-server,stress,2938,wait,rejected,invalid_time,0,0.0145,0.0161,0.0017,0.0783,0.0043,0.1149
m1-server,stress,2939,look,accepted,observed,0,0.0113,0.0047,0.0013,0.0733,0.0034,0.0939
m1-server,stress,2940,move,accepted,moved,1,0.0098,0.0050,16.0502,1.2228,0.0097,17.2974
m1-server,stress,2941,activate,rejected,not_eligible,0,0.0149,0.0175,0.0016,0.0707,0.0029,0.1075
m1-server,stress,2942,take,rejected,not_present,0,0.0111,0.0051,0.0015,0.0493,0.0027,0.0697
m1-server,stress,2943,activate,rejected,not_eligible,0,0.0102,0.0045,0.0014,0.0537,0.0045,0.0742
m1-server,stress,2944,move,accepted,moved,1,0.0101,0.0057,16.1083,1.1725,0.0050,17.3015
m1-server,stress,2945,look,accepted,observed,0,0.0144,0.0142,0.0015,0.0603,0.0019,0.0923
m1-server,stress,2946,move,accepted,moved,1,0.0093,0.0051,17.3839,1.2712,0.0129,18.6823
m1-server,stress,2947,move,accepted,moved,1,0.0211,0.0244,17.7583,2.8853,0.0083,20.6974
m1-server,stress,2948,wait,rejected,invalid_time,0,0.0185,0.0264,0.0018,0.1283,0.0029,0.1780
m1-server,stress,2949,look,accepted,observed,0,0.0120,0.0049,0.0056,0.0549,0.0033,0.0807
m1-server,stress,2950,wait,rejected,invalid_time,0,0.0108,0.0058,0.0030,0.0543,0.0024,0.0763
m1-server,stress,2951,take,rejected,not_present,0,0.0123,0.0045,0.0026,0.0619,0.0022,0.0835
m1-server,stress,2952,take,rejected,not_present,0,0.0101,0.0044,0.0014,0.0557,0.0020,0.0735
m1-server,stress,2953,look,accepted,observed,0,0.0096,0.0038,0.0013,0.0534,0.0033,0.0714
m1-server,stress,2954,move,rejected,exit_unavailable,0,0.0095,0.0045,0.0014,0.0497,0.0035,0.0685
m1-server,stress,2955,talk,rejected,not_eligible,0,0.0103,0.0043,0.0013,0.0551,0.0033,0.0744
m1-server,stress,2956,look,accepted,observed,0,0.0096,0.0036,0.0013,0.0491,0.0037,0.0673
m1-server,stress,2957,move,accepted,moved,1,0.0105,0.0055,22.5927,1.2397,0.0080,23.8565
m1-server,stress,2958,wait,rejected,invalid_time,0,0.0201,0.0153,0.0017,0.0776,0.0043,0.1190
m1-server,stress,2959,move,accepted,moved,1,0.0133,0.0068,16.3373,1.2367,0.0164,17.6105
m1-server,stress,2960,talk,rejected,not_owned,0,0.0206,0.0184,0.0016,0.0660,0.0039,0.1106
m1-server,stress,2961,wait,rejected,invalid_time,0,0.0140,0.0068,0.0017,0.0730,0.0036,0.0991
m1-server,stress,2962,look,accepted,observed,0,0.0131,0.0058,0.0015,0.0573,0.0038,0.0814
m1-server,stress,2963,move,accepted,moved,1,0.0162,0.0077,16.4396,1.1833,0.0073,17.6541
m1-server,stress,2964,move,accepted,moved,1,0.0191,0.0158,22.7592,1.2381,0.0069,24.0390
m1-server,stress,2965,choose,rejected,invalid_choice,0,0.0147,0.0167,0.0016,0.0657,0.0036,0.1022
m1-server,stress,2966,look,accepted,observed,0,0.0154,0.0063,0.0016,0.0739,0.0028,0.1001
m1-server,stress,2967,look,accepted,observed,0,0.0139,0.0060,0.0015,0.0673,0.0027,0.0914
m1-server,stress,2968,wait,rejected,invalid_time,0,0.0157,0.0058,0.0015,0.0679,0.0027,0.0935
m1-server,stress,2969,move,accepted,moved,1,0.0160,0.0068,23.6105,1.2452,0.0067,24.8852
m1-server,stress,2970,look,accepted,observed,0,0.0227,0.0230,0.0017,0.0822,0.0033,0.1328
m1-server,stress,2971,look,accepted,observed,0,0.0150,0.0058,0.0029,0.0720,0.0028,0.0985
m1-server,stress,2972,talk,rejected,not_eligible,0,0.0146,0.0067,0.0028,0.0620,0.0024,0.0885
m1-server,stress,2973,move,rejected,exit_unavailable,0,0.0112,0.0055,0.0028,0.0500,0.0019,0.0714
m1-server,stress,2974,move,accepted,moved,1,0.0100,0.0048,26.1462,2.8771,0.0069,29.0450
m1-server,stress,2975,choose,rejected,stale_view,0,0.0175,0.0217,0.0015,0.1016,0.0035,0.1458
m1-server,stress,2976,look,accepted,observed,0,0.0118,0.0073,0.0014,0.0604,0.0023,0.0833
m1-server,stress,2977,move,accepted,moved,1,0.0130,0.0074,29.0856,1.1642,0.0115,30.2817
m1-server,stress,2978,move,accepted,moved,1,0.0150,0.0156,21.5500,1.3170,0.0060,22.9035
m1-server,stress,2979,take,rejected,not_present,0,0.0213,0.0200,0.0017,0.0937,0.0030,0.1397
m1-server,stress,2980,look,accepted,observed,0,0.0185,0.0058,0.0015,0.0759,0.0027,0.1044
m1-server,stress,2981,move,rejected,exit_unavailable,0,0.0128,0.0066,0.0018,0.0596,0.0028,0.0835
m1-server,stress,2982,move,accepted,moved,1,0.0142,0.0074,16.9691,1.2517,0.0088,18.2511
m1-server,stress,2983,take,accepted,taken,1,0.0140,0.0197,23.3588,1.2740,0.0080,24.6744
m1-server,stress,2984,drop,rejected,integrity_conflict,0,0.0316,0.0162,0.0002,0.0000,0.0020,0.0500
m1-server,stress,2985,look,accepted,observed,0,0.0223,0.0056,0.0015,0.0853,0.0030,0.1177
m1-server,stress,2986,wait,rejected,invalid_time,0,0.0188,0.0063,0.0016,0.0633,0.0022,0.0923
m1-server,stress,2987,talk,rejected,not_eligible,0,0.0151,0.0052,0.0014,0.0551,0.0023,0.0790
m1-server,stress,2988,look,accepted,observed,0,0.0148,0.0044,0.0015,0.0596,0.0020,0.0823
m1-server,stress,2989,talk,rejected,not_eligible,0,0.0155,0.0046,0.0015,0.1034,0.0026,0.1276
m1-server,stress,2990,drop,accepted,dropped,1,0.0170,0.0052,25.5776,1.1904,0.0073,26.7974
m1-server,stress,2991,move,accepted,moved,1,0.0252,0.0279,23.2329,3.0664,0.0080,26.3603
m1-server,stress,2992,wait,rejected,invalid_time,0,0.0243,0.0205,0.0017,0.0903,0.0026,0.1393
m1-server,stress,2993,take,rejected,not_present,0,0.0168,0.0055,0.0028,0.0712,0.0025,0.0987
m1-server,stress,2994,choose,rejected,invalid_choice,0,0.0133,0.0068,0.0015,0.0588,0.0021,0.0824
m1-server,stress,2995,move,rejected,exit_unavailable,0,0.0167,0.0089,0.0019,0.0592,0.0023,0.0889
m1-server,stress,2996,move,accepted,moved,1,0.0108,0.0065,28.7336,1.2127,0.0178,29.9814
m1-server,stress,2997,take,rejected,not_present,0,0.0226,0.0186,0.0017,0.0834,0.0067,0.1330
m1-server,stress,2998,move,accepted,moved,1,0.0152,0.0071,20.1453,1.2068,0.0078,21.3822
m1-server,stress,2999,look,accepted,observed,0,0.0195,0.0155,0.0016,0.0933,0.0028,0.1327
