host,model,i,action,outcome,code,state_write,admission_ms,decision_ms,encode_ms,commit_ms,projection_ms,e2e_ms
phone-android,tiny,1000,move,accepted,moved,1,0.5995,0.5167,0.1709,4.1610,0.1790,5.6270
phone-android,tiny,1001,move,accepted,moved,1,0.5764,0.4874,0.1714,4.5854,0.1513,5.9718
phone-android,tiny,1002,move,accepted,moved,1,0.6506,0.5188,0.1794,4.0694,0.1495,5.5676
phone-android,tiny,1003,wait,rejected,invalid_time,0,0.5416,0.5100,0.0832,3.3592,0.1241,4.6181
phone-android,tiny,1004,move,accepted,moved,1,0.6153,0.5072,0.1697,4.4791,0.1471,5.9184
phone-android,tiny,1005,move,accepted,moved,1,0.5690,0.5751,0.1735,4.1928,0.1486,5.6590
phone-android,tiny,1006,choose,rejected,invalid_choice,0,0.5637,0.5436,0.0797,3.5352,0.1217,4.8439
phone-android,tiny,1007,move,accepted,moved,1,0.6473,0.5284,0.1680,4.4169,0.1583,5.9189
phone-android,tiny,1008,look,accepted,observed,0,0.5877,0.4893,0.1380,3.3632,0.1119,4.6899
phone-android,tiny,1009,take,rejected,not_present,0,0.5822,0.4873,0.0811,3.6425,0.1169,4.9101
phone-android,tiny,1010,move,accepted,moved,1,0.5965,0.5220,0.1717,4.6201,0.1816,6.0919
phone-android,tiny,1011,choose,rejected,invalid_choice,0,0.7334,0.5964,0.0802,3.6826,0.1323,5.2249
phone-android,tiny,1012,look,accepted,observed,0,0.7649,0.5340,0.0803,3.8167,0.1302,5.3260
phone-android,tiny,1013,talk,rejected,not_eligible,0,0.7097,0.5219,0.0817,3.6944,0.1467,5.1544
phone-android,tiny,1014,look,accepted,observed,0,0.8059,0.5251,0.0818,3.7968,0.1411,5.3507
phone-android,tiny,1015,move,accepted,moved,1,0.7239,0.6303,0.1714,4.3312,0.1509,6.0077
phone-android,tiny,1016,wait,rejected,invalid_time,0,0.5822,0.4928,0.0813,3.3991,0.1308,4.6862
phone-android,tiny,1017,look,accepted,observed,0,0.7177,0.5031,0.0818,3.7277,0.1324,5.1627
phone-android,tiny,1018,move,accepted,moved,1,0.6572,0.5314,0.1705,4.5760,0.1731,6.1082
phone-android,tiny,1019,take,accepted,taken,1,0.7043,0.5625,0.1699,4.5620,0.1622,6.1610
phone-android,tiny,1020,look,accepted,observed,0,0.6301,0.4931,0.0806,3.5094,0.1205,4.8337
phone-android,tiny,1021,look,accepted,observed,0,0.6049,0.4842,0.1299,3.8254,0.1303,5.1747
phone-android,tiny,1022,drop,accepted,dropped,1,0.7272,0.5370,0.1764,4.6212,0.1834,6.2452
phone-android,tiny,1023,activate,rejected,not_eligible,0,0.7674,0.5336,0.0815,3.7670,0.1384,5.2880
phone-android,tiny,1024,move,accepted,moved,1,1.1125,0.6049,0.1707,4.7407,0.1449,6.7738
phone-android,tiny,1025,look,accepted,observed,0,0.5949,0.5660,0.0784,3.7211,0.1244,5.0848
phone-android,tiny,1026,move,rejected,exit_unavailable,0,0.6417,0.5123,0.0838,3.6819,0.1374,5.0571
phone-android,tiny,1027,move,accepted,moved,1,0.7932,0.5495,0.1727,4.6155,0.1686,6.2995
phone-android,tiny,1028,move,accepted,moved,1,0.6777,0.6289,0.1704,4.5179,0.1777,6.1725
phone-android,tiny,1029,look,accepted,observed,0,0.7282,0.5149,0.0806,3.5536,0.1379,5.0153
phone-android,tiny,1030,move,accepted,moved,1,0.6321,0.5082,0.1697,4.0778,0.1532,5.5411
phone-android,tiny,1031,look,accepted,observed,0,0.6052,0.5622,0.0802,3.4481,0.1374,4.8331
phone-android,tiny,1032,take,rejected,not_present,0,0.7013,0.4716,0.0803,3.5770,0.1287,4.9589
phone-android,tiny,1033,take,rejected,not_present,0,0.5993,0.5459,0.0808,3.6824,0.1395,5.0479
phone-android,tiny,1034,talk,rejected,not_eligible,0,0.7562,0.5296,0.0815,3.3047,0.1499,4.8220
phone-android,tiny,1035,take,rejected,not_present,0,0.7935,0.6008,0.0832,3.3382,0.1214,4.9372
phone-android,tiny,1036,look,accepted,observed,0,0.5818,0.4728,0.0795,2.9089,0.1189,4.1619
phone-android,tiny,1037,move,accepted,moved,1,0.5732,0.5204,0.1716,3.8124,0.1488,5.2265
phone-android,tiny,1038,talk,rejected,not_owned,0,0.6509,0.4961,0.0823,3.0614,0.1293,4.4201
phone-android,tiny,1039,move,accepted,moved,1,0.6270,0.5300,0.1743,3.9178,0.1466,5.3957
phone-android,tiny,1040,activate,rejected,not_eligible,0,0.6236,0.4785,0.0816,3.4219,0.1278,4.7334
phone-android,tiny,1041,talk,rejected,not_eligible,0,0.5711,0.4804,0.0804,3.4595,0.1317,4.7230
phone-android,tiny,1042,look,accepted,observed,0,0.6055,0.6057,0.0794,3.4352,0.1173,4.8430
phone-android,tiny,1043,move,rejected,exit_unavailable,0,0.5952,0.5117,0.0853,3.3978,0.1231,4.7131
phone-android,tiny,1044,take,replayed,not_present,0,0.9991,0.4605,0.0021,0.0005,0.0598,1.5221
phone-android,tiny,1045,activate,rejected,not_eligible,0,0.4552,0.4166,0.0782,2.9533,0.1218,4.0252
phone-android,tiny,1046,look,accepted,observed,0,0.5918,0.4889,0.0793,3.8194,0.1228,5.1021
phone-android,tiny,1047,look,accepted,observed,0,0.7026,0.4884,0.0801,3.4354,0.1198,4.8263
phone-android,tiny,1048,move,accepted,moved,1,0.5890,0.5208,0.1739,4.2741,0.1430,5.7007
phone-android,tiny,1049,activate,rejected,not_eligible,0,0.5564,0.5235,0.0831,3.9085,0.1411,5.2127
phone-android,tiny,1050,move,accepted,moved,1,0.7104,0.6361,0.1849,4.7570,0.1802,6.4686
phone-android,tiny,1051,look,accepted,observed,0,0.7632,0.4887,0.0806,4.2598,0.1457,5.7381
phone-android,tiny,1052,wait,rejected,invalid_time,0,0.8732,0.5740,0.0830,4.1849,0.1614,5.8765
phone-android,tiny,1053,choose,rejected,invalid_choice,0,0.7910,0.5673,0.0798,3.5389,0.1266,5.1035
phone-android,tiny,1054,wait,rejected,invalid_time,0,0.6730,0.5171,0.0817,4.0036,0.1324,5.4078
phone-android,tiny,1055,look,accepted,observed,0,0.7302,0.5326,0.0815,3.9737,0.1351,5.4531
phone-android,tiny,1056,wait,rejected,invalid_time,0,0.7332,0.5523,0.0813,3.7344,0.1290,5.2302
phone-android,tiny,1057,take,accepted,taken,1,0.6502,0.5742,0.1694,4.9646,0.1626,6.5209
phone-android,tiny,1058,move,accepted,moved,1,0.6483,0.5853,0.1693,4.2463,0.1491,5.7983
phone-android,tiny,1059,move,accepted,moved,1,0.7675,0.5286,0.1692,4.7005,0.1582,6.3240
phone-android,tiny,1060,look,accepted,observed,0,0.6065,0.4915,0.0818,3.5382,0.1295,4.8474
phone-android,tiny,1061,talk,rejected,not_eligible,0,0.6814,0.4777,0.0814,3.6511,0.1349,5.0266
phone-android,tiny,1062,wait,rejected,invalid_time,0,0.6764,0.5324,0.0849,3.8359,0.1351,5.2647
phone-android,tiny,1063,take,replayed,not_present,0,1.1745,0.4380,0.0023,0.0005,0.0794,1.6946
phone-android,tiny,1064,move,accepted,moved,1,0.4138,0.4365,0.1629,4.9115,0.1938,6.1184
phone-android,tiny,1065,choose,rejected,invalid_choice,0,0.8055,0.5887,0.0803,4.4008,0.1211,5.9965
phone-android,tiny,1066,move,accepted,moved,1,0.6298,0.5136,0.1703,4.4166,0.1537,5.8840
phone-android,tiny,1067,move,accepted,moved,1,0.6424,0.5329,0.1697,4.9197,0.1781,6.4428
phone-android,tiny,1068,drop,replayed,dropped,0,1.2750,0.4796,0.0026,0.0007,0.0587,1.8166
phone-android,tiny,1069,look,accepted,observed,0,0.4293,0.4079,0.0752,3.5730,0.1257,4.6110
phone-android,tiny,1070,move,accepted,moved,1,0.5958,0.5509,0.1674,4.4579,0.1605,5.9325
phone-android,tiny,1071,move,accepted,moved,1,0.6330,0.5220,0.1690,4.6179,0.1595,6.1014
phone-android,tiny,1072,talk,accepted,choice_opened,1,0.6323,0.5131,0.1797,4.6774,0.1577,6.1602
phone-android,tiny,1073,activate,rejected,not_eligible,0,0.7112,0.5437,0.0794,3.7968,0.1551,5.2863
phone-android,tiny,1074,move,accepted,moved,1,0.9151,0.5906,0.1931,4.6947,0.1594,6.5529
phone-android,tiny,1075,look,accepted,observed,0,0.7205,0.5133,0.0776,4.0753,0.1315,5.5181
phone-android,tiny,1076,move,accepted,moved,1,0.6290,0.5354,0.1739,4.6001,0.1618,6.1001
phone-android,tiny,1077,move,accepted,moved,1,0.6228,0.5228,0.1742,4.5689,0.1502,6.0387
phone-android,tiny,1078,move,accepted,moved,1,0.6796,0.5882,0.1754,4.4533,0.1669,6.0634
phone-android,tiny,1079,move,accepted,moved,1,0.7769,0.5796,0.1755,4.9031,0.1713,6.6064
phone-android,tiny,1080,move,accepted,moved,1,0.7326,0.5443,0.1740,4.1773,0.1563,5.7845
phone-android,tiny,1081,talk,accepted,choice_opened,1,0.6369,0.5961,0.1845,4.5718,0.1729,6.1622
phone-android,tiny,1082,look,accepted,observed,0,0.6828,0.5585,0.0919,3.6999,0.1315,5.1647
phone-android,tiny,1083,choose,rejected,stale_view,0,0.7157,0.5612,0.0849,4.1110,0.1468,5.6196
phone-android,tiny,1084,activate,rejected,not_eligible,0,0.7881,0.5853,0.0866,3.9520,0.1314,5.5433
phone-android,tiny,1085,wait,rejected,invalid_time,0,0.7079,0.5598,0.0871,3.9624,0.1478,5.4651
phone-android,tiny,1086,move,rejected,exit_unavailable,0,0.7802,0.5672,0.0816,3.5942,0.1324,5.1557
phone-android,tiny,1087,activate,rejected,not_eligible,0,0.6117,0.5365,0.0816,3.7874,0.1164,5.1335
phone-android,tiny,1088,look,accepted,observed,0,0.6612,0.5386,0.0798,3.5996,0.1547,5.0339
phone-android,tiny,1089,move,accepted,moved,1,0.7788,0.7139,0.1892,4.4233,0.1803,6.2855
phone-android,tiny,1090,move,accepted,moved,1,0.7196,0.6499,0.1751,4.1035,0.1617,5.8098
phone-android,tiny,1091,close_choice,accepted,choice_closed,1,0.6252,0.5011,0.1696,4.2471,0.1612,5.7042
phone-android,tiny,1092,look,accepted,observed,0,0.5546,0.4761,0.0794,3.1514,0.1240,4.3855
phone-android,tiny,1093,activate,rejected,not_eligible,0,0.5945,0.4772,0.0813,3.4037,0.1278,4.6845
phone-android,tiny,1094,move,accepted,moved,1,0.6666,0.5011,0.1690,4.2323,0.1608,5.7298
phone-android,tiny,1095,look,accepted,observed,0,0.6851,0.4973,0.0802,4.0219,0.1515,5.4359
phone-android,tiny,1096,look,accepted,observed,0,0.8183,0.5364,0.0821,3.8771,0.1458,5.4597
phone-android,tiny,1097,move,accepted,moved,1,0.8908,0.5911,0.1994,4.6196,0.1700,6.4708
phone-android,tiny,1098,look,accepted,observed,0,0.6443,0.5684,0.0862,3.4708,0.1301,4.8997
phone-android,tiny,1099,choose,rejected,invalid_choice,0,0.6255,0.5599,0.0864,3.4652,0.1411,4.8782
phone-android,tiny,1100,activate,rejected,not_eligible,0,0.7032,0.6507,0.0839,3.7194,0.1415,5.2986
phone-android,tiny,1101,look,accepted,observed,0,0.7775,0.5229,0.0819,3.8358,0.1281,5.3462
phone-android,tiny,1102,move,accepted,moved,1,0.6992,0.5310,0.1731,4.2086,0.1506,5.7626
phone-android,tiny,1103,move,accepted,moved,1,0.6004,0.5722,0.1778,7.9329,0.2255,9.5088
phone-android,tiny,1104,look,accepted,observed,0,1.0201,0.6187,0.0827,4.1091,0.1377,5.9684
phone-android,tiny,1105,drop,accepted,dropped,1,0.7544,0.5331,0.1758,4.8853,0.1716,6.5203
phone-android,tiny,1106,look,accepted,observed,0,0.6768,0.4835,0.0803,3.2548,0.1204,4.6158
phone-android,tiny,1107,move,accepted,moved,1,0.5889,0.5449,0.1701,4.6211,0.1441,6.0691
phone-android,tiny,1108,move,accepted,moved,1,0.5671,0.4998,0.1685,4.4282,0.1702,5.8339
phone-android,tiny,1109,wait,rejected,invalid_time,0,0.7713,0.5034,0.0857,3.5534,0.1495,5.0634
phone-android,tiny,1110,move,rejected,exit_unavailable,0,0.8282,0.4956,0.0820,3.9871,0.1603,5.5532
phone-android,tiny,1111,move,accepted,moved,1,0.7950,0.5245,0.1723,5.3679,0.2210,7.0808
phone-android,tiny,1112,look,accepted,observed,0,0.9899,0.5947,0.0804,3.7285,0.1186,5.5122
phone-android,tiny,1113,look,accepted,observed,0,0.6071,0.4796,0.0796,3.1817,0.1189,4.4670
phone-android,tiny,1114,look,accepted,observed,0,0.5923,0.4780,0.0797,3.0262,0.1156,4.2918
phone-android,tiny,1115,look,accepted,observed,0,0.7410,0.4959,0.0799,3.5719,0.1269,5.0156
phone-android,tiny,1116,move,accepted,moved,1,0.5748,0.5492,0.1682,4.3834,0.1504,5.8259
phone-android,tiny,1117,look,accepted,observed,0,0.5710,0.5004,0.0794,3.7172,0.1269,4.9949
phone-android,tiny,1118,move,accepted,moved,1,0.6246,0.5793,0.1738,4.8396,0.1583,6.3756
phone-android,tiny,1119,look,accepted,observed,0,0.6111,0.4863,0.0796,3.8811,0.1307,5.1889
phone-android,tiny,1120,look,accepted,observed,0,0.6110,0.4866,0.0808,3.6996,0.1319,5.0098
phone-android,tiny,1121,move,rejected,exit_unavailable,0,0.6651,0.6207,0.0833,3.8739,0.1683,5.4113
phone-android,tiny,1122,activate,rejected,not_eligible,0,0.8818,0.5115,0.0796,3.7565,0.1488,5.3781
phone-android,tiny,1123,wait,rejected,invalid_time,0,0.8050,0.4895,0.0815,3.8482,0.1397,5.3639
phone-android,tiny,1124,look,accepted,observed,0,0.6943,0.4703,0.0795,3.7243,0.1666,5.1350
phone-android,tiny,1125,move,accepted,moved,1,0.8790,0.5502,0.1755,4.4295,0.1975,6.2317
phone-android,tiny,1126,move,accepted,moved,1,0.8452,0.5126,0.1752,4.8293,0.1705,6.5327
phone-android,tiny,1127,choose,rejected,stale_view,0,0.8368,0.4836,0.0788,4.3940,0.1617,5.9549
phone-android,tiny,1128,choose,rejected,invalid_choice,0,0.8507,0.5363,0.0809,3.0239,0.1395,4.6312
phone-android,tiny,1129,look,accepted,observed,0,0.7230,0.4633,0.0780,3.0648,0.1551,4.4842
phone-android,tiny,1130,take,rejected,not_present,0,0.7323,0.4773,0.0803,2.9934,0.1113,4.3947
phone-android,tiny,1131,choose,rejected,invalid_choice,0,0.6092,0.5468,0.0804,3.1641,0.1217,4.5221
phone-android,tiny,1132,look,accepted,observed,0,0.5870,0.4942,0.0804,2.9992,0.1415,4.3023
phone-android,tiny,1133,move,accepted,moved,1,0.6999,0.5288,0.1708,4.3565,0.2020,5.9579
phone-android,tiny,1134,move,rejected,exit_unavailable,0,0.8655,0.5970,0.1046,4.0147,0.1801,5.7619
phone-android,tiny,1135,look,accepted,observed,0,0.7717,0.5273,0.0798,3.2508,0.1194,4.7491
phone-android,tiny,1136,activate,rejected,not_eligible,0,0.5887,0.4575,0.0806,3.2891,0.1344,4.5504
phone-android,tiny,1137,look,accepted,observed,0,0.7874,0.4872,0.0778,3.7939,0.1774,5.3238
phone-android,tiny,1138,look,accepted,observed,0,0.8898,0.5212,0.0801,3.5490,0.1880,5.2282
phone-android,tiny,1139,move,accepted,moved,1,0.8380,0.5578,0.1856,4.3869,0.1587,6.1271
phone-android,tiny,1140,move,accepted,moved,1,0.7352,0.5587,0.1670,4.2007,0.1804,5.8421
phone-android,tiny,1141,choose,rejected,invalid_choice,0,0.7352,0.5929,0.0810,3.2267,0.1451,4.7809
phone-android,tiny,1142,look,accepted,observed,0,0.7558,0.4640,0.0782,3.4782,0.1447,4.9209
phone-android,tiny,1143,move,accepted,moved,1,0.7053,0.4838,0.1674,6.0588,0.1772,7.5923
phone-android,tiny,1144,look,accepted,observed,0,0.8271,0.4875,0.0785,3.7008,0.1619,5.2558
phone-android,tiny,1145,take,rejected,not_present,0,0.8260,0.5044,0.0811,3.6723,0.1530,5.2368
phone-android,tiny,1146,look,accepted,observed,0,0.6951,0.4899,0.0803,2.9821,0.1232,4.3706
phone-android,tiny,1147,wait,rejected,invalid_time,0,0.6121,0.5111,0.0817,2.9990,0.1328,4.3367
phone-android,tiny,1148,choose,rejected,invalid_choice,0,0.6379,0.5965,0.0911,4.2317,0.1298,5.6871
phone-android,tiny,1149,move,accepted,moved,1,0.6230,0.5228,0.1730,3.8598,0.1543,5.3329
phone-android,tiny,1150,take,accepted,taken,1,0.6640,0.5103,0.1710,4.0156,0.1455,5.5064
phone-android,tiny,1151,move,accepted,moved,1,0.6072,0.4878,0.2393,4.2475,0.1774,5.7592
phone-android,tiny,1152,drop,accepted,dropped,1,0.7934,0.4835,0.1732,4.6581,0.1706,6.2788
phone-android,tiny,1153,look,accepted,observed,0,0.6533,0.4914,0.0789,3.6155,0.1476,4.9867
phone-android,tiny,1154,move,accepted,moved,1,0.7139,0.5539,0.1692,4.7345,0.1942,6.3657
phone-android,tiny,1155,look,accepted,observed,0,0.9628,0.5739,0.0812,3.7453,0.1564,5.5195
phone-android,tiny,1156,move,accepted,moved,1,0.7699,0.5190,0.1706,3.9265,0.2279,5.6139
phone-android,tiny,1157,look,accepted,observed,0,0.7411,0.4708,0.0786,3.4004,0.1484,4.8393
phone-android,tiny,1158,move,rejected,exit_unavailable,0,0.7177,0.4788,0.0809,3.0837,0.1387,4.4997
phone-android,tiny,1159,look,accepted,observed,0,0.7121,0.4805,0.0791,2.8151,0.1260,4.2127
phone-android,tiny,1160,move,accepted,moved,1,0.6335,0.5046,0.1681,3.4505,0.1587,4.9155
phone-android,tiny,1161,move,accepted,moved,1,0.6771,0.4926,0.1692,4.9022,0.1611,6.4022
phone-android,tiny,1162,talk,rejected,not_eligible,0,0.6613,0.4596,0.0794,3.5338,0.1483,4.8824
phone-android,tiny,1163,look,accepted,observed,0,0.7993,0.4847,0.0786,3.6555,0.1423,5.1605
phone-android,tiny,1164,look,accepted,observed,0,0.6870,0.4963,0.0807,16.4382,0.2027,17.9049
phone-android,tiny,1165,look,accepted,observed,0,1.1242,0.5476,0.0801,5.0445,0.2363,7.0327
phone-android,tiny,1166,look,accepted,observed,0,0.9816,0.5203,0.0793,3.9289,0.1517,5.6617
phone-android,tiny,1167,move,rejected,exit_unavailable,0,0.7801,0.6974,0.0889,4.4108,0.1755,6.1528
phone-android,tiny,1168,look,accepted,observed,0,0.8114,0.5429,0.0901,4.0344,0.1680,5.6467
phone-android,tiny,1169,wait,rejected,invalid_time,0,0.8469,0.5532,0.0884,3.9627,0.1998,5.6511
phone-android,tiny,1170,move,accepted,moved,1,0.8979,0.5784,0.2068,4.4654,0.1929,6.3414
phone-android,tiny,1171,look,accepted,observed,0,1.0396,0.5676,0.0810,3.6329,0.1397,5.4608
phone-android,tiny,1172,take,rejected,not_present,0,0.7352,0.4710,0.0815,3.2164,0.1481,4.6521
phone-android,tiny,1173,move,accepted,moved,1,0.8171,0.4978,0.1701,3.9858,0.1691,5.6398
phone-android,tiny,1174,activate,rejected,not_eligible,0,0.7107,0.5628,0.0802,3.1671,0.1617,4.6826
phone-android,tiny,1175,wait,rejected,invalid_time,0,0.7455,0.5140,0.0804,2.9956,0.1322,4.4677
phone-android,tiny,1176,take,accepted,taken,1,0.6374,0.4952,0.1680,3.7167,0.1514,5.1687
phone-android,tiny,1177,activate,rejected,not_eligible,0,0.6219,0.4868,0.0802,3.2299,0.1488,4.5675
phone-android,tiny,1178,wait,rejected,invalid_time,0,0.7057,0.4899,0.0810,3.3217,0.1421,4.7405
phone-android,tiny,1179,move,accepted,moved,1,0.7873,0.5192,0.1650,5.0796,0.2060,6.7571
phone-android,tiny,1180,move,accepted,moved,1,1.0151,0.5738,0.1713,5.2457,0.1772,7.1831
phone-android,tiny,1181,choose,rejected,invalid_choice,0,0.7728,0.5245,0.0794,4.3505,0.1624,5.8895
phone-android,tiny,1182,wait,rejected,invalid_time,0,0.8383,0.4981,0.0815,4.4835,0.1974,6.0988
phone-android,tiny,1183,look,accepted,observed,0,0.9828,0.5587,0.0809,3.7060,0.1298,5.4583
phone-android,tiny,1184,look,accepted,observed,0,0.7015,0.4777,0.0810,3.2985,0.1179,4.6766
phone-android,tiny,1185,move,accepted,moved,1,0.5909,0.5235,0.1719,4.1579,0.1538,5.5980
phone-android,tiny,1186,activate,rejected,not_eligible,0,0.5852,0.4845,0.0827,3.6474,0.1392,4.9389
phone-android,tiny,1187,close_choice,rejected,invalid_choice,0,0.7199,0.4866,0.0834,3.5605,0.1546,5.0051
phone-android,tiny,1188,move,accepted,moved,1,0.8253,0.5684,0.1855,5.1208,0.2303,6.9303
phone-android,tiny,1189,close_choice,rejected,invalid_choice,0,0.9528,0.6554,0.0972,4.1152,0.1361,5.9566
phone-android,tiny,1190,look,accepted,observed,0,0.6317,0.5392,0.0906,3.5346,0.1245,4.9207
phone-android,tiny,1191,move,rejected,exit_unavailable,0,0.5948,0.6097,0.0942,3.7705,0.1364,5.2056
phone-android,tiny,1192,look,accepted,observed,0,0.6798,0.5580,0.0914,3.6763,0.1516,5.1571
phone-android,tiny,1193,look,accepted,observed,0,0.8846,0.5098,0.0820,3.7056,0.1348,5.3168
phone-android,tiny,1194,wait,rejected,invalid_time,0,0.7130,0.5392,0.0820,3.5004,0.1290,4.9636
phone-android,tiny,1195,move,accepted,moved,1,0.7347,0.5174,0.1681,4.1534,0.1599,5.7336
phone-android,tiny,1196,choose,rejected,invalid_choice,0,0.6412,0.6549,0.0820,3.4745,0.1176,4.9701
phone-android,tiny,1197,talk,accepted,choice_opened,1,0.5881,0.4936,0.1799,4.5538,0.1624,5.9779
phone-android,tiny,1198,move,rejected,exit_unavailable,0,0.6529,0.5202,0.0799,3.4458,0.1290,4.8277
phone-android,tiny,1199,look,accepted,observed,0,0.5955,0.5020,0.0765,3.4587,0.1084,4.7410
phone-android,tiny,1200,talk,accepted,choice_opened,1,0.5677,0.5145,0.1833,4.5009,0.1523,5.9188
phone-android,tiny,1201,look,accepted,observed,0,0.6041,0.5102,0.1136,3.7733,0.1214,5.1226
phone-android,tiny,1202,drop,accepted,dropped,1,0.5869,0.5260,0.1782,4.8501,0.1869,6.3281
phone-android,tiny,1203,look,accepted,observed,0,0.7315,0.5360,0.0778,3.8789,0.1333,5.3574
phone-android,tiny,1204,move,accepted,moved,1,0.6788,0.6279,0.1769,4.6948,0.1770,6.3555
phone-android,tiny,1205,look,accepted,observed,0,0.7515,0.5886,0.0792,4.1894,0.1329,5.7416
phone-android,tiny,1206,move,accepted,moved,1,0.7010,0.5654,0.1757,4.7133,0.1704,6.3257
phone-android,tiny,1207,move,accepted,moved,1,0.6858,0.5879,0.1782,4.5245,0.1564,6.1327
phone-android,tiny,1208,look,accepted,observed,0,0.5968,0.5174,0.0784,3.4458,0.1184,4.7568
phone-android,tiny,1209,move,accepted,moved,1,0.5830,0.5366,0.1764,4.6981,0.1701,6.1641
phone-android,tiny,1210,take,accepted,taken,1,0.7043,0.5628,0.1757,4.6179,0.1581,6.2188
phone-android,tiny,1211,choose,rejected,invalid_choice,0,0.6273,0.5757,0.0812,3.3790,0.1217,4.7850
phone-android,tiny,1212,look,accepted,observed,0,0.5695,0.5144,0.0772,3.4610,0.1209,4.7430
phone-android,tiny,1213,move,accepted,moved,1,0.7230,0.5533,0.1743,4.5379,0.2931,6.2815
phone-android,tiny,1214,move,rejected,exit_unavailable,0,0.7759,0.5689,0.0826,3.6130,0.1259,5.1663
phone-android,tiny,1215,move,accepted,moved,1,0.5952,0.5369,0.2153,4.3362,0.1466,5.8302
phone-android,tiny,1216,look,accepted,observed,0,0.5567,0.5012,0.0765,3.2670,0.1305,4.5318
phone-android,tiny,1217,move,accepted,moved,1,0.6327,0.5751,0.1773,4.2104,0.1508,5.7463
phone-android,tiny,1218,look,accepted,observed,0,0.5548,0.5017,0.0757,3.5228,0.1211,4.7761
phone-android,tiny,1219,choose,rejected,stale_view,0,0.6093,0.5105,0.0795,3.2237,0.1154,4.5384
phone-android,tiny,1220,wait,rejected,invalid_time,0,0.7626,0.5408,0.0799,4.0799,0.1254,5.5886
phone-android,tiny,1221,look,accepted,observed,0,0.6461,0.4961,0.0781,3.3954,0.1224,4.7382
phone-android,tiny,1222,look,accepted,observed,0,0.5691,0.4971,0.0796,3.7281,0.1457,5.0197
phone-android,tiny,1223,move,accepted,moved,1,0.8428,0.5836,0.1885,4.7093,0.1830,6.5072
phone-android,tiny,1224,wait,rejected,invalid_time,0,0.8361,0.5374,0.0828,3.3935,0.1206,4.9705
phone-android,tiny,1225,drop,accepted,dropped,1,0.5901,0.5170,0.1777,4.4214,0.1614,5.8675
phone-android,tiny,1226,move,accepted,moved,1,0.6696,0.5160,0.1778,4.3127,0.1522,5.8282
phone-android,tiny,1227,move,rejected,exit_unavailable,0,0.6179,0.5285,0.0829,3.3879,0.1262,4.7434
phone-android,tiny,1228,move,accepted,moved,1,0.5678,0.5388,0.1767,4.5389,0.1423,5.9644
phone-android,tiny,1229,look,accepted,observed,0,0.6017,0.4748,0.0771,3.3309,0.1242,4.6087
phone-android,tiny,1230,look,accepted,observed,0,0.6317,0.5007,0.0769,3.3012,0.1241,4.6346
phone-android,tiny,1231,take,accepted,taken,1,0.6383,0.5172,0.1766,4.3932,0.1571,5.8824
phone-android,tiny,1232,drop,accepted,dropped,1,0.5845,0.5358,0.1809,4.2620,0.1572,5.7204
phone-android,tiny,1233,wait,rejected,invalid_time,0,0.5884,0.5354,0.0826,3.5698,0.1298,4.9061
phone-android,tiny,1234,choose,rejected,invalid_choice,0,0.6762,0.5593,0.0805,3.5121,0.1230,4.9512
phone-android,tiny,1235,look,accepted,observed,0,0.5679,0.4941,0.0783,3.5281,0.1342,4.8026
phone-android,tiny,1236,drop,replayed,dropped,0,1.0583,0.4283,0.0021,0.0003,0.0577,1.5467
phone-android,tiny,1237,move,accepted,moved,1,0.4166,0.4490,0.1744,4.1405,0.1529,5.3334
phone-android,tiny,1238,move,accepted,moved,1,0.6227,0.5276,0.1731,4.5944,0.1670,6.0848
phone-android,tiny,1239,take,rejected,not_present,0,1.0718,0.5879,0.0812,3.7247,0.1373,5.6030
phone-android,tiny,1240,move,accepted,moved,1,0.6371,0.5423,0.1755,4.3293,0.1512,5.8355
phone-android,tiny,1241,choose,rejected,stale_view,0,0.5863,0.5081,0.0790,3.2451,0.1247,4.5432
phone-android,tiny,1242,move,accepted,moved,1,0.5836,0.5340,0.1770,4.0906,0.1537,5.5389
phone-android,tiny,1243,move,accepted,moved,1,0.6060,0.5498,0.1754,4.3781,0.1526,5.8618
phone-android,tiny,1244,move,accepted,moved,1,0.6545,0.5255,0.1731,4.3280,0.1532,5.8343
phone-android,tiny,1245,move,accepted,moved,1,0.5406,0.5678,0.1881,4.7170,0.1696,6.1831
phone-android,tiny,1246,close_choice,accepted,choice_closed,1,0.6696,0.5671,0.2231,4.5369,0.1619,6.1585
phone-android,tiny,1247,activate,rejected,not_eligible,0,0.6049,0.4918,0.0796,3.4549,0.1203,4.7515
phone-android,tiny,1248,move,accepted,moved,1,0.6180,0.5193,0.1732,4.1522,0.1525,5.6152
phone-android,tiny,1249,wait,rejected,invalid_time,0,0.5962,0.5105,0.0840,3.5592,0.1133,4.8632
phone-android,tiny,1250,take,accepted,taken,1,0.6023,0.4931,0.1684,4.2829,0.1526,5.6992
phone-android,tiny,1251,wait,rejected,invalid_time,0,0.5791,0.5311,0.0834,3.3490,0.1255,4.6682
phone-android,tiny,1252,move,accepted,moved,1,0.5775,0.5192,0.1690,3.9805,0.1524,5.3985
phone-android,tiny,1253,look,accepted,observed,0,0.6290,0.4880,0.0800,3.3536,0.1174,4.6680
phone-android,tiny,1254,wait,rejected,invalid_time,0,0.5893,0.5075,0.0807,3.5847,0.1279,4.8902
phone-android,tiny,1255,look,accepted,observed,0,0.6477,0.5167,0.0789,3.4797,0.1144,4.8373
phone-android,tiny,1256,talk,rejected,not_eligible,0,0.5933,0.4821,0.0837,3.3674,0.1454,4.6720
phone-android,tiny,1257,move,accepted,moved,1,1.0850,0.6135,0.1852,4.6008,0.1632,6.6477
phone-android,tiny,1258,move,accepted,moved,1,0.7739,0.5323,0.2820,4.6408,0.1866,6.4157
phone-android,tiny,1259,move,accepted,moved,1,0.7860,0.5051,0.1672,4.3205,0.1852,5.9641
phone-android,tiny,1260,look,accepted,observed,0,1.0379,0.5380,0.0831,4.1429,0.1914,5.9932
phone-android,tiny,1261,wait,rejected,invalid_time,0,1.0532,0.5531,0.0829,3.6388,0.1545,5.4825
phone-android,tiny,1262,move,accepted,moved,1,0.8226,0.5045,0.1674,4.0772,0.1891,5.7609
phone-android,tiny,1263,talk,rejected,not_eligible,0,0.7907,0.4985,0.0808,2.9519,0.1351,4.4570
phone-android,tiny,1264,look,accepted,observed,0,0.6842,0.4960,0.0796,2.9682,0.1182,4.3463
phone-android,tiny,1265,move,accepted,moved,1,0.5816,0.5122,0.1685,3.6042,0.1491,5.0156
phone-android,tiny,1266,move,accepted,moved,1,0.5731,0.5367,0.1703,3.8583,0.1505,5.2889
phone-android,tiny,1267,look,accepted,observed,0,0.5722,0.4642,0.0789,3.4932,0.1204,4.7289
phone-android,tiny,1268,look,accepted,observed,0,0.5912,0.5116,0.0808,3.7178,0.1158,5.0172
phone-android,tiny,1269,look,accepted,observed,0,0.5838,0.4745,0.0789,3.4737,0.1472,4.7581
phone-android,tiny,1270,move,accepted,moved,1,0.7755,0.6295,1.5285,5.1191,0.1763,8.2289
phone-android,tiny,1271,look,accepted,observed,0,0.6485,0.4970,0.0793,2.9514,0.1204,4.2966
phone-android,tiny,1272,drop,accepted,dropped,1,0.5495,0.4895,0.1741,4.1852,0.1565,5.5548
phone-android,tiny,1273,move,accepted,moved,1,0.5839,0.5263,0.1659,4.0606,0.1460,5.4827
phone-android,tiny,1274,look,accepted,observed,0,0.5788,0.5616,0.0796,3.3676,0.1247,4.7123
phone-android,tiny,1275,look,accepted,observed,0,0.6253,0.4823,0.0816,3.7631,0.1141,5.0663
phone-android,tiny,1276,take,rejected,not_present,0,0.5721,0.5142,0.0814,3.2863,0.1138,4.5678
phone-android,tiny,1277,look,accepted,observed,0,0.6845,0.4997,0.0791,3.2181,0.1271,4.6085
phone-android,tiny,1278,look,accepted,observed,0,0.6619,0.5065,0.0804,3.4727,0.1311,4.8527
phone-android,tiny,1279,look,accepted,observed,0,0.7556,0.4728,0.0788,3.4204,0.1113,4.8389
phone-android,tiny,1280,take,rejected,not_present,0,0.5590,0.4435,0.0789,3.6825,0.1180,4.8819
phone-android,tiny,1281,move,accepted,moved,1,0.6370,0.5259,0.1713,4.4962,0.1584,5.9888
phone-android,tiny,1282,look,accepted,observed,0,0.6577,0.5591,0.0814,3.6030,0.1217,5.0230
phone-android,tiny,1283,move,accepted,moved,1,0.6192,0.5151,0.1691,4.1284,0.1455,5.5773
phone-android,tiny,1284,wait,rejected,invalid_time,0,0.5868,0.5030,0.0835,3.3697,0.1142,4.6573
phone-android,tiny,1285,look,accepted,observed,0,0.5453,0.4747,0.0792,3.3636,0.1126,4.5753
phone-android,tiny,1286,move,accepted,moved,1,0.5502,0.4986,0.2333,4.1659,0.1651,5.6131
phone-android,tiny,1287,move,accepted,moved,1,0.7834,0.5590,0.1713,4.8751,0.1658,6.5546
phone-android,tiny,1288,look,accepted,observed,0,0.6599,0.5140,0.0805,3.9784,0.1204,5.3532
phone-android,tiny,1289,move,accepted,moved,1,0.6478,0.5125,0.1680,4.1530,0.1533,5.6346
phone-android,tiny,1290,wait,rejected,invalid_time,0,0.5544,0.5772,0.0816,3.6823,0.1435,5.0391
phone-android,tiny,1291,look,accepted,observed,0,0.7705,0.5185,0.0805,3.5039,0.1382,5.0116
phone-android,tiny,1292,wait,rejected,invalid_time,0,0.7469,0.5881,0.0812,4.2205,0.1615,5.7982
phone-android,tiny,1293,move,accepted,moved,1,0.8940,0.5849,0.1858,5.0463,0.1681,6.8790
phone-android,tiny,1294,wait,rejected,invalid_time,0,0.6134,0.5573,0.0919,3.2978,0.1244,4.6847
phone-android,tiny,1295,look,accepted,observed,0,0.6183,0.5188,0.0897,3.4307,0.1716,4.8290
phone-android,tiny,1296,move,accepted,moved,1,0.8744,0.6343,0.2129,4.9272,0.1832,6.8320
phone-android,tiny,1297,activate,rejected,not_eligible,0,0.6921,0.5666,0.0921,3.7240,0.1348,5.2096
phone-android,tiny,1298,look,accepted,observed,0,0.6295,0.5154,0.0898,3.3336,0.1322,4.7006
phone-android,tiny,1299,look,accepted,observed,0,0.6254,0.5319,0.0922,3.4072,0.1469,4.8035
phone-android,tiny,1300,talk,rejected,not_eligible,0,0.7897,0.5819,0.0926,3.5661,0.1398,5.1701
phone-android,tiny,1301,take,rejected,not_present,0,0.7414,0.5285,0.0808,3.8144,0.1292,5.2944
phone-android,tiny,1302,move,accepted,moved,1,0.6490,0.5181,0.1721,4.1393,0.1485,5.6271
phone-android,tiny,1303,move,rejected,exit_unavailable,0,0.5579,0.5618,0.0851,3.7090,0.1256,5.0393
phone-android,tiny,1304,look,accepted,observed,0,0.6468,0.4984,0.0810,3.7422,0.1286,5.0970
phone-android,tiny,1305,wait,rejected,invalid_time,0,0.7119,0.6008,0.0818,3.4421,0.1214,4.9580
phone-android,tiny,1306,move,accepted,moved,1,0.6147,0.5036,0.1690,4.1097,0.1441,5.5412
phone-android,tiny,1307,activate,rejected,not_eligible,0,0.6417,0.4915,0.0808,3.1951,0.1178,4.5268
phone-android,tiny,1308,look,accepted,observed,0,0.5335,0.4730,0.0787,3.4720,0.1301,4.6872
phone-android,tiny,1309,look,accepted,observed,0,0.6164,0.5386,0.0808,3.9422,0.1121,5.2901
phone-android,tiny,1310,look,accepted,observed,0,0.5794,0.4696,0.0781,3.5551,0.1137,4.7959
phone-android,tiny,1311,wait,rejected,invalid_time,0,0.5778,0.5393,0.0821,3.6693,0.1387,5.0072
phone-android,tiny,1312,look,accepted,observed,0,0.7250,0.5196,0.0801,3.5176,0.1284,4.9706
phone-android,tiny,1313,look,accepted,observed,0,0.6531,0.5652,0.0807,3.4009,0.1154,4.8153
phone-android,tiny,1314,wait,rejected,invalid_time,0,0.5477,0.4841,0.0844,3.1368,0.1146,4.3676
phone-android,tiny,1315,take,rejected,not_present,0,0.5819,0.4545,0.0800,3.2379,0.1158,4.4701
phone-android,tiny,1316,wait,rejected,invalid_time,0,0.6121,0.4893,0.0806,3.3115,0.1194,4.6129
phone-android,tiny,1317,look,accepted,observed,0,0.5852,0.4760,0.0796,3.3546,0.1410,4.6364
phone-android,tiny,1318,look,accepted,observed,0,0.7370,0.5819,0.0807,3.7016,0.1484,5.2496
phone-android,tiny,1319,activate,rejected,not_eligible,0,0.7713,0.5221,0.0836,3.4672,0.1196,4.9639
phone-android,tiny,1320,look,accepted,observed,0,0.5760,0.5224,0.0814,3.1370,0.1077,4.4245
phone-android,tiny,1321,activate,rejected,not_eligible,0,0.7798,0.4873,0.0827,3.4574,0.1356,4.9428
phone-android,tiny,1322,look,accepted,observed,0,0.7092,0.4765,0.0812,3.6751,0.1273,5.0693
phone-android,tiny,1323,look,accepted,observed,0,0.7026,0.5073,0.0796,3.3148,0.1204,4.7247
phone-android,tiny,1324,move,accepted,moved,1,0.6131,0.5153,0.1692,4.1308,0.1540,5.5824
phone-android,tiny,1325,look,accepted,observed,0,0.6244,0.5025,0.0807,3.4838,0.1311,4.8226
phone-android,tiny,1326,wait,rejected,invalid_time,0,0.6215,0.5091,0.1148,3.4426,0.1206,4.8086
phone-android,tiny,1327,look,accepted,observed,0,0.5802,0.4795,0.0790,3.8576,0.1340,5.1303
phone-android,tiny,1328,wait,rejected,invalid_time,0,0.7010,0.5745,0.0851,4.0630,0.1512,5.5748
phone-android,tiny,1329,look,accepted,observed,0,0.7689,0.5180,0.0795,3.7541,0.1290,5.2495
phone-android,tiny,1330,look,accepted,observed,0,0.7726,0.5280,0.0812,3.7946,0.1394,5.3158
phone-android,tiny,1331,look,accepted,observed,0,0.7305,0.5071,0.0802,3.3034,0.1149,4.7361
phone-android,tiny,1332,take,rejected,not_present,0,0.6811,0.4897,0.0836,3.1967,0.1162,4.5674
phone-android,tiny,1333,move,accepted,moved,1,0.5417,0.5088,0.1706,3.8934,0.1438,5.2583
phone-android,tiny,1334,choose,rejected,invalid_choice,0,0.5424,0.5292,0.0808,3.2686,0.1176,4.5388
phone-android,tiny,1335,move,rejected,exit_unavailable,0,0.5434,0.4939,0.0847,3.1490,0.1224,4.3934
phone-android,tiny,1336,wait,rejected,invalid_time,0,0.6301,0.5047,0.0830,3.5019,0.1103,4.8300
phone-android,tiny,1337,move,accepted,moved,1,0.5551,0.5033,0.1693,3.9063,0.1544,5.2883
phone-android,tiny,1338,look,accepted,observed,0,0.5755,0.4741,0.0793,3.4265,0.1257,4.6810
phone-android,tiny,1339,look,accepted,observed,0,0.6250,0.4811,0.0808,3.4745,0.1292,4.7906
phone-android,tiny,1340,move,accepted,moved,1,0.6975,0.5594,0.1718,4.4574,0.1721,6.0582
phone-android,tiny,1341,move,accepted,moved,1,0.6968,0.5576,0.1719,4.2185,0.1502,5.7949
phone-android,tiny,1342,move,accepted,moved,1,0.6042,0.5249,0.1681,3.9063,0.1478,5.3512
phone-android,tiny,1343,look,accepted,observed,0,0.5687,0.5223,0.0928,3.5812,0.1129,4.8780
phone-android,tiny,1344,move,accepted,moved,1,0.5522,0.4940,0.1699,4.3900,0.1400,5.7461
phone-android,tiny,1345,move,accepted,moved,1,0.6761,0.5317,0.1697,4.7683,0.1676,6.3135
phone-android,tiny,1346,move,rejected,exit_unavailable,0,0.7479,0.5581,0.0854,3.4675,0.1296,4.9886
phone-android,tiny,1347,wait,rejected,invalid_time,0,0.6074,0.4989,0.0830,3.3930,0.1175,4.6998
phone-android,tiny,1348,look,accepted,observed,0,0.5743,0.5882,0.0830,3.7341,0.1420,5.1216
phone-android,tiny,1349,move,accepted,moved,1,0.8466,0.5520,0.1688,5.0569,0.1992,6.8235
phone-android,tiny,1350,look,accepted,observed,0,0.8776,0.5049,0.0786,4.0446,0.1692,5.6749
phone-android,tiny,1351,wait,rejected,invalid_time,0,0.7226,0.5045,0.0827,3.3613,0.1292,4.8003
phone-android,tiny,1352,talk,rejected,not_eligible,0,0.6276,0.4621,0.0816,3.6403,0.1604,4.9719
phone-android,tiny,1353,wait,rejected,invalid_time,0,0.8707,0.5296,0.0817,4.4751,0.1704,6.1274
phone-android,tiny,1354,move,accepted,moved,1,0.9808,0.5998,0.1696,5.8936,0.2026,7.8465
phone-android,tiny,1355,move,accepted,moved,1,0.9287,0.5541,0.1852,4.5550,0.1743,6.3972
phone-android,tiny,1356,close_choice,rejected,invalid_choice,0,0.7289,0.4806,0.0802,3.2394,0.1540,4.6830
phone-android,tiny,1357,talk,rejected,not_eligible,0,0.7402,0.4714,0.0801,3.4796,0.2353,5.0065
phone-android,tiny,1358,move,accepted,moved,1,0.7333,0.4974,0.1656,4.1673,0.1698,5.7335
phone-android,tiny,1359,choose,rejected,invalid_choice,0,0.7143,0.5622,0.0886,3.3183,0.1646,4.8481
phone-android,tiny,1360,move,accepted,moved,1,0.7592,0.4971,0.1668,4.1933,0.1631,5.7795
phone-android,tiny,1361,move,accepted,moved,1,0.7945,0.5261,0.1712,4.1779,0.1737,5.8434
phone-android,tiny,1362,move,rejected,exit_unavailable,0,0.6983,0.5807,0.0855,3.4239,0.1514,4.9397
phone-android,tiny,1363,move,accepted,moved,1,0.8056,0.5152,0.1665,4.3936,0.2075,6.0884
phone-android,tiny,1364,move,accepted,moved,1,0.8018,0.5184,0.1679,4.1945,0.1545,5.8371
phone-android,tiny,1365,move,rejected,exit_unavailable,0,0.6522,0.4980,0.0819,2.6954,0.1503,4.0778
phone-android,tiny,1366,move,accepted,moved,1,0.6554,0.5122,0.1684,3.9633,0.1809,5.4803
phone-android,tiny,1367,activate,rejected,not_eligible,0,0.7502,0.5088,0.0810,3.4054,0.1529,4.8982
phone-android,tiny,1368,talk,rejected,not_eligible,0,0.7482,0.4683,0.0809,3.5755,0.1555,5.0285
phone-android,tiny,1369,move,accepted,moved,1,0.7546,0.5356,0.1664,4.6845,0.1723,6.3134
phone-android,tiny,1370,activate,rejected,not_eligible,0,0.7276,0.4611,0.0796,3.5155,0.1541,4.9378
phone-android,tiny,1371,look,accepted,observed,0,0.7495,0.4641,0.0780,4.1331,0.1453,5.5699
phone-android,tiny,1372,look,accepted,observed,0,0.7110,0.5430,0.0798,4.1817,0.1755,5.6909
phone-android,tiny,1373,look,accepted,observed,0,0.9082,0.5300,0.0958,4.3229,0.1923,6.0493
phone-android,tiny,1374,move,accepted,moved,1,0.9710,0.5997,0.1756,4.6838,0.1957,6.6258
phone-android,tiny,1375,look,accepted,observed,0,0.9160,0.5175,0.0793,3.8196,0.1517,5.4842
phone-android,tiny,1376,move,accepted,moved,1,0.8183,0.5103,0.1684,4.1119,0.1685,5.7774
phone-android,tiny,1377,move,rejected,exit_unavailable,0,0.6571,0.5772,0.0852,3.3048,0.1551,4.7793
phone-android,tiny,1378,move,accepted,moved,1,0.7473,0.5218,0.1679,4.0960,0.1708,5.7038
phone-android,tiny,1379,wait,rejected,invalid_time,0,0.7402,0.5027,0.0826,3.7416,0.1759,5.2429
phone-android,tiny,1380,look,accepted,observed,0,0.9313,0.5276,0.0820,3.7986,0.1810,5.5205
phone-android,tiny,1381,look,accepted,observed,0,0.8785,0.5244,0.1036,3.5408,0.1525,5.1997
phone-android,tiny,1382,look,accepted,observed,0,0.7459,0.5723,0.1059,3.4997,0.1926,5.1164
phone-android,tiny,1383,move,accepted,moved,1,0.9475,0.5808,0.2082,4.6604,0.1960,6.5929
phone-android,tiny,1384,take,replayed,not_present,0,1.4175,0.4699,0.0029,0.0009,0.0596,1.9507
phone-android,tiny,1385,move,rejected,exit_unavailable,0,0.4575,0.5322,1.1986,3.9143,0.1493,6.2520
phone-android,tiny,1386,look,accepted,observed,0,0.9893,0.5323,0.0789,3.6368,0.1506,5.3879
phone-android,tiny,1387,take,rejected,not_present,0,0.7578,0.4666,0.0815,3.1355,0.1306,4.5719
phone-android,tiny,1388,look,accepted,observed,0,0.6664,0.5165,0.0820,2.8465,0.1067,4.2180
phone-android,tiny,1389,look,accepted,observed,0,0.6311,0.4786,0.0808,2.9595,0.1203,4.2704
phone-android,tiny,1390,wait,rejected,invalid_time,0,0.6243,0.5121,0.0822,2.7378,0.1212,4.0776
phone-android,tiny,1391,look,accepted,observed,0,0.5593,0.4808,0.0808,3.0146,0.1320,4.2676
phone-android,tiny,1392,choose,rejected,invalid_choice,0,0.6443,0.5917,0.0804,3.1173,0.1469,4.5805
phone-android,tiny,1393,move,accepted,moved,1,0.7300,0.5114,0.1695,4.6463,0.1988,6.2560
phone-android,tiny,1394,choose,rejected,invalid_choice,0,0.7211,0.5395,0.0791,5.1014,0.1994,6.6404
phone-android,tiny,1395,look,accepted,observed,0,0.8818,0.5323,0.0818,4.2502,0.1904,5.9365
phone-android,tiny,1396,move,accepted,moved,1,1.1504,0.6354,0.1954,4.8689,0.1747,7.0247
phone-android,tiny,1397,move,accepted,moved,1,0.7864,0.5618,0.1898,4.0336,0.1795,5.7511
phone-android,tiny,1398,look,accepted,observed,0,0.7240,0.5761,0.0929,3.4437,0.1811,5.0178
phone-android,tiny,1399,move,accepted,moved,1,0.8725,0.5932,0.2114,4.3071,0.2208,6.2050
phone-android,tiny,1400,take,rejected,not_present,0,0.9923,0.4937,0.0958,3.6186,0.1359,5.3364
phone-android,tiny,1401,take,rejected,not_present,0,0.7344,0.5237,0.0818,3.5370,0.1155,4.9925
phone-android,tiny,1402,wait,rejected,invalid_time,0,0.7852,0.5351,0.0805,3.5478,0.1336,5.0822
phone-android,tiny,1403,look,accepted,observed,0,0.6763,0.6044,0.0796,3.5263,0.1259,5.0125
phone-android,tiny,1404,look,accepted,observed,0,0.6123,0.4870,0.0786,3.2730,0.1139,4.5647
phone-android,tiny,1405,look,accepted,observed,0,0.5675,0.4828,0.0801,3.1161,0.1248,4.3712
phone-android,tiny,1406,look,accepted,observed,0,0.6987,0.4890,0.0792,3.2065,0.1106,4.5840
phone-android,tiny,1407,look,accepted,observed,0,0.5951,0.4811,0.0798,3.3404,0.1142,4.6107
phone-android,tiny,1408,wait,rejected,invalid_time,0,0.5767,0.5528,0.0969,3.3208,0.1080,4.6552
phone-android,tiny,1409,move,accepted,moved,1,0.5755,0.5295,0.1711,4.1317,0.1363,5.5441
phone-android,tiny,1410,move,accepted,moved,1,0.5745,0.5773,0.1673,5.1640,0.1584,6.6416
phone-android,tiny,1411,wait,rejected,invalid_time,0,0.7188,0.6210,0.0833,3.9313,0.1147,5.4690
phone-android,tiny,1412,move,accepted,moved,1,0.6093,0.5320,0.1726,4.4109,0.1412,5.8660
phone-android,tiny,1413,look,accepted,observed,0,0.5551,0.5065,0.0803,3.4758,0.1177,4.7354
phone-android,tiny,1414,wait,rejected,invalid_time,0,0.5971,0.5045,0.0853,3.2882,0.1136,4.5886
phone-android,tiny,1415,look,accepted,observed,0,0.6510,0.4772,0.0784,3.1316,0.1280,4.4661
phone-android,tiny,1416,talk,rejected,not_eligible,0,0.7341,0.5261,0.0829,3.6767,0.1549,5.1748
phone-android,tiny,1417,move,accepted,moved,1,0.8520,0.5725,0.1826,4.5334,0.1807,6.3212
phone-android,tiny,1418,look,accepted,observed,0,0.8443,0.5227,0.0795,4.4879,0.1774,6.1119
phone-android,tiny,1419,look,accepted,observed,0,0.9489,0.7303,0.0919,4.8253,0.1584,6.7547
phone-android,tiny,1420,look,accepted,observed,0,0.9480,0.6566,0.0899,4.0011,0.1468,5.8424
phone-android,tiny,1421,move,accepted,moved,1,0.8087,0.6029,0.1830,4.8405,0.1572,6.5922
phone-android,tiny,1422,move,accepted,moved,1,0.7790,0.5817,0.1716,4.5347,0.1443,6.2112
phone-android,tiny,1423,move,rejected,exit_unavailable,0,0.5648,0.5129,0.0844,3.2414,0.1164,4.5198
phone-android,tiny,1424,move,accepted,moved,1,0.5528,0.5345,0.2298,4.0980,0.1301,5.5451
phone-android,tiny,1425,look,accepted,observed,0,0.5616,0.4819,0.0800,3.2719,0.1126,4.5080
phone-android,tiny,1426,move,accepted,moved,1,0.5581,0.5516,0.1909,4.1793,0.1348,5.6147
phone-android,tiny,1427,move,accepted,moved,1,0.6143,0.5271,0.1700,23.0835,0.2210,24.6159
phone-android,tiny,1428,take,rejected,not_present,0,1.1041,0.6072,0.0841,3.9813,0.1356,5.9123
phone-android,tiny,1429,look,accepted,observed,0,0.7552,0.5396,0.0813,4.0162,0.1207,5.5130
phone-android,tiny,1430,look,accepted,observed,0,0.6679,0.4873,0.0807,3.3693,0.1252,4.7304
phone-android,tiny,1431,talk,rejected,not_eligible,0,0.6658,0.4907,0.1194,3.2449,0.2013,4.7220
phone-android,tiny,1432,look,accepted,observed,0,0.6208,0.5338,0.0797,4.3236,0.1419,5.6998
phone-android,tiny,1433,move,rejected,exit_unavailable,0,0.8363,0.6820,0.1104,4.4499,0.1535,6.2322
phone-android,tiny,1434,move,accepted,moved,1,0.7195,0.5982,0.1909,4.1634,0.1572,5.8292
phone-android,tiny,1435,move,accepted,moved,1,0.5813,0.5679,0.1946,4.8727,0.1820,6.3984
phone-android,tiny,1436,move,accepted,moved,1,0.7232,0.5899,0.1941,4.9197,0.1831,6.6101
phone-android,tiny,1437,look,accepted,observed,0,0.7369,0.5388,0.0798,3.8191,0.1306,5.3051
phone-android,tiny,1438,move,accepted,moved,1,0.7251,0.5458,0.1705,4.2218,0.1521,5.8153
phone-android,tiny,1439,move,rejected,exit_unavailable,0,0.6318,0.5468,0.0843,3.2627,0.1277,4.6532
phone-android,tiny,1440,move,accepted,moved,1,0.6178,0.5161,0.1674,4.0699,0.1500,5.5214
phone-android,tiny,1441,move,accepted,moved,1,0.5915,0.5740,0.1720,4.0396,0.1468,5.5239
phone-android,tiny,1442,look,accepted,observed,0,0.5642,0.4807,0.0793,3.4519,0.1273,4.7034
phone-android,tiny,1443,wait,rejected,invalid_time,0,0.6499,0.5043,0.0808,3.3772,0.1197,4.7320
phone-android,tiny,1444,move,rejected,exit_unavailable,0,0.5486,0.4856,0.0807,3.2769,0.1451,4.5369
phone-android,tiny,1445,talk,rejected,not_eligible,0,0.7373,0.5540,0.0832,3.5781,0.1312,5.0839
phone-android,tiny,1446,look,accepted,observed,0,0.6554,0.4664,0.0793,3.6126,0.1236,4.9373
phone-android,tiny,1447,look,accepted,observed,0,0.6359,0.4810,0.1174,3.2217,0.1801,4.6361
phone-android,tiny,1448,look,accepted,observed,0,0.6054,0.4781,0.0785,3.3076,0.1398,4.6095
phone-android,tiny,1449,choose,rejected,invalid_choice,0,0.7521,0.5783,0.0799,3.4603,0.1445,5.0152
phone-android,tiny,1450,talk,rejected,not_eligible,0,0.7812,0.5422,0.0846,3.3273,0.1243,4.8596
phone-android,tiny,1451,activate,rejected,not_eligible,0,0.5766,0.4892,0.0796,3.0484,0.1166,4.3104
phone-android,tiny,1452,look,accepted,observed,0,0.5558,0.5341,0.0812,3.1781,0.1061,4.4554
phone-android,tiny,1453,look,accepted,observed,0,0.6142,0.5057,0.0786,3.8774,0.1316,5.2075
phone-android,tiny,1454,move,accepted,moved,1,0.6965,0.5877,0.1725,4.6956,0.1612,6.3135
phone-android,tiny,1455,wait,rejected,invalid_time,0,0.6207,0.5044,0.0838,3.8165,0.1142,5.1396
phone-android,tiny,1456,drop,rejected,integrity_conflict,0,1.2274,0.4126,0.0015,0.0004,0.0634,1.7052
phone-android,tiny,1457,move,accepted,moved,1,0.4923,0.4193,0.1648,7.4723,0.1844,8.7331
phone-android,tiny,1458,talk,rejected,not_eligible,0,0.7494,0.5037,0.0842,3.6704,0.1476,5.1553
phone-android,tiny,1459,look,accepted,observed,0,0.8239,0.5085,0.0794,3.5956,0.1356,5.1431
phone-android,tiny,1460,wait,rejected,invalid_time,0,0.7445,0.5361,0.0842,3.3724,0.1303,4.8675
phone-android,tiny,1461,move,rejected,exit_unavailable,0,0.6023,0.5309,0.0848,3.2803,0.1184,4.6168
phone-android,tiny,1462,take,replayed,not_present,0,0.9115,0.3878,0.0021,0.0008,0.0590,1.3611
phone-android,tiny,1463,take,rejected,not_present,0,0.4240,0.4039,0.0789,3.3518,0.1302,4.3888
phone-android,tiny,1464,move,accepted,moved,1,0.6678,0.5221,0.1697,3.9767,0.1464,5.4827
phone-android,tiny,1465,wait,rejected,invalid_time,0,0.5383,0.5044,0.0857,3.5464,0.1545,4.8293
phone-android,tiny,1466,move,accepted,moved,1,0.6108,0.5106,0.1685,3.9837,0.1542,5.4278
phone-android,tiny,1467,move,accepted,moved,1,0.6129,0.5644,0.1785,4.2695,0.1473,5.7726
phone-android,tiny,1468,choose,rejected,invalid_choice,0,0.5437,0.5329,0.0801,3.2498,0.1180,4.5246
phone-android,tiny,1469,talk,rejected,not_owned,0,0.5646,0.5449,0.0819,3.3181,0.1176,4.6272
phone-android,tiny,1470,activate,rejected,not_eligible,0,0.6110,0.4782,0.0804,3.2368,0.1182,4.5245
phone-android,tiny,1471,take,accepted,taken,1,0.5854,0.4829,0.1676,4.2057,0.1502,5.5917
phone-android,tiny,1472,look,accepted,observed,0,0.5892,0.4834,0.0809,3.6042,0.1183,4.8761
phone-android,tiny,1473,look,accepted,observed,0,0.5596,0.5279,0.0911,3.7955,0.1402,5.1142
phone-android,tiny,1474,look,accepted,observed,0,0.7539,0.5138,0.0791,3.4605,0.1258,4.9331
phone-android,tiny,1475,activate,rejected,not_eligible,0,0.6812,0.5598,0.0821,3.3198,0.1146,4.7576
phone-android,tiny,1476,drop,accepted,dropped,1,0.5671,0.4758,0.1730,4.3224,0.1494,5.6878
phone-android,tiny,1477,look,accepted,observed,0,0.6560,0.4701,0.0793,7.5727,0.1937,8.9718
phone-android,tiny,1478,look,accepted,observed,0,1.0661,0.6058,0.0829,4.3664,0.1517,6.2729
phone-android,tiny,1479,drop,replayed,dropped,0,1.3922,0.5359,0.0021,0.0006,0.0876,2.0184
phone-android,tiny,1480,move,accepted,moved,1,0.8295,0.6322,0.2176,5.2618,0.1704,7.1115
phone-android,tiny,1481,move,accepted,moved,1,0.6570,0.6480,0.2180,5.0039,0.1828,6.7096
phone-android,tiny,1482,wait,rejected,invalid_time,0,0.9214,0.6812,0.1080,4.5258,0.1507,6.3871
phone-android,tiny,1483,choose,rejected,stale_view,0,0.7770,0.5332,0.0796,3.4699,0.1161,4.9759
phone-android,tiny,1484,look,accepted,observed,0,0.5791,0.4776,0.1196,3.3222,0.1071,4.6056
phone-android,tiny,1485,move,rejected,exit_unavailable,0,0.6041,0.5033,0.0835,3.3059,0.1461,4.6431
phone-android,tiny,1486,wait,rejected,invalid_time,0,0.8270,0.5544,0.0851,3.8602,0.1301,5.4569
phone-android,tiny,1487,look,accepted,observed,0,0.7494,0.5211,0.0806,3.8562,0.1204,5.3277
phone-android,tiny,1488,move,rejected,exit_unavailable,0,0.6118,0.5442,0.0839,3.4402,0.1319,4.8120
phone-android,tiny,1489,move,accepted,moved,1,0.6619,0.5153,0.1712,4.5085,0.1773,6.0342
phone-android,tiny,1490,look,accepted,observed,0,0.8335,0.5498,0.0810,4.0401,0.1560,5.6604
phone-android,tiny,1491,wait,rejected,invalid_time,0,0.8245,0.6796,0.0911,3.9173,0.1569,5.6694
phone-android,tiny,1492,move,accepted,moved,1,0.8642,0.6176,0.2104,5.3157,0.1564,7.1642
phone-android,tiny,1493,look,accepted,observed,0,0.6285,0.5228,0.0865,3.3768,0.1201,4.7346
phone-android,tiny,1494,take,accepted,taken,1,0.7464,0.4965,0.1696,4.5402,0.1473,6.1000
phone-android,tiny,1495,look,accepted,observed,0,0.5973,0.4815,0.0802,3.2290,0.1088,4.4968
phone-android,tiny,1496,look,accepted,observed,0,0.5325,0.4746,0.0808,3.4122,0.1535,4.6536
phone-android,tiny,1497,move,accepted,moved,1,0.8480,0.6218,0.1836,4.8325,0.2004,6.6863
phone-android,tiny,1498,move,accepted,moved,1,0.8374,0.6850,0.1940,4.3943,0.1563,6.2670
phone-android,tiny,1499,move,accepted,moved,1,0.5910,0.5452,0.1826,4.3232,0.1573,5.7993
phone-android,tiny,1500,move,rejected,exit_unavailable,0,0.7883,0.6037,0.0918,3.9815,1.6587,7.1241
phone-android,tiny,1501,take,replayed,not_present,0,1.5519,0.5364,0.0031,0.0005,0.0702,2.1620
phone-android,tiny,1502,talk,rejected,not_eligible,0,0.4814,0.3988,0.0779,3.5049,0.1294,4.5924
phone-android,tiny,1503,talk,rejected,not_eligible,0,0.6004,0.4703,0.0823,3.8163,0.1711,5.1404
phone-android,tiny,1504,look,accepted,observed,0,0.6564,0.5338,0.0811,3.6043,0.1259,5.0015
phone-android,tiny,1505,wait,rejected,invalid_time,0,0.6929,0.5055,0.0809,3.8813,0.1732,5.3336
phone-android,tiny,1506,move,accepted,moved,1,0.9824,0.5719,0.1685,5.9163,0.1958,7.8349
phone-android,tiny,1507,move,accepted,moved,1,0.8543,0.5675,0.2250,5.1797,0.1785,7.0050
phone-android,tiny,1508,look,accepted,observed,0,0.7404,0.7143,0.1273,4.1231,0.1469,5.8521
phone-android,tiny,1509,look,accepted,observed,0,0.7834,0.5169,0.0848,3.7622,0.1394,5.2867
phone-android,tiny,1510,look,accepted,observed,0,0.8232,0.5543,0.0879,3.8167,0.1238,5.4059
phone-android,tiny,1511,move,accepted,moved,1,0.6019,0.5558,0.2217,4.7581,0.1530,6.2905
phone-android,tiny,1512,take,replayed,taken,0,0.9183,0.3925,0.0019,0.0008,0.0569,1.3704
phone-android,tiny,1513,move,accepted,moved,1,0.5303,0.4441,0.1667,4.5330,0.1656,5.8397
phone-android,tiny,1514,take,replayed,not_present,0,1.1355,0.4178,0.0016,0.0004,0.0726,1.6278
phone-android,tiny,1515,look,accepted,observed,0,0.4050,0.3987,0.0764,3.5182,0.1253,4.5235
phone-android,tiny,1516,look,accepted,observed,0,0.5854,0.4747,0.0790,3.5156,0.1245,4.7793
phone-android,tiny,1517,move,accepted,moved,1,0.7005,0.5201,0.1698,4.2204,0.1497,5.7605
phone-android,tiny,1518,move,accepted,moved,1,0.6097,0.5411,0.1695,4.3080,0.1511,5.7795
phone-android,tiny,1519,look,accepted,observed,0,0.5492,0.4945,0.0797,3.5127,0.1218,4.7579
phone-android,tiny,1520,look,accepted,observed,0,0.6763,0.4586,0.0800,3.4439,0.1139,4.7727
phone-android,tiny,1521,look,accepted,observed,0,0.5589,0.4778,0.0806,3.7325,0.1382,4.9880
phone-android,tiny,1522,look,accepted,observed,0,0.7815,0.5279,0.0803,3.8390,0.1384,5.3671
phone-android,tiny,1523,move,accepted,moved,1,0.7017,0.5116,0.1657,4.7384,0.1672,6.2847
phone-android,tiny,1524,move,accepted,moved,1,0.6606,0.5418,0.1718,4.4239,0.1583,5.9564
phone-android,tiny,1525,move,accepted,moved,1,0.6449,0.5222,0.1713,4.1482,0.1395,5.6262
phone-android,tiny,1526,drop,accepted,dropped,1,0.6470,0.4943,0.1707,4.1822,0.1462,5.6405
phone-android,tiny,1527,move,accepted,moved,1,0.5434,0.5102,0.1713,4.2012,0.1442,5.5703
phone-android,tiny,1528,look,accepted,observed,0,0.5683,0.4853,0.0808,3.9943,0.1164,5.2450
phone-android,tiny,1529,look,accepted,observed,0,0.6870,0.4894,0.0808,3.3868,0.1161,4.7601
phone-android,tiny,1530,wait,rejected,invalid_time,0,0.5734,0.5006,0.0804,3.6607,0.1454,4.9605
phone-android,tiny,1531,move,accepted,moved,1,0.7659,0.5914,0.1696,4.8772,0.1773,6.5815
phone-android,tiny,1532,look,accepted,observed,0,0.7297,0.6273,0.0804,3.6797,0.1168,5.2339
phone-android,tiny,1533,talk,rejected,not_eligible,0,0.6151,0.4829,0.0827,3.5030,0.1196,4.8033
phone-android,tiny,1534,look,accepted,observed,0,0.5747,0.5193,0.0796,3.5755,0.1317,4.8808
phone-android,tiny,1535,look,accepted,observed,0,0.6454,0.5230,0.0802,3.5448,0.1457,4.9391
phone-android,tiny,1536,move,rejected,exit_unavailable,0,0.7356,0.6049,0.0843,3.6255,0.1208,5.1711
phone-android,tiny,1537,activate,rejected,not_eligible,0,0.5956,0.4803,0.0814,3.6891,0.1178,4.9641
phone-android,tiny,1538,take,rejected,not_present,0,0.5882,0.5247,0.0863,3.5066,0.1464,4.8521
phone-android,tiny,1539,move,accepted,moved,1,0.7760,0.5636,0.1692,5.1234,0.1827,6.8149
phone-android,tiny,1540,move,accepted,moved,1,0.7416,0.5587,0.1728,4.7130,0.1667,6.3528
phone-android,tiny,1541,take,replayed,not_present,0,1.1261,0.4376,0.0016,0.0006,0.0762,1.6421
phone-android,tiny,1542,move,accepted,moved,1,0.3926,0.4250,0.1649,4.1678,0.1520,5.3024
phone-android,tiny,1543,move,accepted,moved,1,0.5663,0.5101,0.1659,4.1891,0.1340,5.5653
phone-android,tiny,1544,move,accepted,moved,1,0.6504,0.5307,0.1715,4.2371,0.1454,5.7350
phone-android,tiny,1545,take,rejected,not_present,0,0.5383,0.4594,0.1208,3.9981,0.1430,5.2596
phone-android,tiny,1546,activate,rejected,not_eligible,0,0.7883,0.5309,0.0815,3.8442,0.1271,5.3720
phone-android,tiny,1547,move,accepted,moved,1,0.8565,0.5559,0.1719,4.5199,0.1539,6.2581
phone-android,tiny,1548,look,accepted,observed,0,0.6254,0.5518,0.0811,3.2640,0.1178,4.6401
phone-android,tiny,1549,look,accepted,observed,0,0.5523,0.4793,0.0808,3.4652,0.1386,4.7162
phone-android,tiny,1550,look,accepted,observed,0,0.7254,0.5107,0.1257,3.5612,0.1243,5.0473
phone-android,tiny,1551,move,accepted,moved,1,0.6856,0.5555,0.1703,4.2559,0.1627,5.8299
phone-android,tiny,1552,move,accepted,moved,1,1.0708,0.6030,0.1685,5.0315,0.1575,7.0313
phone-android,tiny,1553,look,accepted,observed,0,0.6224,0.4885,0.0787,3.1217,0.1153,4.4266
phone-android,tiny,1554,move,accepted,moved,1,0.5359,0.4980,0.1696,3.8007,0.1457,5.1498
phone-android,tiny,1555,look,accepted,observed,0,0.6286,0.5004,0.0812,3.4822,0.1196,4.8121
phone-android,tiny,1556,look,accepted,observed,0,0.5863,0.4932,0.0806,3.0601,0.1132,4.3333
phone-android,tiny,1557,talk,rejected,not_eligible,0,0.5858,0.4835,0.1519,3.5067,0.1320,4.8600
phone-android,tiny,1558,choose,rejected,invalid_choice,0,0.6203,0.5366,0.0806,3.2432,0.1138,4.5943
phone-android,tiny,1559,move,accepted,moved,1,0.5578,0.4894,0.1704,4.1144,0.1472,5.4792
phone-android,tiny,1560,take,rejected,not_present,0,0.5351,0.4783,0.0790,3.2317,0.1451,4.4691
phone-android,tiny,1561,move,accepted,moved,1,0.6819,0.4952,0.1706,4.6265,0.1529,6.1271
phone-android,tiny,1562,take,rejected,not_present,0,0.5367,0.4908,0.0810,3.2176,0.1199,4.4460
phone-android,tiny,1563,activate,rejected,not_eligible,0,0.5522,0.5443,0.0938,3.6351,0.1334,4.9587
phone-android,tiny,1564,move,accepted,moved,1,0.7488,0.5619,0.1710,4.8108,0.1815,6.4741
phone-android,tiny,1565,look,accepted,observed,0,0.7323,0.5239,0.0802,3.5202,0.1255,4.9820
phone-android,tiny,1566,move,accepted,moved,1,0.6324,0.5347,0.2011,4.5713,0.1573,6.0969
phone-android,tiny,1567,look,accepted,observed,0,0.5674,0.4853,0.0815,3.5271,0.1254,4.7867
phone-android,tiny,1568,look,accepted,observed,0,0.6559,0.4880,0.0803,3.1593,0.1330,4.5166
phone-android,tiny,1569,move,accepted,moved,1,0.7675,0.5428,0.1707,4.4924,0.1676,6.1409
phone-android,tiny,1570,look,accepted,observed,0,0.6754,0.5108,0.0814,3.9009,0.1264,5.2948
phone-android,tiny,1571,take,accepted,taken,1,0.6236,0.5274,0.1667,3.9916,0.1455,5.4548
phone-android,tiny,1572,close_choice,rejected,invalid_choice,0,0.5682,0.4911,0.0832,3.2472,0.1169,4.5066
phone-android,tiny,1573,activate,rejected,not_eligible,0,0.5661,0.5146,0.0835,3.1970,0.1107,4.4720
phone-android,tiny,1574,drop,accepted,dropped,1,0.6002,0.4941,0.1718,3.9389,0.1506,5.3555
phone-android,tiny,1575,take,accepted,taken,1,0.5715,0.5409,0.1710,3.9548,0.1486,5.3869
phone-android,tiny,1576,move,rejected,exit_unavailable,0,0.5599,0.5142,0.0858,3.6623,0.1327,4.9550
phone-android,tiny,1577,drop,rejected,integrity_conflict,0,0.9999,0.3999,0.0021,0.0005,0.0640,1.4664
phone-android,tiny,1578,move,rejected,exit_unavailable,0,0.4252,0.4045,0.0804,3.4551,0.1290,4.4940
phone-android,tiny,1579,wait,rejected,invalid_time,0,0.6207,0.4941,0.0811,3.6375,0.1375,4.9709
phone-android,tiny,1580,move,accepted,moved,1,0.7523,0.5642,0.1732,4.8998,0.1687,6.5583
phone-android,tiny,1581,look,accepted,observed,0,0.7044,0.5112,0.0810,3.4118,0.1141,4.8225
phone-android,tiny,1582,talk,rejected,not_eligible,0,0.5829,0.4989,0.0804,3.2292,0.1135,4.5048
phone-android,tiny,1583,activate,rejected,not_eligible,0,0.6535,0.5010,0.0793,3.2510,0.1206,4.6055
phone-android,tiny,1584,drop,accepted,dropped,1,0.6148,0.5062,0.1756,4.1411,0.1545,5.5922
phone-android,tiny,1585,activate,rejected,not_eligible,0,0.6617,0.5192,0.0834,3.2229,0.1149,4.6020
phone-android,tiny,1586,look,accepted,observed,0,0.5517,0.4810,0.0808,3.5246,0.1123,4.7505
phone-android,tiny,1587,close_choice,rejected,invalid_choice,0,0.5544,0.5776,0.0872,3.8672,0.1364,5.2228
phone-android,tiny,1588,move,rejected,exit_unavailable,0,0.7278,0.5303,0.0840,3.6393,0.1177,5.0990
phone-android,tiny,1589,drop,replayed,dropped,0,1.0705,0.4543,0.0024,0.0003,0.0579,1.5854
phone-android,tiny,1590,take,accepted,taken,1,3.3805,0.5901,0.1713,6.3419,0.1780,10.6617
phone-android,tiny,1591,wait,rejected,invalid_time,0,0.7731,0.5424,0.1528,2.9567,0.1205,4.5455
phone-android,tiny,1592,look,accepted,observed,0,0.6464,0.4925,0.0788,2.7011,0.1102,4.0291
phone-android,tiny,1593,move,rejected,exit_unavailable,0,0.5816,0.5057,0.0823,3.0572,0.1187,4.3454
phone-android,tiny,1594,look,accepted,observed,0,0.5907,0.4808,0.0785,2.9523,0.1172,4.2196
phone-android,tiny,1595,look,accepted,observed,0,0.6792,0.5748,0.0819,2.8765,0.1039,4.3163
phone-android,tiny,1596,wait,rejected,invalid_time,0,0.5913,0.4942,0.0823,2.8591,0.1133,4.1402
phone-android,tiny,1597,wait,rejected,invalid_time,0,0.6006,0.4979,0.0807,2.9535,0.1114,4.2440
phone-android,tiny,1598,move,accepted,moved,1,0.5739,0.5114,0.1674,4.3291,0.1486,5.7304
phone-android,tiny,1599,move,accepted,moved,1,0.5770,0.5200,0.1686,3.9818,0.1427,5.3902
phone-android,tiny,1600,look,accepted,observed,0,0.5956,0.4853,0.0797,3.0857,0.1158,4.3621
phone-android,tiny,1601,look,accepted,observed,0,0.5484,0.4805,0.0816,3.1525,0.1360,4.3990
phone-android,tiny,1602,choose,rejected,invalid_choice,0,0.6824,0.5557,0.0808,3.3268,0.1758,4.8215
phone-android,tiny,1603,talk,rejected,not_eligible,0,0.6046,0.4859,0.0821,3.2656,0.1185,4.5568
phone-android,tiny,1604,look,accepted,observed,0,0.7408,0.5242,0.0806,3.7846,0.1219,5.2520
phone-android,tiny,1605,wait,rejected,invalid_time,0,0.7710,0.5421,0.0870,4.1841,0.1254,5.7096
phone-android,tiny,1606,talk,rejected,not_eligible,0,0.6360,0.5231,0.0810,3.2156,0.1111,4.5669
phone-android,tiny,1607,move,rejected,exit_unavailable,0,0.5969,0.4929,0.0819,3.6442,0.1353,4.9511
phone-android,tiny,1608,look,accepted,observed,0,0.7711,0.5216,0.0815,3.9604,0.1357,5.4704
phone-android,tiny,1609,wait,rejected,invalid_time,0,0.7675,0.5530,0.0840,3.5143,0.1182,5.0370
phone-android,tiny,1610,look,accepted,observed,0,0.6231,0.5279,0.0814,3.6942,0.1052,5.0318
phone-android,tiny,1611,move,accepted,moved,1,0.5710,0.5134,0.1684,4.3957,0.1994,5.8480
phone-android,tiny,1612,move,accepted,moved,1,0.6584,0.5343,0.1723,4.3014,0.1406,5.8070
phone-android,tiny,1613,look,accepted,observed,0,0.5323,0.5598,0.0818,3.3355,0.1049,4.6143
phone-android,tiny,1614,choose,rejected,invalid_choice,0,0.5465,0.5294,0.0795,3.2566,0.1349,4.5468
phone-android,tiny,1615,look,accepted,observed,0,0.6713,0.4906,0.0810,3.4869,0.1163,4.8461
phone-android,tiny,1616,drop,accepted,dropped,1,0.5869,1.7686,0.1839,4.8091,0.1522,7.5007
phone-android,tiny,1617,choose,rejected,invalid_choice,0,0.6035,0.5578,0.0803,3.3821,0.1413,4.7651
phone-android,tiny,1618,look,accepted,observed,0,0.7411,0.5641,0.0834,3.4040,0.1152,4.9078
phone-android,tiny,1619,move,accepted,moved,1,0.6265,0.5090,0.1709,4.2143,0.1389,5.6595
phone-android,tiny,1620,take,rejected,not_present,0,0.5837,0.5051,0.0820,3.2151,0.1142,4.5001
phone-android,tiny,1621,look,accepted,observed,0,0.5873,0.5007,0.0826,3.4823,0.1082,4.7612
phone-android,tiny,1622,move,accepted,moved,1,0.5818,0.5449,0.1748,4.3222,0.1459,5.7697
phone-android,tiny,1623,move,accepted,moved,1,0.5590,0.5267,0.1697,4.3837,0.1418,5.7808
phone-android,tiny,1624,talk,rejected,not_owned,0,0.5179,0.5043,0.0815,4.7324,0.1237,5.9598
phone-android,tiny,1625,move,accepted,moved,1,0.6423,0.5242,0.1690,4.2083,0.1422,5.6860
phone-android,tiny,1626,move,accepted,moved,1,0.5644,0.5303,0.2441,4.7559,0.1672,6.2618
phone-android,tiny,1627,wait,rejected,invalid_time,0,0.7859,0.5615,0.0840,3.9952,0.1338,5.5604
phone-android,tiny,1628,move,rejected,exit_unavailable,0,0.6957,0.5391,0.0848,3.6120,0.1273,5.0589
phone-android,tiny,1629,move,accepted,moved,1,0.6762,0.6855,0.1742,4.5536,0.1631,6.2526
phone-android,tiny,1630,take,rejected,not_present,0,0.7160,0.5553,0.0861,3.7051,0.1233,5.1857
phone-android,tiny,1631,look,accepted,observed,0,0.6286,0.4986,0.0819,3.5786,0.1167,4.9044
phone-android,tiny,1632,look,accepted,observed,0,0.6067,0.5215,0.0832,3.3166,0.1044,4.6323
phone-android,tiny,1633,wait,rejected,invalid_time,0,0.5716,0.4769,0.0837,3.6192,0.1331,4.8845
phone-android,tiny,1634,look,accepted,observed,0,0.7920,0.5261,0.0823,3.8332,0.1290,5.3627
phone-android,tiny,1635,choose,rejected,invalid_choice,0,0.7178,0.5903,0.0812,3.5897,0.1232,5.1021
phone-android,tiny,1636,look,accepted,observed,0,0.6317,0.5279,0.0838,3.1984,0.1168,4.5586
phone-android,tiny,1637,move,rejected,exit_unavailable,0,0.6198,0.5234,0.0846,3.2598,0.1335,4.6211
phone-android,tiny,1638,move,accepted,moved,1,0.7531,0.5649,0.1736,4.5710,0.1566,6.2192
phone-android,tiny,1639,wait,rejected,invalid_time,0,0.7099,0.5693,0.0848,3.9309,0.1297,5.4246
phone-android,tiny,1640,take,rejected,not_present,0,0.7149,0.4997,0.0830,3.9179,0.1195,5.3350
phone-android,tiny,1641,move,accepted,moved,1,0.5838,0.5252,0.1702,5.4082,0.1665,6.8539
phone-android,tiny,1642,look,accepted,observed,0,0.6654,0.5684,0.0869,3.6456,0.1362,5.1024
phone-android,tiny,1643,talk,rejected,not_eligible,0,0.7720,0.5264,0.0830,3.5512,0.1213,5.0539
phone-android,tiny,1644,look,accepted,observed,0,0.6851,0.5487,0.0817,3.6826,0.1196,5.1177
phone-android,tiny,1645,take,accepted,taken,1,0.6219,0.4964,0.1709,4.2856,0.1444,5.7192
phone-android,tiny,1646,talk,rejected,not_eligible,0,0.6339,0.4985,0.0825,3.2101,0.1219,4.5469
phone-android,tiny,1647,look,accepted,observed,0,0.6203,0.5173,0.0789,3.3332,0.1136,4.6633
phone-android,tiny,1648,look,accepted,observed,0,0.6211,0.6056,0.0806,3.6243,0.1074,5.0391
phone-android,tiny,1649,wait,rejected,invalid_time,0,0.7534,0.5721,0.0815,3.6919,0.1267,5.2255
phone-android,tiny,1650,move,accepted,moved,1,0.7358,0.5595,0.1719,4.7985,0.1408,6.4066
phone-android,tiny,1651,move,accepted,moved,1,0.5726,0.5499,0.1714,4.1676,0.1434,5.6047
phone-android,tiny,1652,look,accepted,observed,0,0.6196,0.4787,0.0809,3.5365,0.1432,4.8589
phone-android,tiny,1653,drop,accepted,dropped,1,0.8356,0.5498,0.1755,4.4951,0.1767,6.2327
phone-android,tiny,1654,look,accepted,observed,0,0.7928,0.5210,0.0781,3.2011,0.1212,4.7143
phone-android,tiny,1655,wait,rejected,invalid_time,0,0.5423,0.4891,0.0846,3.4970,0.1341,4.7471
phone-android,tiny,1656,take,accepted,taken,1,0.6499,0.5543,0.1790,4.1236,0.1530,5.6598
phone-android,tiny,1657,move,accepted,moved,1,0.5610,0.5176,0.1679,4.7701,0.1875,6.2040
phone-android,tiny,1658,move,accepted,moved,1,0.7031,0.5763,0.1744,5.3620,0.1795,6.9953
phone-android,tiny,1659,wait,rejected,invalid_time,0,0.7103,0.5345,0.0821,4.0281,0.1491,5.5041
phone-android,tiny,1660,activate,rejected,not_eligible,0,0.6289,0.4954,0.0813,3.5597,0.1135,4.8787
phone-android,tiny,1661,look,accepted,observed,0,0.6189,0.4874,0.0808,3.4042,0.1342,4.7255
phone-android,tiny,1662,move,rejected,exit_unavailable,0,0.7794,0.5512,0.0857,3.6807,0.1326,5.2296
phone-android,tiny,1663,wait,rejected,invalid_time,0,0.6615,0.5392,0.0817,3.3718,0.1170,4.7711
phone-android,tiny,1664,take,replayed,not_present,0,0.9748,0.4097,0.0018,0.0006,0.0589,1.4459
phone-android,tiny,1665,close_choice,rejected,invalid_choice,0,0.3756,0.4347,0.0800,3.2010,0.1224,4.2138
phone-android,tiny,1666,look,accepted,observed,0,0.5509,0.4768,0.0804,3.2486,0.1130,4.4697
phone-android,tiny,1667,look,accepted,observed,0,0.5909,0.4675,0.0797,3.1553,0.1112,4.4046
phone-android,tiny,1668,move,accepted,moved,1,0.5591,0.5204,0.1727,4.3913,0.1494,5.7928
phone-android,tiny,1669,look,accepted,observed,0,0.6010,0.4869,0.0805,3.3529,0.1118,4.6331
phone-android,tiny,1670,drop,accepted,dropped,1,0.5475,0.4910,0.1730,4.2970,0.1754,5.6840
phone-android,tiny,1671,talk,rejected,not_eligible,0,0.6642,0.5286,0.0835,3.3184,0.1438,4.7385
phone-android,tiny,1672,choose,rejected,stale_view,0,0.7614,0.5344,0.1484,3.4518,0.1447,5.0406
phone-android,tiny,1673,look,accepted,observed,0,0.6931,0.4886,0.0798,3.2523,0.1308,4.6446
phone-android,tiny,1674,look,accepted,observed,0,0.6424,0.4799,0.0790,3.4048,0.1281,4.7343
phone-android,tiny,1675,take,accepted,taken,1,0.7128,0.4881,0.1706,5.1348,0.1770,6.6833
phone-android,tiny,1676,move,accepted,moved,1,0.8697,0.5448,0.1865,5.9318,0.2139,7.7467
phone-android,tiny,1677,look,accepted,observed,0,0.9361,0.5157,0.0994,3.9747,0.1868,5.7127
phone-android,tiny,1678,move,accepted,moved,1,0.7181,0.5254,0.1691,3.8635,0.1580,5.4341
phone-android,tiny,1679,look,accepted,observed,0,0.6162,0.4863,0.1502,2.9914,0.1096,4.3536
phone-android,tiny,1680,wait,rejected,invalid_time,0,0.6244,0.5070,0.0827,2.9781,0.1229,4.3152
phone-android,tiny,1681,look,accepted,observed,0,0.5772,0.4413,0.0804,3.2296,0.1229,4.4513
phone-android,tiny,1682,wait,rejected,invalid_time,0,0.6120,0.5082,0.0854,3.2582,0.1175,4.5813
phone-android,tiny,1683,look,accepted,observed,0,0.6293,0.4751,0.0778,3.7376,0.1398,5.0595
phone-android,tiny,1684,choose,rejected,invalid_choice,0,0.7264,0.5775,0.0818,3.9926,0.1476,5.5259
phone-android,tiny,1685,look,accepted,observed,0,0.7669,0.5260,0.0814,3.6541,0.1261,5.1546
phone-android,tiny,1686,move,accepted,moved,1,0.9846,0.5514,0.1862,3.8743,0.1576,5.7541
phone-android,tiny,1687,drop,rejected,integrity_conflict,0,0.9825,0.4276,0.0021,0.0005,0.0625,1.4752
phone-android,tiny,1688,move,accepted,moved,1,0.4980,0.4559,0.1659,3.9246,0.1525,5.1969
phone-android,tiny,1689,look,accepted,observed,0,0.5738,0.4852,0.0804,3.0415,0.1154,4.2963
phone-android,tiny,1690,wait,rejected,invalid_time,0,0.5487,0.5607,0.0852,3.3528,0.1113,4.6586
phone-android,tiny,1691,drop,accepted,dropped,1,0.5550,0.4778,0.1702,4.3779,0.1639,5.7447
phone-android,tiny,1692,move,rejected,exit_unavailable,0,0.7577,0.5181,0.0861,3.4593,0.1224,4.9436
phone-android,tiny,1693,look,accepted,observed,0,0.5814,0.4800,0.0802,3.3065,0.1167,4.5648
phone-android,tiny,1694,move,accepted,moved,1,0.6128,0.5573,0.1732,17.8441,0.2120,19.3994
phone-android,tiny,1695,look,accepted,observed,0,0.9741,0.6525,0.0845,4.1400,0.1479,5.9990
phone-android,tiny,1696,look,accepted,observed,0,0.8552,0.5378,0.0833,4.2202,0.1658,5.8623
phone-android,tiny,1697,activate,rejected,not_eligible,0,0.9249,0.6396,0.1006,3.9710,0.1305,5.7667
phone-android,tiny,1698,move,accepted,moved,1,0.6792,0.5827,0.1925,4.5151,0.1613,6.1308
phone-android,tiny,1699,move,accepted,moved,1,0.6350,0.6376,0.2033,4.8106,0.1741,6.4605
phone-android,tiny,1700,look,accepted,observed,0,0.7785,0.5822,0.0816,3.7345,0.1199,5.2968
phone-android,tiny,1701,take,replayed,not_present,0,0.9610,0.3926,0.0018,0.0005,0.0620,1.4179
phone-android,tiny,1702,take,rejected,not_present,0,0.5108,0.4812,0.0795,3.7469,0.1147,4.9332
phone-android,tiny,1703,look,accepted,observed,0,0.5917,0.4758,0.0797,3.8885,0.1066,5.1423
phone-android,tiny,1704,look,accepted,observed,0,0.5644,0.5898,0.0818,3.2923,0.1075,4.6358
phone-android,tiny,1705,choose,rejected,invalid_choice,0,0.5691,0.5347,0.0811,3.4144,0.1447,4.7441
phone-android,tiny,1706,activate,rejected,not_eligible,0,0.8204,0.5658,0.0810,4.1725,0.1296,5.7694
phone-android,tiny,1707,move,rejected,exit_unavailable,0,0.7461,0.5362,0.0835,3.6599,0.1199,5.1458
phone-android,tiny,1708,wait,rejected,invalid_time,0,0.6777,0.5055,0.0814,3.5684,0.1242,4.9571
phone-android,tiny,1709,move,accepted,moved,1,0.6286,0.5218,0.1719,4.4208,0.1633,5.9065
phone-android,tiny,1710,look,accepted,observed,0,0.6696,0.5207,0.0805,3.5234,0.1188,4.9130
phone-android,tiny,1711,activate,rejected,not_eligible,0,0.7180,0.5884,0.0816,3.3032,0.1282,4.8195
phone-android,tiny,1712,talk,rejected,not_owned,0,0.6618,0.4909,0.0814,3.5778,0.1191,4.9310
phone-android,tiny,1713,look,accepted,observed,0,0.5817,0.4817,0.0813,3.5560,0.1386,4.8393
phone-android,tiny,1714,drop,replayed,dropped,0,1.2007,0.4596,0.0026,0.0004,0.0627,1.7260
phone-android,tiny,1715,move,accepted,moved,1,0.4601,0.4506,0.1647,5.0033,0.1618,6.2405
phone-android,tiny,1716,look,accepted,observed,0,0.6289,0.5010,0.0807,3.3483,0.1188,4.6777
phone-android,tiny,1717,activate,rejected,not_eligible,0,0.6085,0.4890,0.0824,3.2243,0.1082,4.5124
phone-android,tiny,1718,wait,rejected,invalid_time,0,0.7341,0.5417,0.0807,3.3994,0.1242,4.8801
phone-android,tiny,1719,wait,rejected,invalid_time,0,0.7094,0.5787,0.0851,3.7170,0.1239,5.2141
phone-android,tiny,1720,wait,rejected,invalid_time,0,0.6044,0.4956,0.0805,3.1969,0.1190,4.4964
phone-android,tiny,1721,move,accepted,moved,1,0.5511,0.5053,0.2114,4.0200,0.1501,5.4379
phone-android,tiny,1722,look,accepted,observed,0,0.5615,0.4893,0.0810,3.3903,0.1235,4.6457
phone-android,tiny,1723,look,accepted,observed,0,0.6016,0.5043,0.0818,3.1537,0.1747,4.5160
phone-android,tiny,1724,choose,rejected,invalid_choice,0,0.6113,0.5364,0.0792,3.2773,0.1221,4.6263
phone-android,tiny,1725,choose,rejected,stale_view,0,0.5731,0.4771,0.0780,3.1476,0.1120,4.3878
phone-android,tiny,1726,move,rejected,exit_unavailable,0,0.5757,0.5733,0.0840,3.7314,0.1199,5.0843
phone-android,tiny,1727,activate,rejected,not_eligible,0,0.5646,0.4783,0.0801,3.5983,0.1155,4.8368
phone-android,tiny,1728,choose,rejected,invalid_choice,0,0.5741,0.5855,0.0803,3.4917,0.1312,4.8629
phone-android,tiny,1729,look,accepted,observed,0,0.6845,0.5092,0.0798,3.6146,0.1390,5.0270
phone-android,tiny,1730,look,accepted,observed,0,0.7357,0.5874,0.0790,3.3913,0.1135,4.9069
phone-android,tiny,1731,activate,rejected,not_eligible,0,0.5897,0.4771,0.0840,3.4926,0.1189,4.7622
phone-android,tiny,1732,look,accepted,observed,0,0.5764,0.4840,0.0805,3.2490,0.1819,4.5717
phone-android,tiny,1733,drop,replayed,dropped,0,1.0051,1.6256,0.0031,0.0003,0.0584,2.6925
phone-android,tiny,1734,move,accepted,moved,1,0.6723,0.4279,0.1719,4.7666,0.1651,6.2039
phone-android,tiny,1735,wait,rejected,invalid_time,0,0.6422,0.5493,0.0831,3.1943,0.1153,4.5842
phone-android,tiny,1736,move,accepted,moved,1,0.5688,0.5202,0.1706,3.9609,0.1503,5.3707
phone-android,tiny,1737,take,accepted,taken,1,0.5694,0.5574,0.1714,3.9454,0.1435,5.3871
phone-android,tiny,1738,wait,rejected,invalid_time,0,0.5367,0.4935,0.0847,3.2228,0.1226,4.4602
phone-android,tiny,1739,talk,accepted,choice_opened,1,0.6042,0.5461,0.1823,4.0863,0.1630,5.5819
phone-android,tiny,1740,look,accepted,observed,0,0.6053,0.5003,0.0782,3.2732,0.1136,4.5706
phone-android,tiny,1741,look,accepted,observed,0,0.5532,0.5658,0.0782,3.1747,0.1079,4.4798
phone-android,tiny,1742,move,accepted,moved,1,0.5617,0.5330,0.1739,3.9151,0.1519,5.3355
phone-android,tiny,1743,look,accepted,observed,0,0.5607,0.5535,0.0794,3.3247,0.1163,4.6347
phone-android,tiny,1744,activate,rejected,not_eligible,0,0.6004,0.5136,0.0794,3.2416,0.1372,4.5723
phone-android,tiny,1745,look,accepted,observed,0,1.0916,0.5703,0.0781,4.1616,0.1358,6.0373
phone-android,tiny,1746,activate,rejected,not_eligible,0,0.7153,0.5521,0.0796,3.7271,0.1328,5.2069
phone-android,tiny,1747,move,accepted,moved,1,0.6466,0.5492,0.1770,4.1292,0.1485,5.6504
phone-android,tiny,1748,move,accepted,moved,1,0.5655,0.5259,0.1747,4.4411,0.1505,5.8578
phone-android,tiny,1749,move,accepted,moved,1,0.5652,0.5363,0.1757,3.9733,0.1437,5.3943
phone-android,tiny,1750,drop,accepted,dropped,1,0.6722,0.5269,0.1777,4.1578,0.1517,5.6862
phone-android,tiny,1751,move,accepted,moved,1,0.5656,0.5828,0.1771,4.2957,0.1487,5.7699
phone-android,tiny,1752,move,accepted,moved,1,0.5435,0.5226,0.1731,4.2191,0.1494,5.6077
phone-android,tiny,1753,choose,rejected,not_owned,0,0.5490,0.5677,0.0782,3.2039,0.1199,4.5187
phone-android,tiny,1754,look,accepted,observed,0,0.5847,0.5048,0.0785,3.3124,0.1127,4.5931
phone-android,tiny,1755,talk,rejected,not_owned,0,0.6533,0.5149,0.0783,3.5324,0.1513,4.9303
phone-android,tiny,1756,move,accepted,moved,1,0.7850,0.5746,0.1755,4.8586,0.1644,6.5581
phone-android,tiny,1757,talk,rejected,not_eligible,0,0.6509,0.5509,0.0784,3.7780,0.1244,5.1827
phone-android,tiny,1758,look,accepted,observed,0,0.6706,0.5066,0.0780,3.1810,0.1217,4.5578
phone-android,tiny,1759,move,accepted,moved,1,0.5970,0.5299,0.1727,3.9935,0.1436,5.4367
phone-android,tiny,1760,take,rejected,not_present,0,0.6161,0.4995,0.0798,3.4678,0.1197,4.7829
phone-android,tiny,1761,move,rejected,exit_unavailable,0,0.5620,0.5209,0.0824,3.2589,0.1280,4.5522
phone-android,tiny,1762,move,accepted,moved,1,0.5747,0.5913,0.1778,4.2466,0.1511,5.7415
phone-android,tiny,1763,look,accepted,observed,0,0.5699,0.5043,0.0772,3.2565,0.1170,4.5249
phone-android,tiny,1764,look,accepted,observed,0,0.5771,0.6149,0.0772,3.5780,0.1171,4.9644
phone-android,tiny,1765,close_choice,accepted,choice_closed,1,0.5586,0.5042,0.1760,4.6561,0.1770,6.0719
phone-android,tiny,1766,wait,rejected,invalid_time,0,0.7107,0.5498,0.0840,3.6426,0.1293,5.1164
phone-android,tiny,1767,move,accepted,moved,1,0.6666,0.6115,0.1749,4.3936,0.1636,6.0102
phone-android,tiny,1768,take,rejected,not_present,0,0.6734,0.5105,0.0796,3.4174,0.1375,4.8184
phone-android,tiny,1769,look,accepted,observed,0,0.7808,0.4626,0.0785,2.9892,0.1152,4.4262
phone-android,tiny,1770,move,rejected,exit_unavailable,0,0.5629,0.5115,0.0841,3.0142,0.1169,4.2895
phone-android,tiny,1771,take,rejected,not_present,0,0.8919,0.4940,0.1455,3.1192,0.1814,4.8320
phone-android,tiny,1772,move,accepted,moved,1,0.5979,0.5100,0.1702,4.0712,0.1591,5.5083
phone-android,tiny,1773,look,accepted,observed,0,0.6052,0.5398,0.0824,3.5466,0.1178,4.8918
phone-android,tiny,1774,look,accepted,observed,0,0.5732,0.4931,0.0793,3.1377,0.1164,4.3996
phone-android,tiny,1775,move,accepted,moved,1,0.5590,0.5199,0.1694,4.0329,0.1455,5.4266
phone-android,tiny,1776,wait,rejected,invalid_time,0,0.5777,0.5151,0.0835,3.1633,0.1179,4.4575
phone-android,tiny,1777,move,accepted,moved,1,0.5699,0.5194,0.1708,4.1669,0.1531,5.5802
phone-android,tiny,1778,look,accepted,observed,0,0.5645,0.4937,0.0802,3.2650,0.1251,4.5284
phone-android,tiny,1779,move,accepted,moved,1,0.6186,0.5226,0.1702,4.3134,0.1513,5.7760
phone-android,tiny,1780,look,accepted,observed,0,0.5923,0.4791,0.0791,3.4779,0.1185,4.7468
phone-android,tiny,1781,wait,rejected,invalid_time,0,0.5727,0.5636,0.0861,4.5565,0.1531,5.9320
phone-android,tiny,1782,take,accepted,taken,1,0.7807,0.5345,0.1691,4.4555,0.1733,6.1130
phone-android,tiny,1783,look,accepted,observed,0,0.6755,0.5190,0.0810,3.9435,0.1329,5.3518
phone-android,tiny,1784,look,accepted,observed,0,0.7156,0.5081,0.0821,3.4264,0.1319,4.8641
phone-android,tiny,1785,move,accepted,moved,1,0.6479,0.5094,0.1700,4.1317,0.1517,5.6106
phone-android,tiny,1786,talk,rejected,not_eligible,0,0.5532,0.4903,0.0798,3.2091,0.1205,4.4529
phone-android,tiny,1787,move,accepted,moved,1,0.5814,0.5214,0.1681,4.0386,0.1451,5.4545
phone-android,tiny,1788,drop,accepted,dropped,1,0.6091,0.4997,0.1694,3.9712,0.1546,5.4040
phone-android,tiny,1789,wait,rejected,invalid_time,0,0.5865,0.5436,0.0840,3.6092,0.1175,4.9408
phone-android,tiny,1790,choose,rejected,stale_view,0,0.5421,0.4785,0.0783,3.3719,0.1329,4.6036
phone-android,tiny,1791,activate,rejected,not_eligible,0,0.6873,0.5136,0.0804,3.6657,0.1327,5.0796
phone-android,tiny,1792,talk,rejected,not_eligible,0,0.7153,0.5241,0.0831,3.6396,0.1263,5.0883
phone-android,tiny,1793,move,accepted,moved,1,0.6443,0.5654,0.1759,3.7994,0.1464,5.3313
phone-android,tiny,1794,wait,rejected,invalid_time,0,0.5722,0.5165,0.0823,3.4127,0.1350,4.7188
phone-android,tiny,1795,move,rejected,exit_unavailable,0,0.6691,0.5618,0.0852,3.2305,0.1146,4.6611
phone-android,tiny,1796,move,accepted,moved,1,0.5566,0.5038,0.1690,3.9985,0.1485,5.3764
phone-android,tiny,1797,close_choice,rejected,invalid_choice,0,0.5830,0.5365,0.0867,3.6259,0.1318,4.9640
phone-android,tiny,1798,take,rejected,not_present,0,0.6436,0.7193,0.0842,4.3935,0.1176,5.9582
phone-android,tiny,1799,look,accepted,observed,0,0.6989,0.4766,0.0795,3.3280,0.1167,4.6996
phone-android,tiny,1800,look,accepted,observed,0,0.5681,0.4796,0.0793,3.4180,0.1390,4.6840
phone-android,tiny,1801,look,accepted,observed,0,0.8013,0.4990,0.0821,4.1538,0.1449,5.6810
phone-android,tiny,1802,drop,replayed,dropped,0,1.1786,0.5285,0.0029,0.0005,0.0591,1.7695
phone-android,tiny,1803,move,rejected,exit_unavailable,0,0.4689,0.4343,0.0809,3.5351,0.1333,4.6526
phone-android,tiny,1804,look,accepted,observed,0,0.6953,0.5019,0.0798,3.5116,0.1286,4.9172
phone-android,tiny,1805,take,rejected,not_present,0,0.7541,0.5022,0.0811,3.7914,0.1258,5.2545
phone-android,tiny,1806,look,accepted,observed,0,0.6127,0.4850,0.0798,3.1732,0.1110,4.4618
phone-android,tiny,1807,look,accepted,observed,0,0.6484,0.4791,0.0823,3.4739,0.1264,4.8102
phone-android,tiny,1808,drop,rejected,integrity_conflict,0,1.1249,0.4339,0.0019,0.0006,0.0643,1.6256
phone-android,tiny,1809,look,accepted,observed,0,0.4310,0.4500,0.0778,3.9603,0.1278,5.0468
phone-android,tiny,1810,wait,rejected,invalid_time,0,0.6100,0.5062,0.0834,3.1740,0.1159,4.4895
phone-android,tiny,1811,look,accepted,observed,0,0.5669,0.5122,0.0801,3.5948,0.1058,4.8598
phone-android,tiny,1812,move,rejected,exit_unavailable,0,0.7783,0.5540,0.0859,3.4154,0.1545,4.9881
phone-android,tiny,1813,move,accepted,moved,1,0.8058,0.6137,0.1849,4.1794,0.1488,5.9327
phone-android,tiny,1814,move,rejected,exit_unavailable,0,0.5759,0.5012,0.0841,2.9958,0.1221,4.2792
phone-android,tiny,1815,choose,rejected,invalid_choice,0,0.5577,0.5611,0.0809,3.1682,0.1237,4.4916
phone-android,tiny,1816,talk,rejected,not_eligible,0,0.6144,0.4919,0.0827,3.1440,0.1184,4.4513
phone-android,tiny,1817,move,accepted,moved,1,0.6299,0.6106,0.1724,4.3661,0.1454,5.9244
phone-android,tiny,1818,wait,rejected,invalid_time,0,0.5714,0.5058,0.0873,2.9498,0.1180,4.2323
phone-android,tiny,1819,look,accepted,observed,0,0.5590,0.5051,0.0803,3.2131,0.1255,4.4830
phone-android,tiny,1820,wait,rejected,invalid_time,0,0.6897,0.5224,0.0826,3.4318,0.1206,4.8471
phone-android,tiny,1821,move,rejected,exit_unavailable,0,0.6093,0.5193,0.0853,3.2169,0.1168,4.5476
phone-android,tiny,1822,look,accepted,observed,0,0.5975,0.5412,0.0861,3.1355,0.1063,4.4666
phone-android,tiny,1823,move,accepted,moved,1,0.5712,0.5238,0.1688,4.1037,0.1361,5.5035
phone-android,tiny,1824,look,accepted,observed,0,0.5311,0.5563,0.0916,3.3489,0.1054,4.6333
phone-android,tiny,1825,move,accepted,moved,1,0.5469,0.5155,0.1685,4.4188,0.1389,5.7886
phone-android,tiny,1826,look,accepted,observed,0,0.6102,0.4786,0.0782,3.8785,0.1310,5.1766
phone-android,tiny,1827,wait,rejected,invalid_time,0,0.7084,0.5364,0.0866,3.8118,0.1245,5.2677
phone-android,tiny,1828,look,accepted,observed,0,0.6404,0.4773,0.0811,3.3604,0.1146,4.6738
phone-android,tiny,1829,talk,rejected,not_owned,0,0.5593,0.4800,0.0804,3.3776,0.1182,4.6155
phone-android,tiny,1830,move,accepted,moved,1,0.6536,0.5233,0.1708,4.3935,0.1418,5.8831
phone-android,tiny,1831,move,accepted,moved,1,0.5756,0.5328,0.1699,4.6062,0.1468,6.0314
phone-android,tiny,1832,choose,rejected,invalid_choice,0,0.5674,0.5447,0.0807,3.7328,0.1436,5.0692
phone-android,tiny,1833,take,rejected,not_present,0,0.7197,0.4965,0.0814,3.3649,0.1515,4.8141
phone-android,tiny,1834,move,accepted,moved,1,0.8036,0.5732,0.1755,4.6769,0.1772,6.4065
phone-android,tiny,1835,look,accepted,observed,0,0.7660,0.5383,0.0809,3.9155,0.1347,5.4355
phone-android,tiny,1836,move,accepted,moved,1,0.8089,0.5696,0.1857,3.9261,0.1497,5.6399
phone-android,tiny,1837,move,rejected,exit_unavailable,0,0.5345,0.5188,0.0834,3.1707,0.1163,4.4238
phone-android,tiny,1838,choose,rejected,invalid_choice,0,0.6135,0.5345,0.0820,3.3107,0.1316,4.6723
phone-android,tiny,1839,look,accepted,observed,0,0.6413,0.4866,0.0786,3.1701,0.1174,4.4940
phone-android,tiny,1840,take,accepted,taken,1,0.5762,0.5484,0.1723,3.9622,0.1451,5.4042
phone-android,tiny,1841,move,accepted,moved,1,0.5345,0.5228,0.1688,4.7227,0.1437,6.0925
phone-android,tiny,1842,move,accepted,moved,1,0.5983,0.5242,0.1697,4.3773,0.1836,5.8531
phone-android,tiny,1843,move,accepted,moved,1,0.7231,0.5739,0.1731,4.7314,0.1768,6.3783
phone-android,tiny,1844,look,accepted,observed,0,0.7606,0.5386,0.0816,3.8924,0.1341,5.4073
phone-android,tiny,1845,activate,rejected,not_eligible,0,0.6348,1.7947,0.0961,4.0385,0.1193,6.6835
phone-android,tiny,1846,look,accepted,observed,0,0.6378,0.5001,0.0810,3.3332,0.1116,4.6637
phone-android,tiny,1847,activate,rejected,not_eligible,0,0.6295,0.4868,0.0828,3.2830,0.1179,4.5999
phone-android,tiny,1848,choose,rejected,stale_view,0,0.6353,0.4799,0.0787,3.6220,0.1425,4.9584
phone-android,tiny,1849,look,accepted,observed,0,0.7710,0.5332,0.0789,4.4890,0.1556,6.0277
phone-android,tiny,1850,activate,rejected,not_eligible,0,0.8035,0.6037,0.0915,3.7402,0.1240,5.3630
phone-android,tiny,1851,drop,accepted,dropped,1,0.7311,0.5411,0.1739,4.5528,0.1683,6.1672
phone-android,tiny,1852,talk,rejected,not_eligible,0,0.6695,0.4842,0.0819,3.2835,0.1149,4.6340
phone-android,tiny,1853,look,accepted,observed,0,0.5481,0.4794,0.0794,3.2228,0.1076,4.4372
phone-android,tiny,1854,talk,rejected,not_eligible,0,0.6430,0.4914,0.0804,3.4507,0.1210,4.7865
phone-android,tiny,1855,wait,rejected,invalid_time,0,0.5649,0.5074,0.0816,3.4026,0.1171,4.6735
phone-android,tiny,1856,look,accepted,observed,0,0.5674,0.5436,0.0806,3.5532,0.1298,4.8746
phone-android,tiny,1857,look,accepted,observed,0,0.7215,0.5229,0.0823,3.8705,0.1412,5.3383
phone-android,tiny,1858,look,accepted,observed,0,0.8076,0.5329,0.0816,3.7579,0.1276,5.3075
phone-android,tiny,1859,look,accepted,observed,0,0.6578,0.5101,0.0808,3.7722,0.1264,5.1473
phone-android,tiny,1860,move,accepted,moved,1,0.7596,0.5541,0.1724,5.4411,0.1778,7.1050
phone-android,tiny,1861,talk,rejected,not_eligible,0,0.7770,0.5524,0.0817,4.1160,0.1207,5.6479
phone-android,tiny,1862,move,accepted,moved,1,0.6043,0.6218,0.1709,4.2248,0.1434,5.7654
phone-android,tiny,1863,look,accepted,observed,0,0.5513,0.4812,0.0799,3.6288,0.1413,4.8824
phone-android,tiny,1864,take,replayed,taken,0,1.2114,0.4610,0.0020,0.0007,0.0574,1.7326
phone-android,tiny,1865,move,accepted,moved,1,0.4057,0.4494,0.1674,4.4634,0.1657,5.6517
phone-android,tiny,1866,take,rejected,not_present,0,0.6653,0.5123,0.0799,3.7146,0.1319,5.1040
phone-android,tiny,1867,look,accepted,observed,0,0.6786,0.5446,0.0804,3.5037,0.1274,4.9347
phone-android,tiny,1868,activate,rejected,not_eligible,0,0.6149,0.4940,0.0785,3.2623,0.1194,4.5691
phone-android,tiny,1869,look,accepted,observed,0,0.5727,0.4810,0.0799,3.4584,0.1144,4.7065
phone-android,tiny,1870,drop,rejected,integrity_conflict,0,1.0137,0.4316,0.0021,0.0003,0.0631,1.5109
phone-android,tiny,1871,look,accepted,observed,0,0.4309,0.4009,0.0761,3.7668,0.1348,4.8095
phone-android,tiny,1872,talk,rejected,not_eligible,0,0.7488,0.5210,0.0819,3.5132,0.1208,4.9857
phone-android,tiny,1873,move,accepted,moved,1,0.5883,0.5155,0.1726,4.3527,0.1487,5.7778
phone-android,tiny,1874,move,accepted,moved,1,0.5634,0.5219,0.1699,4.2719,0.1527,5.6798
phone-android,tiny,1875,move,accepted,moved,1,0.7127,0.5253,0.1715,4.0766,0.1483,5.6344
phone-android,tiny,1876,talk,rejected,not_eligible,0,0.5482,0.4917,0.0801,3.3063,0.1152,4.5414
phone-android,tiny,1877,move,accepted,moved,1,0.6110,0.5233,0.1708,4.0590,0.1512,5.5154
phone-android,tiny,1878,look,accepted,observed,0,0.6100,0.4890,0.1271,3.6858,0.1088,5.0206
phone-android,tiny,1879,move,accepted,moved,1,0.5564,0.5001,0.1682,4.3215,0.1489,5.6949
phone-android,tiny,1880,move,accepted,moved,1,0.6775,0.5081,0.1708,4.5675,0.1818,6.1057
phone-android,tiny,1881,move,accepted,moved,1,0.7686,0.6027,0.1742,4.5508,0.1556,6.2518
phone-android,tiny,1882,wait,rejected,invalid_time,0,0.6249,0.5087,0.0832,3.5728,0.1107,4.9003
phone-android,tiny,1883,look,accepted,observed,0,0.5630,0.4882,0.0789,3.2510,0.1324,4.5135
phone-android,tiny,1884,move,rejected,exit_unavailable,0,0.7574,0.5597,0.0853,3.6791,0.1938,5.2753
phone-android,tiny,1885,move,accepted,moved,1,0.7362,0.5591,0.1755,4.2415,0.1480,5.8603
phone-android,tiny,1886,look,accepted,observed,0,0.6091,0.5454,0.0801,3.2989,0.1145,4.6479
phone-android,tiny,1887,wait,rejected,invalid_time,0,0.5402,0.4706,0.0830,3.5259,0.1249,4.7446
phone-android,tiny,1888,look,accepted,observed,0,0.5952,0.4872,0.0806,3.4470,0.1101,4.7201
phone-android,tiny,1889,move,accepted,moved,1,0.5598,0.5231,0.1720,4.4107,0.1570,5.8227
phone-android,tiny,1890,look,accepted,observed,0,0.6108,0.5585,0.0799,3.4650,0.1258,4.8399
phone-android,tiny,1891,move,accepted,moved,1,0.6296,0.5219,0.1693,4.3227,0.1781,5.8216
phone-android,tiny,1892,move,accepted,moved,1,0.5697,0.5250,0.1695,4.4306,0.1463,5.8410
phone-android,tiny,1893,wait,rejected,invalid_time,0,0.5656,0.5467,0.0871,4.0295,0.1384,5.3673
phone-android,tiny,1894,look,accepted,observed,0,0.7218,0.5202,0.0808,3.9663,0.1909,5.4801
phone-android,tiny,1895,choose,rejected,invalid_choice,0,0.7304,0.5693,0.0797,3.4994,0.1358,5.0146
phone-android,tiny,1896,look,accepted,observed,0,0.9347,0.5898,0.0821,3.8015,0.1487,5.5569
phone-android,tiny,1897,activate,rejected,not_eligible,0,0.6660,0.4870,0.0839,3.5113,0.1203,4.8685
phone-android,tiny,1898,move,rejected,exit_unavailable,0,0.5837,0.5387,0.0820,3.2460,0.1168,4.5672
phone-android,tiny,1899,move,rejected,exit_unavailable,0,0.6262,0.5077,0.0824,3.2497,0.1129,4.5790
phone-android,tiny,1900,move,accepted,moved,1,0.6110,0.5302,0.1713,4.6840,0.1671,6.1636
phone-android,tiny,1901,move,accepted,moved,1,0.7102,0.5861,0.1708,4.5900,0.1812,6.2382
phone-android,tiny,1902,move,accepted,moved,1,0.6905,0.5533,0.1738,4.3588,0.1561,5.9326
phone-android,tiny,1903,move,accepted,moved,1,0.7068,0.5540,0.1711,4.0744,0.1518,5.6581
phone-android,tiny,1904,look,accepted,observed,0,0.5736,0.5361,0.0799,3.3835,0.1134,4.6867
phone-android,tiny,1905,take,accepted,taken,1,0.5631,0.4920,0.1689,4.0120,0.1585,5.3944
phone-android,tiny,1906,look,accepted,observed,0,0.6402,0.5619,0.0802,3.3569,0.1179,4.7569
phone-android,tiny,1907,talk,rejected,not_eligible,0,0.5945,0.4878,0.0802,3.1683,0.1142,4.4451
phone-android,tiny,1908,look,accepted,observed,0,0.5181,0.4797,0.0797,3.5417,0.1105,4.7297
phone-android,tiny,1909,look,accepted,observed,0,0.6093,0.4749,0.0790,3.2306,0.1274,4.5214
phone-android,tiny,1910,move,accepted,moved,1,0.5993,0.5145,0.1678,4.4244,0.1455,5.8515
phone-android,tiny,1911,move,accepted,moved,1,0.5993,0.5277,0.1688,4.0181,0.1515,5.4654
phone-android,tiny,1912,look,accepted,observed,0,0.5744,0.5382,0.0802,3.5308,0.1428,4.8664
phone-android,tiny,1913,move,accepted,moved,1,0.7467,0.5575,0.1713,4.2909,0.1624,5.9289
phone-android,tiny,1914,move,accepted,moved,1,0.7700,0.5048,0.1682,4.0253,0.1474,5.6157
phone-android,tiny,1915,drop,rejected,integrity_conflict,0,0.9329,0.4364,0.0022,0.0006,0.0645,1.4367
phone-android,tiny,1916,look,accepted,observed,0,0.4132,0.3976,0.0764,3.5556,0.1254,4.5681
phone-android,tiny,1917,move,accepted,moved,1,0.6192,0.4940,0.1679,4.7538,0.1531,6.1880
phone-android,tiny,1918,look,accepted,observed,0,0.5762,0.4848,0.0814,3.3188,0.1127,4.5737
phone-android,tiny,1919,choose,rejected,invalid_choice,0,0.5796,0.5823,0.0809,3.2523,0.1266,4.6218
phone-android,tiny,1920,wait,rejected,invalid_time,0,0.6123,0.5005,0.0821,3.4047,0.1457,4.7453
phone-android,tiny,1921,move,accepted,moved,1,0.7548,0.5633,0.1728,4.7086,0.1683,6.3678
phone-android,tiny,1922,look,accepted,observed,0,0.6608,0.5140,0.0806,3.4368,0.1296,4.8218
phone-android,tiny,1923,look,accepted,observed,0,0.6594,0.4849,0.0805,3.2697,0.1191,4.6137
phone-android,tiny,1924,look,accepted,observed,0,0.5738,0.4722,0.0779,3.2931,0.1158,4.5328
phone-android,tiny,1925,wait,rejected,invalid_time,0,0.5771,0.4933,0.1468,4.2724,0.1157,5.6053
phone-android,tiny,1926,look,accepted,observed,0,0.6123,0.4543,0.0801,3.7811,0.1455,5.0732
phone-android,tiny,1927,wait,rejected,invalid_time,0,0.7864,0.5460,0.0828,3.5662,0.1286,5.1100
phone-android,tiny,1928,move,accepted,moved,1,0.6463,0.5492,0.1681,4.4350,0.1432,5.9417
phone-android,tiny,1929,move,accepted,moved,1,0.5854,0.5247,0.1682,4.2760,0.1507,5.7050
phone-android,tiny,1930,look,accepted,observed,0,0.6936,0.5065,0.0812,3.8186,0.1319,5.2318
phone-android,tiny,1931,wait,rejected,invalid_time,0,0.6776,0.5522,0.0840,3.5166,0.1763,5.0067
phone-android,tiny,1932,look,accepted,observed,0,0.6775,0.4698,0.0807,3.2884,0.1218,4.6382
phone-android,tiny,1933,move,accepted,moved,1,0.5949,0.5257,0.1683,4.5882,0.1429,6.0199
phone-android,tiny,1934,talk,accepted,choice_opened,1,0.7035,0.5540,0.1825,4.5026,0.1741,6.1167
phone-android,tiny,1935,talk,accepted,choice_opened,1,0.6674,0.5386,0.1813,4.4443,0.1523,5.9839
phone-android,tiny,1936,move,accepted,moved,1,0.6764,0.5550,0.1749,3.9959,0.1482,5.5505
phone-android,tiny,1937,move,accepted,moved,1,0.5556,0.5288,0.1733,4.1807,0.1415,5.5799
phone-android,tiny,1938,move,rejected,exit_unavailable,0,0.5376,0.5337,0.0813,3.3419,0.1204,4.6148
phone-android,tiny,1939,drop,accepted,dropped,1,0.5611,0.5023,0.2229,4.2111,0.1496,5.6471
phone-android,tiny,1940,wait,rejected,invalid_time,0,0.5651,0.5252,0.0819,3.1759,0.1215,4.4696
phone-android,tiny,1941,talk,rejected,not_owned,0,0.5859,0.6246,0.0919,3.6516,0.1194,5.0734
phone-android,tiny,1942,move,accepted,moved,1,0.6505,0.5382,0.1745,4.0340,0.1464,5.5437
phone-android,tiny,1943,choose,rejected,invalid_choice,0,0.6499,0.5556,0.0801,3.8985,0.1311,5.3152
phone-android,tiny,1944,look,accepted,observed,0,0.6875,0.5345,0.0767,3.7205,0.1904,5.2095
phone-android,tiny,1945,move,rejected,exit_unavailable,0,0.7641,0.5299,0.0817,3.3801,0.1199,4.8757
phone-android,tiny,1946,look,accepted,observed,0,0.5790,0.4870,0.0778,3.6824,0.1590,4.9852
phone-android,tiny,1947,look,accepted,observed,0,0.6057,0.5217,0.0781,3.8948,0.1310,5.2315
phone-android,tiny,1948,take,rejected,not_present,0,1.2276,0.6353,0.0797,3.6741,0.1193,5.7359
phone-android,tiny,1949,look,accepted,observed,0,0.5963,0.4927,0.0767,3.6214,0.1145,4.9016
phone-android,tiny,1950,move,accepted,moved,1,0.5813,0.5544,0.1766,4.1545,0.1521,5.6189
phone-android,tiny,1951,look,accepted,observed,0,0.5916,0.4671,0.0765,3.5068,0.1204,4.7624
phone-android,tiny,1952,activate,rejected,not_eligible,0,0.6039,0.4917,0.0796,3.2001,0.1144,4.4897
phone-android,tiny,1953,move,accepted,moved,1,0.6626,0.5715,0.1780,4.4915,0.1599,6.0633
phone-android,tiny,1954,look,accepted,observed,0,0.7089,0.5389,0.0766,3.5941,0.1218,5.0403
phone-android,tiny,1955,look,accepted,observed,0,0.6151,0.4908,0.0777,3.2919,0.1437,4.6192
phone-android,tiny,1956,look,accepted,observed,0,0.5610,0.4921,0.0774,3.1642,0.1426,4.4373
phone-android,tiny,1957,look,accepted,observed,0,0.6997,0.5219,0.0791,3.6387,0.1447,5.0842
phone-android,tiny,1958,look,accepted,observed,0,0.7653,2.1566,0.0850,4.1553,0.1230,7.2851
phone-android,tiny,1959,look,accepted,observed,0,0.6696,0.5012,0.0769,3.2882,0.1113,4.6471
phone-android,tiny,1960,look,accepted,observed,0,0.5780,0.4938,0.0785,3.2597,0.1194,4.5294
phone-android,tiny,1961,move,accepted,moved,1,0.6860,0.5455,0.1748,4.1483,0.1486,5.7032
phone-android,tiny,1962,drop,replayed,dropped,0,0.9576,0.4221,0.0018,0.0007,0.1099,1.4920
phone-android,tiny,1963,activate,rejected,not_eligible,0,0.4269,0.4102,0.0794,3.3419,0.1199,4.3783
phone-android,tiny,1964,look,accepted,observed,0,0.5719,0.4887,0.0778,3.5391,0.1085,4.7860
phone-android,tiny,1965,move,accepted,moved,1,0.5807,0.5883,0.1740,4.9444,0.1687,6.4560
phone-android,tiny,1966,look,accepted,observed,0,0.6874,0.5664,0.0784,21.6293,0.1853,23.1467
phone-android,tiny,1967,activate,rejected,not_eligible,0,1.1221,0.6146,0.0807,4.4090,0.1767,6.4031
phone-android,tiny,1968,move,accepted,moved,1,0.9296,0.7374,0.2142,5.0671,0.1738,7.1222
phone-android,tiny,1969,wait,rejected,invalid_time,0,0.7005,0.7034,0.0916,3.5755,0.1263,5.1972
phone-android,tiny,1970,look,accepted,observed,0,0.6301,0.5585,0.0882,3.4228,0.1270,4.8266
phone-android,tiny,1971,close_choice,accepted,choice_closed,1,0.6294,0.6865,0.1857,4.9678,0.1719,6.6413
phone-android,tiny,1972,move,accepted,moved,1,0.7560,0.5616,0.1751,4.7140,0.1600,6.3667
phone-android,tiny,1973,look,accepted,observed,0,0.6457,0.5374,0.0806,3.5723,0.1212,4.9572
phone-android,tiny,1974,activate,rejected,not_eligible,0,0.6731,0.4874,0.0824,3.6018,0.1249,4.9697
phone-android,tiny,1975,move,accepted,moved,1,0.6575,0.5423,0.1719,4.1048,0.1456,5.6221
phone-android,tiny,1976,move,accepted,moved,1,0.5935,0.5278,0.1695,4.1448,0.1433,5.5790
phone-android,tiny,1977,move,accepted,moved,1,0.5946,0.5306,0.1681,4.0804,0.1447,5.5183
phone-android,tiny,1978,move,accepted,moved,1,0.6062,0.6280,0.1718,4.7399,0.1470,6.2930
phone-android,tiny,1979,drop,replayed,dropped,0,0.9350,0.4439,0.0022,0.0007,0.0591,1.4409
phone-android,tiny,1980,move,accepted,moved,1,0.5520,0.4731,0.1635,4.3451,0.1446,5.6784
phone-android,tiny,1981,look,accepted,observed,0,0.5831,0.5337,0.0831,3.3584,0.1080,4.6663
phone-android,tiny,1982,move,accepted,moved,1,0.5569,0.5173,0.1705,4.4669,0.1401,5.8517
phone-android,tiny,1983,look,accepted,observed,0,0.6886,0.4957,0.0805,3.1590,0.1178,4.5416
phone-android,tiny,1984,drop,replayed,dropped,0,0.9859,0.4171,0.0017,0.0005,0.0580,1.4633
phone-android,tiny,1985,look,accepted,observed,0,0.4582,0.4889,0.0892,3.4348,0.1120,4.5831
phone-android,tiny,1986,move,accepted,moved,1,0.5967,0.5124,0.1682,4.3934,0.1373,5.8081
phone-android,tiny,1987,take,accepted,taken,1,0.7014,0.5467,0.1701,4.5683,0.1635,6.1499
phone-android,tiny,1988,look,accepted,observed,0,0.6756,0.5743,0.0822,3.3446,0.1236,4.8004
phone-android,tiny,1989,move,accepted,moved,1,0.6248,0.5134,0.1682,3.9965,0.1403,5.4431
phone-android,tiny,1990,move,accepted,moved,1,0.6197,0.5283,0.1687,4.0240,0.1493,5.4901
phone-android,tiny,1991,look,accepted,observed,0,0.5957,0.4864,0.0812,3.8829,0.1100,5.1562
phone-android,tiny,1992,move,accepted,moved,1,0.5884,0.5134,0.1701,4.0653,0.1457,5.4829
phone-android,tiny,1993,move,accepted,moved,1,0.6059,0.5255,0.1682,4.5402,0.1479,5.9876
phone-android,tiny,1994,look,accepted,observed,0,0.5662,0.4830,0.0804,3.9520,0.1214,5.2029
phone-android,tiny,1995,look,accepted,observed,0,0.5737,0.4853,0.0799,3.6189,0.1212,4.8791
phone-android,tiny,1996,wait,rejected,invalid_time,0,0.6090,0.5026,0.0802,3.6949,0.1407,5.0274
phone-android,tiny,1997,look,accepted,observed,0,0.8014,0.5403,0.0794,3.6742,0.1247,5.2200
phone-android,tiny,1998,wait,rejected,invalid_time,0,0.6959,0.6219,0.0983,3.7526,0.1395,5.3082
phone-android,tiny,1999,talk,accepted,choice_opened,1,0.7614,0.5390,0.1833,5.4389,0.1879,7.1105
phone-android,tiny,2000,move,accepted,moved,1,0.8043,0.5323,0.1873,4.8601,0.1719,6.5558
phone-android,tiny,2001,look,accepted,observed,0,0.7548,0.5233,0.0784,3.3235,0.1216,4.8017
phone-android,tiny,2002,move,accepted,moved,1,0.7310,0.5426,0.1723,4.4719,0.1661,6.0840
phone-android,tiny,2003,move,accepted,moved,1,0.7618,0.5596,0.1762,4.4839,0.1721,6.1537
phone-android,tiny,2004,move,accepted,moved,1,0.7601,0.5274,0.1742,5.3619,0.1797,7.0032
phone-android,tiny,2005,wait,rejected,invalid_time,0,0.7704,0.5171,0.1202,3.1032,0.1923,4.7032
phone-android,tiny,2006,close_choice,accepted,choice_closed,1,0.7208,0.4964,0.1706,5.2209,0.1761,6.7848
phone-android,tiny,2007,move,accepted,moved,1,0.7509,0.4940,0.1675,4.0743,0.1741,5.6609
phone-android,tiny,2008,activate,rejected,not_eligible,0,0.7143,0.5105,0.0816,3.3288,0.1401,4.7753
phone-android,tiny,2009,move,accepted,moved,1,0.6862,0.5027,0.1659,3.8607,0.1545,5.3701
phone-android,tiny,2010,move,rejected,exit_unavailable,0,0.6503,0.5030,0.0820,3.0231,0.1446,4.4030
phone-android,tiny,2011,move,accepted,moved,1,0.6936,0.5018,0.1670,3.6146,0.1520,5.1292
phone-android,tiny,2012,look,accepted,observed,0,0.6176,0.5331,0.0791,2.9100,0.1203,4.2601
phone-android,tiny,2013,wait,rejected,invalid_time,0,0.6639,0.4758,0.0806,2.8239,0.1356,4.1797
phone-android,tiny,2014,move,accepted,moved,1,0.6510,0.5033,0.1677,3.7764,0.1671,5.2654
phone-android,tiny,2015,look,accepted,observed,0,0.7355,0.4863,0.0771,2.9611,0.1580,4.4180
phone-android,tiny,2016,wait,rejected,invalid_time,0,0.7421,0.4867,0.0809,3.2125,0.1446,4.6669
phone-android,tiny,2017,drop,accepted,dropped,1,0.7039,0.4855,0.1694,4.2931,0.1841,5.8359
phone-android,tiny,2018,take,accepted,taken,1,0.7265,0.4803,0.1668,3.8216,0.1657,5.3609
phone-android,tiny,2019,look,accepted,observed,0,0.7454,0.4649,0.0793,3.0606,0.1453,4.4955
phone-android,tiny,2020,move,accepted,moved,1,0.7055,0.4853,0.1663,3.9934,0.1600,5.5105
phone-android,tiny,2021,activate,rejected,not_eligible,0,0.7387,0.4863,0.0798,3.5689,0.1502,5.0239
phone-android,tiny,2022,look,accepted,observed,0,0.7268,0.4630,0.0790,3.1652,0.1372,4.5711
phone-android,tiny,2023,look,accepted,observed,0,0.7186,0.4748,0.0792,3.6710,0.1477,5.0914
phone-android,tiny,2024,look,accepted,observed,0,0.7284,0.4734,0.0795,6.0342,0.1644,7.4800
phone-android,tiny,2025,move,accepted,moved,1,0.7945,0.5833,0.1733,4.6435,0.2010,6.3956
phone-android,tiny,2026,choose,rejected,stale_view,0,0.9020,0.5588,0.0947,3.4560,0.1688,5.1804
phone-android,tiny,2027,look,accepted,observed,0,0.7986,0.4687,0.0779,3.2221,0.1561,4.7234
phone-android,tiny,2028,move,accepted,moved,1,0.7094,0.4874,0.1671,3.8822,0.1666,5.4127
phone-android,tiny,2029,drop,accepted,dropped,1,0.7147,0.4769,0.1708,3.9993,0.1771,5.5388
phone-android,tiny,2030,move,accepted,moved,1,0.7386,0.5101,0.1670,4.0113,0.1758,5.6028
phone-android,tiny,2031,look,accepted,observed,0,0.7464,0.4621,0.0776,3.2345,0.1313,4.6518
phone-android,tiny,2032,take,rejected,not_present,0,0.7321,0.4733,0.0798,3.2183,0.1541,4.6576
phone-android,tiny,2033,activate,rejected,not_eligible,0,0.7430,0.4752,0.0830,3.0616,0.1580,4.5208
phone-android,tiny,2034,move,accepted,moved,1,0.7299,0.5461,0.1692,3.9083,0.1679,5.5214
phone-android,tiny,2035,move,accepted,moved,1,0.6961,0.4926,0.1681,4.1907,0.1777,5.7252
phone-android,tiny,2036,wait,rejected,invalid_time,0,1.0975,0.5109,0.0828,8.7640,0.1658,10.6210
phone-android,tiny,2037,move,accepted,moved,1,0.7878,0.5347,0.1817,4.7402,0.1870,6.4313
phone-android,tiny,2038,move,accepted,moved,1,0.7511,0.5181,0.1805,4.2925,0.2120,5.9541
phone-android,tiny,2039,look,accepted,observed,0,0.8017,0.5056,0.0841,3.3869,0.1674,4.9457
phone-android,tiny,2040,move,accepted,moved,1,0.7996,0.5603,0.1935,4.7573,0.1914,6.5021
phone-android,tiny,2041,move,accepted,moved,1,0.8291,0.5665,0.2159,4.5613,0.1888,6.3616
phone-android,tiny,2042,look,accepted,observed,0,0.8398,0.5092,0.0842,3.3857,0.1580,4.9769
phone-android,tiny,2043,move,accepted,moved,1,0.8621,0.5403,0.1966,4.0948,0.1746,5.8683
phone-android,tiny,2044,move,accepted,moved,1,0.7600,0.5766,0.1807,4.4134,0.1715,6.1021
phone-android,tiny,2045,move,accepted,moved,1,0.7429,0.4927,0.1664,4.4497,0.1785,6.0302
phone-android,tiny,2046,look,accepted,observed,0,0.7813,0.4707,0.0778,4.5121,0.1661,6.0080
phone-android,tiny,2047,move,accepted,moved,1,0.7748,0.5178,0.1699,3.8618,0.1712,5.4955
phone-android,tiny,2048,look,accepted,observed,0,0.8267,0.4785,0.0783,3.3755,0.1628,4.9219
phone-android,tiny,2049,look,accepted,observed,0,0.7351,0.4588,0.0781,3.1837,0.1377,4.5933
phone-android,tiny,2050,take,rejected,not_present,0,0.6663,0.5423,0.0842,3.1227,0.1644,4.5798
phone-android,tiny,2051,move,accepted,moved,1,0.6834,0.5335,0.1705,4.0183,0.1803,5.5860
phone-android,tiny,2052,talk,rejected,not_eligible,0,0.7044,0.5755,0.0836,3.6538,0.1495,5.1668
phone-android,tiny,2053,move,rejected,exit_unavailable,0,0.7157,0.4873,0.0821,3.0306,0.1669,4.4827
phone-android,tiny,2054,look,accepted,observed,0,0.7628,0.5208,0.0810,2.9944,0.1315,4.4905
phone-android,tiny,2055,look,accepted,observed,0,0.7512,0.4842,0.0800,2.8582,0.1369,4.3105
phone-android,tiny,2056,move,accepted,moved,1,0.6670,0.4949,0.1667,3.7509,0.1551,5.2346
phone-android,tiny,2057,move,accepted,moved,1,0.6184,0.5022,0.1685,3.7479,0.1766,5.2136
phone-android,tiny,2058,look,accepted,observed,0,0.7456,0.4794,0.0798,3.1962,0.1513,4.6523
phone-android,tiny,2059,talk,rejected,not_eligible,0,0.8424,0.4896,0.0793,3.1547,0.1480,4.7140
phone-android,tiny,2060,look,accepted,observed,0,0.7431,0.4772,0.0798,3.2889,0.1468,4.7358
phone-android,tiny,2061,drop,replayed,dropped,0,1.1020,0.3967,0.0019,0.0005,0.0581,1.5592
phone-android,tiny,2062,move,rejected,exit_unavailable,0,0.5897,0.4385,0.0801,2.8671,0.1559,4.1315
phone-android,tiny,2063,talk,rejected,not_eligible,0,0.7412,0.4903,0.0811,3.1792,0.1493,4.6412
phone-android,tiny,2064,look,accepted,observed,0,0.7834,0.4794,0.0793,3.4821,0.1576,4.9817
phone-android,tiny,2065,move,accepted,moved,1,0.7411,0.4887,0.1666,4.1916,0.2070,5.7950
phone-android,tiny,2066,move,rejected,exit_unavailable,0,0.7470,0.4907,0.0813,3.2428,0.1569,4.7187
phone-android,tiny,2067,activate,rejected,not_eligible,0,2.3715,0.5370,0.0810,3.7071,0.1603,6.8569
phone-android,tiny,2068,move,accepted,moved,1,0.7735,0.5002,0.1683,4.3430,0.1812,5.9662
phone-android,tiny,2069,choose,rejected,invalid_choice,0,0.7984,0.5235,0.0791,4.0463,0.1954,5.6426
phone-android,tiny,2070,move,accepted,moved,1,0.7595,0.4953,0.1671,4.4012,0.1783,6.0015
phone-android,tiny,2071,take,rejected,not_present,0,0.8282,0.4835,0.0798,3.0831,0.1552,4.6297
phone-android,tiny,2072,wait,rejected,invalid_time,0,0.8510,0.5081,0.0823,3.3883,0.1772,5.0069
phone-android,tiny,2073,look,accepted,observed,0,1.1124,0.5781,0.0876,3.7416,0.1591,5.6788
phone-android,tiny,2074,look,accepted,observed,0,0.7842,0.4962,0.0841,3.2804,0.1511,4.7961
phone-android,tiny,2075,move,accepted,moved,1,0.7974,0.5365,0.1806,4.2414,0.1781,5.9340
phone-android,tiny,2076,move,accepted,moved,1,0.7728,0.6325,0.1806,4.3071,0.3095,6.2025
phone-android,tiny,2077,look,accepted,observed,0,1.2625,0.7506,0.0830,4.5715,0.1937,6.8613
phone-android,tiny,2078,move,accepted,moved,1,0.9916,0.6380,0.1723,4.9210,0.1678,6.8907
phone-android,tiny,2079,talk,rejected,not_eligible,0,0.7681,0.5935,0.0815,3.2987,0.1535,4.8953
phone-android,tiny,2080,look,accepted,observed,0,0.7489,0.4732,0.0775,3.2154,0.1568,4.6718
phone-android,tiny,2081,look,accepted,observed,0,0.7349,0.4717,0.0783,3.1785,0.1522,4.6156
phone-android,tiny,2082,wait,rejected,invalid_time,0,0.7399,0.4996,0.0809,3.4677,0.1696,4.9577
phone-android,tiny,2083,talk,rejected,not_eligible,0,0.7649,0.4785,0.0807,3.6539,0.2006,5.1787
phone-android,tiny,2084,move,accepted,moved,1,0.7968,0.5105,0.1734,4.4037,0.1725,6.0569
phone-android,tiny,2085,activate,rejected,not_eligible,0,0.7880,0.4698,0.0788,3.4045,0.1507,4.8919
phone-android,tiny,2086,talk,rejected,not_owned,0,0.7314,0.4736,0.0804,3.2697,0.1470,4.7021
phone-android,tiny,2087,wait,rejected,invalid_time,0,0.6930,0.5825,0.0804,3.1892,0.1526,4.6977
phone-android,tiny,2088,move,accepted,moved,1,0.7281,0.4914,0.1680,3.7723,0.1682,5.3280
phone-android,tiny,2089,look,accepted,observed,0,0.7524,0.4737,0.0787,3.0023,0.1503,4.4574
phone-android,tiny,2090,wait,rejected,invalid_time,0,0.7277,0.4758,0.0796,3.1993,0.1564,4.6388
phone-android,tiny,2091,wait,rejected,invalid_time,0,0.7771,0.4939,0.0804,3.2362,0.1534,4.7409
phone-android,tiny,2092,activate,rejected,not_eligible,0,0.7795,0.4703,0.0795,3.1702,0.1526,4.6521
phone-android,tiny,2093,look,accepted,observed,0,0.7671,0.4707,0.0780,3.5796,0.1483,5.0438
phone-android,tiny,2094,take,rejected,not_present,0,0.7845,0.4827,0.0802,3.2618,0.1627,4.7719
phone-android,tiny,2095,look,accepted,observed,0,0.7957,0.4626,0.0777,3.4566,0.1430,4.9356
phone-android,tiny,2096,wait,rejected,invalid_time,0,0.7548,0.5028,0.0802,3.3086,0.1501,4.7965
phone-android,tiny,2097,look,accepted,observed,0,0.7033,0.4693,0.0787,3.0308,0.1473,4.4295
phone-android,tiny,2098,take,rejected,not_present,0,0.7078,0.4698,0.0803,3.1454,0.1517,4.5550
phone-android,tiny,2099,activate,rejected,not_eligible,0,0.7840,0.4831,0.0810,3.2648,0.1479,4.7608
phone-android,tiny,2100,move,accepted,moved,1,0.7296,0.4938,0.1667,3.9440,0.1689,5.5029
phone-android,tiny,2101,look,accepted,observed,0,0.7971,0.4769,0.0787,3.7714,0.1492,5.2733
phone-android,tiny,2102,move,rejected,exit_unavailable,0,1.1428,0.5258,0.0842,3.7344,0.1595,5.6467
phone-android,tiny,2103,move,accepted,moved,1,0.7382,0.5006,0.1680,4.5483,0.1746,6.1296
phone-android,tiny,2104,talk,rejected,not_eligible,0,0.7644,0.4651,0.0798,3.2436,0.1592,4.7121
phone-android,tiny,2105,move,accepted,moved,1,0.7291,0.5272,0.1723,4.0328,0.1678,5.6292
phone-android,tiny,2106,move,accepted,moved,1,0.7121,0.4973,0.1693,4.8181,0.1781,6.3749
phone-android,tiny,2107,move,accepted,moved,1,0.7791,0.5022,0.1690,4.0671,0.1673,5.6847
phone-android,tiny,2108,look,accepted,observed,0,0.8076,0.4788,0.0778,3.0995,0.1545,4.6182
phone-android,tiny,2109,move,accepted,moved,1,0.7577,0.5152,0.1695,4.9098,0.1765,6.5286
phone-android,tiny,2110,talk,rejected,not_eligible,0,0.7575,0.4740,0.0800,3.7069,0.1571,5.1755
phone-android,tiny,2111,activate,rejected,not_eligible,0,0.8134,0.4928,0.0798,3.2628,0.1565,4.8054
phone-android,tiny,2112,look,accepted,observed,0,0.7670,0.4736,0.0782,3.3934,0.1520,4.8643
phone-android,tiny,2113,look,accepted,observed,0,0.7860,0.4856,0.0796,3.3865,0.1490,4.8867
phone-android,tiny,2114,move,accepted,moved,1,0.7467,0.5014,0.1678,4.0804,0.1694,5.6656
phone-android,tiny,2115,look,accepted,observed,0,0.7903,0.4620,0.0772,3.6175,0.1509,5.0980
phone-android,tiny,2116,move,accepted,moved,1,0.7540,0.5139,0.1699,4.1758,0.1781,5.7917
phone-android,tiny,2117,look,accepted,observed,0,0.7281,0.4735,0.0795,3.2143,0.1490,4.6444
phone-android,tiny,2118,move,rejected,exit_unavailable,0,0.7228,0.5711,0.0832,3.3164,0.1610,4.8545
phone-android,tiny,2119,look,accepted,observed,0,0.7694,0.4771,0.0796,3.5596,0.1552,5.0409
phone-android,tiny,2120,look,accepted,observed,0,0.7480,0.5293,0.0809,4.8468,0.1641,6.3691
phone-android,tiny,2121,look,accepted,observed,0,0.8042,0.4723,0.0783,3.3460,0.2370,4.9379
phone-android,tiny,2122,look,accepted,observed,0,0.8097,0.4801,0.0789,3.3814,0.1643,4.9144
phone-android,tiny,2123,look,accepted,observed,0,0.8173,0.4948,0.0782,3.5064,0.1503,5.0470
phone-android,tiny,2124,move,accepted,moved,1,0.7211,0.5082,0.1666,4.3327,0.1745,5.9030
phone-android,tiny,2125,wait,rejected,invalid_time,0,0.8221,0.4965,0.0802,3.2701,0.1486,4.8175
phone-android,tiny,2126,move,rejected,exit_unavailable,0,0.7405,0.4894,0.0807,3.5262,0.1568,4.9936
phone-android,tiny,2127,move,rejected,exit_unavailable,0,0.7751,0.5149,0.0816,3.1332,0.1496,4.6545
phone-android,tiny,2128,look,accepted,observed,0,0.7082,0.4607,0.0781,3.0641,0.1494,4.4606
phone-android,tiny,2129,look,accepted,observed,0,0.7558,0.4632,0.0796,3.1206,0.1473,4.5665
phone-android,tiny,2130,activate,rejected,not_eligible,0,0.8055,0.4630,0.0803,3.0595,0.1480,4.5563
phone-android,tiny,2131,move,accepted,moved,1,0.7213,0.4922,0.1681,4.0366,0.1756,5.5939
phone-android,tiny,2132,move,accepted,moved,1,0.7586,0.4996,0.1666,4.2942,0.1693,5.8883
phone-android,tiny,2133,move,accepted,moved,1,0.7237,0.6068,0.1681,4.1518,0.1746,5.8251
phone-android,tiny,2134,move,accepted,moved,1,0.7615,0.4928,0.1681,4.6553,0.1866,6.2643
phone-android,tiny,2135,look,accepted,observed,0,0.7575,0.4707,0.0797,3.4201,0.1487,4.8767
phone-android,tiny,2136,wait,rejected,invalid_time,0,0.7783,0.4903,0.0807,3.7197,0.1574,5.2264
phone-android,tiny,2137,wait,rejected,invalid_time,0,0.7730,0.4974,0.0806,3.0536,0.1570,4.5617
phone-android,tiny,2138,move,accepted,moved,1,0.7622,0.5063,0.1679,3.9452,0.1752,5.5569
phone-android,tiny,2139,look,accepted,observed,0,0.7373,0.4782,0.0782,3.0298,0.1552,4.4787
phone-android,tiny,2140,look,accepted,observed,0,0.8058,0.4884,0.0785,3.6671,0.1518,5.1915
phone-android,tiny,2141,take,rejected,not_present,0,0.7393,0.4904,0.0797,3.2609,0.1536,4.7238
phone-android,tiny,2142,move,accepted,moved,1,0.7836,0.5214,0.1671,3.9344,0.1688,5.5754
phone-android,tiny,2143,move,accepted,moved,1,0.7037,0.4993,0.1687,3.8783,0.1687,5.4189
phone-android,tiny,2144,look,accepted,observed,0,0.6994,0.4714,0.0793,3.4942,0.1581,4.9024
phone-android,tiny,2145,choose,rejected,invalid_choice,0,0.7803,0.6436,0.0812,3.4419,0.1510,5.0980
phone-android,tiny,2146,look,accepted,observed,0,0.7542,0.4715,0.0788,3.6442,0.1500,5.0987
phone-android,tiny,2147,move,accepted,moved,1,0.7578,0.5506,0.1700,4.0076,0.1712,5.6572
phone-android,tiny,2148,look,accepted,observed,0,0.7164,0.4634,0.0779,3.4940,0.1486,4.9003
phone-android,tiny,2149,drop,replayed,dropped,0,1.1767,0.3992,0.0018,0.0006,0.0739,1.6522
phone-android,tiny,2150,move,accepted,moved,1,0.5104,0.4271,0.1674,3.9626,0.1707,5.2383
phone-android,tiny,2151,close_choice,rejected,invalid_choice,0,0.7920,0.4882,0.0804,3.1064,0.1533,4.6203
phone-android,tiny,2152,move,accepted,moved,1,0.7496,0.5030,0.1663,4.0981,0.1810,5.6981
phone-android,tiny,2153,look,accepted,observed,0,0.7577,0.4620,0.0778,3.2198,0.1529,4.6702
phone-android,tiny,2154,move,accepted,moved,1,0.7329,0.5025,0.1691,4.2096,0.1758,5.7899
phone-android,tiny,2155,take,rejected,not_present,0,0.7422,0.4845,0.0791,3.1634,0.1477,4.6170
phone-android,tiny,2156,take,rejected,not_present,0,0.7431,0.5236,0.0866,3.6397,0.1569,5.1501
phone-android,tiny,2157,talk,rejected,not_eligible,0,0.7452,0.4815,0.0807,3.6774,0.1492,5.1340
phone-android,tiny,2158,move,accepted,moved,1,0.7218,0.5396,0.1698,4.1676,0.1696,5.7684
phone-android,tiny,2159,move,accepted,moved,1,0.7235,0.5106,0.1685,4.1667,0.1734,5.7427
phone-android,tiny,2160,move,accepted,moved,1,0.7339,0.5029,0.1648,4.0670,0.1775,5.6461
phone-android,tiny,2161,look,accepted,observed,0,0.8671,0.4755,0.0783,3.3133,0.1521,4.8862
phone-android,tiny,2162,look,accepted,observed,0,0.7380,0.4594,0.0795,3.1988,0.1533,4.6290
phone-android,tiny,2163,look,accepted,observed,0,0.7420,0.5068,0.0781,3.3096,0.1548,4.7914
phone-android,tiny,2164,look,accepted,observed,0,0.7594,0.4696,0.0780,3.1564,0.1480,4.6114
phone-android,tiny,2165,take,rejected,not_present,0,0.7242,0.4732,0.0802,3.1138,0.1400,4.5314
phone-android,tiny,2166,wait,rejected,invalid_time,0,0.7493,0.4760,0.0806,3.9204,0.1597,5.3860
phone-android,tiny,2167,move,accepted,moved,1,0.7527,0.5066,0.2072,4.3845,0.1842,6.0352
phone-android,tiny,2168,talk,rejected,not_eligible,0,1.1264,0.5185,0.0813,3.7662,0.1707,5.6630
phone-android,tiny,2169,look,accepted,observed,0,0.7957,0.5048,0.0865,3.1774,0.1629,4.7273
phone-android,tiny,2170,look,accepted,observed,0,0.7877,0.5183,0.0856,3.3809,0.1937,4.9661
phone-android,tiny,2171,move,accepted,moved,1,0.7913,0.5361,0.1802,3.9443,0.1786,5.6305
phone-android,tiny,2172,look,accepted,observed,0,0.7235,0.5549,0.0849,3.2807,0.1685,4.8125
phone-android,tiny,2173,look,accepted,observed,0,0.7897,0.5242,0.0884,3.3806,0.1715,4.9544
phone-android,tiny,2174,move,accepted,moved,1,0.8087,0.6444,0.1963,4.8023,0.1783,6.6300
phone-android,tiny,2175,look,accepted,observed,0,0.7887,0.5409,0.0847,3.1866,0.1599,4.7607
phone-android,tiny,2176,take,accepted,taken,1,0.7516,0.5101,0.1780,4.0876,0.1732,5.7004
phone-android,tiny,2177,look,accepted,observed,0,0.8098,0.4816,0.0782,3.1792,0.1536,4.7025
phone-android,tiny,2178,look,accepted,observed,0,0.7278,0.4606,0.0782,3.1786,0.1603,4.6055
phone-android,tiny,2179,look,accepted,observed,0,0.7343,0.4867,0.0811,6.0452,0.1576,7.5049
phone-android,tiny,2180,move,rejected,exit_unavailable,0,0.8267,0.4987,0.0818,3.7991,0.1642,5.3705
phone-android,tiny,2181,move,accepted,moved,1,0.7664,0.5072,1.5614,4.7627,0.1752,7.7728
phone-android,tiny,2182,choose,rejected,invalid_choice,0,0.8729,0.5371,0.0817,3.3591,0.2017,5.0524
phone-android,tiny,2183,look,accepted,observed,0,0.7391,0.5173,0.0792,3.5461,0.1547,5.0365
phone-android,tiny,2184,move,accepted,moved,1,0.9145,0.5028,0.1680,4.4266,0.1735,6.1853
phone-android,tiny,2185,drop,accepted,dropped,1,0.7134,0.5278,0.1715,4.4201,0.1721,6.0049
phone-android,tiny,2186,move,accepted,moved,1,0.7281,0.5112,0.2077,4.9877,0.1723,6.6069
phone-android,tiny,2187,look,accepted,observed,0,0.7123,0.4564,0.0772,3.1314,0.1444,4.5217
phone-android,tiny,2188,move,accepted,moved,1,0.7669,0.5495,0.1682,4.0411,0.1686,5.6943
phone-android,tiny,2189,move,accepted,moved,1,0.7061,0.5364,0.1697,4.7723,0.1691,6.3535
phone-android,tiny,2190,look,accepted,observed,0,0.7228,0.4608,0.0778,3.1487,0.1478,4.5578
phone-android,tiny,2191,talk,rejected,not_owned,0,0.8142,0.4729,0.0791,3.0639,0.1519,4.5819
phone-android,tiny,2192,talk,rejected,not_owned,0,0.7217,0.4590,0.0794,3.2433,0.1509,4.6543
phone-android,tiny,2193,drop,replayed,dropped,0,1.0717,0.3929,0.0018,0.0004,0.0579,1.5247
phone-android,tiny,2194,move,accepted,moved,1,0.5662,0.4466,0.1667,3.8863,0.1637,5.2296
phone-android,tiny,2195,talk,rejected,not_eligible,0,0.6986,0.5393,0.0804,4.4860,0.1669,5.9713
phone-android,tiny,2196,look,accepted,observed,0,0.7604,0.4764,0.0779,3.2214,0.1550,4.6910
phone-android,tiny,2197,look,accepted,observed,0,0.7945,0.4708,0.0777,3.0680,0.1520,4.5630
phone-android,tiny,2198,talk,rejected,not_eligible,0,0.7323,0.4621,0.0789,3.0875,0.1517,4.5124
phone-android,tiny,2199,look,accepted,observed,0,0.7178,0.5427,0.0793,3.7193,0.1572,5.2163
phone-android,tiny,2200,move,accepted,moved,1,0.7116,0.4948,0.1681,3.9545,0.1666,5.4955
phone-android,tiny,2201,look,accepted,observed,0,0.7769,0.4631,0.0780,3.0831,0.1477,4.5488
phone-android,tiny,2202,move,rejected,exit_unavailable,0,0.7037,0.4839,0.0810,3.1007,0.1510,4.5204
phone-android,tiny,2203,move,accepted,moved,1,0.7743,0.6704,0.1709,4.5086,0.1732,6.2974
phone-android,tiny,2204,look,accepted,observed,0,0.7341,0.5516,0.0838,3.5445,0.1576,5.0715
phone-android,tiny,2205,move,accepted,moved,1,0.7301,0.5018,0.1693,4.3603,0.1704,5.9319
phone-android,tiny,2206,look,accepted,observed,0,0.8252,0.4795,0.0781,3.3220,0.1518,4.8565
phone-android,tiny,2207,move,accepted,moved,1,0.7260,0.5038,0.1677,4.6254,0.1736,6.1965
phone-android,tiny,2208,look,accepted,observed,0,0.7233,0.5353,0.0776,3.2286,0.1453,4.7101
phone-android,tiny,2209,look,accepted,observed,0,0.7030,0.4988,0.0792,3.9853,0.1533,5.4196
phone-android,tiny,2210,look,accepted,observed,0,0.7784,0.4747,0.0779,3.4712,0.1475,4.9497
phone-android,tiny,2211,move,accepted,moved,1,0.7318,0.4993,0.1671,7.5516,0.1695,9.1194
phone-android,tiny,2212,look,accepted,observed,0,0.7723,0.4696,0.0784,3.8217,0.1472,5.2892
phone-android,tiny,2213,talk,rejected,not_owned,0,0.7151,0.4657,0.0776,3.1797,0.1555,4.5935
phone-android,tiny,2214,move,accepted,moved,1,0.7365,0.5340,0.1837,4.3261,0.1781,5.9583
phone-android,tiny,2215,look,accepted,observed,0,0.7379,0.4877,0.0841,3.4047,0.1594,4.8739
phone-android,tiny,2216,activate,rejected,not_eligible,0,0.7743,0.5023,0.0860,3.0018,0.1548,4.5192
phone-android,tiny,2217,look,accepted,observed,0,0.7538,0.4977,0.0858,3.1351,0.1469,4.6192
phone-android,tiny,2218,talk,rejected,not_eligible,0,0.7331,0.4654,0.0798,3.1762,0.1597,4.6142
phone-android,tiny,2219,wait,rejected,invalid_time,0,0.8471,0.4979,0.0799,3.1002,0.1567,4.6819
phone-android,tiny,2220,activate,rejected,not_eligible,0,0.7542,0.4564,0.0799,3.3589,0.1569,4.8061
phone-android,tiny,2221,choose,rejected,stale_view,0,0.8421,0.5012,0.0790,3.7414,0.1552,5.3188
phone-android,tiny,2222,look,accepted,observed,0,0.7205,0.4646,0.0781,3.0195,0.1516,4.4342
phone-android,tiny,2223,look,accepted,observed,0,0.7315,0.5515,0.0779,14.5466,0.1558,16.0633
phone-android,tiny,2224,talk,rejected,not_eligible,0,0.7088,0.4647,0.0789,3.4355,0.1600,4.8479
phone-android,tiny,2225,move,accepted,moved,1,0.7540,0.4983,0.1669,3.9263,0.1712,5.5167
phone-android,tiny,2226,look,accepted,observed,0,0.7020,0.5130,0.0789,3.5912,0.1555,5.0405
phone-android,tiny,2227,move,accepted,moved,1,0.7224,0.4922,0.1690,4.4176,0.2961,6.0973
phone-android,tiny,2228,look,accepted,observed,0,0.7537,0.4809,0.0785,3.5294,0.1569,4.9994
phone-android,tiny,2229,look,accepted,observed,0,0.7395,0.4770,0.0776,3.2778,0.1832,4.7552
phone-android,tiny,2230,take,accepted,taken,1,0.7359,0.4893,0.1665,4.4608,0.1703,6.0228
phone-android,tiny,2231,talk,rejected,not_eligible,0,0.8164,0.4832,0.0810,3.4733,0.2478,5.1017
phone-android,tiny,2232,wait,rejected,invalid_time,0,1.0166,0.9895,0.2798,3.4526,0.1587,5.8971
phone-android,tiny,2233,close_choice,rejected,invalid_choice,0,0.7527,0.4776,0.0801,3.0307,0.1574,4.4984
phone-android,tiny,2234,move,accepted,moved,1,0.7183,0.4856,0.1653,4.0924,0.3076,5.7692
phone-android,tiny,2235,wait,rejected,invalid_time,0,1.3022,1.0477,0.3296,3.1412,0.1851,6.0058
phone-android,tiny,2236,wait,rejected,invalid_time,0,0.7507,0.4971,0.0803,3.6518,0.1521,5.1320
phone-android,tiny,2237,move,accepted,moved,1,0.7483,0.5011,0.2065,4.6485,0.1725,6.2769
phone-android,tiny,2238,move,accepted,moved,1,0.7689,0.4949,0.1661,4.8550,0.1576,6.4425
phone-android,tiny,2239,choose,rejected,invalid_choice,0,0.6078,0.4932,0.0805,2.9609,0.1329,4.2752
phone-android,tiny,2240,wait,rejected,invalid_time,0,0.6198,0.4996,0.0813,3.1320,0.1334,4.4661
phone-android,tiny,2241,take,replayed,not_present,0,0.9099,0.3653,0.0019,0.0005,0.0593,1.3368
phone-android,tiny,2242,drop,accepted,dropped,1,0.5370,0.4218,0.1667,4.2414,0.1900,5.5569
phone-android,tiny,2243,look,accepted,observed,0,0.7070,0.6001,0.1292,3.1833,0.1298,4.7493
phone-android,tiny,2244,take,accepted,taken,1,0.6056,0.4413,0.1651,3.7190,0.1501,5.0811
phone-android,tiny,2245,move,accepted,moved,1,0.5913,0.4635,0.1666,3.7172,0.1481,5.0867
phone-android,tiny,2246,look,accepted,observed,0,0.5898,0.4393,0.0782,3.5518,0.1305,4.7896
phone-android,tiny,2247,drop,replayed,dropped,0,0.8938,0.3705,0.0019,0.0007,0.0574,1.3242
phone-android,tiny,2248,choose,rejected,stale_view,0,0.4871,0.4123,0.0761,3.1870,0.2434,4.4059
phone-android,tiny,2249,look,accepted,observed,0,1.2799,0.4634,0.0786,3.2522,0.1319,5.2060
phone-android,tiny,2250,look,accepted,observed,0,0.6211,0.4386,0.0770,3.2593,0.1322,4.5282
phone-android,tiny,2251,look,accepted,observed,0,0.5924,0.5574,0.0794,3.4797,0.1327,4.8416
phone-android,tiny,2252,talk,rejected,not_eligible,0,0.6202,0.4464,0.0799,3.5665,0.1340,4.8470
phone-android,tiny,2253,look,accepted,observed,0,0.5972,0.4959,0.0809,3.0491,0.3005,4.5236
phone-android,tiny,2254,look,accepted,observed,0,0.6219,0.4309,0.0777,2.9661,0.2300,4.3266
phone-android,tiny,2255,look,accepted,observed,0,1.0436,1.1693,0.0971,3.6542,0.2333,6.1976
phone-android,tiny,2256,move,accepted,moved,1,1.0200,0.9868,0.3793,5.7110,0.2670,8.3641
phone-android,tiny,2257,look,accepted,observed,0,1.0479,0.4456,0.0772,3.1444,0.2328,4.9479
phone-android,tiny,2258,move,accepted,moved,1,1.1048,1.0172,0.5541,4.5810,0.1494,7.4065
phone-android,tiny,2259,move,accepted,moved,1,0.6291,0.4653,0.1637,4.0874,0.2732,5.6187
phone-android,tiny,2260,move,accepted,moved,1,1.0387,1.0113,0.3840,6.5474,0.1544,9.1359
phone-android,tiny,2261,look,accepted,observed,0,0.7014,0.4299,0.0773,3.2944,0.1323,4.6353
phone-android,tiny,2262,drop,accepted,dropped,1,0.6139,0.4388,0.1691,3.5062,0.1536,4.8816
phone-android,tiny,2263,take,accepted,taken,1,0.5985,0.4772,0.1767,3.8753,0.1464,5.2741
phone-android,tiny,2264,move,accepted,moved,1,0.5840,0.4638,0.1645,3.6523,0.1428,5.0073
phone-android,tiny,2265,move,accepted,moved,1,0.6770,0.4727,0.1656,4.7422,0.2706,6.3281
phone-android,tiny,2266,move,accepted,moved,1,1.1358,0.9873,0.3771,4.7884,0.2666,7.5552
phone-android,tiny,2267,move,accepted,moved,1,0.5810,0.4539,0.1661,3.8080,0.1449,5.1539
phone-android,tiny,2268,look,accepted,observed,0,0.6109,0.4304,0.0772,3.7101,0.1246,4.9531
phone-android,tiny,2269,drop,rejected,integrity_conflict,0,0.8642,0.3691,0.0019,0.0004,0.0626,1.2981
phone-android,tiny,2270,move,accepted,moved,1,0.5159,0.4310,0.1636,3.8271,0.1840,5.1216
phone-android,tiny,2271,wait,rejected,invalid_time,0,0.6253,0.4543,0.0811,4.5257,0.2263,5.9127
phone-android,tiny,2272,look,accepted,observed,0,1.1605,0.4897,0.0881,3.0033,0.1389,4.8805
phone-android,tiny,2273,look,accepted,observed,0,0.6399,0.4908,0.0898,5.8355,0.2346,7.2906
phone-android,tiny,2274,look,accepted,observed,0,1.0776,0.6708,0.0956,3.3597,0.1382,5.3420
phone-android,tiny,2275,move,accepted,moved,1,0.6574,0.4933,0.1815,4.2988,0.1587,5.7897
phone-android,tiny,2276,move,accepted,moved,1,0.7139,0.5162,0.1793,3.7804,0.1516,5.3414
phone-android,tiny,2277,drop,accepted,dropped,1,0.6040,0.4864,0.1825,3.5508,0.1514,4.9751
phone-android,tiny,2278,choose,rejected,invalid_choice,0,0.6568,0.5266,0.0861,3.2729,0.1398,4.6822
phone-android,tiny,2279,move,accepted,moved,1,0.6288,0.4907,0.1800,3.5239,0.1524,4.9757
phone-android,tiny,2280,move,accepted,moved,1,0.6240,0.5087,0.1805,3.5206,0.1408,4.9746
phone-android,tiny,2281,look,accepted,observed,0,0.5531,0.4358,0.0787,2.5730,0.1145,3.7552
phone-android,tiny,2282,activate,rejected,not_eligible,0,0.5432,0.4417,0.0814,2.4491,0.1156,3.6309
phone-android,tiny,2283,look,accepted,observed,0,0.5389,0.4243,0.0773,3.0660,0.1249,4.2315
phone-android,tiny,2284,move,accepted,moved,1,0.6420,0.4697,0.1669,4.1641,0.1498,5.5926
phone-android,tiny,2285,choose,rejected,invalid_choice,0,0.5910,0.4956,0.0789,2.7171,0.1236,4.0062
phone-android,tiny,2286,look,accepted,observed,0,0.5644,0.4928,0.0782,2.9379,0.1629,4.2360
phone-android,tiny,2287,look,accepted,observed,0,0.5288,0.4313,0.0777,2.8018,0.1182,3.9577
phone-android,tiny,2288,move,rejected,exit_unavailable,0,0.6214,0.5093,0.0854,3.2604,0.1236,4.6001
phone-android,tiny,2289,move,accepted,moved,1,0.5837,0.5255,0.2045,3.9049,0.1456,5.3643
phone-android,tiny,2290,move,rejected,exit_unavailable,0,0.5381,0.5149,0.0825,3.3365,0.1354,4.6074
phone-android,tiny,2291,move,accepted,moved,1,0.6651,0.5389,0.2364,4.0677,0.1388,5.6469
phone-android,tiny,2292,move,accepted,moved,1,0.5549,0.5198,0.1650,3.9222,0.1380,5.2999
phone-android,tiny,2293,move,accepted,moved,1,0.6038,0.5210,1.5026,4.5071,0.1526,7.2871
phone-android,tiny,2294,move,accepted,moved,1,0.6460,0.5477,0.1727,4.4219,0.1429,5.9311
phone-android,tiny,2295,move,accepted,moved,1,0.5979,0.5293,0.1707,3.9629,0.1419,5.4027
phone-android,tiny,2296,choose,rejected,invalid_choice,0,0.5405,0.5444,0.0793,3.2655,0.1385,4.5682
phone-android,tiny,2297,look,accepted,observed,0,0.7676,0.4895,0.0790,3.2200,0.1143,4.6704
phone-android,tiny,2298,close_choice,rejected,invalid_choice,0,0.5546,0.4907,0.0815,3.3525,0.1486,4.6280
phone-android,tiny,2299,choose,rejected,stale_view,0,0.7528,0.5522,0.0799,3.9234,0.1335,5.4419
phone-android,tiny,2300,move,accepted,moved,1,0.7277,0.5500,0.1720,4.6739,0.1460,6.2696
phone-android,tiny,2301,wait,rejected,invalid_time,0,0.5401,0.5031,0.0851,3.4796,0.1192,4.7271
phone-android,tiny,2302,look,accepted,observed,0,0.5729,0.4784,0.1276,3.4663,0.1317,4.7768
phone-android,tiny,2303,look,accepted,observed,0,0.6727,0.4768,0.0811,3.6747,0.1285,5.0338
phone-android,tiny,2304,move,rejected,exit_unavailable,0,0.6945,0.5259,0.1651,3.8249,0.1209,5.3313
phone-android,tiny,2305,move,accepted,moved,1,0.5849,0.5466,0.1740,8.9189,0.1531,10.3775
phone-android,tiny,2306,look,accepted,observed,0,0.6323,0.4424,0.0772,3.7982,0.1283,5.0784
phone-android,tiny,2307,take,rejected,not_present,0,0.6855,0.4646,0.0811,3.2739,0.1284,4.6334
phone-android,tiny,2308,move,accepted,moved,1,0.6001,0.4920,0.1670,3.9102,0.1400,5.3093
phone-android,tiny,2309,close_choice,rejected,invalid_choice,0,0.5846,0.4619,0.0827,2.9606,0.1057,4.1955
phone-android,tiny,2310,move,accepted,moved,1,0.4932,0.4763,0.1687,5.3552,0.1462,6.6396
phone-android,tiny,2311,talk,rejected,not_eligible,0,0.5706,0.4647,0.0800,5.1387,0.1446,6.3988
phone-android,tiny,2312,look,accepted,observed,0,0.7266,0.4944,0.0802,3.4528,0.1587,4.9127
phone-android,tiny,2313,move,accepted,moved,1,0.8331,0.5780,0.2366,4.8247,0.1635,6.6360
phone-android,tiny,2314,talk,rejected,not_owned,0,0.6952,0.5409,0.0862,3.4819,0.2353,5.0394
phone-android,tiny,2315,take,rejected,not_present,0,0.6726,0.4659,0.0801,4.1612,0.1452,5.5249
phone-android,tiny,2316,move,accepted,moved,1,0.7213,0.6446,0.1815,4.6676,0.1671,6.3821
phone-android,tiny,2317,activate,rejected,not_eligible,0,0.6793,0.5760,0.0845,3.7052,0.1505,5.1955
phone-android,tiny,2318,take,rejected,not_present,0,0.6616,0.5024,0.0815,3.2835,0.1181,4.6471
phone-android,tiny,2319,activate,rejected,not_eligible,0,0.5746,0.4772,0.0794,3.2609,0.1105,4.5027
phone-android,tiny,2320,wait,rejected,invalid_time,0,0.6306,0.5186,0.0804,3.4126,0.1076,4.7498
phone-android,tiny,2321,look,accepted,observed,0,0.5828,0.4906,0.0795,3.4263,0.1181,4.6973
phone-android,tiny,2322,take,rejected,not_present,0,0.6327,0.5158,0.0813,3.3218,0.1161,4.6678
phone-android,tiny,2323,move,accepted,moved,1,0.5815,0.5229,0.1702,4.3379,0.1369,5.7494
phone-android,tiny,2324,close_choice,rejected,invalid_choice,0,0.6149,0.4767,0.0820,4.9791,0.1676,6.3203
phone-android,tiny,2325,move,accepted,moved,1,0.8861,0.5573,0.1941,4.4092,0.1539,6.2007
phone-android,tiny,2326,look,accepted,observed,0,0.5979,0.5901,0.0841,3.3752,0.1106,4.7578
phone-android,tiny,2327,wait,rejected,invalid_time,0,0.5810,0.4809,0.0799,3.5886,0.1195,4.8499
phone-android,tiny,2328,move,accepted,moved,1,0.5974,0.4896,0.2074,4.9571,0.1716,6.4233
phone-android,tiny,2329,take,rejected,not_present,0,0.8379,0.5170,0.1471,3.7632,0.1233,5.3885
phone-android,tiny,2330,look,accepted,observed,0,0.6023,0.4589,0.0766,3.5013,0.1168,4.7559
phone-android,tiny,2331,take,rejected,not_present,0,0.6021,0.4880,0.0818,3.4631,0.1327,4.7676
phone-android,tiny,2332,look,accepted,observed,0,0.7224,0.5115,0.0808,3.4194,0.1233,4.8574
phone-android,tiny,2333,move,rejected,exit_unavailable,0,0.6249,0.5342,0.0841,3.3608,0.1386,4.7427
phone-android,tiny,2334,look,accepted,observed,0,0.8010,0.4981,0.0829,3.2789,0.1184,4.7793
phone-android,tiny,2335,wait,rejected,invalid_time,0,0.5746,0.4924,0.0831,3.5415,0.1209,4.8124
phone-android,tiny,2336,move,accepted,moved,1,0.5955,0.5251,0.1694,4.6150,0.1585,6.0635
phone-android,tiny,2337,take,rejected,not_present,0,0.6394,0.5503,0.0945,4.0218,0.1287,5.4346
phone-android,tiny,2338,wait,rejected,invalid_time,0,0.7519,0.5364,0.0876,3.6446,0.1427,5.1632
phone-android,tiny,2339,talk,rejected,not_eligible,0,0.8300,0.5548,0.0828,3.4348,0.1268,5.0293
phone-android,tiny,2340,talk,rejected,not_eligible,0,0.6513,0.4980,0.0797,3.5673,0.1366,4.9329
phone-android,tiny,2341,look,accepted,observed,0,0.7409,0.4956,0.0786,3.5258,0.1193,4.9603
phone-android,tiny,2342,move,accepted,moved,1,0.5959,0.5056,0.1670,4.3396,0.1432,5.7513
phone-android,tiny,2343,move,accepted,moved,1,0.6851,0.5580,0.1701,5.1855,0.1794,6.7780
phone-android,tiny,2344,move,accepted,moved,1,0.7164,0.5653,0.1676,4.3553,0.1455,5.9501
phone-android,tiny,2345,look,accepted,observed,0,0.6104,0.4929,0.0810,3.3607,0.1148,4.6599
phone-android,tiny,2346,move,accepted,moved,1,0.5492,0.4824,0.1680,4.7996,0.1756,6.1748
phone-android,tiny,2347,look,accepted,observed,0,0.6805,0.5026,0.0820,3.4589,0.1205,4.8444
phone-android,tiny,2348,look,accepted,observed,0,0.6048,0.5351,0.0930,3.6261,0.1334,4.9923
phone-android,tiny,2349,activate,rejected,not_eligible,0,0.6895,0.5421,0.0807,3.9540,0.1481,5.4143
phone-android,tiny,2350,choose,rejected,stale_view,0,0.8307,0.5411,0.0781,3.7368,0.1309,5.3177
phone-android,tiny,2351,look,accepted,observed,0,0.6810,0.5094,0.0791,3.4009,0.1290,4.7994
phone-android,tiny,2352,look,accepted,observed,0,0.7718,0.5119,0.0786,3.4267,0.1289,4.9179
phone-android,tiny,2353,choose,rejected,invalid_choice,0,0.6594,0.5412,0.0790,3.5007,0.1233,4.9035
phone-android,tiny,2354,move,accepted,moved,1,0.6616,0.5088,0.1705,4.4576,0.1811,5.9795
phone-android,tiny,2355,wait,rejected,invalid_time,0,0.6682,0.5741,0.0919,3.4670,0.1545,4.9558
phone-android,tiny,2356,look,accepted,observed,0,0.6849,0.4746,0.0788,3.6465,0.1183,5.0031
phone-android,tiny,2357,move,accepted,moved,1,0.6002,0.5203,0.2104,4.2799,0.1754,5.7861
phone-android,tiny,2358,wait,rejected,invalid_time,0,0.7263,0.5427,0.0806,3.7487,0.1456,5.2439
phone-android,tiny,2359,look,accepted,observed,0,0.7584,0.5294,0.0807,3.7272,0.1253,5.2210
phone-android,tiny,2360,look,accepted,observed,0,0.5991,0.4843,0.0798,3.2718,0.1113,4.5464
phone-android,tiny,2361,look,accepted,observed,0,0.6055,0.4838,0.0811,3.8233,0.1465,5.1403
phone-android,tiny,2362,wait,rejected,invalid_time,0,0.7205,0.5364,0.0813,4.2683,0.1437,5.7502
phone-android,tiny,2363,talk,rejected,not_eligible,0,0.7106,0.5353,0.0826,3.8736,0.1266,5.3286
phone-android,tiny,2364,drop,replayed,dropped,0,1.0777,0.4227,0.0026,0.0005,0.0572,1.5607
phone-android,tiny,2365,look,accepted,observed,0,0.4059,0.3999,0.0771,3.6157,0.1160,4.6146
phone-android,tiny,2366,look,accepted,observed,0,0.6053,0.4822,0.1568,3.7221,0.1348,5.1012
phone-android,tiny,2367,move,accepted,moved,1,0.7014,0.5613,0.1697,4.2515,0.1602,5.8442
phone-android,tiny,2368,take,rejected,not_present,0,0.7761,0.4884,0.0808,3.2772,0.1198,4.7423
phone-android,tiny,2369,look,accepted,observed,0,0.5977,0.4452,0.0778,3.5009,0.1206,4.7422
phone-android,tiny,2370,look,accepted,observed,0,0.6484,0.4935,0.0795,3.8647,0.1158,5.2020
phone-android,tiny,2371,choose,rejected,stale_view,0,0.5787,0.4815,0.0789,3.1707,0.1160,4.4257
phone-android,tiny,2372,take,replayed,not_present,0,0.9851,0.4090,0.0021,0.0004,0.0592,1.4558
phone-android,tiny,2373,look,accepted,observed,0,0.4744,0.4113,0.0785,3.5499,0.1505,4.6646
phone-android,tiny,2374,talk,rejected,not_owned,0,0.7674,0.5325,0.0819,3.8081,0.1294,5.3192
phone-android,tiny,2375,move,accepted,moved,1,0.8061,0.5759,0.1708,4.5266,0.1661,6.2455
phone-android,tiny,2376,wait,rejected,invalid_time,0,0.7101,0.5519,0.0824,3.6646,0.1312,5.1403
phone-android,tiny,2377,take,rejected,not_present,0,0.6442,0.4848,0.0813,3.4676,0.1156,4.7935
phone-android,tiny,2378,look,accepted,observed,0,0.5797,0.4954,0.0802,3.1617,0.1326,4.4496
phone-android,tiny,2379,talk,rejected,not_eligible,0,0.7105,0.5419,0.0802,3.6431,0.1370,5.1127
phone-android,tiny,2380,look,accepted,observed,0,0.8439,0.4989,0.0792,4.0869,0.1367,5.6455
phone-android,tiny,2381,move,rejected,exit_unavailable,0,0.7270,0.5786,0.0849,3.7628,0.1297,5.2831
phone-android,tiny,2382,move,accepted,moved,1,0.6990,0.5401,0.1717,4.4924,0.1639,6.0671
phone-android,tiny,2383,choose,rejected,stale_view,0,0.6806,0.4905,0.0790,3.2371,0.1166,4.6038
phone-android,tiny,2384,move,accepted,moved,1,0.5509,0.5131,0.1699,4.6590,0.1900,6.0829
phone-android,tiny,2385,choose,rejected,invalid_choice,0,1.3840,0.6857,0.0920,3.7795,0.1692,6.1103
phone-android,tiny,2386,wait,rejected,invalid_time,0,0.7866,0.6021,0.1139,3.9015,0.1435,5.5476
phone-android,tiny,2387,talk,rejected,not_eligible,0,0.7559,0.5778,0.0919,3.6083,0.1445,5.1784
phone-android,tiny,2388,wait,rejected,invalid_time,0,0.7352,0.5810,0.0920,4.1404,0.1507,5.6993
phone-android,tiny,2389,look,accepted,observed,0,0.7871,0.5176,0.0820,3.6484,0.1264,5.1616
phone-android,tiny,2390,choose,rejected,invalid_choice,0,0.6379,0.5828,0.0822,3.3567,0.1189,4.7785
phone-android,tiny,2391,look,accepted,observed,0,0.5879,0.4716,0.0790,3.2020,0.1356,4.4760
phone-android,tiny,2392,look,accepted,observed,0,0.7084,0.4771,0.0785,3.8250,0.1667,5.2558
phone-android,tiny,2393,activate,rejected,not_eligible,0,0.7126,0.5148,0.0829,3.5922,0.1221,5.0245
phone-android,tiny,2394,wait,rejected,invalid_time,0,0.6149,0.4991,0.0810,3.3590,0.1109,4.6651
phone-android,tiny,2395,talk,rejected,not_eligible,0,0.6020,0.4859,0.0798,3.2560,0.1325,4.5562
phone-android,tiny,2396,look,accepted,observed,0,0.7968,0.5191,0.0804,3.5206,0.1316,5.0484
phone-android,tiny,2397,move,accepted,moved,1,0.7214,0.5607,0.1716,4.6412,0.1519,6.2469
phone-android,tiny,2398,move,accepted,moved,1,0.6020,0.5657,0.1721,4.2818,0.1623,5.7839
phone-android,tiny,2399,choose,rejected,stale_view,0,0.6220,0.4967,0.0789,4.0852,0.1215,5.4044
phone-android,tiny,2400,move,accepted,moved,1,0.6018,0.5241,0.1690,3.7592,0.1414,5.1955
phone-android,tiny,2401,move,accepted,moved,1,0.5370,0.5297,0.2426,4.6055,0.1773,6.0920
phone-android,tiny,2402,move,rejected,exit_unavailable,0,0.7294,0.5615,0.0825,3.3710,0.1344,4.8788
phone-android,tiny,2403,take,rejected,not_present,0,0.7696,0.4950,0.0806,3.3660,0.1204,4.8316
phone-android,tiny,2404,move,accepted,moved,1,0.5798,0.5234,0.1688,4.1585,0.1491,5.5796
phone-android,tiny,2405,talk,rejected,not_owned,0,0.6169,0.4929,0.0821,3.4962,0.1202,4.8083
phone-android,tiny,2406,move,accepted,moved,1,0.5601,0.5027,0.1693,4.0234,0.1401,5.3956
phone-android,tiny,2407,look,accepted,observed,0,0.5710,0.4869,0.0810,3.1721,0.1196,4.4306
phone-android,tiny,2408,look,accepted,observed,0,0.5947,0.4510,0.0772,3.2531,0.1153,4.4913
phone-android,tiny,2409,move,accepted,moved,1,0.6357,0.5215,0.1687,4.0285,0.1459,5.5003
phone-android,tiny,2410,move,accepted,moved,1,1.9888,0.5820,0.1706,4.4993,0.1610,7.4018
phone-android,tiny,2411,move,accepted,moved,1,0.5949,0.6546,0.1711,4.2255,0.1474,5.7936
phone-android,tiny,2412,move,accepted,moved,1,0.5492,0.5191,0.1744,4.1492,0.1435,5.5354
phone-android,tiny,2413,talk,rejected,not_eligible,0,0.5228,0.4866,0.0803,3.4545,0.1241,4.6682
phone-android,tiny,2414,look,accepted,observed,0,0.6106,0.4561,0.0772,3.3901,0.1149,4.6489
phone-android,tiny,2415,talk,rejected,not_eligible,0,0.6369,0.4870,0.0804,3.1759,0.1199,4.5002
phone-android,tiny,2416,take,rejected,not_present,0,0.5549,0.4751,0.0804,3.3644,0.1199,4.5948
phone-android,tiny,2417,move,rejected,exit_unavailable,0,0.5900,0.5535,0.0844,3.4084,0.1326,4.7690
phone-android,tiny,2418,talk,rejected,not_eligible,0,0.6035,0.4882,0.0815,3.5990,0.1435,4.9156
phone-android,tiny,2419,take,rejected,not_present,0,0.7626,0.5691,0.0828,3.5815,0.1280,5.1241
phone-android,tiny,2420,look,accepted,observed,0,0.6704,0.5076,0.0786,3.5500,0.1241,4.9307
phone-android,tiny,2421,move,accepted,moved,1,0.6319,0.5364,0.1715,4.5223,0.1466,6.0086
phone-android,tiny,2422,look,accepted,observed,0,0.5630,0.4779,0.0816,3.2333,0.1118,4.4676
phone-android,tiny,2423,look,accepted,observed,0,0.9428,0.5328,0.0808,3.5085,0.1148,5.1796
phone-android,tiny,2424,move,rejected,exit_unavailable,0,0.5869,0.4983,0.0845,3.5658,0.1253,4.8609
phone-android,tiny,2425,look,accepted,observed,0,0.6348,0.4878,0.0791,3.4582,0.1164,4.7764
phone-android,tiny,2426,take,rejected,not_present,0,0.5549,0.4706,0.0807,3.2985,0.1422,4.5470
phone-android,tiny,2427,look,accepted,observed,0,0.7247,0.6001,0.0791,3.5704,0.1393,5.1136
phone-android,tiny,2428,move,accepted,moved,1,0.7368,0.5565,0.1730,4.4894,0.1434,6.0991
phone-android,tiny,2429,move,rejected,exit_unavailable,0,0.6169,0.5089,0.0841,3.2802,0.1207,4.6108
phone-android,tiny,2430,move,accepted,moved,1,0.5640,0.5110,0.1694,4.6214,0.1584,6.0242
phone-android,tiny,2431,activate,rejected,not_eligible,0,0.6467,0.5100,0.0827,3.4030,0.1243,4.7666
phone-android,tiny,2432,look,accepted,observed,0,0.5879,0.5350,0.0811,3.5554,0.1278,4.8872
phone-android,tiny,2433,look,accepted,observed,0,0.7004,0.5144,0.0816,3.5335,0.1324,4.9624
phone-android,tiny,2434,look,accepted,observed,0,0.6917,0.5179,0.0813,3.5107,0.1188,4.9204
phone-android,tiny,2435,move,accepted,moved,1,0.6389,0.5257,0.1724,4.1210,0.1570,5.6149
phone-android,tiny,2436,move,accepted,moved,1,0.6627,0.5261,0.1702,4.1271,0.1399,5.6260
phone-android,tiny,2437,look,accepted,observed,0,0.5661,0.4890,0.0795,3.6219,0.1688,4.9253
phone-android,tiny,2438,take,replayed,not_present,0,1.0520,0.4375,0.0027,0.0005,0.0588,1.5515
phone-android,tiny,2439,move,accepted,moved,1,0.4399,0.4384,0.1669,4.3943,0.1735,5.6130
phone-android,tiny,2440,move,accepted,moved,1,0.7395,0.5543,0.1710,4.2828,0.1403,5.8879
phone-android,tiny,2441,choose,rejected,invalid_choice,0,0.6261,0.5669,0.0804,3.1443,0.1197,4.5374
phone-android,tiny,2442,move,accepted,moved,1,0.5517,0.5102,0.1709,4.1751,0.2115,5.6194
phone-android,tiny,2443,look,accepted,observed,0,0.6002,0.4971,0.0811,3.5654,0.1148,4.8587
phone-android,tiny,2444,look,accepted,observed,0,0.5753,0.4824,0.0790,3.1097,0.1294,4.3758
phone-android,tiny,2445,take,replayed,not_present,0,1.0312,0.4181,0.0021,0.0003,0.0591,1.5108
phone-android,tiny,2446,take,rejected,not_present,0,0.4043,0.4108,0.0792,3.0557,0.1234,4.0733
phone-android,tiny,2447,talk,rejected,not_eligible,0,0.5593,0.4794,0.0814,3.7469,0.1480,5.0150
phone-android,tiny,2448,close_choice,rejected,invalid_choice,0,0.5654,0.4928,0.0813,2.9359,0.1287,4.2041
phone-android,tiny,2449,move,accepted,moved,1,0.6016,0.5024,0.1718,4.0385,0.1474,5.4617
phone-android,tiny,2450,move,accepted,moved,1,0.6189,0.5232,0.1707,4.0027,0.1580,5.4736
phone-android,tiny,2451,talk,rejected,not_eligible,0,0.5682,0.5002,0.0826,3.3581,0.1169,4.6260
phone-android,tiny,2452,choose,rejected,stale_view,0,0.7605,0.5045,0.0793,3.0123,0.1185,4.4751
phone-android,tiny,2453,activate,rejected,not_eligible,0,0.5488,0.4947,0.0820,3.0979,0.1254,4.3488
phone-android,tiny,2454,move,accepted,moved,1,0.6103,0.5239,0.2073,3.7444,0.1468,5.2327
phone-android,tiny,2455,move,accepted,moved,1,0.5442,0.5082,0.1712,4.3944,0.1556,5.7735
phone-android,tiny,2456,wait,rejected,invalid_time,0,0.6933,0.5103,0.0832,3.2122,0.1276,4.6267
phone-android,tiny,2457,talk,rejected,not_eligible,0,0.5817,0.4901,0.0805,3.3868,0.1508,4.6898
phone-android,tiny,2458,move,accepted,moved,1,0.8045,0.5593,0.1712,4.3658,0.1810,6.0819
phone-android,tiny,2459,look,accepted,observed,0,0.7532,0.5214,0.1628,3.4481,0.1208,5.0063
phone-android,tiny,2460,look,accepted,observed,0,0.5725,0.4758,0.0794,3.1960,0.1197,4.4434
phone-android,tiny,2461,move,accepted,moved,1,0.5809,0.5186,0.1710,4.6797,0.1635,6.1138
phone-android,tiny,2462,look,accepted,observed,0,0.6396,0.4929,0.0814,3.3284,0.1153,4.6576
phone-android,tiny,2463,move,accepted,moved,1,0.5717,0.5750,0.1777,4.5579,0.1502,6.0324
phone-android,tiny,2464,take,rejected,not_present,0,0.5446,0.4755,0.0797,3.3969,0.1166,4.6133
phone-android,tiny,2465,choose,rejected,invalid_choice,0,0.6482,0.5598,0.0819,3.9717,0.1568,5.4185
phone-android,tiny,2466,move,accepted,moved,1,0.8422,0.5478,0.2229,5.0304,0.1667,6.8099
phone-android,tiny,2467,move,accepted,moved,1,0.6717,0.5290,0.2442,4.6079,0.1567,6.2095
phone-android,tiny,2468,take,rejected,not_present,0,0.6081,0.4833,0.0835,3.5634,0.1175,4.8558
phone-android,tiny,2469,move,accepted,moved,1,0.6046,0.5220,0.1696,4.2864,0.1516,5.7342
phone-android,tiny,2470,move,accepted,moved,1,0.5666,0.5180,0.2315,4.6092,0.1856,6.1108
phone-android,tiny,2471,look,accepted,observed,0,0.7512,0.5198,0.0818,4.1892,0.1446,5.6867
phone-android,tiny,2472,move,rejected,exit_unavailable,0,0.7436,0.5483,0.0856,3.5174,0.1440,5.0390
phone-android,tiny,2473,look,accepted,observed,0,0.7011,0.5790,0.0797,3.5895,0.1264,5.0758
phone-android,tiny,2474,activate,rejected,not_eligible,0,0.6595,0.4928,0.0827,3.5004,0.1290,4.8645
phone-android,tiny,2475,look,accepted,observed,0,0.6115,0.5112,0.0807,3.2491,0.1092,4.5617
phone-android,tiny,2476,look,accepted,observed,0,0.5973,0.4767,0.0793,3.2370,0.1135,4.5039
phone-android,tiny,2477,move,accepted,moved,1,0.5666,0.5099,0.1713,4.1303,0.1659,5.5440
phone-android,tiny,2478,look,accepted,observed,0,0.5904,0.4927,0.0797,3.2721,0.1180,4.5529
phone-android,tiny,2479,move,accepted,moved,1,0.5810,0.5166,0.1690,4.5389,0.1719,5.9774
phone-android,tiny,2480,take,rejected,not_present,0,0.7525,0.5336,0.0822,3.7555,0.1462,5.2700
phone-android,tiny,2481,look,accepted,observed,0,0.7879,0.5254,0.0800,3.8653,0.1253,5.3839
phone-android,tiny,2482,move,accepted,moved,1,0.5869,0.5116,0.1680,4.1552,0.1502,5.5719
phone-android,tiny,2483,look,accepted,observed,0,0.5987,0.4874,0.0804,3.3686,0.1309,4.6660
phone-android,tiny,2484,move,accepted,moved,1,0.6445,0.5181,0.2109,4.0746,0.1490,5.5971
phone-android,tiny,2485,choose,rejected,invalid_choice,0,0.5388,0.5322,0.0791,3.2995,0.1145,4.5642
phone-android,tiny,2486,look,accepted,observed,0,0.5651,0.4700,0.1380,24.8182,0.2116,26.2030
phone-android,tiny,2487,move,accepted,moved,1,1.1733,0.6782,0.1770,6.6147,0.2043,8.8475
phone-android,tiny,2488,move,rejected,exit_unavailable,0,0.8829,0.5729,0.0859,4.0581,0.1554,5.7551
phone-android,tiny,2489,look,accepted,observed,0,0.9415,0.5266,0.0798,3.7926,0.1431,5.4836
phone-android,tiny,2490,move,accepted,moved,1,0.6965,0.5474,0.2141,4.5486,0.1465,6.1531
phone-android,tiny,2491,look,accepted,observed,0,0.6151,0.4980,0.0808,3.4710,0.1277,4.7926
phone-android,tiny,2492,move,accepted,moved,1,0.6853,0.5159,0.1716,4.3885,0.1535,5.9148
phone-android,tiny,2493,talk,rejected,not_eligible,0,0.5660,0.5394,0.0847,3.3575,0.1087,4.6563
phone-android,tiny,2494,take,rejected,not_present,0,0.5102,0.4483,0.0810,3.9592,0.1706,5.1693
phone-android,tiny,2495,look,accepted,observed,0,0.8631,0.5866,0.0814,3.9098,0.1255,5.5664
phone-android,tiny,2496,move,accepted,moved,1,0.6749,0.5370,0.1714,4.7750,0.1672,6.3255
phone-android,tiny,2497,wait,rejected,invalid_time,0,0.6022,0.5516,0.0947,4.2653,0.1460,5.6597
phone-android,tiny,2498,look,accepted,observed,0,0.7276,0.5669,0.0928,4.3978,0.1753,5.9604
phone-android,tiny,2499,choose,rejected,stale_view,0,1.0321,0.6360,0.0901,5.1108,0.1416,7.0107
phone-android,tiny,2500,move,accepted,moved,1,0.7363,0.5309,0.1694,4.4543,0.1516,6.0424
phone-android,tiny,2501,move,accepted,moved,1,0.5706,0.5978,0.1814,4.6768,0.1656,6.1922
phone-android,tiny,2502,move,accepted,moved,1,0.6874,0.5556,0.1732,4.4903,0.1462,6.0527
phone-android,tiny,2503,move,accepted,moved,1,0.6590,0.5157,0.1676,4.2441,0.1409,5.7272
phone-android,tiny,2504,wait,rejected,invalid_time,0,0.5673,0.5017,0.0838,3.2451,0.1232,4.5210
phone-android,tiny,2505,take,replayed,not_present,0,0.9322,0.4105,0.0020,0.0004,0.0590,1.4042
phone-android,tiny,2506,look,accepted,observed,0,0.4231,0.4117,0.0776,3.2783,0.1143,4.3049
phone-android,tiny,2507,look,accepted,observed,0,0.5637,0.4690,0.0783,3.8722,0.1302,5.1133
phone-android,tiny,2508,move,accepted,moved,1,0.6225,0.5801,0.1720,4.2017,0.1482,5.7245
phone-android,tiny,2509,move,accepted,moved,1,0.5712,0.5128,0.1718,4.1560,0.1479,5.5597
phone-android,tiny,2510,take,accepted,taken,1,0.5749,0.4694,0.1708,4.0747,0.1471,5.4369
phone-android,tiny,2511,look,accepted,observed,0,0.5881,0.5537,0.0816,3.4606,0.1210,4.8051
phone-android,tiny,2512,look,accepted,observed,0,0.5861,0.4767,0.0793,3.4960,0.1218,4.7599
phone-android,tiny,2513,look,accepted,observed,0,0.6109,0.4858,0.1205,3.2280,0.1571,4.6023
phone-android,tiny,2514,look,accepted,observed,0,0.6433,0.4925,0.0799,3.5504,0.1198,4.8859
phone-android,tiny,2515,wait,rejected,invalid_time,0,0.5817,0.4919,0.0829,3.3626,0.1179,4.6369
phone-android,tiny,2516,look,accepted,observed,0,0.6146,0.4850,0.0786,3.6121,0.1157,4.9060
phone-android,tiny,2517,wait,rejected,invalid_time,0,0.6282,0.5190,0.0844,3.4575,0.1179,4.8069
phone-android,tiny,2518,look,accepted,observed,0,0.6314,0.4837,0.0802,3.2358,0.1110,4.5421
phone-android,tiny,2519,look,accepted,observed,0,0.5695,0.4739,0.0794,3.5266,0.1444,4.7939
phone-android,tiny,2520,wait,rejected,invalid_time,0,0.7817,0.5777,0.0818,4.2613,0.1414,5.8438
phone-android,tiny,2521,choose,rejected,invalid_choice,0,0.6955,0.5877,0.0813,3.4322,0.1252,4.9219
phone-android,tiny,2522,look,accepted,observed,0,0.6370,0.4845,0.0791,3.2717,0.1152,4.5875
phone-android,tiny,2523,choose,rejected,invalid_choice,0,0.5821,0.5196,1.6094,3.7094,0.1446,6.5652
phone-android,tiny,2524,move,rejected,exit_unavailable,0,0.6681,0.5237,0.0824,3.1461,0.1171,4.5376
phone-android,tiny,2525,activate,rejected,not_eligible,0,0.5838,0.4813,0.0822,3.2514,0.1160,4.5147
phone-android,tiny,2526,move,accepted,moved,1,0.5858,0.5089,0.1681,3.8950,0.1565,5.3143
phone-android,tiny,2527,move,accepted,moved,1,0.5905,0.5089,0.1684,4.1428,0.1535,5.5642
phone-android,tiny,2528,move,accepted,moved,1,0.6059,0.5261,0.1690,4.0265,0.1425,5.4699
phone-android,tiny,2529,move,accepted,moved,1,0.6110,0.5083,0.1681,4.7112,0.1622,6.1608
phone-android,tiny,2530,move,accepted,moved,1,0.6118,0.5481,0.1700,4.6103,0.1492,6.0894
phone-android,tiny,2531,look,accepted,observed,0,0.5959,0.4902,0.0804,3.4754,0.1086,4.7505
phone-android,tiny,2532,look,accepted,observed,0,0.5772,0.4822,0.0796,3.3093,0.1297,4.5780
phone-android,tiny,2533,move,accepted,moved,1,0.7786,0.5587,0.1711,4.5581,0.1668,6.2334
phone-android,tiny,2534,activate,rejected,not_eligible,0,0.6636,0.5094,0.0821,3.6705,0.1181,5.0437
phone-android,tiny,2535,move,accepted,moved,1,0.5964,0.5120,0.1688,4.1064,0.1395,5.5230
phone-android,tiny,2536,look,accepted,observed,0,0.6074,0.4935,0.0818,3.6855,0.1512,5.0194
phone-android,tiny,2537,move,rejected,exit_unavailable,0,0.5905,0.4975,0.0837,3.1564,0.1193,4.4474
phone-android,tiny,2538,look,accepted,observed,0,1.0160,0.4990,0.0790,3.5101,0.1375,5.2416
phone-android,tiny,2539,look,accepted,observed,0,0.7290,0.5238,0.0807,3.8397,0.1418,5.3150
phone-android,tiny,2540,look,accepted,observed,0,0.7360,0.5096,0.0792,3.3762,0.1149,4.8159
phone-android,tiny,2541,activate,rejected,not_eligible,0,0.6123,0.4813,0.0805,3.2116,0.1118,4.4975
phone-android,tiny,2542,talk,rejected,not_eligible,0,0.5392,0.4652,0.0801,3.2804,0.1347,4.4996
phone-android,tiny,2543,look,accepted,observed,0,0.6276,0.5040,0.0867,3.4633,0.1388,4.8203
phone-android,tiny,2544,wait,rejected,invalid_time,0,0.7078,0.4904,0.0809,3.6378,0.1448,5.0618
phone-android,tiny,2545,look,accepted,observed,0,0.7134,0.5122,0.0789,3.6084,0.1207,5.0337
phone-android,tiny,2546,look,accepted,observed,0,0.6355,0.4522,0.0776,3.2694,0.1573,4.5920
phone-android,tiny,2547,drop,accepted,dropped,1,0.8344,0.5598,0.1871,4.7029,0.1927,6.4768
phone-android,tiny,2548,wait,rejected,invalid_time,0,0.8604,0.5443,0.0846,3.3191,0.1586,4.9670
phone-android,tiny,2549,move,accepted,moved,1,0.6820,0.5072,0.1679,4.0689,0.1667,5.5928
phone-android,tiny,2550,wait,rejected,invalid_time,0,0.6697,0.6000,0.0890,2.9417,0.1146,4.4150
phone-android,tiny,2551,wait,rejected,invalid_time,0,0.5918,0.4936,0.0825,2.9707,0.1129,4.2515
phone-android,tiny,2552,wait,rejected,invalid_time,0,0.5338,0.4935,0.0821,2.9931,0.1310,4.2336
phone-android,tiny,2553,look,accepted,observed,0,0.6532,0.4890,0.0794,2.8414,0.1137,4.1768
phone-android,tiny,2554,move,accepted,moved,1,0.5958,0.4968,0.1703,3.8430,0.1509,5.2567
phone-android,tiny,2555,activate,rejected,not_eligible,0,0.5884,0.4943,0.0832,3.2210,0.1183,4.5052
phone-android,tiny,2556,wait,rejected,invalid_time,0,0.5345,0.5513,0.0808,3.7242,0.1584,5.0492
phone-android,tiny,2557,move,accepted,moved,1,0.8405,0.5777,0.1858,4.5074,0.1589,6.2702
phone-android,tiny,2558,move,accepted,moved,1,0.6229,0.5477,0.1697,4.5717,0.1587,6.0707
phone-android,tiny,2559,move,rejected,exit_unavailable,0,0.6190,0.5213,0.0817,3.8172,0.1303,5.1694
phone-android,tiny,2560,look,accepted,observed,0,0.6247,0.4860,0.0784,3.5068,0.1292,4.8251
phone-android,tiny,2561,look,accepted,observed,0,0.6943,0.5148,0.0793,3.7621,0.1231,5.1736
phone-android,tiny,2562,look,accepted,observed,0,0.6365,0.5009,0.2216,3.6882,0.1352,5.1823
phone-android,tiny,2563,move,rejected,exit_unavailable,0,0.6696,0.5256,0.0823,3.3680,0.1235,4.7690
phone-android,tiny,2564,look,accepted,observed,0,0.6088,0.4891,0.0802,3.5154,0.1212,4.8147
phone-android,tiny,2565,take,rejected,not_present,0,0.6031,0.4886,0.0813,3.5314,0.1152,4.8196
phone-android,tiny,2566,move,accepted,moved,1,0.5643,0.5186,0.1732,4.2095,0.1494,5.6151
phone-android,tiny,2567,move,accepted,moved,1,0.5391,0.5187,0.1690,3.9313,0.1452,5.3032
phone-android,tiny,2568,wait,rejected,invalid_time,0,0.6338,0.5130,0.0818,3.1747,0.1142,4.5174
phone-android,tiny,2569,activate,rejected,not_eligible,0,0.5447,0.4788,0.0803,4.0321,0.1259,5.2618
phone-android,tiny,2570,take,rejected,not_present,0,0.5827,0.5840,0.0805,3.8673,0.1390,5.2535
phone-android,tiny,2571,move,accepted,moved,1,0.7155,0.5582,0.1721,4.5178,0.1709,6.1346
phone-android,tiny,2572,drop,rejected,integrity_conflict,0,1.1342,0.4324,0.0026,0.0004,0.0680,1.6376
phone-android,tiny,2573,move,accepted,moved,1,0.4760,0.4494,0.2131,4.4504,0.1635,5.7525
phone-android,tiny,2574,wait,rejected,invalid_time,0,0.6667,0.5222,0.0840,3.3887,0.1188,4.7804
phone-android,tiny,2575,look,accepted,observed,0,0.5933,0.4855,0.0800,3.3898,0.1170,4.6657
phone-android,tiny,2576,move,accepted,moved,1,0.5474,0.4981,0.1664,4.1833,0.1519,5.5471
phone-android,tiny,2577,look,accepted,observed,0,0.6082,0.4935,0.0801,3.1692,0.1151,4.4660
phone-android,tiny,2578,look,accepted,observed,0,0.5532,0.4742,0.0801,3.5329,0.1493,4.7897
phone-android,tiny,2579,take,rejected,not_present,0,0.7708,0.5724,0.0824,3.9061,0.1463,5.4780
phone-android,tiny,2580,look,accepted,observed,0,0.7929,0.5115,0.0798,4.4095,0.1493,5.9429
phone-android,tiny,2581,drop,replayed,dropped,0,1.1673,0.4649,0.0030,0.0009,0.0588,1.6949
phone-android,tiny,2582,look,accepted,observed,0,0.4362,0.4063,0.0781,3.7355,0.1296,4.7857
phone-android,tiny,2583,move,rejected,exit_unavailable,0,0.6909,0.5040,0.0845,3.4355,0.1332,4.8481
phone-android,tiny,2584,choose,rejected,invalid_choice,0,0.6146,0.5424,0.0807,3.2184,0.1177,4.5739
phone-android,tiny,2585,look,accepted,observed,0,0.6070,0.4891,0.0798,3.1195,0.1139,4.4093
phone-android,tiny,2586,look,accepted,observed,0,0.5885,0.4647,0.0768,3.1958,0.1067,4.4327
phone-android,tiny,2587,look,accepted,observed,0,0.6082,0.6055,0.0794,3.2326,0.1141,4.6398
phone-android,tiny,2588,move,accepted,moved,1,0.5732,0.5193,0.1731,4.0707,0.1492,5.4854
phone-android,tiny,2589,talk,rejected,not_eligible,0,0.5641,0.5464,0.0804,3.6808,0.1155,4.9872
phone-android,tiny,2590,talk,rejected,not_eligible,0,0.5783,0.4799,0.0809,3.3058,0.1188,4.5636
phone-android,tiny,2591,take,rejected,not_present,0,0.5757,0.4797,0.0816,3.3960,0.1615,4.6945
phone-android,tiny,2592,take,rejected,not_present,0,0.7462,0.5092,0.0806,3.7305,0.1249,5.1914
phone-android,tiny,2593,look,accepted,observed,0,0.6478,0.5038,0.0794,3.3911,0.1604,4.7824
phone-android,tiny,2594,activate,rejected,not_eligible,0,0.6110,0.4985,0.0802,3.6447,0.1166,4.9511
phone-android,tiny,2595,move,accepted,moved,1,0.5360,0.5206,0.1710,4.6409,0.1787,6.0472
phone-android,tiny,2596,move,accepted,moved,1,0.7181,0.5678,0.1725,4.5200,0.1846,6.1630
phone-android,tiny,2597,look,accepted,observed,0,0.7495,0.5356,0.0816,3.5904,0.1307,5.0878
phone-android,tiny,2598,move,accepted,moved,1,0.6669,0.5915,0.1695,4.4284,0.1533,6.0096
phone-android,tiny,2599,talk,rejected,not_owned,0,0.6104,0.4804,0.0803,3.4943,0.1687,4.8341
phone-android,tiny,2600,move,accepted,moved,1,0.6793,0.5141,0.1691,4.0557,0.1557,5.5739
phone-android,tiny,2601,look,accepted,observed,0,0.5778,0.5246,0.0803,3.2928,0.1219,4.5974
phone-android,tiny,2602,move,accepted,moved,1,0.6481,0.5233,0.1671,3.9721,0.1476,5.4582
phone-android,tiny,2603,look,accepted,observed,0,0.6249,0.5568,0.0807,3.3072,0.1125,4.6821
phone-android,tiny,2604,move,rejected,exit_unavailable,0,0.5850,0.5032,0.0840,3.5446,0.1410,4.8579
phone-android,tiny,2605,move,accepted,moved,1,0.7185,0.5364,0.2652,4.8197,0.1635,6.5033
phone-android,tiny,2606,activate,rejected,not_eligible,0,0.6240,0.4940,0.0838,4.2084,0.1271,5.5374
phone-android,tiny,2607,look,accepted,observed,0,0.6006,0.4830,0.0779,3.2030,0.1141,4.4786
phone-android,tiny,2608,look,accepted,observed,0,0.5618,0.4747,0.0806,4.0001,0.1400,5.2572
phone-android,tiny,2609,take,accepted,taken,1,0.7921,0.5584,0.1710,5.3362,0.1847,7.0424
phone-android,tiny,2610,wait,rejected,invalid_time,0,0.7343,0.5537,0.0857,3.5899,0.1292,5.0927
phone-android,tiny,2611,look,accepted,observed,0,0.7335,0.5118,0.0824,3.5921,0.1163,5.0361
phone-android,tiny,2612,move,rejected,exit_unavailable,0,0.6339,0.5074,0.0824,3.3864,0.1244,4.7345
phone-android,tiny,2613,look,accepted,observed,0,0.6058,0.5188,0.0813,3.3790,0.1108,4.6957
phone-android,tiny,2614,activate,rejected,not_eligible,0,0.6646,0.5181,0.0811,3.8808,0.1307,5.2753
phone-android,tiny,2615,look,accepted,observed,0,0.6745,0.5370,0.0803,3.7564,0.1461,5.1944
phone-android,tiny,2616,choose,rejected,invalid_choice,0,0.7530,0.5800,0.0795,3.5210,0.1322,5.0657
phone-android,tiny,2617,look,accepted,observed,0,0.7483,0.5056,0.0787,3.6193,0.1151,5.0670
phone-android,tiny,2618,wait,rejected,invalid_time,0,0.5943,0.5060,0.0849,3.2220,0.1102,4.5175
phone-android,tiny,2619,move,accepted,moved,1,0.5626,0.5461,0.1686,4.1564,0.1442,5.5779
phone-android,tiny,2620,look,accepted,observed,0,0.5432,0.4847,0.0794,3.3170,0.1197,4.5440
phone-android,tiny,2621,drop,accepted,dropped,1,0.5707,0.5271,0.1710,4.0827,0.1488,5.5003
phone-android,tiny,2622,move,accepted,moved,1,0.5967,0.5007,0.1663,4.2814,0.1529,5.6979
phone-android,tiny,2623,look,accepted,observed,0,0.9302,0.5233,0.0811,3.7074,0.1207,5.3628
phone-android,tiny,2624,move,accepted,moved,1,0.6037,0.5563,0.1683,3.9043,0.1448,5.3774
phone-android,tiny,2625,choose,rejected,stale_view,0,0.5746,0.4855,0.0792,3.4474,0.1245,4.7111
phone-android,tiny,2626,take,rejected,not_present,0,0.6588,0.4926,0.0807,3.2192,0.1181,4.5693
phone-android,tiny,2627,move,accepted,moved,1,0.5641,0.4983,0.1694,3.9315,0.1477,5.3109
phone-android,tiny,2628,move,accepted,moved,1,0.5451,0.5316,0.1702,4.1807,0.1624,5.5899
phone-android,tiny,2629,wait,rejected,invalid_time,0,0.6065,0.4987,0.0827,3.7054,0.1513,5.0446
phone-android,tiny,2630,take,replayed,taken,0,0.9633,0.4106,0.0020,0.0009,0.0561,1.4330
phone-android,tiny,2631,look,accepted,observed,0,0.3719,0.4006,0.0785,3.1264,0.1196,4.0970
phone-android,tiny,2632,move,accepted,moved,1,0.5557,0.5679,0.1700,4.9229,0.1803,6.3968
phone-android,tiny,2633,take,rejected,not_present,0,0.7153,0.5878,0.0832,3.5733,0.1413,5.1009
phone-android,tiny,2634,wait,rejected,invalid_time,0,0.7066,0.5465,0.0826,3.5614,0.1361,5.0331
phone-android,tiny,2635,talk,rejected,not_eligible,0,0.7204,0.5713,0.0820,3.5499,0.1242,5.0477
phone-android,tiny,2636,take,rejected,not_present,0,0.6618,0.4933,0.0828,3.3284,0.1181,4.6844
phone-android,tiny,2637,wait,rejected,invalid_time,0,0.5506,0.4934,0.0805,3.1870,0.1141,4.4256
phone-android,tiny,2638,talk,rejected,not_eligible,0,0.7098,0.4838,0.0804,3.2153,0.1194,4.6087
phone-android,tiny,2639,choose,rejected,invalid_choice,0,0.5636,0.5439,1.5376,4.1236,0.1431,6.9119
phone-android,tiny,2640,look,accepted,observed,0,0.6544,0.4921,0.0795,3.2447,0.1127,4.5834
phone-android,tiny,2641,look,accepted,observed,0,0.5587,0.4979,0.0808,3.8853,0.1418,5.1646
phone-android,tiny,2642,look,accepted,observed,0,0.7577,0.5223,0.0788,3.7265,0.1346,5.2199
phone-android,tiny,2643,move,accepted,moved,1,0.7790,0.5541,0.1707,4.2692,0.1493,5.9223
phone-android,tiny,2644,wait,rejected,invalid_time,0,0.5841,0.5499,0.0837,3.2437,0.1222,4.5836
phone-android,tiny,2645,look,accepted,observed,0,0.5624,0.4719,0.0814,3.2819,0.1585,4.5561
phone-android,tiny,2646,move,accepted,moved,1,0.8545,0.5534,0.1870,4.7352,0.1698,6.5000
phone-android,tiny,2647,move,accepted,moved,1,0.6992,0.5607,0.1735,4.3083,0.1487,5.8905
phone-android,tiny,2648,look,accepted,observed,0,0.5627,0.4751,0.0783,3.3881,0.1263,4.6304
phone-android,tiny,2649,move,accepted,moved,1,0.6220,0.5069,0.2661,4.3535,0.1548,5.9033
phone-android,tiny,2650,look,accepted,observed,0,0.5624,0.4807,0.0796,3.7259,0.1161,4.9646
phone-android,tiny,2651,wait,rejected,invalid_time,0,0.6483,0.5197,0.0840,3.9013,0.1492,5.3025
phone-android,tiny,2652,drop,rejected,integrity_conflict,0,1.1939,0.4986,0.0024,0.0003,0.0674,1.7627
phone-android,tiny,2653,move,accepted,moved,1,0.4462,0.4326,0.1668,4.5556,0.1598,5.7609
phone-android,tiny,2654,move,rejected,exit_unavailable,0,0.5989,0.5937,0.0884,3.3431,0.1151,4.7391
phone-android,tiny,2655,move,rejected,exit_unavailable,0,0.5859,0.4947,0.0821,3.2306,0.1310,4.5243
phone-android,tiny,2656,activate,rejected,not_eligible,0,0.6420,0.4923,0.0798,3.4196,0.1171,4.7508
phone-android,tiny,2657,choose,rejected,invalid_choice,0,0.6257,0.5274,0.0801,3.1958,0.1380,4.5670
phone-android,tiny,2658,take,accepted,taken,1,0.7552,0.5185,0.1689,4.3764,0.1783,5.9972
phone-android,tiny,2659,drop,accepted,dropped,1,0.7211,0.5459,0.1730,4.6006,0.1751,6.2156
phone-android,tiny,2660,take,accepted,taken,1,0.5824,0.5041,0.1709,3.8151,0.1439,5.2165
phone-android,tiny,2661,look,accepted,observed,0,0.5727,0.4748,0.0783,3.2337,0.1089,4.4683
phone-android,tiny,2662,drop,accepted,dropped,1,0.6228,0.5029,0.1708,3.7540,0.1520,5.2024
phone-android,tiny,2663,wait,rejected,invalid_time,0,0.5578,0.5022,0.0817,3.4741,0.1216,4.7373
phone-android,tiny,2664,activate,rejected,not_eligible,0,0.6359,0.4908,0.0814,3.2597,0.1162,4.5840
phone-android,tiny,2665,look,accepted,observed,0,0.5817,0.4792,0.0787,3.7497,0.1324,5.0217
phone-android,tiny,2666,choose,rejected,invalid_choice,0,0.6814,0.5495,0.0801,2.9601,0.1198,4.3909
phone-android,tiny,2667,talk,rejected,not_owned,0,0.5668,0.4812,0.0808,3.3728,0.1188,4.6204
phone-android,tiny,2668,wait,rejected,invalid_time,0,0.6035,0.4915,0.0821,3.0154,0.1190,4.3115
phone-android,tiny,2669,wait,rejected,invalid_time,0,0.6137,0.4883,0.0833,3.0254,0.1156,4.3264
phone-android,tiny,2670,look,accepted,observed,0,0.6920,0.5502,0.0782,3.7365,0.1330,5.1899
phone-android,tiny,2671,move,accepted,moved,1,0.7021,0.5887,0.1693,4.4240,0.1522,6.0364
phone-android,tiny,2672,look,accepted,observed,0,0.5846,0.4782,0.0792,3.2617,0.1248,4.5284
phone-android,tiny,2673,close_choice,rejected,invalid_choice,0,0.6407,0.5156,0.0817,3.1177,0.1436,4.4994
phone-android,tiny,2674,move,accepted,moved,1,0.7469,0.5266,0.1654,4.3279,0.1964,5.9632
phone-android,tiny,2675,look,accepted,observed,0,0.8779,0.4993,0.0777,3.6471,0.1548,5.2569
phone-android,tiny,2676,look,accepted,observed,0,0.7401,0.5114,0.0800,5.0534,0.1542,6.5390
phone-android,tiny,2677,look,accepted,observed,0,0.7584,0.5796,0.0808,3.8991,0.1461,5.4640
phone-android,tiny,2678,move,accepted,moved,1,0.7933,0.5680,0.1707,4.2408,0.1883,5.9611
phone-android,tiny,2679,choose,rejected,stale_view,0,0.8356,0.5165,0.0795,3.2530,0.1451,4.8296
phone-android,tiny,2680,move,accepted,moved,1,0.7147,0.4935,0.1670,4.7783,0.1690,6.3224
phone-android,tiny,2681,take,replayed,not_present,0,1.3699,0.5281,0.0025,0.0005,0.0620,1.9630
phone-android,tiny,2682,look,accepted,observed,0,0.4653,0.4137,0.0765,3.7003,0.1369,4.7926
phone-android,tiny,2683,talk,rejected,not_owned,0,0.7203,0.4986,0.0805,4.0438,0.1476,5.4908
phone-android,tiny,2684,move,accepted,moved,1,0.7082,0.5197,0.1730,4.0624,0.1426,5.6059
phone-android,tiny,2685,take,rejected,not_present,0,0.6533,0.4773,0.0791,3.9438,0.1336,5.2871
phone-android,tiny,2686,close_choice,rejected,invalid_choice,0,0.6475,0.5018,0.0815,3.1253,0.1287,4.4847
phone-android,tiny,2687,look,accepted,observed,0,0.5970,0.5659,0.0803,3.1422,0.1146,4.5000
phone-android,tiny,2688,look,accepted,observed,0,0.5445,0.4745,0.0791,3.0939,0.1228,4.3148
phone-android,tiny,2689,take,rejected,not_present,0,0.6682,0.4947,0.0819,3.7263,0.1232,5.0943
phone-android,tiny,2690,take,rejected,not_present,0,0.6177,0.4917,0.0818,3.5094,0.1140,4.8147
phone-android,tiny,2691,choose,rejected,invalid_choice,0,0.5637,0.5536,0.0799,3.4149,0.1349,4.7471
phone-android,tiny,2692,take,rejected,not_present,0,0.7540,0.5338,0.0843,3.5795,0.1319,5.0835
phone-android,tiny,2693,move,rejected,exit_unavailable,0,0.6451,0.4990,0.0824,3.6229,0.1268,4.9762
phone-android,tiny,2694,look,accepted,observed,0,0.6380,0.4872,0.0801,3.6749,0.1158,4.9960
phone-android,tiny,2695,look,accepted,observed,0,0.5828,0.4855,0.0792,3.3868,0.1561,4.6903
phone-android,tiny,2696,move,accepted,moved,1,0.8372,0.5829,0.1848,5.0089,0.1827,6.7965
phone-android,tiny,2697,look,accepted,observed,0,0.8712,0.5060,0.0782,3.4272,0.1229,5.0056
phone-android,tiny,2698,talk,rejected,not_eligible,0,0.5867,0.4853,0.0819,3.3854,0.1234,4.6626
phone-android,tiny,2699,look,accepted,observed,0,0.6084,0.5343,0.0882,3.5380,0.1255,4.8944
phone-android,tiny,2700,take,rejected,not_present,0,0.6803,0.4770,0.0803,3.4801,0.1276,4.8453
phone-android,tiny,2701,wait,rejected,invalid_time,0,0.6602,0.6833,0.0830,3.3603,0.1351,4.9218
phone-android,tiny,2702,move,accepted,moved,1,0.6856,0.5308,0.1706,4.1857,0.1459,5.7186
phone-android,tiny,2703,look,accepted,observed,0,0.6303,0.4887,0.0787,3.2326,0.1193,4.5496
phone-android,tiny,2704,choose,rejected,invalid_choice,0,0.5624,0.5392,0.0802,3.1382,0.1171,4.4370
phone-android,tiny,2705,activate,rejected,not_eligible,0,0.5635,0.4630,0.0791,3.3332,0.1407,4.5796
phone-android,tiny,2706,look,accepted,observed,0,0.5868,0.4823,0.0791,3.4879,0.1111,4.7471
phone-android,tiny,2707,move,accepted,moved,1,0.5408,0.5105,0.1674,4.5769,0.1677,5.9633
phone-android,tiny,2708,look,accepted,observed,0,0.6937,0.5093,0.0785,3.4135,0.1370,4.8320
phone-android,tiny,2709,activate,rejected,not_eligible,0,0.7160,0.6166,0.0830,3.4931,0.1133,5.0220
phone-android,tiny,2710,talk,rejected,not_owned,0,0.5853,0.4868,0.0808,3.2441,0.1171,4.5141
phone-android,tiny,2711,move,accepted,moved,1,0.5543,0.5212,0.1711,5.0665,0.1652,6.4782
phone-android,tiny,2712,look,accepted,observed,0,0.5862,0.4909,0.0805,3.2294,0.1133,4.5003
phone-android,tiny,2713,activate,rejected,not_eligible,0,0.6654,0.4918,0.0802,3.4994,0.1328,4.8696
phone-android,tiny,2714,move,rejected,exit_unavailable,0,0.6934,0.5375,0.0847,3.4803,0.1349,4.9308
phone-android,tiny,2715,move,accepted,moved,1,0.7599,0.5322,0.1660,4.2806,0.1457,5.8846
phone-android,tiny,2716,look,accepted,observed,0,0.5802,0.4838,0.0787,3.2601,0.1136,4.5164
phone-android,tiny,2717,take,accepted,taken,1,0.7005,0.5026,0.1692,4.0453,0.1459,5.5634
phone-android,tiny,2718,look,accepted,observed,0,0.5723,0.4714,0.1139,3.3449,0.1152,4.6178
phone-android,tiny,2719,move,rejected,exit_unavailable,0,0.6102,0.5154,0.0843,3.1723,0.1195,4.5017
phone-android,tiny,2720,look,accepted,observed,0,0.5787,0.4770,0.0800,3.5020,0.1171,4.7548
phone-android,tiny,2721,activate,rejected,not_eligible,0,0.7055,0.4743,0.0813,3.7857,0.1424,5.1892
phone-android,tiny,2722,look,accepted,observed,0,0.7621,0.5066,0.0797,3.6278,0.1288,5.1051
phone-android,tiny,2723,look,accepted,observed,0,0.7646,0.5133,0.0804,5.6263,0.2152,7.1997
phone-android,tiny,2724,wait,rejected,invalid_time,0,1.0242,0.5615,0.0869,4.2219,0.1674,6.0619
phone-android,tiny,2725,look,accepted,observed,0,0.9123,0.5701,0.0971,3.4984,0.1286,5.2066
phone-android,tiny,2726,move,accepted,moved,1,0.6520,0.5311,0.1705,4.6216,0.1500,6.1252
phone-android,tiny,2727,move,accepted,moved,1,0.5616,0.5277,0.1683,4.0063,0.1506,5.4145
phone-android,tiny,2728,look,accepted,observed,0,0.6223,0.5140,0.0814,3.6484,0.1277,4.9938
phone-android,tiny,2729,move,accepted,moved,1,0.6554,0.5298,0.1714,4.5908,0.1532,6.1006
phone-android,tiny,2730,take,replayed,not_present,0,0.9848,0.4051,0.0017,0.0003,0.0592,1.4511
phone-android,tiny,2731,move,accepted,moved,1,0.3740,0.4712,0.1631,4.0608,0.1397,5.2087
phone-android,tiny,2732,look,accepted,observed,0,0.5456,0.4597,0.0786,3.1678,0.1164,4.3681
phone-android,tiny,2733,choose,rejected,invalid_choice,0,0.5424,0.5805,0.0812,3.3278,0.1140,4.6460
phone-android,tiny,2734,look,accepted,observed,0,0.5595,0.4598,0.0796,3.2813,0.1555,4.5357
phone-android,tiny,2735,look,accepted,observed,0,0.7956,0.5261,0.0802,3.4859,0.1236,5.0114
phone-android,tiny,2736,move,accepted,moved,1,0.6886,0.5371,0.1696,4.1790,0.1570,5.7314
phone-android,tiny,2737,drop,accepted,dropped,1,0.6399,0.5390,0.1736,3.6795,0.1612,5.1931
phone-android,tiny,2738,move,accepted,moved,1,0.6217,0.5196,0.1704,4.0478,0.1446,5.5041
phone-android,tiny,2739,take,rejected,not_present,0,0.5719,0.4848,0.0817,2.9928,0.1185,4.2497
phone-android,tiny,2740,talk,rejected,not_eligible,0,0.5401,0.4795,0.0782,3.3573,0.1415,4.5967
phone-android,tiny,2741,take,rejected,not_present,0,0.7106,0.5160,0.0816,3.6494,0.1489,5.1065
phone-android,tiny,2742,look,accepted,observed,0,0.7778,0.5121,0.0829,3.9315,0.1598,5.4641
phone-android,tiny,2743,drop,rejected,integrity_conflict,0,1.3586,0.4746,0.0022,0.0007,0.0628,1.8990
phone-android,tiny,2744,look,accepted,observed,0,0.4985,0.4198,0.0772,3.6209,0.1392,4.7557
phone-android,tiny,2745,look,accepted,observed,0,0.8815,0.6033,0.0903,3.9935,0.1472,5.7157
phone-android,tiny,2746,move,accepted,moved,1,0.7048,0.5803,0.1976,4.3221,0.1887,5.9936
phone-android,tiny,2747,wait,rejected,invalid_time,0,0.7529,0.6049,0.0922,4.3678,0.1418,5.9596
phone-android,tiny,2748,move,accepted,moved,1,0.7624,0.6319,0.2140,5.2898,0.1789,7.0770
phone-android,tiny,2749,move,accepted,moved,1,0.7339,0.5554,0.1750,4.5321,0.1672,6.1635
phone-android,tiny,2750,move,accepted,moved,1,0.7388,0.5636,0.1878,4.5095,0.2234,6.2231
phone-android,tiny,2751,look,accepted,observed,0,0.8493,0.5326,0.0807,3.5281,0.1537,5.1444
phone-android,tiny,2752,look,accepted,observed,0,0.8172,0.6506,0.0874,3.9074,0.1317,5.5943
phone-android,tiny,2753,look,accepted,observed,0,0.7332,0.5445,0.0865,3.6967,0.1514,5.2123
phone-android,tiny,2754,look,accepted,observed,0,0.8085,0.5372,0.0808,3.3861,0.1328,4.9454
phone-android,tiny,2755,move,rejected,exit_unavailable,0,1.3162,0.5915,0.0852,4.2768,0.1328,6.4024
phone-android,tiny,2756,take,rejected,not_present,0,0.6432,0.4936,1.5364,3.8951,0.1772,6.7455
phone-android,tiny,2757,look,accepted,observed,0,0.8724,0.5503,0.0823,3.6130,0.1336,5.2516
phone-android,tiny,2758,move,accepted,moved,1,0.7383,0.5677,0.1717,4.6315,0.1526,6.2618
phone-android,tiny,2759,wait,rejected,invalid_time,0,0.6383,0.5465,0.0818,3.3481,0.1248,4.7396
phone-android,tiny,2760,move,accepted,moved,1,0.6141,0.5161,0.1714,4.1539,0.1486,5.6040
phone-android,tiny,2761,talk,rejected,not_owned,0,0.6332,0.4928,0.0801,3.1773,0.1146,4.4980
phone-android,tiny,2762,look,accepted,observed,0,0.5612,0.4743,0.0787,3.6178,0.1448,4.8768
phone-android,tiny,2763,move,accepted,moved,1,0.7321,0.6074,0.1714,16.2023,0.2307,17.9440
phone-android,tiny,2764,move,rejected,exit_unavailable,0,1.0333,0.5861,0.0833,3.8170,0.1455,5.6653
phone-android,tiny,2765,look,accepted,observed,0,0.8335,0.5295,0.0803,4.2208,0.1353,5.7994
phone-android,tiny,2766,move,rejected,exit_unavailable,0,0.6262,0.4973,0.0811,3.7747,0.1337,5.1132
phone-android,tiny,2767,wait,rejected,invalid_time,0,0.6274,0.5086,0.0847,3.2851,0.1208,4.6266
phone-android,tiny,2768,move,accepted,moved,1,0.5718,0.5041,0.1702,4.1556,0.1478,5.5494
phone-android,tiny,2769,activate,rejected,not_eligible,0,0.5779,0.4876,0.0812,3.3098,0.1373,4.5940
phone-android,tiny,2770,look,accepted,observed,0,0.6895,0.4933,0.0802,3.4519,0.1843,4.8992
phone-android,tiny,2771,wait,rejected,invalid_time,0,0.5911,0.5109,0.0823,3.5186,0.1467,4.8496
phone-android,tiny,2772,look,accepted,observed,0,0.7257,0.5159,0.0822,4.1861,0.1315,5.6414
phone-android,tiny,2773,talk,rejected,not_owned,0,0.6678,0.5244,0.0789,3.6118,0.1243,5.0073
phone-android,tiny,2774,look,accepted,observed,0,0.6229,0.5228,0.0793,3.2640,0.1120,4.6010
phone-android,tiny,2775,look,accepted,observed,0,0.5558,0.4631,0.0787,3.3961,0.1440,4.6378
phone-android,tiny,2776,look,accepted,observed,0,0.7416,0.4971,0.0793,3.5801,0.1700,5.0681
phone-android,tiny,2777,take,rejected,not_present,0,0.7456,0.5197,0.0810,3.9185,0.1261,5.3909
phone-android,tiny,2778,move,rejected,exit_unavailable,0,0.6170,0.5490,0.0872,3.3403,0.1144,4.7079
phone-android,tiny,2779,talk,rejected,not_owned,0,0.5852,0.4906,0.0793,3.7196,0.1653,5.0399
phone-android,tiny,2780,activate,rejected,not_eligible,0,0.8235,0.5816,0.0824,3.5929,0.1302,5.2106
phone-android,tiny,2781,move,accepted,moved,1,0.6548,0.5468,0.1731,4.3379,0.1508,5.8633
phone-android,tiny,2782,choose,rejected,invalid_choice,0,0.6040,0.5281,0.0799,3.1953,0.1103,4.5175
phone-android,tiny,2783,talk,rejected,not_eligible,0,0.5477,0.4773,0.0816,3.4821,0.1515,4.7402
phone-android,tiny,2784,activate,rejected,not_eligible,0,0.7634,0.5462,0.0829,3.6212,0.1266,5.1404
phone-android,tiny,2785,wait,rejected,invalid_time,0,0.6776,0.5409,0.0819,3.6826,0.1202,5.1032
phone-android,tiny,2786,look,accepted,observed,0,0.6673,0.5006,0.0799,3.6771,0.1224,5.0474
phone-android,tiny,2787,move,accepted,moved,1,0.5829,0.5264,0.1728,4.4535,0.1730,5.9086
phone-android,tiny,2788,move,accepted,moved,1,0.6961,0.5763,0.1726,4.4140,0.1671,6.0260
phone-android,tiny,2789,move,rejected,exit_unavailable,0,0.7285,0.5373,0.0805,4.0558,0.1372,5.5394
phone-android,tiny,2790,activate,rejected,not_eligible,0,0.6917,0.5251,0.1247,3.4459,0.1230,4.9104
phone-android,tiny,2791,take,replayed,not_present,0,1.1423,0.4506,0.0028,0.0006,0.0613,1.6577
phone-android,tiny,2792,drop,replayed,dropped,0,0.6691,0.3402,0.0017,0.0004,0.0578,1.0692
phone-android,tiny,2793,wait,rejected,invalid_time,0,0.3598,0.4327,0.0803,3.5089,0.1370,4.5187
phone-android,tiny,2794,take,accepted,taken,1,0.6725,0.5428,0.1730,4.3654,0.1437,5.8974
phone-android,tiny,2795,look,accepted,observed,0,0.5662,0.4883,0.0781,3.4097,0.1199,4.6622
phone-android,tiny,2796,wait,rejected,invalid_time,0,0.5883,0.5048,0.0833,3.4840,0.1181,4.7784
phone-android,tiny,2797,look,accepted,observed,0,0.6185,0.4921,0.0784,3.4463,0.1224,4.7578
phone-android,tiny,2798,look,accepted,observed,0,0.5952,0.4824,0.0795,3.3418,0.1398,4.6387
phone-android,tiny,2799,look,accepted,observed,0,0.7228,0.5682,0.0818,3.6288,0.1254,5.1269
phone-android,tiny,2800,look,accepted,observed,0,0.6501,0.4957,0.0795,3.9984,0.1293,5.3530
phone-android,tiny,2801,move,accepted,moved,1,0.6572,0.5217,0.1664,4.2353,0.1528,5.7334
phone-android,tiny,2802,drop,accepted,dropped,1,0.5616,0.4773,0.1715,5.7117,0.1796,7.1018
phone-android,tiny,2803,move,accepted,moved,1,0.6673,0.6234,0.1705,4.9924,0.1540,6.6076
phone-android,tiny,2804,look,accepted,observed,0,0.6129,0.5267,0.0805,3.5450,0.1139,4.8790
phone-android,tiny,2805,talk,rejected,not_eligible,0,0.5456,0.4936,0.0808,3.6346,0.1421,4.8968
phone-android,tiny,2806,wait,rejected,invalid_time,0,0.7241,0.6198,0.0848,3.6033,0.1344,5.1665
phone-android,tiny,2807,look,accepted,observed,0,0.7105,0.5188,0.0796,3.3122,0.1227,4.7438
phone-android,tiny,2808,wait,rejected,invalid_time,0,0.6007,0.5280,0.0845,3.6183,0.1166,4.9482
phone-android,tiny,2809,close_choice,rejected,invalid_choice,0,0.5615,0.4916,0.0805,3.2354,0.1387,4.5077
phone-android,tiny,2810,activate,rejected,not_eligible,0,0.7627,0.5277,0.0842,3.6215,0.1305,5.1266
phone-android,tiny,2811,wait,rejected,invalid_time,0,0.6945,0.5292,0.0825,3.3842,0.1271,4.8175
phone-android,tiny,2812,wait,rejected,invalid_time,0,0.6303,0.5013,0.0801,3.1066,0.1149,4.4332
phone-android,tiny,2813,talk,rejected,not_eligible,0,0.6026,0.4854,0.0813,3.4187,0.1546,4.7426
phone-android,tiny,2814,look,accepted,observed,0,0.7813,0.5192,0.0811,3.5770,0.1314,5.0900
phone-android,tiny,2815,talk,rejected,not_eligible,0,0.7099,0.5084,0.0812,3.5226,0.1241,4.9461
phone-android,tiny,2816,take,rejected,not_present,0,0.5949,0.4850,0.0813,3.2120,0.1286,4.5018
phone-android,tiny,2817,take,rejected,not_present,0,0.6247,0.5323,0.0816,3.8984,0.1436,5.2806
phone-android,tiny,2818,move,accepted,moved,1,0.7417,0.5765,0.1698,4.4231,0.1637,6.0748
phone-android,tiny,2819,move,accepted,moved,1,0.6919,0.5457,0.1721,4.4501,0.1630,6.0228
phone-android,tiny,2820,activate,rejected,not_eligible,0,0.7112,0.4984,0.0810,3.3815,0.1166,4.7886
phone-android,tiny,2821,move,accepted,moved,1,0.5707,0.5085,0.1709,4.1045,0.1755,5.5301
phone-android,tiny,2822,look,accepted,observed,0,0.5721,0.4802,0.0784,3.3696,0.1175,4.6179
phone-android,tiny,2823,move,accepted,moved,1,0.5643,0.5129,0.1701,4.8080,0.1529,6.2082
phone-android,tiny,2824,look,accepted,observed,0,0.5864,0.4892,0.0782,3.2536,0.1164,4.5237
phone-android,tiny,2825,look,accepted,observed,0,0.5833,0.4694,0.1281,3.8444,0.1309,5.1561
phone-android,tiny,2826,move,accepted,moved,1,0.6928,0.5217,0.1674,4.6744,0.2016,6.2579
phone-android,tiny,2827,move,accepted,moved,1,0.8172,0.5745,0.1855,4.6504,0.2438,6.4714
phone-android,tiny,2828,move,accepted,moved,1,0.9313,0.5544,0.1683,4.5280,0.1690,6.3509
phone-android,tiny,2829,look,accepted,observed,0,0.7763,0.4683,0.0777,3.8515,0.1592,5.3330
phone-android,tiny,2830,activate,rejected,not_eligible,0,0.7730,0.4715,0.0814,3.9848,0.1726,5.4832
phone-android,tiny,2831,move,rejected,exit_unavailable,0,0.9209,0.5463,0.1048,4.1285,0.2477,5.9482
phone-android,tiny,2832,look,accepted,observed,0,0.9209,0.5348,0.0836,3.4389,0.1362,5.1145
phone-android,tiny,2833,look,accepted,observed,0,0.7233,0.5216,0.0802,3.7266,0.1559,5.2076
phone-android,tiny,2834,move,accepted,moved,1,0.7099,0.5797,0.1923,3.9623,0.1759,5.6202
phone-android,tiny,2835,move,accepted,moved,1,0.7286,0.7158,0.2064,4.3480,0.1608,6.1595
phone-android,tiny,2836,move,accepted,moved,1,0.6004,0.6102,0.1947,4.1819,0.1536,5.7409
phone-android,tiny,2837,move,accepted,moved,1,0.5731,0.5551,0.1915,4.8613,0.1920,6.3729
phone-android,tiny,2838,move,accepted,moved,1,0.7519,0.5710,0.1724,4.6533,0.1754,6.3241
phone-android,tiny,2839,move,accepted,moved,1,0.6819,0.5546,0.1690,4.3524,0.2075,5.9655
phone-android,tiny,2840,look,accepted,observed,0,0.7092,0.5071,0.0792,3.5478,0.1259,4.9692
phone-android,tiny,2841,take,accepted,taken,1,0.6301,0.5014,0.1696,4.6119,0.1506,6.0636
phone-android,tiny,2842,move,accepted,moved,1,0.5259,0.5133,0.1701,4.0724,0.1740,5.4557
phone-android,tiny,2843,look,accepted,observed,0,0.5916,0.4780,0.0784,3.2681,0.1229,4.5390
phone-android,tiny,2844,take,replayed,taken,0,1.4630,0.4345,0.0023,0.0004,0.0595,1.9597
phone-android,tiny,2845,move,rejected,exit_unavailable,0,0.5127,0.4210,0.0811,3.5521,0.1197,4.6867
phone-android,tiny,2846,move,rejected,exit_unavailable,0,0.5547,0.4922,0.0825,3.1183,0.1173,4.3652
phone-android,tiny,2847,drop,accepted,dropped,1,0.5828,0.5603,0.1829,4.3256,0.1484,5.7999
phone-android,tiny,2848,move,accepted,moved,1,0.5851,0.5303,0.1698,5.0942,0.1841,6.5634
phone-android,tiny,2849,wait,rejected,invalid_time,0,0.7916,0.5572,0.0848,3.7982,0.1305,5.3623
phone-android,tiny,2850,close_choice,rejected,invalid_choice,0,0.6961,0.5252,0.0819,3.8381,0.1323,5.2736
phone-android,tiny,2851,move,accepted,moved,1,0.6473,0.5066,0.2143,4.1239,0.1419,5.6340
phone-android,tiny,2852,take,accepted,taken,1,0.5355,0.4843,0.1686,4.2179,0.1831,5.5893
phone-android,tiny,2853,drop,accepted,dropped,1,0.5824,0.4964,0.1747,3.9694,0.1494,5.3722
phone-android,tiny,2854,look,accepted,observed,0,0.5659,0.4885,0.0781,3.3105,0.1468,4.5899
phone-android,tiny,2855,move,rejected,exit_unavailable,0,0.5527,0.5053,0.0830,3.0748,0.1190,4.3346
phone-android,tiny,2856,activate,rejected,not_eligible,0,0.5690,0.4732,0.0799,3.4442,0.1181,4.6844
phone-android,tiny,2857,talk,rejected,not_eligible,0,0.6182,0.5362,0.0822,3.1453,0.1118,4.4937
phone-android,tiny,2858,choose,rejected,invalid_choice,0,0.6211,0.5250,0.0793,3.2881,0.1511,4.6647
phone-android,tiny,2859,take,accepted,taken,1,0.8089,0.5407,0.1690,4.5742,0.1691,6.2619
phone-android,tiny,2860,look,accepted,observed,0,0.6889,0.4868,0.0792,3.7860,0.1252,5.1660
phone-android,tiny,2861,move,accepted,moved,1,0.6708,0.5827,0.1946,4.1878,0.1521,5.7881
phone-android,tiny,2862,talk,accepted,choice_opened,1,0.5740,0.6205,0.2063,5.3596,0.1957,6.9561
phone-android,tiny,2863,activate,rejected,not_eligible,0,0.8414,0.5945,0.1087,3.8355,0.1493,5.5294
phone-android,tiny,2864,move,accepted,moved,1,0.7437,0.5757,0.1748,4.5723,0.1673,6.2338
phone-android,tiny,2865,talk,rejected,not_eligible,0,0.6643,0.5502,0.0797,3.7542,0.1347,5.1831
phone-android,tiny,2866,look,accepted,observed,0,0.7343,0.5131,0.0769,19.1681,0.2094,20.7019
phone-android,tiny,2867,look,accepted,observed,0,1.0313,0.5582,0.0793,4.4234,0.2790,6.3712
phone-android,tiny,2868,look,accepted,observed,0,0.8259,0.5552,0.0777,4.5076,0.1206,6.0870
phone-android,tiny,2869,talk,rejected,not_eligible,0,0.7022,0.5003,0.0785,3.5536,0.1193,4.9540
phone-android,tiny,2870,move,accepted,moved,1,0.5604,0.7252,0.1739,7.0104,0.1942,8.6641
phone-android,tiny,2871,talk,accepted,choice_opened,1,1.3010,1.1310,0.3402,4.6973,0.1552,7.6248
phone-android,tiny,2872,look,accepted,observed,0,0.5760,0.5388,0.0851,3.9038,0.1364,5.2401
phone-android,tiny,2873,look,accepted,observed,0,0.7064,0.5528,0.0861,3.7134,0.1509,5.2096
phone-android,tiny,2874,drop,accepted,dropped,1,0.7886,0.5550,0.1894,6.0416,0.1926,7.7672
phone-android,tiny,2875,wait,rejected,invalid_time,0,0.7143,0.6534,0.0914,3.8887,0.1283,5.4762
phone-android,tiny,2876,take,accepted,taken,1,0.6330,0.5622,0.1978,5.0162,0.2073,6.6166
phone-android,tiny,2877,wait,rejected,invalid_time,0,0.8479,0.6320,0.0921,4.3352,0.1392,6.0465
phone-android,tiny,2878,look,accepted,observed,0,0.7416,0.5284,0.0789,3.7942,0.1279,5.2709
phone-android,tiny,2879,look,accepted,observed,0,0.7153,0.5450,0.0792,3.4402,0.1385,4.9181
phone-android,tiny,2880,wait,rejected,invalid_time,0,0.6572,0.5257,0.0804,3.6952,0.1178,5.0763
phone-android,tiny,2881,look,accepted,observed,0,0.6278,0.5079,0.0781,3.5243,0.1284,4.8665
phone-android,tiny,2882,wait,rejected,invalid_time,0,0.7188,0.5499,0.0799,4.0465,0.1384,5.5335
phone-android,tiny,2883,move,accepted,moved,1,0.8358,0.5703,0.1752,4.4521,0.1851,6.2184
phone-android,tiny,2884,look,accepted,observed,0,0.8822,0.5504,0.0776,4.1861,0.1682,5.8644
phone-android,tiny,2885,look,accepted,observed,0,0.9143,0.7357,0.0918,3.6298,0.1483,5.5199
phone-android,tiny,2886,move,accepted,moved,1,0.7699,0.6297,0.2023,4.9631,0.1833,6.7484
phone-android,tiny,2887,wait,rejected,invalid_time,0,0.7442,0.6283,0.0940,3.5401,0.1399,5.1466
phone-android,tiny,2888,move,accepted,moved,1,1.6233,0.6363,0.1746,4.3562,0.1541,6.9445
phone-android,tiny,2889,drop,accepted,dropped,1,0.6465,0.5319,0.1774,4.3624,0.1481,5.8663
phone-android,tiny,2890,look,accepted,observed,0,0.5536,0.5647,0.0783,3.9854,0.1247,5.3067
phone-android,tiny,2891,look,accepted,observed,0,0.7070,0.5287,0.0779,3.6089,0.1320,5.0546
phone-android,tiny,2892,look,accepted,observed,0,0.8122,0.5236,0.0771,3.3754,0.1131,4.9014
phone-android,tiny,2893,move,accepted,moved,1,0.5927,0.5290,0.1768,4.1186,0.1921,5.6092
phone-android,tiny,2894,choose,rejected,invalid_choice,0,0.5888,0.5612,0.0801,3.5933,0.1277,4.9510
phone-android,tiny,2895,move,accepted,moved,1,0.5722,0.5272,0.1762,3.8598,0.1576,5.2930
phone-android,tiny,2896,move,accepted,moved,1,0.6051,0.5370,0.1751,4.1448,0.1528,5.6147
phone-android,tiny,2897,wait,rejected,invalid_time,0,0.5959,0.5694,0.0797,3.2230,0.1319,4.5999
phone-android,tiny,2898,move,accepted,moved,1,0.6033,0.5330,0.1755,4.1284,0.1451,5.5853
phone-android,tiny,2899,activate,rejected,not_eligible,0,0.5741,0.4908,0.0807,3.3749,0.1212,4.6418
phone-android,tiny,2900,move,accepted,moved,1,0.5881,0.5326,0.1750,3.9793,0.1376,5.4126
phone-android,tiny,2901,look,accepted,observed,0,0.6159,0.5003,0.0772,3.3331,0.1177,4.6442
phone-android,tiny,2902,look,accepted,observed,0,0.5659,0.4939,0.0759,3.2153,0.1181,4.4690
phone-android,tiny,2903,move,accepted,moved,1,0.5686,0.5323,0.2886,4.0746,0.1429,5.6069
phone-android,tiny,2904,look,accepted,observed,0,0.5685,0.5010,0.0768,3.5008,0.1200,4.7672
phone-android,tiny,2905,choose,rejected,invalid_choice,0,0.6097,0.5883,0.0790,3.2220,0.1136,4.6127
phone-android,tiny,2906,look,accepted,observed,0,0.7191,0.5181,0.0769,3.6250,0.1445,5.0835
phone-android,tiny,2907,look,accepted,observed,0,0.7225,0.6236,0.0798,4.2063,0.1288,5.7610
phone-android,tiny,2908,look,accepted,observed,0,0.6554,0.4914,0.0778,3.3383,0.1198,4.6827
phone-android,tiny,2909,take,rejected,not_present,0,0.6248,0.4998,0.0797,3.5910,0.1347,4.9301
phone-android,tiny,2910,move,accepted,moved,1,0.7329,0.5798,0.1776,4.7871,0.1836,6.4610
phone-android,tiny,2911,move,accepted,moved,1,0.7577,0.5890,0.1773,4.3491,0.1567,6.0297
phone-android,tiny,2912,choose,rejected,stale_view,0,0.5730,0.5179,0.0793,3.5199,0.1219,4.8121
phone-android,tiny,2913,move,accepted,moved,1,0.5721,0.5351,0.1754,4.4944,0.1803,5.9572
phone-android,tiny,2914,move,rejected,exit_unavailable,0,0.7239,0.5624,0.0815,3.9847,0.1718,5.5243
phone-android,tiny,2915,look,accepted,observed,0,0.7307,0.5286,0.0773,3.4180,0.1331,4.8877
phone-android,tiny,2916,choose,rejected,invalid_choice,0,0.6898,0.6001,0.0790,3.8747,0.1447,5.3882
phone-android,tiny,2917,drop,replayed,dropped,0,1.0585,0.4327,0.0021,0.0004,0.0572,1.5508
phone-android,tiny,2918,take,rejected,not_present,0,0.4151,0.4219,0.0777,3.3899,0.1190,4.4234
phone-android,tiny,2919,look,accepted,observed,0,0.6547,0.4932,0.0765,3.3290,0.1154,4.6687
phone-android,tiny,2920,move,accepted,moved,1,0.5722,0.5286,0.1773,4.4823,0.1545,5.9149
phone-android,tiny,2921,talk,rejected,not_eligible,0,0.6516,0.5063,0.0791,3.2187,0.1261,4.5818
phone-android,tiny,2922,choose,rejected,invalid_choice,0,0.5891,0.5464,0.0805,3.8638,0.1293,5.2091
phone-android,tiny,2923,choose,rejected,invalid_choice,0,0.6941,0.5720,0.0806,3.2540,0.1460,4.7468
phone-android,tiny,2924,look,accepted,observed,0,0.7590,0.5570,0.0785,3.1463,0.1354,4.6762
phone-android,tiny,2925,look,accepted,observed,0,0.7436,0.5442,0.0773,3.3271,0.1265,4.8187
phone-android,tiny,2926,look,accepted,observed,0,0.5910,0.5055,0.0766,3.3510,0.1154,4.6395
phone-android,tiny,2927,look,accepted,observed,0,0.5453,0.5383,0.0784,3.2078,0.1242,4.4940
phone-android,tiny,2928,move,accepted,moved,1,0.6435,0.5792,0.1740,4.5278,0.1719,6.0964
phone-android,tiny,2929,move,accepted,moved,1,0.7289,0.5764,0.1766,4.2491,0.1539,5.8848
phone-android,tiny,2930,take,rejected,not_present,0,0.5977,0.5617,0.0799,3.2966,0.1179,4.6537
phone-android,tiny,2931,look,accepted,observed,0,0.5944,0.5111,0.0789,3.6578,0.1533,4.9954
phone-android,tiny,2932,look,accepted,observed,0,0.7643,0.5968,0.0801,4.1485,0.1289,5.7186
phone-android,tiny,2933,look,accepted,observed,0,0.7331,0.5376,0.0786,4.5099,0.1322,5.9915
phone-android,tiny,2934,move,accepted,moved,1,0.6942,0.5528,0.1752,4.4369,0.1476,6.0066
phone-android,tiny,2935,look,accepted,observed,0,0.6327,0.5134,0.0770,3.8989,0.1340,5.2559
phone-android,tiny,2936,activate,rejected,not_eligible,0,0.6726,0.5387,0.0807,3.4059,0.1951,4.8929
phone-android,tiny,2937,close_choice,accepted,choice_closed,1,0.7283,0.5503,0.1754,4.4435,0.1589,6.0564
phone-android,tiny,2938,wait,rejected,invalid_time,0,0.6960,0.5275,0.0822,3.5805,0.1299,5.0161
phone-android,tiny,2939,look,accepted,observed,0,0.6029,0.4936,0.0794,3.2980,0.1155,4.5894
phone-android,tiny,2940,move,accepted,moved,1,0.5544,0.5397,0.1682,4.2742,0.1580,5.6945
phone-android,tiny,2941,activate,rejected,not_eligible,0,0.5867,0.4913,0.0819,3.2632,0.1177,4.5407
phone-android,tiny,2942,take,rejected,not_present,0,0.6991,0.4835,0.0816,3.3805,0.1432,4.7880
phone-android,tiny,2943,activate,rejected,not_eligible,0,0.7696,0.5209,0.0793,3.9593,0.1439,5.4729
phone-android,tiny,2944,move,accepted,moved,1,0.8114,0.5736,0.1713,4.2820,0.1464,5.9846
phone-android,tiny,2945,look,accepted,observed,0,0.5803,0.5381,0.0810,3.6633,0.1161,4.9788
phone-android,tiny,2946,move,accepted,moved,1,0.5682,0.5134,0.1715,4.1510,0.1927,5.5968
phone-android,tiny,2947,move,accepted,moved,1,0.8671,0.5827,0.1880,4.6760,0.1664,6.4803
phone-android,tiny,2948,wait,rejected,invalid_time,0,0.7214,0.5563,0.0855,3.6464,0.1371,5.1467
phone-android,tiny,2949,look,accepted,observed,0,0.6675,0.5077,0.0795,3.9150,0.2038,5.3734
phone-android,tiny,2950,wait,rejected,invalid_time,0,0.7653,0.5412,0.0848,3.4964,0.1381,5.0258
phone-android,tiny,2951,take,rejected,not_present,0,0.6899,0.5204,0.0808,4.2744,0.1385,5.7041
phone-android,tiny,2952,take,rejected,not_present,0,0.7052,0.5073,0.0812,3.6359,0.1385,5.0682
phone-android,tiny,2953,look,accepted,observed,0,0.7393,0.5457,0.0799,4.0391,0.1652,5.5693
phone-android,tiny,2954,move,rejected,exit_unavailable,0,0.8852,0.5809,0.0859,3.8603,0.1426,5.5548
phone-android,tiny,2955,talk,rejected,not_eligible,0,0.7112,0.5264,0.0809,3.4440,0.1357,4.8983
phone-android,tiny,2956,look,accepted,observed,0,0.6932,0.5340,0.0818,3.3444,0.1079,4.7613
phone-android,tiny,2957,move,accepted,moved,1,0.5868,0.5221,0.1709,4.4507,0.1548,5.8853
phone-android,tiny,2958,wait,rejected,invalid_time,0,0.6351,0.5056,0.0810,3.3105,0.1247,4.6568
phone-android,tiny,2959,move,accepted,moved,1,0.6257,0.5284,0.1692,4.9391,0.1472,6.4096
phone-android,tiny,2960,talk,rejected,not_owned,0,0.5451,0.9566,0.0835,3.5703,0.1095,5.2650
phone-android,tiny,2961,wait,rejected,invalid_time,0,0.6126,0.5559,0.0818,4.1506,0.1455,5.5464
phone-android,tiny,2962,look,accepted,observed,0,0.7756,0.5209,0.0799,3.7088,0.2085,5.2937
phone-android,tiny,2963,move,accepted,moved,1,0.7196,0.5489,0.1711,4.8064,0.1673,6.4133
phone-android,tiny,2964,move,accepted,moved,1,0.7668,0.5586,0.1711,4.3284,0.1591,5.9841
phone-android,tiny,2965,choose,rejected,invalid_choice,0,0.6343,0.5949,0.0797,3.7428,0.1163,5.1681
phone-android,tiny,2966,look,accepted,observed,0,0.5405,0.4827,0.0798,3.3317,0.1353,4.5701
phone-android,tiny,2967,look,accepted,observed,0,0.7272,0.5827,0.0812,3.8313,0.1397,5.3621
phone-android,tiny,2968,wait,rejected,invalid_time,0,0.7634,0.5473,0.0846,4.0185,0.1520,5.5658
phone-android,tiny,2969,move,accepted,moved,1,0.5963,0.5223,0.1688,4.5167,0.1523,5.9565
phone-android,tiny,2970,look,accepted,observed,0,0.5663,0.5350,0.0788,3.9253,0.1349,5.2403
phone-android,tiny,2971,look,accepted,observed,0,0.6939,0.5295,0.0794,3.5130,0.1311,4.9468
phone-android,tiny,2972,talk,rejected,not_eligible,0,0.7299,0.5291,0.0804,4.3508,0.1327,5.8229
phone-android,tiny,2973,move,rejected,exit_unavailable,0,0.6543,0.5736,0.0871,3.7638,0.1260,5.2048
phone-android,tiny,2974,move,accepted,moved,1,0.7303,0.5445,0.1718,4.4277,0.2304,6.1045
phone-android,tiny,2975,choose,rejected,stale_view,0,0.6611,0.5234,0.0780,3.7223,0.1214,5.1063
phone-android,tiny,2976,look,accepted,observed,0,0.5709,0.4757,0.0805,3.6419,0.1127,4.8816
phone-android,tiny,2977,move,accepted,moved,1,0.5489,0.4907,0.1720,4.2706,0.1555,5.6377
phone-android,tiny,2978,move,accepted,moved,1,0.6481,0.5646,0.1692,4.2807,0.1549,5.8174
phone-android,tiny,2979,take,rejected,not_present,0,0.6186,0.4839,0.0802,3.3113,0.1179,4.6118
phone-android,tiny,2980,look,accepted,observed,0,1.1614,0.4702,0.0989,3.8089,0.1254,5.6646
phone-android,tiny,2981,move,rejected,exit_unavailable,0,0.6111,0.5195,0.0840,3.3476,0.1549,4.7171
phone-android,tiny,2982,move,accepted,moved,1,0.6922,0.5261,0.1696,6.7866,0.1673,8.3419
phone-android,tiny,2983,take,accepted,taken,1,0.6939,0.5006,0.1713,4.3503,0.1567,5.8727
phone-android,tiny,2984,drop,rejected,integrity_conflict,0,0.9746,0.4152,0.0021,0.0010,0.0620,1.4549
phone-android,tiny,2985,look,accepted,observed,0,0.4122,0.4561,0.0955,4.1594,0.1191,5.2422
phone-android,tiny,2986,wait,rejected,invalid_time,0,0.5699,0.4753,0.0802,3.2965,0.1339,4.5558
phone-android,tiny,2987,talk,rejected,not_eligible,0,0.6468,0.5409,0.0889,3.5541,0.1337,4.9643
phone-android,tiny,2988,look,accepted,observed,0,0.7055,0.5106,0.0810,4.0927,0.1297,5.5195
phone-android,tiny,2989,talk,rejected,not_eligible,0,0.7862,0.5282,0.0811,3.8379,0.1407,5.3741
phone-android,tiny,2990,drop,accepted,dropped,1,0.7414,0.5169,0.1734,4.4807,0.1529,6.0653
phone-android,tiny,2991,move,accepted,moved,1,0.5979,0.5289,0.1683,4.5661,0.1468,6.0080
phone-android,tiny,2992,wait,rejected,invalid_time,0,0.5636,0.5041,0.0810,3.8843,0.1333,5.1664
phone-android,tiny,2993,take,rejected,not_present,0,0.6219,0.5245,0.0832,4.0998,0.1195,5.4489
phone-android,tiny,2994,choose,rejected,invalid_choice,0,0.5858,0.5338,0.0807,3.4185,0.1467,4.7655
phone-android,tiny,2995,move,rejected,exit_unavailable,0,0.7598,0.5909,0.0851,3.4639,0.1290,5.0286
phone-android,tiny,2996,move,accepted,moved,1,0.6460,0.5659,0.1717,4.3771,0.1422,5.9030
phone-android,tiny,2997,take,rejected,not_present,0,0.5931,0.4844,0.0807,3.3128,0.1159,4.5869
phone-android,tiny,2998,move,accepted,moved,1,0.5611,0.4998,0.1692,4.1049,0.1463,5.4814
phone-android,tiny,2999,look,accepted,observed,0,0.5715,0.4518,0.0779,3.3848,0.1340,4.6200
phone-android,medium,1000,move,accepted,moved,1,0.9998,217.6575,94.4797,15.4461,0.2346,328.8179
phone-android,medium,1001,move,accepted,moved,1,1.0000,226.6534,93.6737,17.5409,0.2965,339.1645
phone-android,medium,1002,move,accepted,moved,1,1.0330,213.0089,93.5287,15.5989,0.2426,323.4121
phone-android,medium,1003,wait,rejected,invalid_time,0,1.0453,214.7457,0.1271,9.3747,0.1920,225.4848
phone-android,medium,1004,move,accepted,moved,1,0.9567,219.2986,93.5615,15.6982,0.2132,329.7282
phone-android,medium,1005,move,accepted,moved,1,0.8971,213.4157,93.4125,14.6638,0.2188,322.6079
phone-android,medium,1006,choose,rejected,invalid_choice,0,1.0286,215.5655,0.1461,9.2083,0.1760,226.1246
phone-android,medium,1007,move,accepted,moved,1,0.7505,215.9213,93.1979,15.1445,0.2455,325.2598
phone-android,medium,1008,look,accepted,observed,0,1.1113,216.5947,0.1327,10.3039,0.2126,228.3550
phone-android,medium,1009,take,rejected,not_present,0,0.9623,216.4736,0.1366,10.4423,0.1888,228.2036
phone-android,medium,1010,move,accepted,moved,1,0.9061,215.5790,93.2258,15.5043,0.1995,325.4147
phone-android,medium,1011,choose,rejected,invalid_choice,0,0.8772,217.0790,0.1607,11.0866,0.2011,229.4046
phone-android,medium,1012,look,accepted,observed,0,1.0653,215.8198,0.1254,9.1605,0.1825,226.3535
phone-android,medium,1013,talk,rejected,not_eligible,0,0.9380,217.2040,0.2808,9.5178,0.2109,228.1516
phone-android,medium,1014,look,accepted,observed,0,0.9767,216.5818,0.1459,9.7592,0.1531,227.6167
phone-android,medium,1015,move,accepted,moved,1,0.7470,216.7304,95.8438,15.3267,0.2014,328.8492
phone-android,medium,1016,wait,rejected,invalid_time,0,0.8426,214.3113,0.1426,9.8759,0.1899,225.3623
phone-android,medium,1017,look,accepted,observed,0,0.8971,218.8444,0.1303,10.6267,0.2022,230.7008
phone-android,medium,1018,move,accepted,moved,1,1.0543,215.7436,93.6314,17.0560,0.3122,327.7975
phone-android,medium,1019,take,accepted,taken,1,1.1397,219.5022,94.2993,16.7115,0.2332,331.8860
phone-android,medium,1020,look,accepted,observed,0,1.0810,242.4179,0.1347,11.0858,0.1891,254.9086
phone-android,medium,1021,look,accepted,observed,0,0.8792,214.3564,0.1378,9.8056,0.1958,225.3748
phone-android,medium,1022,drop,accepted,dropped,1,0.9822,216.7779,92.3551,16.5331,0.1704,326.8187
phone-android,medium,1023,activate,rejected,not_eligible,0,0.7685,213.1044,0.1311,7.9476,0.1954,222.1469
phone-android,medium,1024,move,accepted,moved,1,0.9824,217.7976,91.2199,15.6452,0.2512,325.8963
phone-android,medium,1025,look,accepted,observed,0,1.0672,212.2967,0.1287,9.5126,0.1581,223.1634
phone-android,medium,1026,move,rejected,exit_unavailable,0,0.7228,216.1763,0.1329,9.2985,0.2083,226.5388
phone-android,medium,1027,move,accepted,moved,1,0.9578,213.6849,92.2211,14.2444,0.1941,321.3023
phone-android,medium,1028,move,accepted,moved,1,0.8194,212.6883,93.8674,16.7430,0.2049,324.3231
phone-android,medium,1029,look,accepted,observed,0,0.9416,213.2349,0.1418,9.2438,0.2000,223.7620
phone-android,medium,1030,move,accepted,moved,1,0.9563,216.9370,92.0135,16.2070,0.2309,326.3447
phone-android,medium,1031,look,accepted,observed,0,0.8876,212.7120,0.1311,9.4341,0.2308,223.3956
phone-android,medium,1032,take,rejected,not_present,0,1.0126,219.9957,0.1263,9.1584,0.1679,230.4609
phone-android,medium,1033,take,rejected,not_present,0,0.9290,215.5939,0.1302,9.4669,0.1960,226.3160
phone-android,medium,1034,talk,rejected,not_eligible,0,1.0266,218.9027,0.1313,10.4379,0.2108,230.7093
phone-android,medium,1035,take,rejected,not_present,0,1.1936,214.6249,0.1513,10.0917,0.1570,226.2186
phone-android,medium,1036,look,accepted,observed,0,0.7378,215.0525,0.1460,8.5547,0.2019,224.6929
phone-android,medium,1037,move,accepted,moved,1,0.8895,213.4480,95.0612,14.9993,0.2283,324.6263
phone-android,medium,1038,talk,rejected,not_owned,0,0.8243,217.6008,0.1506,9.6615,0.1968,228.4340
phone-android,medium,1039,move,accepted,moved,1,0.9697,216.6580,92.0395,17.0856,0.2030,326.9558
phone-android,medium,1040,activate,rejected,not_eligible,0,0.8108,212.5380,0.1395,10.3091,0.1971,223.9946
phone-android,medium,1041,talk,rejected,not_eligible,0,1.1398,216.8341,0.1347,10.2098,0.2078,228.5263
phone-android,medium,1042,look,accepted,observed,0,0.9582,214.6483,0.1260,8.9273,0.1503,224.8101
phone-android,medium,1043,move,rejected,exit_unavailable,0,0.8702,216.7063,0.1415,8.6423,0.2031,226.5635
phone-android,medium,1044,take,replayed,not_present,0,1.4282,194.0757,0.0142,0.0009,0.1071,195.6262
phone-android,medium,1045,activate,rejected,not_eligible,0,1.2665,213.6636,0.1453,9.0219,0.1996,224.2969
phone-android,medium,1046,look,accepted,observed,0,1.0303,216.0434,0.2752,6.0263,0.2171,223.5922
phone-android,medium,1047,look,accepted,observed,0,1.0514,212.0444,0.1317,9.5259,0.1837,222.9371
phone-android,medium,1048,move,accepted,moved,1,1.0103,215.2419,91.7711,15.7717,0.2597,324.0547
phone-android,medium,1049,activate,rejected,not_eligible,0,0.9385,213.7899,0.1424,10.0031,0.1643,225.0381
phone-android,medium,1050,move,accepted,moved,1,0.8018,215.8129,92.1376,15.2546,0.2052,324.2121
phone-android,medium,1051,look,accepted,observed,0,0.8889,213.1135,0.1306,8.9901,0.1901,223.3131
phone-android,medium,1052,wait,rejected,invalid_time,0,1.1742,217.0036,0.1382,9.3764,0.2118,227.9041
phone-android,medium,1053,choose,rejected,invalid_choice,0,0.9656,215.1586,0.1395,9.7503,0.1713,226.1853
phone-android,medium,1054,wait,rejected,invalid_time,0,0.8465,218.9078,0.1483,10.7056,0.1883,230.7966
phone-android,medium,1055,look,accepted,observed,0,0.8418,213.0543,0.1370,9.5491,0.1849,223.7671
phone-android,medium,1056,wait,rejected,invalid_time,0,0.9193,214.9644,0.1278,6.5284,0.1596,222.6996
phone-android,medium,1057,take,accepted,taken,1,0.7236,216.1921,93.3342,15.9760,0.2319,326.4577
phone-android,medium,1058,move,accepted,moved,1,0.9832,216.0293,92.2800,15.7947,0.2549,325.3421
phone-android,medium,1059,move,accepted,moved,1,1.2739,214.5588,93.3939,35.4660,0.2595,344.9521
phone-android,medium,1060,look,accepted,observed,0,1.1068,211.9378,0.1370,9.7724,0.1967,223.1506
phone-android,medium,1061,talk,rejected,not_eligible,0,0.9494,218.3724,0.1351,9.3214,0.2360,229.0142
phone-android,medium,1062,wait,rejected,invalid_time,0,0.7974,215.3713,0.1576,10.1837,0.2667,226.7766
phone-android,medium,1063,take,replayed,not_present,0,1.4759,193.4668,0.0111,0.0408,0.1089,195.1035
phone-android,medium,1064,move,accepted,moved,1,1.4514,217.6487,91.3940,16.0367,0.2489,326.7797
phone-android,medium,1065,choose,rejected,invalid_choice,0,1.0400,214.8244,0.1384,9.5132,0.1789,225.6949
phone-android,medium,1066,move,accepted,moved,1,0.8590,216.1594,92.2336,15.2058,0.2590,324.7169
phone-android,medium,1067,move,accepted,moved,1,1.0380,211.6122,92.9843,16.1580,0.2284,322.0210
phone-android,medium,1068,drop,replayed,dropped,0,1.3997,198.8219,0.0085,0.0010,0.0949,200.3262
phone-android,medium,1069,look,accepted,observed,0,1.2622,214.5383,0.1295,9.5406,0.1947,225.6653
phone-android,medium,1070,move,accepted,moved,1,1.0253,217.9910,92.3780,17.8938,0.2054,329.4935
phone-android,medium,1071,move,accepted,moved,1,1.0217,217.2775,93.9045,18.1381,0.2457,330.5875
phone-android,medium,1072,talk,accepted,choice_opened,1,1.1405,217.9962,91.9921,16.3727,0.2230,327.7245
phone-android,medium,1073,activate,rejected,not_eligible,0,0.8729,213.3746,0.1426,9.9493,0.1923,224.5316
phone-android,medium,1074,move,accepted,moved,1,1.0464,218.6479,91.9866,15.5552,0.2492,327.4853
phone-android,medium,1075,look,accepted,observed,0,1.0316,213.7240,0.1550,7.4790,0.1856,222.5752
phone-android,medium,1076,move,accepted,moved,1,0.7601,214.2116,92.9511,16.8668,0.2119,325.0015
phone-android,medium,1077,move,accepted,moved,1,0.8765,216.5797,92.2871,17.1197,0.2497,327.1127
phone-android,medium,1078,move,accepted,moved,1,0.9814,212.9172,92.9512,17.8276,0.2079,324.8852
phone-android,medium,1079,move,accepted,moved,1,1.0919,211.2226,94.8436,14.4957,0.2599,321.9138
phone-android,medium,1080,move,accepted,moved,1,1.0070,212.4987,93.8910,15.4462,0.1902,323.0330
phone-android,medium,1081,talk,accepted,choice_opened,1,0.8094,218.1287,92.8454,14.0742,0.2239,326.0815
phone-android,medium,1082,look,accepted,observed,0,0.9704,219.9116,0.1478,9.5952,0.2098,230.8348
phone-android,medium,1083,choose,rejected,stale_view,0,1.0018,197.3178,0.1282,10.1875,0.1902,208.8254
phone-android,medium,1084,activate,rejected,not_eligible,0,0.9489,214.3283,0.3809,9.5135,0.2251,225.3968
phone-android,medium,1085,wait,rejected,invalid_time,0,0.8477,215.5041,0.1421,9.5769,0.1885,226.2593
phone-android,medium,1086,move,rejected,exit_unavailable,0,0.9751,215.1639,0.1280,9.6650,0.1962,226.1283
phone-android,medium,1087,activate,rejected,not_eligible,0,1.0222,218.8527,0.1337,9.1632,0.1684,229.3402
phone-android,medium,1088,look,accepted,observed,0,0.8312,212.9890,0.1375,9.9096,0.1981,224.0654
phone-android,medium,1089,move,accepted,moved,1,1.0445,213.6722,91.5085,16.8101,0.2306,323.2659
phone-android,medium,1090,move,accepted,moved,1,1.0807,216.0493,92.7667,15.6869,0.2542,325.8378
phone-android,medium,1091,close_choice,accepted,choice_closed,1,1.0286,214.6669,94.2315,17.3035,0.2081,327.4386
phone-android,medium,1092,look,accepted,observed,0,0.9331,217.7255,0.1507,10.1566,0.1729,229.1388
phone-android,medium,1093,activate,rejected,not_eligible,0,0.8566,214.9069,0.1368,9.5273,0.1672,225.5949
phone-android,medium,1094,move,accepted,moved,1,0.8773,216.6837,92.2909,15.7442,0.1930,325.7890
phone-android,medium,1095,look,accepted,observed,0,0.8679,213.3418,0.1398,10.0391,0.1989,224.5874
phone-android,medium,1096,look,accepted,observed,0,0.9384,220.9025,0.1408,9.9529,0.2340,232.1687
phone-android,medium,1097,move,accepted,moved,1,0.8545,213.5461,91.8810,17.9550,0.2458,324.4824
phone-android,medium,1098,look,accepted,observed,0,1.0789,213.3140,0.1357,10.2764,0.1602,224.9652
phone-android,medium,1099,choose,rejected,invalid_choice,0,0.7891,219.7637,0.1649,9.3906,0.1772,230.2856
phone-android,medium,1100,activate,rejected,not_eligible,0,0.7931,214.4621,0.1435,9.7409,0.1893,225.3289
phone-android,medium,1101,look,accepted,observed,0,0.9882,216.9950,0.2434,10.3682,0.2146,228.8094
phone-android,medium,1102,move,accepted,moved,1,1.0581,213.6556,93.1936,15.2716,0.2341,323.4130
phone-android,medium,1103,move,accepted,moved,1,1.0349,222.0234,96.4121,14.3006,0.1993,333.9703
phone-android,medium,1104,look,accepted,observed,0,0.7401,214.6455,0.1461,10.1540,0.2091,225.8947
phone-android,medium,1105,drop,accepted,dropped,1,0.9969,219.1319,92.8815,14.6091,0.2620,327.8814
phone-android,medium,1106,look,accepted,observed,0,1.0539,211.6776,0.1408,9.5196,0.2051,222.5969
phone-android,medium,1107,move,accepted,moved,1,0.9461,216.9731,92.6437,16.4451,0.2410,327.2489
phone-android,medium,1108,move,accepted,moved,1,0.9880,212.3446,94.1827,15.8678,0.2470,323.6300
phone-android,medium,1109,wait,rejected,invalid_time,0,1.1555,218.0917,0.1270,10.3642,0.1984,229.9370
phone-android,medium,1110,move,rejected,exit_unavailable,0,1.0214,215.7633,0.1392,9.9431,0.1885,227.0554
phone-android,medium,1111,move,accepted,moved,1,1.0867,217.4221,92.3743,16.3419,0.3528,327.5777
phone-android,medium,1112,look,accepted,observed,0,1.1160,213.9160,0.1474,10.5726,0.1567,225.9087
phone-android,medium,1113,look,accepted,observed,0,0.7452,217.1206,0.1280,9.5909,0.1993,227.7840
phone-android,medium,1114,look,accepted,observed,0,0.9904,214.9088,0.3328,9.2116,0.1881,225.6316
phone-android,medium,1115,look,accepted,observed,0,1.0865,217.7771,0.1324,9.2452,0.1584,228.3996
phone-android,medium,1116,move,accepted,moved,1,0.7092,214.1025,93.6239,15.7798,0.2107,324.4262
phone-android,medium,1117,look,accepted,observed,0,1.1834,217.0139,0.1190,9.3595,0.1840,227.8598
phone-android,medium,1118,move,accepted,moved,1,0.8790,213.2175,96.8734,17.5423,0.2119,328.7240
phone-android,medium,1119,look,accepted,observed,0,0.9320,212.6917,0.1441,10.0117,0.1886,223.9682
phone-android,medium,1120,look,accepted,observed,0,1.1267,216.5240,0.1352,10.0116,0.2279,228.0254
phone-android,medium,1121,move,rejected,exit_unavailable,0,0.9662,214.1448,0.1400,7.7484,0.1414,223.1409
phone-android,medium,1122,activate,rejected,not_eligible,0,0.6921,214.3554,0.1392,9.3662,0.1748,224.7278
phone-android,medium,1123,wait,rejected,invalid_time,0,0.8638,218.4381,0.1516,9.6938,0.1726,229.3198
phone-android,medium,1124,look,accepted,observed,0,0.7629,214.3365,0.1182,9.1466,0.1821,224.5463
phone-android,medium,1125,move,accepted,moved,1,1.0699,217.2526,92.5866,15.2112,0.2100,326.3303
phone-android,medium,1126,move,accepted,moved,1,0.9108,218.1563,92.4947,16.9834,0.2209,328.7660
phone-android,medium,1127,choose,rejected,stale_view,0,0.8668,195.9560,0.1360,10.2421,0.1966,207.3975
phone-android,medium,1128,choose,rejected,invalid_choice,0,1.0522,220.5572,0.1265,9.5505,0.1729,231.4593
phone-android,medium,1129,look,accepted,observed,0,0.7908,214.2730,0.1434,8.9886,0.1781,224.3740
phone-android,medium,1130,take,rejected,not_present,0,0.9512,215.7423,0.1339,5.7297,0.1718,222.7288
phone-android,medium,1131,choose,rejected,invalid_choice,0,0.7165,215.0866,0.1421,10.3252,0.1840,226.4545
phone-android,medium,1132,look,accepted,observed,0,0.9371,215.4165,0.1229,8.8132,0.1654,225.4552
phone-android,medium,1133,move,accepted,moved,1,0.8562,218.7725,93.2653,14.9397,0.2637,328.0975
phone-android,medium,1134,move,rejected,exit_unavailable,0,1.0103,215.6747,0.1323,9.4791,0.2156,226.5119
phone-android,medium,1135,look,accepted,observed,0,0.9582,214.9737,0.1405,9.7612,0.1492,225.9828
phone-android,medium,1136,activate,rejected,not_eligible,0,0.7878,217.2717,0.1327,10.8203,0.1782,229.1907
phone-android,medium,1137,look,accepted,observed,0,0.8445,213.6086,0.1339,9.3910,0.1971,224.1752
phone-android,medium,1138,look,accepted,observed,0,0.9660,214.0174,0.1359,10.3727,0.1704,225.6623
phone-android,medium,1139,move,accepted,moved,1,0.9124,219.8579,93.7367,14.5848,0.2170,329.3089
phone-android,medium,1140,move,accepted,moved,1,0.8814,215.2533,93.1876,16.1319,0.2584,325.7125
phone-android,medium,1141,choose,rejected,invalid_choice,0,0.9956,217.3437,0.1472,10.1613,0.2822,228.9300
phone-android,medium,1142,look,accepted,observed,0,0.9621,215.6559,0.1445,9.5557,0.1924,226.5107
phone-android,medium,1143,move,accepted,moved,1,0.8144,214.7813,93.9839,18.4872,0.2379,328.3047
phone-android,medium,1144,look,accepted,observed,0,1.1068,212.4310,0.1423,10.4719,0.1561,224.3081
phone-android,medium,1145,take,rejected,not_present,0,0.7869,216.5003,0.1756,9.4944,0.2187,227.1759
phone-android,medium,1146,look,accepted,observed,0,0.9916,215.1744,0.1377,9.0749,0.1786,225.5572
phone-android,medium,1147,wait,rejected,invalid_time,0,0.8713,214.8210,0.1341,9.0613,0.1880,225.0756
phone-android,medium,1148,choose,rejected,invalid_choice,0,0.9795,218.5967,0.1324,10.7099,0.2161,230.6347
phone-android,medium,1149,move,accepted,moved,1,1.0390,214.3507,94.6132,15.8732,0.1893,326.0654
phone-android,medium,1150,take,accepted,taken,1,1.1037,220.2417,92.8617,15.6130,0.2301,330.0503
phone-android,medium,1151,move,accepted,moved,1,1.0406,213.8012,91.5039,14.9835,0.2527,321.5818
phone-android,medium,1152,drop,accepted,dropped,1,1.1366,214.1841,92.5234,15.3924,0.2578,323.4943
phone-android,medium,1153,look,accepted,observed,0,1.0349,213.9624,0.1290,10.9829,0.2142,226.3234
phone-android,medium,1154,move,accepted,moved,1,1.0850,217.7489,92.7433,16.4046,0.1772,328.1590
phone-android,medium,1155,look,accepted,observed,0,1.0073,217.8797,0.1332,8.3185,0.1636,227.5024
phone-android,medium,1156,move,accepted,moved,1,0.7343,217.9665,92.1172,14.6693,0.2394,325.7267
phone-android,medium,1157,look,accepted,observed,0,1.0506,216.4787,0.1314,10.9771,0.2137,228.8515
phone-android,medium,1158,move,rejected,exit_unavailable,0,1.0172,218.6820,0.1459,10.4356,0.2062,230.4869
phone-android,medium,1159,look,accepted,observed,0,0.9931,216.3111,0.1207,8.4132,0.1702,226.0082
phone-android,medium,1160,move,accepted,moved,1,1.0010,217.4619,94.1217,16.5810,0.1929,329.3585
phone-android,medium,1161,move,accepted,moved,1,0.8522,215.1100,92.2705,15.6604,0.2409,324.1339
phone-android,medium,1162,talk,rejected,not_eligible,0,1.1219,212.6923,0.1532,9.9717,0.1744,224.1134
phone-android,medium,1163,look,accepted,observed,0,0.8193,218.0743,0.1227,9.3890,0.1783,228.5835
phone-android,medium,1164,look,accepted,observed,0,0.8469,216.8743,0.1490,9.6781,0.2405,227.7889
phone-android,medium,1165,look,accepted,observed,0,1.0523,218.7106,0.2461,9.9472,0.3543,230.3106
phone-android,medium,1166,look,accepted,observed,0,1.5388,216.8037,0.1456,10.8582,0.2414,229.5877
phone-android,medium,1167,move,rejected,exit_unavailable,0,1.0451,215.4297,0.2978,8.7414,0.1645,225.6784
phone-android,medium,1168,look,accepted,observed,0,0.8469,220.1411,0.1386,10.4481,0.2228,231.7975
phone-android,medium,1169,wait,rejected,invalid_time,0,1.0393,214.7888,0.1486,9.4973,0.1705,225.6445
phone-android,medium,1170,move,accepted,moved,1,0.7557,217.0831,92.8444,11.0288,0.1691,321.8811
phone-android,medium,1171,look,accepted,observed,0,0.6063,216.0520,0.1432,9.2628,0.1664,226.2306
phone-android,medium,1172,take,rejected,not_present,0,0.8115,214.8759,0.1326,10.0767,0.2132,226.1098
phone-android,medium,1173,move,accepted,moved,1,1.0152,217.7266,92.6775,16.4483,0.2103,328.0779
phone-android,medium,1174,activate,rejected,not_eligible,0,0.7386,212.4046,0.1454,10.4868,0.1932,223.9686
phone-android,medium,1175,wait,rejected,invalid_time,0,1.0760,220.4134,0.1178,7.7305,0.2440,229.5818
phone-android,medium,1176,take,accepted,taken,1,1.1123,215.0215,93.5374,16.3086,0.1928,326.1726
phone-android,medium,1177,activate,rejected,not_eligible,0,0.7889,214.4634,0.1318,9.6386,0.2148,225.2376
phone-android,medium,1178,wait,rejected,invalid_time,0,1.0309,215.7329,0.1274,9.7106,0.1922,226.7941
phone-android,medium,1179,move,accepted,moved,1,1.0697,218.1538,92.4937,17.7229,0.1839,329.6240
phone-android,medium,1180,move,accepted,moved,1,1.0972,216.4896,93.0729,14.8221,0.2609,325.7427
phone-android,medium,1181,choose,rejected,invalid_choice,0,1.0757,216.2981,0.1279,9.3954,0.2089,227.1061
phone-android,medium,1182,wait,rejected,invalid_time,0,0.9339,215.6453,0.1204,8.9980,0.1848,225.8825
phone-android,medium,1183,look,accepted,observed,0,0.9971,214.4160,0.1434,9.8304,0.1723,225.5592
phone-android,medium,1184,look,accepted,observed,0,0.8246,217.7892,0.1353,10.0748,0.2181,229.0422
phone-android,medium,1185,move,accepted,moved,1,1.0063,215.3636,93.0634,15.9160,0.1946,325.5440
phone-android,medium,1186,activate,rejected,not_eligible,0,0.9143,213.6610,0.1399,10.7339,0.1941,225.6431
phone-android,medium,1187,close_choice,rejected,invalid_choice,0,0.9236,215.4500,0.1328,9.8458,0.2041,226.5563
phone-android,medium,1188,move,accepted,moved,1,1.0155,214.3538,93.8511,15.2484,0.2328,324.7016
phone-android,medium,1189,close_choice,rejected,invalid_choice,0,0.8806,213.9279,0.1390,9.1880,0.1770,224.3125
phone-android,medium,1190,look,accepted,observed,0,1.0104,215.8668,0.1367,8.7907,0.1618,225.9664
phone-android,medium,1191,move,rejected,exit_unavailable,0,0.7609,218.9281,0.1545,9.4136,0.1763,229.4335
phone-android,medium,1192,look,accepted,observed,0,0.8138,214.9682,0.1425,10.6892,0.2300,226.8437
phone-android,medium,1193,look,accepted,observed,0,0.9909,217.6063,0.1501,10.5446,0.2322,229.5242
phone-android,medium,1194,wait,rejected,invalid_time,0,1.1248,215.6215,0.1634,9.6797,0.3114,226.9009
phone-android,medium,1195,move,accepted,moved,1,1.5724,216.5885,95.0949,15.6828,0.2019,329.1404
phone-android,medium,1196,choose,rejected,invalid_choice,0,0.7613,213.5535,0.1540,9.7907,0.1944,224.4538
phone-android,medium,1197,talk,accepted,choice_opened,1,0.9797,220.1683,92.4465,15.5833,0.2662,329.4440
phone-android,medium,1198,move,rejected,exit_unavailable,0,1.0914,216.0864,0.1286,10.0303,0.1886,227.5253
phone-android,medium,1199,look,accepted,observed,0,1.0232,219.5407,0.1213,9.7801,0.2043,230.6696
phone-android,medium,1200,talk,accepted,choice_opened,1,1.0161,214.9530,92.7893,13.7478,0.3089,322.8151
phone-android,medium,1201,look,accepted,observed,0,1.1037,216.9434,0.1348,9.8775,0.2038,228.2633
phone-android,medium,1202,drop,accepted,dropped,1,1.0378,215.2236,94.3983,15.7229,0.2061,326.5886
phone-android,medium,1203,look,accepted,observed,0,0.7597,212.8479,0.1339,9.4732,0.1769,223.3916
phone-android,medium,1204,move,accepted,moved,1,0.9755,216.9126,92.3717,16.8505,0.2107,327.3209
phone-android,medium,1205,look,accepted,observed,0,0.9640,213.3917,0.1235,9.3997,0.1872,224.0660
phone-android,medium,1206,move,accepted,moved,1,0.9221,216.4542,92.4072,27.1189,0.2315,337.1339
phone-android,medium,1207,move,accepted,moved,1,1.1032,215.0850,91.9650,14.3387,0.2731,322.7650
phone-android,medium,1208,look,accepted,observed,0,1.1281,214.6185,0.1531,9.9061,0.2601,226.0660
phone-android,medium,1209,move,accepted,moved,1,0.9312,218.7869,92.8807,16.5935,0.1937,329.3861
phone-android,medium,1210,take,accepted,taken,1,0.9140,214.7341,93.8695,15.1429,0.2686,324.9291
phone-android,medium,1211,choose,rejected,invalid_choice,0,1.0343,212.5321,0.1527,10.0672,0.1673,223.9536
phone-android,medium,1212,look,accepted,observed,0,0.7671,216.0097,0.1383,9.4257,0.2047,226.5456
phone-android,medium,1213,move,accepted,moved,1,0.9455,214.6906,92.2776,14.3693,0.2022,322.4852
phone-android,medium,1214,move,rejected,exit_unavailable,0,0.8332,214.9170,0.2237,9.5230,0.1794,225.6763
phone-android,medium,1215,move,accepted,moved,1,0.8181,214.2635,92.0677,15.9152,0.1870,323.2515
phone-android,medium,1216,look,accepted,observed,0,0.9686,217.1298,0.1405,9.5221,0.1708,227.9318
phone-android,medium,1217,move,accepted,moved,1,0.7262,214.7491,92.3163,14.9689,0.3881,323.1486
phone-android,medium,1218,look,accepted,observed,0,1.1343,212.6931,0.1484,10.1704,0.1679,224.3141
phone-android,medium,1219,choose,rejected,stale_view,0,0.7870,196.4861,0.1317,9.7961,0.1985,207.3994
phone-android,medium,1220,wait,rejected,invalid_time,0,0.9378,214.1161,0.1396,8.5580,0.1828,223.9342
phone-android,medium,1221,look,accepted,observed,0,0.7057,213.4251,0.1309,9.9597,0.2030,224.4245
phone-android,medium,1222,look,accepted,observed,0,1.0428,213.5878,0.1393,8.7027,0.1595,223.6321
phone-android,medium,1223,move,accepted,moved,1,0.7494,219.1342,91.3445,14.5944,0.2072,326.0297
phone-android,medium,1224,wait,rejected,invalid_time,0,0.9866,214.0978,0.1364,10.5882,0.1594,225.9684
phone-android,medium,1225,drop,accepted,dropped,1,0.7494,215.9275,92.5259,14.8174,0.2260,324.2463
phone-android,medium,1226,move,accepted,moved,1,1.0799,214.2524,92.5952,15.8578,0.2722,324.0574
phone-android,medium,1227,move,rejected,exit_unavailable,0,1.0341,212.8883,0.1279,10.0342,0.1777,224.2621
phone-android,medium,1228,move,accepted,moved,1,1.0302,215.9467,92.3011,15.6274,0.2555,325.1609
phone-android,medium,1229,look,accepted,observed,0,1.0702,214.0179,0.2445,9.9518,0.2108,225.4952
phone-android,medium,1230,look,accepted,observed,0,0.9856,218.2528,0.1417,9.8544,0.2691,229.5036
phone-android,medium,1231,take,accepted,taken,1,1.1488,216.3376,93.9818,15.5935,0.1832,327.2449
phone-android,medium,1232,drop,accepted,dropped,1,0.8981,219.9786,93.2681,18.0697,0.1969,332.4114
phone-android,medium,1233,wait,rejected,invalid_time,0,0.9228,212.8239,0.2916,9.9301,0.1852,224.1536
phone-android,medium,1234,choose,rejected,invalid_choice,0,0.9603,219.9855,0.1411,9.4305,0.1872,230.7046
phone-android,medium,1235,look,accepted,observed,0,0.9715,217.6045,0.1349,8.5659,0.1763,227.4531
phone-android,medium,1236,drop,replayed,dropped,0,1.3056,194.3672,0.0087,0.0012,0.0996,195.7823
phone-android,medium,1237,move,accepted,moved,1,1.2701,215.9108,91.1972,15.5412,0.2665,324.1857
phone-android,medium,1238,move,accepted,moved,1,1.0272,214.4940,91.8581,15.8906,0.2260,323.4960
phone-android,medium,1239,take,rejected,not_present,0,1.0739,215.6375,0.1265,9.9341,0.2283,227.0003
phone-android,medium,1240,move,accepted,moved,1,1.2174,215.0952,93.3629,17.0367,0.2017,326.9138
phone-android,medium,1241,choose,rejected,stale_view,0,0.9835,195.8380,0.1421,10.0959,0.2061,207.2656
phone-android,medium,1242,move,accepted,moved,1,0.7737,215.0264,92.0763,15.5214,0.1980,323.5959
phone-android,medium,1243,move,accepted,moved,1,1.1345,220.3281,92.3776,15.9267,0.2129,329.9798
phone-android,medium,1244,move,accepted,moved,1,1.0834,212.9883,94.3673,14.9674,0.1738,323.5802
phone-android,medium,1245,move,accepted,moved,1,0.9852,219.1785,92.1749,15.4195,0.2468,328.0048
phone-android,medium,1246,close_choice,accepted,choice_closed,1,1.1565,212.3522,95.3521,17.4785,0.2174,326.5567
phone-android,medium,1247,activate,rejected,not_eligible,0,0.7672,210.7328,0.1389,9.9034,0.2039,221.7462
phone-android,medium,1248,move,accepted,moved,1,1.0210,214.1591,93.9342,14.9920,0.2586,324.3649
phone-android,medium,1249,wait,rejected,invalid_time,0,0.9723,213.3471,0.1507,9.1282,0.1594,223.7577
phone-android,medium,1250,take,accepted,taken,1,0.7512,217.7048,94.0330,13.8645,0.2094,326.5628
phone-android,medium,1251,wait,rejected,invalid_time,0,0.7750,213.9909,0.1445,11.1452,0.1954,226.2509
phone-android,medium,1252,move,accepted,moved,1,0.9453,218.4339,92.5623,15.6889,0.2168,327.8471
phone-android,medium,1253,look,accepted,observed,0,0.8856,216.2099,0.2606,10.4572,0.1677,227.9810
phone-android,medium,1254,wait,rejected,invalid_time,0,0.7754,216.4960,0.1395,10.0540,0.1842,227.6491
phone-android,medium,1255,look,accepted,observed,0,0.8808,217.9053,0.1337,10.7454,0.2167,229.8821
phone-android,medium,1256,talk,rejected,not_eligible,0,0.9843,215.5127,0.1460,10.4090,0.3148,227.3667
phone-android,medium,1257,move,accepted,moved,1,1.4497,218.3596,95.1030,16.0870,0.2671,331.2664
phone-android,medium,1258,move,accepted,moved,1,1.0656,212.4603,93.8246,15.5781,0.2272,323.1558
phone-android,medium,1259,move,accepted,moved,1,0.8428,218.5759,92.3746,15.2079,0.2261,327.2273
phone-android,medium,1260,look,accepted,observed,0,0.9688,213.6226,0.1185,8.9306,0.1794,223.8200
phone-android,medium,1261,wait,rejected,invalid_time,0,0.8320,215.1968,0.1285,9.4901,0.1918,225.8392
phone-android,medium,1262,move,accepted,moved,1,0.9443,217.7450,92.7837,16.1548,0.2704,327.8982
phone-android,medium,1263,talk,rejected,not_eligible,0,1.6406,216.0263,0.1468,9.1114,0.1714,227.0965
phone-android,medium,1264,look,accepted,observed,0,0.8649,216.1858,0.1361,9.5536,0.1762,226.9166
phone-android,medium,1265,move,accepted,moved,1,0.8055,214.8055,94.2367,16.3763,0.2058,326.4297
phone-android,medium,1266,move,accepted,moved,1,0.9306,219.3320,93.7154,15.5182,0.4158,329.9120
phone-android,medium,1267,look,accepted,observed,0,1.6717,214.7755,0.1382,10.3635,0.1701,227.1190
phone-android,medium,1268,look,accepted,observed,0,0.8201,214.9886,0.1404,9.4229,0.1939,225.5658
phone-android,medium,1269,look,accepted,observed,0,0.9418,217.5005,0.1421,9.1329,0.2122,227.9295
phone-android,medium,1270,move,accepted,moved,1,1.0766,216.0536,94.0097,15.3080,0.1914,326.6393
phone-android,medium,1271,look,accepted,observed,0,0.8806,218.1694,0.1309,9.6433,0.1461,228.9704
phone-android,medium,1272,drop,accepted,dropped,1,0.6323,216.3428,93.0550,16.0125,0.2448,326.2874
phone-android,medium,1273,move,accepted,moved,1,1.2182,219.4879,92.7665,14.7682,0.2424,328.4831
phone-android,medium,1274,look,accepted,observed,0,1.0929,215.0938,0.3087,10.0512,0.1855,226.7321
phone-android,medium,1275,look,accepted,observed,0,0.9954,215.8579,0.1417,8.6096,0.1565,225.7611
phone-android,medium,1276,take,rejected,not_present,0,0.8246,215.0198,0.1348,9.8896,0.1779,226.0467
phone-android,medium,1277,look,accepted,observed,0,0.9450,217.2548,0.1255,8.4443,0.1582,226.9278
phone-android,medium,1278,look,accepted,observed,0,0.7637,215.2000,0.1283,9.8529,0.1921,226.1371
phone-android,medium,1279,look,accepted,observed,0,0.9785,219.1065,0.1397,9.5388,0.1810,229.9446
phone-android,medium,1280,take,rejected,not_present,0,0.9616,218.7837,0.1342,9.4914,0.1889,229.5598
phone-android,medium,1281,move,accepted,moved,1,0.8574,214.6041,93.0779,16.0685,0.2456,324.8535
phone-android,medium,1282,look,accepted,observed,0,1.1100,215.2212,0.1327,9.4926,0.1880,226.1445
phone-android,medium,1283,move,accepted,moved,1,1.0194,216.1322,95.9265,15.6308,0.2243,328.9332
phone-android,medium,1284,wait,rejected,invalid_time,0,0.8884,212.3389,0.1402,9.3758,0.1695,222.9129
phone-android,medium,1285,look,accepted,observed,0,0.8947,221.9875,0.1360,9.5652,0.1922,232.7758
phone-android,medium,1286,move,accepted,moved,1,0.9232,215.3888,93.3099,16.4133,0.1607,326.1959
phone-android,medium,1287,move,accepted,moved,1,0.9404,216.1141,92.9287,15.3084,0.2417,325.5334
phone-android,medium,1288,look,accepted,observed,0,1.0156,211.4743,0.1290,10.7715,0.1718,223.5622
phone-android,medium,1289,move,accepted,moved,1,0.9396,217.4888,91.9007,15.3580,0.4262,326.1134
phone-android,medium,1290,wait,rejected,invalid_time,0,1.1905,212.9936,0.1448,8.8603,0.2203,223.4096
phone-android,medium,1291,look,accepted,observed,0,0.8134,217.4079,0.1261,11.0797,0.1497,229.5769
phone-android,medium,1292,wait,rejected,invalid_time,0,0.7719,215.2362,0.1415,9.5867,0.1939,225.9301
phone-android,medium,1293,move,accepted,moved,1,0.9583,218.6556,92.5374,15.7118,0.2519,328.1150
phone-android,medium,1294,wait,rejected,invalid_time,0,1.0311,214.1730,0.1340,10.4816,0.1774,225.9972
phone-android,medium,1295,look,accepted,observed,0,0.7987,216.0335,0.1352,9.1908,0.1714,226.3296
phone-android,medium,1296,move,accepted,moved,1,0.8881,216.7949,92.4550,15.2136,0.2685,325.6200
phone-android,medium,1297,activate,rejected,not_eligible,0,1.0666,213.1516,0.1360,10.8556,0.1774,225.3872
phone-android,medium,1298,look,accepted,observed,0,0.9426,216.9419,0.1284,9.5245,0.1927,227.7301
phone-android,medium,1299,look,accepted,observed,0,0.9291,214.9284,0.3323,9.5833,0.3113,226.0843
phone-android,medium,1300,talk,rejected,not_eligible,0,1.0571,216.8052,0.1373,8.8065,0.1621,226.9682
phone-android,medium,1301,take,rejected,not_present,0,0.6998,216.9655,0.1405,9.4626,0.1715,227.4399
phone-android,medium,1302,move,accepted,moved,1,0.7866,214.5952,94.7354,15.5753,0.2021,325.8946
phone-android,medium,1303,move,rejected,exit_unavailable,0,0.8339,212.9490,0.1429,24.5688,0.2168,238.7112
phone-android,medium,1304,look,accepted,observed,0,1.1399,218.2893,0.1348,9.5269,0.1580,229.2490
phone-android,medium,1305,wait,rejected,invalid_time,0,0.7279,215.4766,0.1476,10.6855,0.1691,227.2066
phone-android,medium,1306,move,accepted,moved,1,0.7532,214.6973,94.8948,15.4695,0.2638,326.0786
phone-android,medium,1307,activate,rejected,not_eligible,0,1.0133,211.5722,0.1376,10.5425,0.1586,223.4242
phone-android,medium,1308,look,accepted,observed,0,0.7836,216.4791,0.1482,10.6335,0.1924,228.2368
phone-android,medium,1309,look,accepted,observed,0,0.9885,215.6293,0.1295,9.8520,0.1821,226.7814
phone-android,medium,1310,look,accepted,observed,0,0.9981,214.7647,0.1243,8.6453,0.1574,224.6897
phone-android,medium,1311,wait,rejected,invalid_time,0,0.8021,217.2172,0.1374,10.5760,0.1696,228.9024
phone-android,medium,1312,look,accepted,observed,0,0.8568,213.4451,0.1363,9.3665,0.1571,223.9617
phone-android,medium,1313,look,accepted,observed,0,0.7392,218.4201,0.1322,10.6072,0.1993,230.0979
phone-android,medium,1314,wait,rejected,invalid_time,0,0.9133,214.9929,0.1263,10.0530,0.1988,226.2843
phone-android,medium,1315,take,rejected,not_present,0,1.0004,218.4873,0.1423,9.5507,0.2054,229.3860
phone-android,medium,1316,wait,rejected,invalid_time,0,0.9084,215.8958,0.1348,10.0505,0.1580,227.1476
phone-android,medium,1317,look,accepted,observed,0,0.7558,216.7865,0.1371,9.6818,0.1780,227.5391
phone-android,medium,1318,look,accepted,observed,0,0.8212,215.8463,0.1322,9.9615,0.1831,226.9444
phone-android,medium,1319,activate,rejected,not_eligible,0,0.9055,215.4135,0.1394,9.0307,0.1705,225.6596
phone-android,medium,1320,look,accepted,observed,0,0.7971,219.5793,0.1382,9.9173,0.1706,230.6025
phone-android,medium,1321,activate,rejected,not_eligible,0,0.8414,215.1371,0.1222,9.4232,0.1743,225.6982
phone-android,medium,1322,look,accepted,observed,0,0.8730,218.0050,0.3536,10.3697,0.2160,229.8173
phone-android,medium,1323,look,accepted,observed,0,0.9522,215.1976,0.1294,10.1870,0.1959,226.6621
phone-android,medium,1324,move,accepted,moved,1,1.0041,217.5850,92.9627,16.5405,0.2211,328.3134
phone-android,medium,1325,look,accepted,observed,0,0.9413,215.5431,0.1438,10.9137,0.3193,227.8612
phone-android,medium,1326,wait,rejected,invalid_time,0,0.8758,219.5203,0.1275,10.5527,0.1728,231.2490
phone-android,medium,1327,look,accepted,observed,0,0.8213,216.1511,0.1363,9.0819,0.1545,226.3451
phone-android,medium,1328,wait,rejected,invalid_time,0,0.6948,217.6693,0.2901,9.9368,0.2052,228.7963
phone-android,medium,1329,look,accepted,observed,0,0.9259,215.9790,0.1222,14.2083,0.1948,231.4302
phone-android,medium,1330,look,accepted,observed,0,1.0066,215.1680,0.1512,10.0399,0.1961,226.5619
phone-android,medium,1331,look,accepted,observed,0,0.9706,219.1845,0.1375,10.0842,0.1883,230.5651
phone-android,medium,1332,take,rejected,not_present,0,0.9753,216.2587,0.1412,9.8053,0.2010,227.3814
phone-android,medium,1333,move,accepted,moved,1,1.0893,215.1424,94.6168,14.8162,0.1738,325.8385
phone-android,medium,1334,choose,rejected,invalid_choice,0,0.7427,217.1841,0.1485,9.9752,0.1996,228.2500
phone-android,medium,1335,move,rejected,exit_unavailable,0,0.9644,215.6563,0.1299,9.9461,0.1666,226.8633
phone-android,medium,1336,wait,rejected,invalid_time,0,0.9038,218.2623,0.2827,10.5260,0.1944,230.1692
phone-android,medium,1337,move,accepted,moved,1,0.9484,215.2286,93.2168,14.8027,0.1904,324.3869
phone-android,medium,1338,look,accepted,observed,0,0.7993,216.0741,0.1437,11.1270,0.1724,228.3165
phone-android,medium,1339,look,accepted,observed,0,0.9157,214.9876,0.1333,9.4020,0.1904,225.6290
phone-android,medium,1340,move,accepted,moved,1,1.0552,217.6994,93.0564,16.7880,0.2178,328.8168
phone-android,medium,1341,move,accepted,moved,1,0.8462,214.5414,93.2216,15.6934,0.4305,324.7330
phone-android,medium,1342,move,accepted,moved,1,1.2639,215.4269,92.8736,15.5666,0.2174,325.3484
phone-android,medium,1343,look,accepted,observed,0,0.9243,212.1017,0.1403,9.9590,0.1767,223.3021
phone-android,medium,1344,move,accepted,moved,1,0.8401,217.5292,92.5227,17.4880,0.2090,328.5890
phone-android,medium,1345,move,accepted,moved,1,0.9844,213.3595,94.4964,15.9280,0.3266,325.0949
phone-android,medium,1346,move,rejected,exit_unavailable,0,1.1611,216.3049,0.1472,9.3785,0.1793,227.1711
phone-android,medium,1347,wait,rejected,invalid_time,0,0.9896,243.6511,0.1373,10.1902,0.1776,255.1458
phone-android,medium,1348,look,accepted,observed,0,0.8252,217.9769,0.3286,10.2546,0.1651,229.5503
phone-android,medium,1349,move,accepted,moved,1,0.8248,217.3278,92.2055,15.1742,0.2604,325.7928
phone-android,medium,1350,look,accepted,observed,0,1.0431,212.4326,0.1546,9.6518,0.1857,223.4678
phone-android,medium,1351,wait,rejected,invalid_time,0,0.7283,216.5948,0.1384,9.8970,0.2530,227.6115
phone-android,medium,1352,talk,rejected,not_eligible,0,1.0993,215.5376,0.1330,9.1958,0.1543,226.1200
phone-android,medium,1353,wait,rejected,invalid_time,0,0.7562,219.2569,0.1448,10.4276,0.1701,230.7555
phone-android,medium,1354,move,accepted,moved,1,0.7175,214.2844,92.4755,34.3823,0.5294,342.3891
phone-android,medium,1355,move,accepted,moved,1,1.3969,214.1319,92.0684,15.5959,0.2645,323.4576
phone-android,medium,1356,close_choice,rejected,invalid_choice,0,1.0563,217.9975,0.1462,9.5290,0.1989,228.9278
phone-android,medium,1357,talk,rejected,not_eligible,0,1.0302,214.9909,0.1481,9.4735,0.1308,225.7735
phone-android,medium,1358,move,accepted,moved,1,0.5785,217.6638,92.3193,15.0911,0.2635,325.9162
phone-android,medium,1359,choose,rejected,invalid_choice,0,1.0095,211.6185,0.1352,10.0338,0.1591,222.9560
phone-android,medium,1360,move,accepted,moved,1,0.7330,215.7548,91.3525,12.3915,0.1954,320.4272
phone-android,medium,1361,move,accepted,moved,1,0.7482,212.3510,95.0833,15.9245,0.2643,324.3713
phone-android,medium,1362,move,rejected,exit_unavailable,0,1.1388,214.8206,0.1416,9.5486,0.1526,225.8023
phone-android,medium,1363,move,accepted,moved,1,0.7021,216.4990,91.9583,15.3390,0.2672,324.7657
phone-android,medium,1364,move,accepted,moved,1,1.1589,213.7123,92.5499,15.1039,0.2611,322.7860
phone-android,medium,1365,move,rejected,exit_unavailable,0,1.0823,211.9653,0.1545,9.2681,0.1470,222.6173
phone-android,medium,1366,move,accepted,moved,1,0.7056,215.8171,91.9375,15.5498,0.2521,324.2622
phone-android,medium,1367,activate,rejected,not_eligible,0,1.1143,213.8573,0.1351,9.4228,0.1690,224.6985
phone-android,medium,1368,talk,rejected,not_eligible,0,0.7514,216.9100,0.1481,9.0247,0.1652,226.9992
phone-android,medium,1369,move,accepted,moved,1,0.7912,215.1683,94.8563,23.3780,0.2573,334.4510
phone-android,medium,1370,activate,rejected,not_eligible,0,1.1187,213.1917,0.1453,9.6728,0.2222,224.3507
phone-android,medium,1371,look,accepted,observed,0,0.9578,216.6809,0.1326,9.9118,0.2061,227.8891
phone-android,medium,1372,look,accepted,observed,0,0.9485,215.1968,0.1379,8.9398,0.1721,225.3952
phone-android,medium,1373,look,accepted,observed,0,0.7067,214.1694,0.1342,9.4634,0.1980,224.6717
phone-android,medium,1374,move,accepted,moved,1,1.0232,217.8929,91.7420,17.5384,0.2099,328.4065
phone-android,medium,1375,look,accepted,observed,0,1.0978,218.1881,0.1368,10.2910,0.1693,229.8829
phone-android,medium,1376,move,accepted,moved,1,0.8222,213.9822,92.9950,15.9304,0.2919,324.0216
phone-android,medium,1377,move,rejected,exit_unavailable,0,1.2997,216.3711,0.1410,10.6634,0.1592,228.6344
phone-android,medium,1378,move,accepted,moved,1,0.8356,214.5323,94.2252,14.8571,0.2776,324.7278
phone-android,medium,1379,wait,rejected,invalid_time,0,1.0820,213.2413,0.1437,10.9518,0.1370,225.5558
phone-android,medium,1380,look,accepted,observed,0,0.6947,216.8622,0.1205,8.5088,0.1769,226.3631
phone-android,medium,1381,look,accepted,observed,0,0.8179,214.5480,0.1156,7.3077,0.1690,222.9582
phone-android,medium,1382,look,accepted,observed,0,0.7900,214.9586,0.1427,10.1141,0.1682,226.1736
phone-android,medium,1383,move,accepted,moved,1,0.8381,218.5106,92.7052,16.6813,0.2214,328.9566
phone-android,medium,1384,take,replayed,not_present,0,1.4898,196.6844,0.0106,0.0008,0.1194,198.3051
phone-android,medium,1385,move,rejected,exit_unavailable,0,1.8630,214.7520,0.1972,9.2371,0.1766,226.2259
phone-android,medium,1386,look,accepted,observed,0,0.7803,214.1899,0.1261,8.9479,0.1825,224.2267
phone-android,medium,1387,take,rejected,not_present,0,1.0391,217.4615,0.1458,9.4534,0.2095,228.3093
phone-android,medium,1388,look,accepted,observed,0,0.9006,215.8522,0.1466,10.1989,0.1624,227.2607
phone-android,medium,1389,look,accepted,observed,0,0.7683,217.3584,0.1511,10.3088,0.1824,228.7690
phone-android,medium,1390,wait,rejected,invalid_time,0,0.8079,214.6116,0.1401,10.5545,0.2093,226.3234
phone-android,medium,1391,look,accepted,observed,0,1.0489,218.2812,0.1451,10.3782,0.2090,230.0623
phone-android,medium,1392,choose,rejected,invalid_choice,0,0.9888,213.9641,0.1437,9.2194,0.1659,224.4818
phone-android,medium,1393,move,accepted,moved,1,0.7682,215.1500,93.6802,17.7003,0.2187,327.5173
phone-android,medium,1394,choose,rejected,invalid_choice,0,0.9094,212.2728,0.1376,9.5145,0.2890,223.1233
phone-android,medium,1395,look,accepted,observed,0,0.8344,217.2663,0.1437,9.6075,0.1782,228.0301
phone-android,medium,1396,move,accepted,moved,1,0.7791,214.9276,92.7424,15.0086,0.2352,323.6928
phone-android,medium,1397,move,accepted,moved,1,0.9943,255.6568,92.6772,15.5285,0.2351,365.0920
phone-android,medium,1398,look,accepted,observed,0,1.0168,213.0640,0.1611,9.4551,0.1552,223.8522
phone-android,medium,1399,move,accepted,moved,1,0.7941,215.8862,96.3019,18.3840,0.2523,331.6185
phone-android,medium,1400,take,rejected,not_present,0,0.9847,213.0425,0.1463,7.3301,0.2064,221.7100
phone-android,medium,1401,take,rejected,not_present,0,0.9192,214.3013,0.1304,8.6626,0.1588,224.1723
phone-android,medium,1402,wait,rejected,invalid_time,0,0.7476,218.2617,0.2466,9.3966,0.1955,228.8480
phone-android,medium,1403,look,accepted,observed,0,1.0652,214.6067,0.1299,8.9304,0.1576,224.8898
phone-android,medium,1404,look,accepted,observed,0,0.7571,216.2576,0.1409,6.5411,0.1654,223.8621
phone-android,medium,1405,look,accepted,observed,0,0.7460,215.1394,0.1397,9.5137,0.1635,225.7024
phone-android,medium,1406,look,accepted,observed,0,0.7643,215.6880,0.1234,9.7658,0.1842,226.5257
phone-android,medium,1407,look,accepted,observed,0,0.9201,218.4708,0.1340,9.7689,0.1698,229.4635
phone-android,medium,1408,wait,rejected,invalid_time,0,0.9203,214.4360,0.1409,9.7791,0.1722,225.4484
phone-android,medium,1409,move,accepted,moved,1,0.8544,217.9717,94.4940,18.1482,0.2583,331.7266
phone-android,medium,1410,move,accepted,moved,1,1.0596,213.9141,93.2107,16.0255,0.2502,324.4602
phone-android,medium,1411,wait,rejected,invalid_time,0,0.9857,214.6879,0.1288,9.8501,0.2001,225.8526
phone-android,medium,1412,move,accepted,moved,1,0.9441,215.3859,92.8604,15.3256,0.2382,324.7541
phone-android,medium,1413,look,accepted,observed,0,1.1404,214.2272,0.1382,11.0240,0.2011,226.7309
phone-android,medium,1414,wait,rejected,invalid_time,0,1.0327,214.8491,0.1345,8.6746,0.1627,224.8537
phone-android,medium,1415,look,accepted,observed,0,0.7033,215.8046,0.1224,8.8539,0.2792,225.7633
phone-android,medium,1416,talk,rejected,not_eligible,0,0.9289,219.1931,0.1334,10.1058,0.1915,230.5527
phone-android,medium,1417,move,accepted,moved,1,1.0043,215.3642,95.5839,16.2591,0.2433,328.4549
phone-android,medium,1418,look,accepted,observed,0,1.2586,216.2041,0.1567,9.5506,0.2183,227.3884
phone-android,medium,1419,look,accepted,observed,0,0.9789,213.5652,0.1418,8.9448,0.1482,223.7789
phone-android,medium,1420,look,accepted,observed,0,0.7534,217.9852,0.1409,9.9597,0.2026,229.0418
phone-android,medium,1421,move,accepted,moved,1,1.1305,214.1811,92.4199,14.7886,0.1895,322.7096
phone-android,medium,1422,move,accepted,moved,1,0.9437,214.6374,91.6814,15.6576,0.1904,323.1106
phone-android,medium,1423,move,rejected,exit_unavailable,0,0.7986,213.1249,0.1412,11.2831,0.2231,225.5710
phone-android,medium,1424,move,accepted,moved,1,0.9854,214.2874,93.7009,15.4697,0.1858,324.6291
phone-android,medium,1425,look,accepted,observed,0,0.7299,218.5915,0.1409,10.3274,0.1628,229.9525
phone-android,medium,1426,move,accepted,moved,1,0.7630,215.0854,93.8564,15.8105,0.4356,325.9508
phone-android,medium,1427,move,accepted,moved,1,1.7909,212.4170,94.2281,16.7509,0.2211,325.4081
phone-android,medium,1428,take,rejected,not_present,0,0.9570,219.3637,0.1426,10.1123,0.2008,230.7764
phone-android,medium,1429,look,accepted,observed,0,1.0124,215.0072,0.1321,9.7619,0.1552,226.0688
phone-android,medium,1430,look,accepted,observed,0,0.7189,220.0840,0.1526,9.9530,0.1699,231.0784
phone-android,medium,1431,talk,rejected,not_eligible,0,0.7581,215.6236,0.1444,9.8768,0.1993,226.6023
phone-android,medium,1432,look,accepted,observed,0,0.9718,215.4869,0.1274,10.5919,0.1886,227.3666
phone-android,medium,1433,move,rejected,exit_unavailable,0,1.1999,219.3039,0.1426,10.4332,0.1912,231.2708
phone-android,medium,1434,move,accepted,moved,1,0.9041,216.2406,93.6530,16.5497,0.3235,327.6710
phone-android,medium,1435,move,accepted,moved,1,1.5886,217.7501,93.5709,16.1302,0.2532,329.2931
phone-android,medium,1436,move,accepted,moved,1,1.0576,212.7694,94.1314,15.8937,0.2429,324.0950
phone-android,medium,1437,look,accepted,observed,0,1.0876,218.2182,0.1430,9.4079,0.1670,229.0237
phone-android,medium,1438,move,accepted,moved,1,0.8792,215.3448,93.0696,16.1814,0.1947,325.6698
phone-android,medium,1439,move,rejected,exit_unavailable,0,0.9140,216.0383,0.1614,10.6766,0.1550,227.9452
phone-android,medium,1440,move,accepted,moved,1,0.7491,214.1235,93.3046,15.1813,0.2377,323.5962
phone-android,medium,1441,move,accepted,moved,1,1.0822,219.8675,92.0680,15.8872,0.1914,329.0962
phone-android,medium,1442,look,accepted,observed,0,1.0553,213.4103,0.1323,10.1861,0.1692,224.9533
phone-android,medium,1443,wait,rejected,invalid_time,0,0.8687,220.7703,0.1470,9.7175,0.1743,231.6778
phone-android,medium,1444,move,rejected,exit_unavailable,0,0.7314,215.1691,0.1441,10.3732,0.1903,226.6081
phone-android,medium,1445,talk,rejected,not_eligible,0,0.9954,216.9278,0.1434,11.2772,0.2739,229.6177
phone-android,medium,1446,look,accepted,observed,0,1.0029,215.4152,0.3089,8.8638,0.2031,225.7939
phone-android,medium,1447,look,accepted,observed,0,1.0994,216.3385,0.1532,10.3389,0.1426,228.0726
phone-android,medium,1448,look,accepted,observed,0,0.7061,219.2275,0.1393,9.8672,0.1643,230.1044
phone-android,medium,1449,choose,rejected,invalid_choice,0,0.7426,214.3612,0.1490,9.4176,0.1960,224.8664
phone-android,medium,1450,talk,rejected,not_eligible,0,1.0777,218.3810,0.1489,9.6555,0.2104,229.4734
phone-android,medium,1451,activate,rejected,not_eligible,0,0.9614,214.4686,0.1403,8.8816,0.1598,224.6116
phone-android,medium,1452,look,accepted,observed,0,0.7855,217.5199,0.1281,9.3436,0.1828,227.9598
phone-android,medium,1453,look,accepted,observed,0,0.8874,217.4112,0.1374,9.8362,0.1932,228.4655
phone-android,medium,1454,move,accepted,moved,1,1.0568,216.3983,94.5023,16.0334,0.2709,328.2618
phone-android,medium,1455,wait,rejected,invalid_time,0,1.1052,213.5771,0.1502,9.7961,0.1570,224.7855
phone-android,medium,1456,drop,rejected,integrity_conflict,0,1.1432,201.3282,0.0104,0.0006,0.1103,202.5927
phone-android,medium,1457,move,accepted,moved,1,1.3801,213.5588,93.2518,16.0544,0.3210,324.5661
phone-android,medium,1458,talk,rejected,not_eligible,0,1.1031,216.3814,0.1634,10.1408,0.1864,227.9750
phone-android,medium,1459,look,accepted,observed,0,0.9414,218.3934,0.1272,9.9848,0.2030,229.6497
phone-android,medium,1460,wait,rejected,invalid_time,0,0.9636,215.5944,0.1348,9.8017,0.1644,226.6590
phone-android,medium,1461,move,rejected,exit_unavailable,0,0.7745,214.8802,0.1508,9.6454,0.2407,225.6916
phone-android,medium,1462,take,replayed,not_present,0,1.4955,198.8689,0.0098,0.0018,0.1076,200.4837
phone-android,medium,1463,take,rejected,not_present,0,1.3626,214.0035,0.1344,8.0341,0.1690,223.7035
phone-android,medium,1464,move,accepted,moved,1,0.7638,212.2299,91.1316,17.7373,0.1969,322.0596
phone-android,medium,1465,wait,rejected,invalid_time,0,1.0192,218.0096,0.1394,9.2122,0.1710,228.5514
phone-android,medium,1466,move,accepted,moved,1,0.7343,214.8477,92.7957,15.9464,0.2328,324.5569
phone-android,medium,1467,move,accepted,moved,1,1.0879,216.7558,92.8700,16.6296,0.1968,327.5400
phone-android,medium,1468,choose,rejected,invalid_choice,0,1.0566,216.1744,0.1343,9.4617,0.1682,226.9952
phone-android,medium,1469,talk,rejected,not_owned,0,0.7519,214.5102,0.1313,10.5729,0.2091,226.1753
phone-android,medium,1470,activate,rejected,not_eligible,0,1.0697,216.9602,0.1444,9.9845,0.1774,228.3361
phone-android,medium,1471,take,accepted,taken,1,0.8597,214.7836,93.3156,16.0023,0.2189,325.1801
phone-android,medium,1472,look,accepted,observed,0,0.8155,218.3377,0.2777,9.2936,0.1527,228.8772
phone-android,medium,1473,look,accepted,observed,0,0.8121,215.3206,0.1352,10.1076,0.1970,226.5726
phone-android,medium,1474,look,accepted,observed,0,1.1311,217.9340,0.1383,10.4928,0.2186,229.9148
phone-android,medium,1475,activate,rejected,not_eligible,0,1.0158,216.0049,0.3416,9.0241,0.1690,226.5554
phone-android,medium,1476,drop,accepted,dropped,1,0.9919,217.4540,94.8944,15.6723,0.1971,329.2098
phone-android,medium,1477,look,accepted,observed,0,0.8421,216.6984,0.1513,8.9038,0.1500,226.7455
phone-android,medium,1478,look,accepted,observed,0,0.7602,216.6489,0.1406,9.1407,0.1769,226.8673
phone-android,medium,1479,drop,replayed,dropped,0,1.6265,196.7157,0.0082,0.0009,0.0974,198.4487
phone-android,medium,1480,move,accepted,moved,1,1.5303,213.8954,91.4879,16.0271,0.2376,323.1783
phone-android,medium,1481,move,accepted,moved,1,1.1034,216.4574,92.7034,15.4833,0.2570,326.0046
phone-android,medium,1482,wait,rejected,invalid_time,0,0.9248,213.1575,0.1455,9.9671,0.1722,224.3671
phone-android,medium,1483,choose,rejected,stale_view,0,1.0045,198.6021,0.1357,8.9724,0.2726,208.9873
phone-android,medium,1484,look,accepted,observed,0,0.9704,213.7368,0.1426,9.7695,0.1236,224.7429
phone-android,medium,1485,move,rejected,exit_unavailable,0,0.5928,213.5919,0.1486,10.1976,0.2074,224.7383
phone-android,medium,1486,wait,rejected,invalid_time,0,1.0036,216.4108,0.1241,8.9674,0.1742,226.6801
phone-android,medium,1487,look,accepted,observed,0,1.0926,213.2984,0.1201,8.8904,0.2468,223.6483
phone-android,medium,1488,move,rejected,exit_unavailable,0,1.0595,219.5616,0.1419,9.6254,0.2080,230.5964
phone-android,medium,1489,move,accepted,moved,1,0.9349,214.5206,93.1828,16.5305,0.1741,325.3429
phone-android,medium,1490,look,accepted,observed,0,0.8327,217.1877,0.1270,9.4948,0.1748,227.8171
phone-android,medium,1491,wait,rejected,invalid_time,0,0.7714,214.9802,0.1595,10.0257,0.2486,226.1854
phone-android,medium,1492,move,accepted,moved,1,0.9702,216.5306,92.8351,15.5017,0.2091,326.0466
phone-android,medium,1493,look,accepted,observed,0,0.8929,213.8986,0.1363,10.4546,0.1855,225.5679
phone-android,medium,1494,take,accepted,taken,1,0.9505,218.9107,92.2301,15.2544,0.2631,327.6087
phone-android,medium,1495,look,accepted,observed,0,1.1444,215.5454,0.1368,10.0863,0.4340,227.3469
phone-android,medium,1496,look,accepted,observed,0,1.0674,215.7231,0.1279,8.5694,0.1611,225.6489
phone-android,medium,1497,move,accepted,moved,1,0.8410,218.0435,93.8652,15.3280,0.2486,328.3263
phone-android,medium,1498,move,accepted,moved,1,1.0043,211.9578,94.8549,15.9982,0.1867,324.0019
phone-android,medium,1499,move,accepted,moved,1,0.8104,219.0315,92.6215,15.2389,0.2010,327.9033
phone-android,medium,1500,move,rejected,exit_unavailable,0,0.8846,212.8843,0.1295,10.4779,0.2191,224.5955
phone-android,medium,1501,take,replayed,not_present,0,1.4059,195.7709,0.0098,0.0011,0.1111,197.2988
phone-android,medium,1502,talk,rejected,not_eligible,0,1.4643,213.2648,0.3278,9.0121,0.1761,224.2451
phone-android,medium,1503,talk,rejected,not_eligible,0,0.9379,216.6414,0.1287,9.8875,0.2476,227.8430
phone-android,medium,1504,look,accepted,observed,0,0.9953,214.4885,0.1284,10.5521,0.1651,226.3293
phone-android,medium,1505,wait,rejected,invalid_time,0,0.7990,213.4683,0.1386,10.3347,0.2023,224.9429
phone-android,medium,1506,move,accepted,moved,1,1.0551,215.9947,91.8654,17.2652,0.2055,326.3859
phone-android,medium,1507,move,accepted,moved,1,0.8104,214.7216,92.2575,15.4860,0.2408,323.5163
phone-android,medium,1508,look,accepted,observed,0,1.0783,214.7257,0.1318,9.6532,0.1678,225.7569
phone-android,medium,1509,look,accepted,observed,0,0.7028,215.6385,0.1410,9.7893,0.1879,226.4596
phone-android,medium,1510,look,accepted,observed,0,0.9549,217.5104,0.1340,11.3780,0.2266,230.2039
phone-android,medium,1511,move,accepted,moved,1,1.0536,214.7982,93.0295,28.2226,0.2388,337.3427
phone-android,medium,1512,take,replayed,taken,0,1.7286,199.5374,0.0127,0.0010,0.1136,201.3933
phone-android,medium,1513,move,accepted,moved,1,1.7278,215.6262,92.9557,15.5629,0.2222,326.0947
phone-android,medium,1514,take,replayed,not_present,0,1.5207,195.5051,0.0129,0.0007,0.1147,197.1540
phone-android,medium,1515,look,accepted,observed,0,2.0884,219.4474,0.1344,10.3184,0.1657,232.1543
phone-android,medium,1516,look,accepted,observed,0,0.8978,217.6864,0.1301,9.4484,0.1974,228.3602
phone-android,medium,1517,move,accepted,moved,1,0.9660,216.5932,92.9605,16.5699,0.2391,327.3288
phone-android,medium,1518,move,accepted,moved,1,1.0327,213.6255,95.5344,15.0853,0.2590,325.5369
phone-android,medium,1519,look,accepted,observed,0,0.8585,212.5805,0.1677,8.9700,0.1936,222.7704
phone-android,medium,1520,look,accepted,observed,0,1.0866,216.7951,0.1384,10.1080,0.1639,228.2919
phone-android,medium,1521,look,accepted,observed,0,0.7668,218.1926,0.1405,9.0349,0.1682,228.3031
phone-android,medium,1522,look,accepted,observed,0,0.8204,219.2668,0.1448,10.3755,0.1739,230.7814
phone-android,medium,1523,move,accepted,moved,1,0.7788,214.8346,92.4968,15.2864,0.1840,323.5806
phone-android,medium,1524,move,accepted,moved,1,1.0647,216.4208,94.1254,16.2702,0.2143,328.0954
phone-android,medium,1525,move,accepted,moved,1,0.8262,216.9453,92.8954,14.4699,0.2223,325.3591
phone-android,medium,1526,drop,accepted,dropped,1,0.9452,213.4358,94.6282,17.2357,0.2113,326.4561
phone-android,medium,1527,move,accepted,moved,1,1.1616,212.9770,92.9906,15.8130,0.2470,323.1893
phone-android,medium,1528,look,accepted,observed,0,1.0833,216.3937,0.1294,10.8901,0.2065,228.7030
phone-android,medium,1529,look,accepted,observed,0,1.1206,215.5840,0.1282,8.6518,0.1530,225.6377
phone-android,medium,1530,wait,rejected,invalid_time,0,0.6973,220.2431,0.1417,8.7716,0.1734,230.0271
phone-android,medium,1531,move,accepted,moved,1,0.7737,215.0081,94.1800,15.3331,0.2324,325.5273
phone-android,medium,1532,look,accepted,observed,0,1.1805,219.6815,0.1323,9.3349,0.1966,230.5259
phone-android,medium,1533,talk,rejected,not_eligible,0,0.9821,215.5492,0.1305,10.2017,0.1980,227.0616
phone-android,medium,1534,look,accepted,observed,0,0.9922,216.3990,0.1463,9.5086,0.1336,227.1797
phone-android,medium,1535,look,accepted,observed,0,0.6161,215.8967,0.1431,9.3322,0.1609,226.1491
phone-android,medium,1536,move,rejected,exit_unavailable,0,0.7822,216.8178,0.1363,9.7135,0.1802,227.6300
phone-android,medium,1537,activate,rejected,not_eligible,0,0.9055,215.4016,0.1410,9.0664,0.1652,225.6797
phone-android,medium,1538,take,rejected,not_present,0,0.7788,215.4427,0.1309,9.9344,0.1955,226.4822
phone-android,medium,1539,move,accepted,moved,1,1.0003,221.9107,95.5656,17.3021,0.2541,336.0328
phone-android,medium,1540,move,accepted,moved,1,0.9732,215.5461,93.0732,15.6279,0.2198,325.4402
phone-android,medium,1541,take,replayed,not_present,0,1.2354,195.3280,0.0140,0.0008,0.1379,196.7160
phone-android,medium,1542,move,accepted,moved,1,1.9391,218.6007,92.4566,15.6173,0.2641,328.8778
phone-android,medium,1543,move,accepted,moved,1,1.1427,214.8976,92.2728,16.0207,0.2521,324.5859
phone-android,medium,1544,move,accepted,moved,1,1.1167,213.2729,95.3053,15.3944,0.4335,325.5228
phone-android,medium,1545,take,rejected,not_present,0,1.5739,213.8381,0.1382,9.4604,0.1695,225.1801
phone-android,medium,1546,activate,rejected,not_eligible,0,0.7713,217.3567,0.2325,10.5717,0.1738,229.1060
phone-android,medium,1547,move,accepted,moved,1,0.8109,215.2511,92.7581,14.8481,0.1686,323.8368
phone-android,medium,1548,look,accepted,observed,0,1.0620,215.7325,0.1282,10.4879,0.1771,227.5876
phone-android,medium,1549,look,accepted,observed,0,0.7688,213.9884,0.1284,10.3350,0.2523,225.4729
phone-android,medium,1550,look,accepted,observed,0,1.0292,215.1148,0.1504,10.0943,0.2538,226.6425
phone-android,medium,1551,move,accepted,moved,1,0.9104,220.1865,94.7381,16.5041,0.2611,332.6002
phone-android,medium,1552,move,accepted,moved,1,1.1272,214.5980,93.2520,16.8931,0.2126,326.0829
phone-android,medium,1553,look,accepted,observed,0,0.8183,214.8380,0.1359,9.5044,0.1895,225.4862
phone-android,medium,1554,move,accepted,moved,1,0.9570,219.0671,92.3639,14.7924,0.2771,327.4576
phone-android,medium,1555,look,accepted,observed,0,1.0681,215.0134,0.1354,9.5072,0.1696,225.8936
phone-android,medium,1556,look,accepted,observed,0,0.7443,219.1162,0.1373,9.4483,0.1701,229.6162
phone-android,medium,1557,talk,rejected,not_eligible,0,0.7894,216.4249,0.1293,9.9253,0.1777,227.4465
phone-android,medium,1558,choose,rejected,invalid_choice,0,0.9689,218.0416,0.1372,9.7455,0.1996,229.0927
phone-android,medium,1559,move,accepted,moved,1,0.8993,216.4347,94.0363,16.6947,0.2290,328.2939
phone-android,medium,1560,take,rejected,not_present,0,1.0876,215.5990,0.1500,9.3039,0.1474,226.2879
phone-android,medium,1561,move,accepted,moved,1,0.6989,214.3730,94.9943,14.9820,0.2578,325.3059
phone-android,medium,1562,take,rejected,not_present,0,0.9943,213.2519,0.1433,9.1182,0.1536,223.6613
phone-android,medium,1563,activate,rejected,not_eligible,0,0.6995,221.7137,0.1405,10.3599,0.2162,233.1298
phone-android,medium,1564,move,accepted,moved,1,0.9603,215.5759,93.2814,16.5266,0.2328,326.5769
phone-android,medium,1565,look,accepted,observed,0,1.0488,216.4708,0.1398,10.3651,0.1717,228.1962
phone-android,medium,1566,move,accepted,moved,1,0.7551,215.0915,92.5494,16.5065,0.2419,325.1444
phone-android,medium,1567,look,accepted,observed,0,1.1243,216.3328,0.1436,10.0389,0.1691,227.8086
phone-android,medium,1568,look,accepted,observed,0,0.7446,215.8229,0.1342,9.6581,0.1633,226.5232
phone-android,medium,1569,move,accepted,moved,1,0.7719,216.6077,92.8765,15.0344,0.2167,325.5071
phone-android,medium,1570,look,accepted,observed,0,1.0189,212.8453,0.1257,10.4258,0.1856,224.6012
phone-android,medium,1571,take,accepted,taken,1,1.0131,218.8008,93.7657,15.6302,0.2666,329.4764
phone-android,medium,1572,close_choice,rejected,invalid_choice,0,1.0383,214.8608,0.1302,9.1074,0.2357,225.3725
phone-android,medium,1573,activate,rejected,not_eligible,0,1.0616,216.7475,0.1448,9.9376,0.1470,228.0385
phone-android,medium,1574,drop,accepted,dropped,1,0.7200,214.5548,95.3926,15.9145,0.2716,326.8534
phone-android,medium,1575,take,accepted,taken,1,1.1204,212.5353,93.4322,17.7990,0.1842,325.0711
phone-android,medium,1576,move,rejected,exit_unavailable,0,1.0108,220.0010,0.1557,10.3692,0.1857,231.7224
phone-android,medium,1577,drop,rejected,integrity_conflict,0,1.4899,197.0104,0.0461,0.0009,0.1276,198.6750
phone-android,medium,1578,move,rejected,exit_unavailable,0,1.3229,217.3406,0.1427,9.6367,0.2092,228.6521
phone-android,medium,1579,wait,rejected,invalid_time,0,1.0412,213.7292,0.1438,9.8579,0.1918,224.9639
phone-android,medium,1580,move,accepted,moved,1,0.9971,215.1091,92.0348,16.6121,0.1897,324.9429
phone-android,medium,1581,look,accepted,observed,0,0.9385,219.9448,0.1274,9.5746,0.2085,230.7939
phone-android,medium,1582,talk,rejected,not_eligible,0,1.0148,215.5497,0.1265,8.3077,0.1795,225.1781
phone-android,medium,1583,activate,rejected,not_eligible,0,0.8568,216.4607,0.1425,8.3024,0.1857,225.9481
phone-android,medium,1584,drop,accepted,dropped,1,0.8063,215.7254,93.3565,15.2545,0.2053,325.3480
phone-android,medium,1585,activate,rejected,not_eligible,0,0.8149,216.7924,0.1291,10.3256,0.1972,228.2592
phone-android,medium,1586,look,accepted,observed,0,0.9746,218.5806,0.1330,9.1448,0.1875,229.0206
phone-android,medium,1587,close_choice,rejected,invalid_choice,0,0.9614,222.1584,0.1289,9.8853,0.1577,233.2916
phone-android,medium,1588,move,rejected,exit_unavailable,0,0.7678,215.2188,0.1261,9.3884,0.2853,225.7863
phone-android,medium,1589,drop,replayed,dropped,0,1.4527,198.3762,0.1061,0.0009,0.1164,200.0523
phone-android,medium,1590,take,accepted,taken,1,1.2656,213.2960,92.5642,17.4021,0.2010,324.7290
phone-android,medium,1591,wait,rejected,invalid_time,0,0.8148,217.3205,0.1446,9.3787,0.1746,227.8333
phone-android,medium,1592,look,accepted,observed,0,0.7807,218.0228,0.1404,8.9063,0.2069,228.0572
phone-android,medium,1593,move,rejected,exit_unavailable,0,1.0221,217.8236,0.1590,9.5388,0.2028,228.7463
phone-android,medium,1594,look,accepted,observed,0,1.0214,216.1508,0.1533,9.2612,0.1949,226.7816
phone-android,medium,1595,look,accepted,observed,0,1.1139,215.4206,0.1144,9.1021,0.1608,225.9117
phone-android,medium,1596,wait,rejected,invalid_time,0,0.8040,219.6273,0.1544,10.0476,0.1648,230.7980
phone-android,medium,1597,wait,rejected,invalid_time,0,0.8092,215.5680,0.1375,9.4342,0.1738,226.1227
phone-android,medium,1598,move,accepted,moved,1,0.9691,218.7460,93.1514,15.7722,0.2542,328.8930
phone-android,medium,1599,move,accepted,moved,1,1.0291,215.5451,92.9192,14.4474,0.2668,324.2077
phone-android,medium,1600,look,accepted,observed,0,1.1476,216.4278,0.1468,10.2896,0.2115,228.2233
phone-android,medium,1601,look,accepted,observed,0,0.9951,216.7117,0.1380,8.9699,0.1700,226.9847
phone-android,medium,1602,choose,rejected,invalid_choice,0,0.8067,217.3309,0.1286,9.4484,0.2178,227.9323
phone-android,medium,1603,talk,rejected,not_eligible,0,0.9261,217.7861,0.1354,9.2850,0.2078,228.3404
phone-android,medium,1604,look,accepted,observed,0,0.9291,215.4538,0.1333,9.9144,0.1805,226.6111
phone-android,medium,1605,wait,rejected,invalid_time,0,0.9236,218.6214,0.1485,8.9741,0.1793,228.8469
phone-android,medium,1606,talk,rejected,not_eligible,0,0.8761,216.7938,0.1317,9.7552,0.1638,227.7205
phone-android,medium,1607,move,rejected,exit_unavailable,0,0.7958,215.4175,0.1410,10.0970,0.1949,226.6462
phone-android,medium,1608,look,accepted,observed,0,0.9944,218.7397,0.1244,8.8723,0.2029,228.9337
phone-android,medium,1609,wait,rejected,invalid_time,0,1.0489,216.7342,0.1361,8.8266,0.2335,226.9793
phone-android,medium,1610,look,accepted,observed,0,0.9818,217.3023,0.1337,10.0072,0.1788,228.6037
phone-android,medium,1611,move,accepted,moved,1,0.7972,214.3897,94.3123,14.9619,0.3258,324.7869
phone-android,medium,1612,move,accepted,moved,1,1.0093,217.8781,93.2036,15.2598,0.2266,327.5773
phone-android,medium,1613,look,accepted,observed,0,0.9765,216.1993,0.1376,10.0190,0.1579,227.4902
phone-android,medium,1614,choose,rejected,invalid_choice,0,0.7218,215.9508,0.1408,8.1756,0.1521,225.1411
phone-android,medium,1615,look,accepted,observed,0,0.7073,214.8879,0.1492,9.8266,0.1899,225.7610
phone-android,medium,1616,drop,accepted,dropped,1,1.0617,219.4299,92.7822,17.0836,0.1897,330.5471
phone-android,medium,1617,choose,rejected,invalid_choice,0,0.9520,214.8183,0.1423,10.9980,0.1844,227.0950
phone-android,medium,1618,look,accepted,observed,0,0.8411,216.3145,0.1282,9.7885,0.1980,227.2703
phone-android,medium,1619,move,accepted,moved,1,0.9464,216.3502,94.8332,14.5702,0.2582,326.9582
phone-android,medium,1620,take,rejected,not_present,0,0.9730,213.6840,0.1419,9.4982,0.1609,224.4580
phone-android,medium,1621,look,accepted,observed,0,0.8440,218.0977,0.1336,9.5321,0.1703,228.7777
phone-android,medium,1622,move,accepted,moved,1,0.8055,214.7258,92.8741,16.0866,0.2053,324.6972
phone-android,medium,1623,move,accepted,moved,1,1.0146,216.3665,93.0229,14.8017,0.2521,325.4578
phone-android,medium,1624,talk,rejected,not_owned,0,1.0115,214.9047,0.1308,9.0270,0.1856,225.2596
phone-android,medium,1625,move,accepted,moved,1,0.7853,218.1412,93.2850,16.1328,0.1938,328.5381
phone-android,medium,1626,move,accepted,moved,1,1.0056,214.0367,95.7536,15.6654,0.2064,326.6677
phone-android,medium,1627,wait,rejected,invalid_time,0,0.7759,213.5068,0.1357,10.1161,0.1951,224.7297
phone-android,medium,1628,move,rejected,exit_unavailable,0,1.0178,218.1730,0.1337,10.6899,0.1947,230.2092
phone-android,medium,1629,move,accepted,moved,1,0.9876,217.9243,92.4845,16.9956,0.2012,328.5933
phone-android,medium,1630,take,rejected,not_present,0,0.9266,222.5716,0.1341,10.4218,0.2102,234.2643
phone-android,medium,1631,look,accepted,observed,0,1.1145,216.7639,0.1417,9.8081,0.1920,228.0202
phone-android,medium,1632,look,accepted,observed,0,0.9963,215.7621,0.1346,8.9888,0.1761,226.0578
phone-android,medium,1633,wait,rejected,invalid_time,0,0.7640,213.5322,0.1289,5.0524,0.1527,219.6301
phone-android,medium,1634,look,accepted,observed,0,0.6966,214.8704,0.1392,9.6697,0.1772,225.5531
phone-android,medium,1635,choose,rejected,invalid_choice,0,1.0528,218.1111,0.1450,8.8471,0.1699,228.3259
phone-android,medium,1636,look,accepted,observed,0,0.6971,215.3022,0.1330,9.3142,0.1731,225.6197
phone-android,medium,1637,move,rejected,exit_unavailable,0,0.9043,217.4285,0.1358,16.4418,0.2178,235.1281
phone-android,medium,1638,move,accepted,moved,1,1.0995,215.1005,92.6705,15.9467,0.2466,325.0638
phone-android,medium,1639,wait,rejected,invalid_time,0,1.0985,215.3985,0.1309,10.2552,0.1741,227.0572
phone-android,medium,1640,take,rejected,not_present,0,0.8441,215.5577,0.1442,9.1579,0.1585,225.8625
phone-android,medium,1641,move,accepted,moved,1,0.7557,217.6549,92.7272,15.4273,0.2410,326.8062
phone-android,medium,1642,look,accepted,observed,0,1.0721,213.5825,0.1372,9.3868,0.1728,224.3514
phone-android,medium,1643,talk,rejected,not_eligible,0,0.8014,219.2687,0.1303,9.7811,0.1717,230.1533
phone-android,medium,1644,look,accepted,observed,0,0.7720,215.3356,0.1247,9.3400,0.1822,225.7545
phone-android,medium,1645,take,accepted,taken,1,0.9108,217.6940,92.9696,14.8699,0.2547,326.6990
phone-android,medium,1646,talk,rejected,not_eligible,0,0.9519,212.6098,0.1333,9.5722,0.1826,223.4498
phone-android,medium,1647,look,accepted,observed,0,0.9292,220.0533,0.1412,10.6877,0.1724,231.9838
phone-android,medium,1648,look,accepted,observed,0,0.8114,215.4063,0.1446,8.5038,0.1676,225.0337
phone-android,medium,1649,wait,rejected,invalid_time,0,0.9262,216.1346,0.1225,9.2749,0.1328,226.5910
phone-android,medium,1650,move,accepted,moved,1,0.5818,218.3252,93.2560,15.8169,0.2107,328.1906
phone-android,medium,1651,move,accepted,moved,1,0.8577,213.6317,93.5691,15.3588,0.1626,323.5799
phone-android,medium,1652,look,accepted,observed,0,0.8708,219.5478,0.1327,9.3270,0.2744,230.1526
phone-android,medium,1653,drop,accepted,dropped,1,1.0095,217.6579,94.1142,16.5761,0.1972,329.5549
phone-android,medium,1654,look,accepted,observed,0,0.8985,215.1029,0.1301,10.1483,0.1788,226.4587
phone-android,medium,1655,wait,rejected,invalid_time,0,0.8208,215.6475,0.1499,8.9761,0.1870,225.7812
phone-android,medium,1656,take,accepted,taken,1,0.9952,216.8195,102.6181,22.3119,0.2712,343.0160
phone-android,medium,1657,move,accepted,moved,1,1.0156,214.4718,92.7055,16.4863,0.1835,324.8627
phone-android,medium,1658,move,accepted,moved,1,0.9558,222.6672,92.4023,15.7760,0.2519,332.0533
phone-android,medium,1659,wait,rejected,invalid_time,0,1.0390,214.2531,0.1383,9.7019,0.1686,225.3010
phone-android,medium,1660,activate,rejected,not_eligible,0,0.7508,218.3646,0.2640,9.1416,0.1605,228.6815
phone-android,medium,1661,look,accepted,observed,0,0.8168,214.4968,0.1465,8.6751,0.1887,224.3239
phone-android,medium,1662,move,rejected,exit_unavailable,0,0.9863,215.8082,0.1295,8.4200,0.1621,225.5060
phone-android,medium,1663,wait,rejected,invalid_time,0,0.8272,218.5729,0.1471,10.9240,0.2293,230.7005
phone-android,medium,1664,take,replayed,not_present,0,1.1516,198.3201,0.0104,0.0008,0.1153,199.5982
phone-android,medium,1665,close_choice,rejected,invalid_choice,0,1.3945,216.0328,0.1146,8.2106,0.1823,225.9348
phone-android,medium,1666,look,accepted,observed,0,0.9021,214.7043,0.1356,9.0887,0.1640,224.9947
phone-android,medium,1667,look,accepted,observed,0,0.7718,214.2360,0.1369,29.6087,0.2566,245.0099
phone-android,medium,1668,move,accepted,moved,1,1.3303,218.4493,93.0921,16.1929,0.2329,329.2975
phone-android,medium,1669,look,accepted,observed,0,1.0248,216.4357,0.1398,9.2150,0.1423,226.9577
phone-android,medium,1670,drop,accepted,dropped,1,0.5984,215.7454,92.1300,15.2577,0.2418,323.9733
phone-android,medium,1671,talk,rejected,not_eligible,0,1.1237,215.7131,0.1322,9.9038,0.1764,227.0492
phone-android,medium,1672,choose,rejected,stale_view,0,1.0364,194.8837,0.1302,9.9433,0.1945,206.1881
phone-android,medium,1673,look,accepted,observed,0,0.9849,215.5280,0.1355,8.9251,0.1577,225.7312
phone-android,medium,1674,look,accepted,observed,0,0.7466,217.6533,0.1228,9.0442,0.1673,227.7341
phone-android,medium,1675,take,accepted,taken,1,0.8981,214.1255,92.4990,15.6810,0.1945,323.3981
phone-android,medium,1676,move,accepted,moved,1,0.9997,224.0206,92.8536,14.7982,0.2414,332.9135
phone-android,medium,1677,look,accepted,observed,0,0.9955,214.3207,0.1321,9.2497,0.1679,224.8660
phone-android,medium,1678,move,accepted,moved,1,0.8138,218.0703,93.3915,16.0004,0.2012,328.4772
phone-android,medium,1679,look,accepted,observed,0,0.8243,215.2466,0.1410,9.9323,0.2290,226.3733
phone-android,medium,1680,wait,rejected,invalid_time,0,1.0414,216.3875,0.3058,9.6202,0.2423,227.5972
phone-android,medium,1681,look,accepted,observed,0,0.9983,218.5256,0.1484,10.3278,0.2099,230.2100
phone-android,medium,1682,wait,rejected,invalid_time,0,0.9508,217.2271,0.1475,9.7704,0.1739,228.2696
phone-android,medium,1683,look,accepted,observed,0,0.8395,216.2423,0.1306,8.7331,0.1505,226.0960
phone-android,medium,1684,choose,rejected,invalid_choice,0,0.7026,217.9500,0.1410,9.0552,0.1956,228.0444
phone-android,medium,1685,look,accepted,observed,0,0.9882,217.3959,0.1343,9.6790,0.1881,228.3854
phone-android,medium,1686,move,accepted,moved,1,0.9399,217.3863,93.5121,16.1271,0.2294,328.1949
phone-android,medium,1687,drop,rejected,integrity_conflict,0,1.3129,195.1263,0.0119,0.0007,0.1226,196.5743
phone-android,medium,1688,move,accepted,moved,1,1.8891,220.3177,93.6753,16.8817,0.2117,332.9754
phone-android,medium,1689,look,accepted,observed,0,0.8082,213.2547,0.1432,9.8365,0.2449,224.2875
phone-android,medium,1690,wait,rejected,invalid_time,0,0.9549,216.2971,0.1312,9.9567,0.2028,227.5427
phone-android,medium,1691,drop,accepted,dropped,1,1.1589,219.0966,92.5831,15.3692,0.1617,328.3695
phone-android,medium,1692,move,rejected,exit_unavailable,0,0.6752,214.4581,0.1382,9.6721,0.2105,225.1540
phone-android,medium,1693,look,accepted,observed,0,1.0101,215.2057,0.1221,10.4390,0.1992,226.9761
phone-android,medium,1694,move,accepted,moved,1,0.9608,213.7159,93.1597,15.5167,0.2213,323.5744
phone-android,medium,1695,look,accepted,observed,0,0.9495,216.2771,0.1344,11.0831,0.2047,228.6488
phone-android,medium,1696,look,accepted,observed,0,1.0382,215.5295,0.1378,9.3429,0.2933,226.3417
phone-android,medium,1697,activate,rejected,not_eligible,0,1.1045,217.5805,0.1436,9.7993,0.1497,228.7776
phone-android,medium,1698,move,accepted,moved,1,0.6291,215.2669,92.8126,16.1139,0.2488,325.0713
phone-android,medium,1699,move,accepted,moved,1,1.1136,215.5269,92.7290,16.9121,0.2030,326.4846
phone-android,medium,1700,look,accepted,observed,0,0.8960,233.8524,0.1382,8.9371,0.1817,244.0054
phone-android,medium,1701,take,replayed,not_present,0,1.3857,194.8654,0.0102,0.0006,0.0959,196.3579
phone-android,medium,1702,take,rejected,not_present,0,1.3036,214.6399,0.1286,9.4067,0.2136,225.6924
phone-android,medium,1703,look,accepted,observed,0,0.8368,216.8493,0.1205,9.4112,0.2308,227.4486
phone-android,medium,1704,look,accepted,observed,0,1.1645,214.2066,0.1512,9.7513,0.1826,225.4562
phone-android,medium,1705,choose,rejected,invalid_choice,0,1.0356,214.2766,0.1359,9.6997,0.1917,225.3396
phone-android,medium,1706,activate,rejected,not_eligible,0,0.9509,218.7417,0.1352,9.4303,0.1918,229.4498
phone-android,medium,1707,move,rejected,exit_unavailable,0,0.8697,214.6986,0.1331,9.6202,0.3645,225.6861
phone-android,medium,1708,wait,rejected,invalid_time,0,0.9691,216.0861,0.1411,9.3377,0.2179,226.7519
phone-android,medium,1709,move,accepted,moved,1,1.0203,213.7319,92.0374,17.1800,0.1865,324.1561
phone-android,medium,1710,look,accepted,observed,0,0.7893,216.8422,0.1319,10.5922,0.1743,228.5299
phone-android,medium,1711,activate,rejected,not_eligible,0,0.8009,215.3398,0.1414,10.3755,0.2176,226.8752
phone-android,medium,1712,talk,rejected,not_owned,0,0.9520,214.6935,0.1317,8.8513,0.1624,224.7910
phone-android,medium,1713,look,accepted,observed,0,0.7575,218.6746,0.1366,9.7388,0.1648,229.4723
phone-android,medium,1714,drop,replayed,dropped,0,1.0869,196.5831,0.0101,0.0006,0.1014,197.7819
phone-android,medium,1715,move,accepted,moved,1,1.7064,215.8641,92.5842,16.8119,0.2135,327.1801
phone-android,medium,1716,look,accepted,observed,0,0.9398,218.5790,0.1550,9.0288,0.1566,228.8591
phone-android,medium,1717,activate,rejected,not_eligible,0,0.7161,216.9694,0.1542,11.0006,0.1745,229.0149
phone-android,medium,1718,wait,rejected,invalid_time,0,0.7478,215.3435,0.1354,10.0754,0.2018,226.5039
phone-android,medium,1719,wait,rejected,invalid_time,0,1.0403,215.9880,0.1525,9.7909,0.1815,227.1531
phone-android,medium,1720,wait,rejected,invalid_time,0,0.9715,218.4328,0.1261,9.6882,0.2037,229.4223
phone-android,medium,1721,move,accepted,moved,1,0.9858,214.4868,93.7552,15.5074,0.2259,324.9612
phone-android,medium,1722,look,accepted,observed,0,0.9433,216.7590,0.2690,10.2789,0.2067,228.4570
phone-android,medium,1723,look,accepted,observed,0,1.0406,216.0038,0.1264,8.9771,0.1745,226.3224
phone-android,medium,1724,choose,rejected,invalid_choice,0,0.7983,216.9883,0.1469,10.6571,0.1737,228.7642
phone-android,medium,1725,choose,rejected,stale_view,0,0.7267,195.4039,0.1460,9.2510,0.1611,205.6888
phone-android,medium,1726,move,rejected,exit_unavailable,0,0.7563,215.4517,0.1433,9.1976,0.1902,225.7391
phone-android,medium,1727,activate,rejected,not_eligible,0,0.9791,216.2460,0.1350,9.1928,0.1588,226.7116
phone-android,medium,1728,choose,rejected,invalid_choice,0,0.7476,213.4756,0.1325,10.8580,0.1856,225.3993
phone-android,medium,1729,look,accepted,observed,0,1.0165,216.8677,0.1445,10.2167,0.2132,228.4587
phone-android,medium,1730,look,accepted,observed,0,1.0233,215.5156,0.1311,9.5648,0.1508,226.3856
phone-android,medium,1731,activate,rejected,not_eligible,0,0.7109,215.1086,0.1504,10.3405,0.2181,226.5286
phone-android,medium,1732,look,accepted,observed,0,1.0119,215.8043,0.1457,10.0369,0.1949,227.1937
phone-android,medium,1733,drop,replayed,dropped,0,1.4175,196.4743,0.0110,0.0009,0.1071,198.0107
phone-android,medium,1734,move,accepted,moved,1,1.8953,216.1744,92.7120,16.8378,0.2190,327.8384
phone-android,medium,1735,wait,rejected,invalid_time,0,0.7984,212.5323,0.1405,9.6688,0.1830,223.3229
phone-android,medium,1736,move,accepted,moved,1,0.9501,218.3245,91.5491,17.4648,0.2165,328.5050
phone-android,medium,1737,take,accepted,taken,1,0.8871,215.7871,93.3591,15.1606,0.2326,325.4264
phone-android,medium,1738,wait,rejected,invalid_time,0,1.0192,214.5515,0.1266,10.2223,0.2290,226.1486
phone-android,medium,1739,talk,accepted,choice_opened,1,1.0754,216.5388,92.6291,16.3676,0.2006,326.8115
phone-android,medium,1740,look,accepted,observed,0,0.7980,215.9092,0.1415,9.7215,0.1996,226.7698
phone-android,medium,1741,look,accepted,observed,0,1.0059,215.5474,0.1291,10.6311,0.1901,227.5035
phone-android,medium,1742,move,accepted,moved,1,1.0479,218.1705,92.3232,15.5839,0.2110,327.3365
phone-android,medium,1743,look,accepted,observed,0,0.8659,222.1193,0.1461,10.1481,0.2119,233.4913
phone-android,medium,1744,activate,rejected,not_eligible,0,1.0111,216.2127,0.1314,9.7781,0.2026,227.3359
phone-android,medium,1745,look,accepted,observed,0,1.0224,216.4412,0.1376,9.9769,0.1642,227.7424
phone-android,medium,1746,activate,rejected,not_eligible,0,0.7322,215.0227,0.1481,10.1055,0.1962,226.2048
phone-android,medium,1747,move,accepted,moved,1,0.9502,215.7461,96.1306,15.8110,0.2841,328.9219
phone-android,medium,1748,move,accepted,moved,1,1.0489,213.4175,93.4422,15.0581,0.2041,323.1709
phone-android,medium,1749,move,accepted,moved,1,0.8145,216.8301,92.6352,15.3513,0.2379,325.8690
phone-android,medium,1750,drop,accepted,dropped,1,1.2272,215.3335,92.4488,16.9901,0.2142,326.2137
phone-android,medium,1751,move,accepted,moved,1,0.8169,214.8980,92.4497,14.5095,0.2688,322.9428
phone-android,medium,1752,move,accepted,moved,1,1.0592,214.0616,93.0922,16.1057,0.2156,324.5343
phone-android,medium,1753,choose,rejected,not_owned,0,1.1469,215.8719,0.1336,10.0495,0.1880,227.3899
phone-android,medium,1754,look,accepted,observed,0,1.0470,213.9100,0.1391,9.6943,0.1340,224.9244
phone-android,medium,1755,talk,rejected,not_owned,0,0.6235,219.6921,0.1331,8.7108,0.1581,229.3176
phone-android,medium,1756,move,accepted,moved,1,0.7182,215.2965,93.2814,15.5967,0.2895,325.1824
phone-android,medium,1757,talk,rejected,not_eligible,0,1.0149,214.9787,0.1429,9.6211,0.1524,225.9101
phone-android,medium,1758,look,accepted,observed,0,0.8823,223.3553,0.1323,9.5810,0.1932,234.1441
phone-android,medium,1759,move,accepted,moved,1,0.9810,222.2173,92.1938,14.9158,0.2158,330.5237
phone-android,medium,1760,take,rejected,not_present,0,0.9988,216.2907,0.1394,11.6378,0.2872,229.3539
phone-android,medium,1761,move,rejected,exit_unavailable,0,0.9536,215.5864,0.1457,9.2184,0.1578,226.0619
phone-android,medium,1762,move,accepted,moved,1,0.8792,217.1377,92.5021,15.5496,0.2683,326.3369
phone-android,medium,1763,look,accepted,observed,0,1.0965,215.5528,0.1262,9.8326,0.1848,226.7930
phone-android,medium,1764,look,accepted,observed,0,1.0183,217.1112,0.1363,9.3145,0.1883,227.7686
phone-android,medium,1765,close_choice,accepted,choice_closed,1,0.9054,214.5156,93.0617,15.5321,0.2367,324.2514
phone-android,medium,1766,wait,rejected,invalid_time,0,1.0271,215.4225,0.1409,10.1667,0.1793,226.9365
phone-android,medium,1767,move,accepted,moved,1,0.8537,215.3603,94.2513,15.0568,0.2469,325.7690
phone-android,medium,1768,take,rejected,not_present,0,1.0477,212.5465,0.1316,10.4809,0.1794,224.3860
phone-android,medium,1769,look,accepted,observed,0,0.8711,217.4722,0.1475,9.8396,0.1788,228.5091
phone-android,medium,1770,move,rejected,exit_unavailable,0,0.8192,215.3874,0.1402,10.2179,0.1929,226.7576
phone-android,medium,1771,take,rejected,not_present,0,0.9260,218.1345,0.2508,9.6594,0.2523,229.2231
phone-android,medium,1772,move,accepted,moved,1,0.9436,215.5258,92.8867,16.2814,0.2070,325.8446
phone-android,medium,1773,look,accepted,observed,0,0.9552,222.7159,0.1492,9.4493,0.2078,233.4773
phone-android,medium,1774,look,accepted,observed,0,1.0486,215.4753,0.1473,9.2416,0.1512,226.0640
phone-android,medium,1775,move,accepted,moved,1,0.7482,215.5920,93.7733,16.3471,0.2175,326.6781
phone-android,medium,1776,wait,rejected,invalid_time,0,0.9880,216.0770,0.1493,9.1943,0.1692,226.5777
phone-android,medium,1777,move,accepted,moved,1,0.9001,215.5133,93.1596,15.9374,0.2079,325.7184
phone-android,medium,1778,look,accepted,observed,0,0.8667,215.7415,0.1473,10.4907,0.1510,227.3973
phone-android,medium,1779,move,accepted,moved,1,0.7225,215.1336,93.4165,15.9180,0.2314,325.4220
phone-android,medium,1780,look,accepted,observed,0,1.0145,216.6392,0.1445,10.5754,0.1737,228.5473
phone-android,medium,1781,wait,rejected,invalid_time,0,0.9068,216.7481,0.1311,9.9656,0.2630,228.0147
phone-android,medium,1782,take,accepted,taken,1,1.1794,218.7010,93.4056,15.0525,0.2126,328.5511
phone-android,medium,1783,look,accepted,observed,0,0.8311,213.8193,0.1371,10.1091,0.1973,225.0940
phone-android,medium,1784,look,accepted,observed,0,0.8811,218.5193,0.1612,10.0267,0.1904,229.7789
phone-android,medium,1785,move,accepted,moved,1,0.9697,214.4285,95.3087,18.6173,0.2055,329.5297
phone-android,medium,1786,talk,rejected,not_eligible,0,1.0848,214.9836,0.2448,9.0586,0.1474,225.5193
phone-android,medium,1787,move,accepted,moved,1,0.8200,215.5553,92.1563,14.0814,0.2012,322.8141
phone-android,medium,1788,drop,accepted,dropped,1,0.7939,212.0569,95.3111,16.0809,0.2989,324.5416
phone-android,medium,1789,wait,rejected,invalid_time,0,1.0338,211.9969,0.2365,9.4289,0.1736,222.8697
phone-android,medium,1790,choose,rejected,stale_view,0,0.9546,199.3719,0.1495,9.9722,0.1831,210.6313
phone-android,medium,1791,activate,rejected,not_eligible,0,0.8625,213.8745,0.1308,9.2116,0.1803,224.2597
phone-android,medium,1792,talk,rejected,not_eligible,0,0.9032,212.8246,0.1271,9.7104,0.1566,223.7219
phone-android,medium,1793,move,accepted,moved,1,0.7746,216.9910,91.2575,16.0085,0.2003,325.2319
phone-android,medium,1794,wait,rejected,invalid_time,0,0.9300,214.8665,0.1418,9.4459,0.1529,225.5371
phone-android,medium,1795,move,rejected,exit_unavailable,0,0.7039,219.8760,0.2399,9.4714,0.1804,230.4714
phone-android,medium,1796,move,accepted,moved,1,0.9011,214.9194,94.7697,18.2830,0.2547,329.1279
phone-android,medium,1797,close_choice,rejected,invalid_choice,0,0.9958,212.5692,0.1501,10.1586,0.1707,224.0444
phone-android,medium,1798,take,rejected,not_present,0,0.8742,216.4218,0.1287,10.4632,0.2251,228.1129
phone-android,medium,1799,look,accepted,observed,0,1.0569,216.1619,0.1334,9.5370,0.1885,227.0778
phone-android,medium,1800,look,accepted,observed,0,0.9088,217.8389,0.1492,9.2761,0.2709,228.4439
phone-android,medium,1801,look,accepted,observed,0,0.9762,216.3535,0.1259,8.5001,0.1655,226.1212
phone-android,medium,1802,drop,replayed,dropped,0,1.2348,194.7069,0.0092,0.0012,0.1018,196.0539
phone-android,medium,1803,move,rejected,exit_unavailable,0,1.8443,216.0650,0.1259,9.9553,0.2095,228.2000
phone-android,medium,1804,look,accepted,observed,0,0.9365,216.1171,0.1401,9.6917,0.1552,227.0405
phone-android,medium,1805,take,rejected,not_present,0,0.7556,215.3024,0.1286,9.6176,0.2237,226.0279
phone-android,medium,1806,look,accepted,observed,0,1.0173,214.8154,0.1595,9.3667,0.1800,225.5389
phone-android,medium,1807,look,accepted,observed,0,0.9620,214.2384,0.1242,8.9916,0.2079,224.5240
phone-android,medium,1808,drop,rejected,integrity_conflict,0,1.4837,197.3881,0.0120,0.0010,0.1186,199.0035
phone-android,medium,1809,look,accepted,observed,0,1.4074,214.8429,0.1332,9.3470,0.1572,225.8878
phone-android,medium,1810,wait,rejected,invalid_time,0,0.7698,215.9974,0.1356,10.8012,0.2285,227.9325
phone-android,medium,1811,look,accepted,observed,0,0.8660,214.3083,0.1376,8.7702,0.1743,224.2564
phone-android,medium,1812,move,rejected,exit_unavailable,0,0.9235,214.1569,0.1389,10.6739,0.1710,226.0642
phone-android,medium,1813,move,accepted,moved,1,0.8272,215.8006,92.2275,15.5519,0.2527,324.6599
phone-android,medium,1814,move,rejected,exit_unavailable,0,0.9457,214.0520,0.1454,10.0602,0.1576,225.3609
phone-android,medium,1815,choose,rejected,invalid_choice,0,0.8677,215.6858,0.1347,9.7821,0.2137,226.6841
phone-android,medium,1816,talk,rejected,not_eligible,0,1.0296,214.2717,0.1469,9.1961,0.1441,224.7884
phone-android,medium,1817,move,accepted,moved,1,0.7255,215.9968,92.4764,15.7364,0.2720,325.2071
phone-android,medium,1818,wait,rejected,invalid_time,0,1.1259,216.4906,0.1408,9.7044,0.1728,227.6346
phone-android,medium,1819,look,accepted,observed,0,0.8705,217.3593,0.2471,9.7431,0.2545,228.4746
phone-android,medium,1820,wait,rejected,invalid_time,0,0.9510,216.3787,0.1350,9.6138,0.1695,227.2479
phone-android,medium,1821,move,rejected,exit_unavailable,0,0.7899,214.6641,0.1326,9.5592,0.1920,225.3378
phone-android,medium,1822,look,accepted,observed,0,1.1231,220.6977,0.1464,10.4384,0.2150,232.6206
phone-android,medium,1823,move,accepted,moved,1,1.0024,216.1731,92.9588,15.2581,0.2131,325.6055
phone-android,medium,1824,look,accepted,observed,0,0.9354,218.3078,0.1349,10.2064,0.1841,229.7686
phone-android,medium,1825,move,accepted,moved,1,0.8941,214.6213,94.5844,14.9131,0.2913,325.3041
phone-android,medium,1826,look,accepted,observed,0,0.9840,220.6425,0.1408,9.7767,0.1696,231.7136
phone-android,medium,1827,wait,rejected,invalid_time,0,0.9039,215.4673,0.1329,10.4191,0.2054,227.1287
phone-android,medium,1828,look,accepted,observed,0,1.0235,215.8378,0.1555,9.3046,0.1652,226.4865
phone-android,medium,1829,talk,rejected,not_owned,0,0.7628,215.8892,0.1306,9.2136,0.1930,226.1892
phone-android,medium,1830,move,accepted,moved,1,0.9445,216.2649,92.5282,16.1335,0.2063,326.0775
phone-android,medium,1831,move,accepted,moved,1,1.0734,211.2930,93.0861,15.1957,0.2427,320.8909
phone-android,medium,1832,choose,rejected,invalid_choice,0,1.0846,214.8149,0.1516,10.5364,0.1777,226.7651
phone-android,medium,1833,take,rejected,not_present,0,0.7721,217.0461,0.1471,10.1372,0.2133,228.3157
phone-android,medium,1834,move,accepted,moved,1,0.8061,216.9301,92.9964,25.2064,0.2702,336.2093
phone-android,medium,1835,look,accepted,observed,0,1.2014,213.5781,0.1399,10.1621,0.1641,225.2457
phone-android,medium,1836,move,accepted,moved,1,0.7608,216.5056,93.5665,16.0231,0.2482,327.1043
phone-android,medium,1837,move,rejected,exit_unavailable,0,0.9692,214.2081,0.1277,9.1593,0.2606,224.7249
phone-android,medium,1838,choose,rejected,invalid_choice,0,1.0064,221.1750,0.1359,9.4599,0.1906,231.9678
phone-android,medium,1839,look,accepted,observed,0,1.0424,214.6825,0.1272,9.4919,0.1559,225.4999
phone-android,medium,1840,take,accepted,taken,1,0.7318,215.8376,93.1613,14.6636,0.2407,324.6350
phone-android,medium,1841,move,accepted,moved,1,1.1030,215.9340,92.9194,17.9864,0.3776,328.3203
phone-android,medium,1842,move,accepted,moved,1,1.6214,215.1669,96.9777,17.4109,0.2486,331.4256
phone-android,medium,1843,move,accepted,moved,1,1.0696,212.8953,94.0305,15.9111,0.2071,324.1137
phone-android,medium,1844,look,accepted,observed,0,0.9206,219.8571,0.1275,10.2616,0.1635,231.3302
phone-android,medium,1845,activate,rejected,not_eligible,0,0.7609,218.5312,0.1409,9.7427,0.1486,229.3243
phone-android,medium,1846,look,accepted,observed,0,0.7170,217.9419,0.1384,10.5156,0.1746,229.4876
phone-android,medium,1847,activate,rejected,not_eligible,0,0.8583,215.2906,0.1379,9.9664,0.2012,226.4545
phone-android,medium,1848,choose,rejected,stale_view,0,1.1289,197.4411,0.1252,10.4506,0.2156,209.3613
phone-android,medium,1849,look,accepted,observed,0,1.0631,214.6585,0.1406,8.1087,0.1411,224.1119
phone-android,medium,1850,activate,rejected,not_eligible,0,0.7753,215.2252,0.1476,10.1493,0.2096,226.5069
phone-android,medium,1851,drop,accepted,dropped,1,1.1344,218.7320,92.3409,16.6267,0.2677,329.1017
phone-android,medium,1852,talk,rejected,not_eligible,0,1.1535,215.6501,0.1415,9.0445,0.1524,226.1420
phone-android,medium,1853,look,accepted,observed,0,0.7433,219.8290,0.1421,9.6627,0.1455,230.5226
phone-android,medium,1854,talk,rejected,not_eligible,0,0.6212,215.5207,0.1414,9.3348,0.1839,225.8020
phone-android,medium,1855,wait,rejected,invalid_time,0,0.8790,219.1674,0.1320,10.0707,0.2514,230.5005
phone-android,medium,1856,look,accepted,observed,0,1.0474,215.5540,0.1257,10.0756,0.2065,227.0092
phone-android,medium,1857,look,accepted,observed,0,1.0581,218.3849,0.1358,10.1169,0.1951,229.8908
phone-android,medium,1858,look,accepted,observed,0,1.0786,215.5711,0.1254,8.5854,0.1609,225.5214
phone-android,medium,1859,look,accepted,observed,0,0.7551,219.0315,0.1323,11.0488,0.1821,231.1498
phone-android,medium,1860,move,accepted,moved,1,0.7823,213.9824,92.6289,14.6403,0.1862,322.2201
phone-android,medium,1861,talk,rejected,not_eligible,0,1.0613,215.7602,0.1346,9.4243,0.1714,226.5518
phone-android,medium,1862,move,accepted,moved,1,0.7927,215.1693,93.5120,14.9280,0.2402,324.6423
phone-android,medium,1863,look,accepted,observed,0,1.1338,220.7017,0.1406,8.6087,0.1639,230.7486
phone-android,medium,1864,take,replayed,taken,0,1.1633,195.0897,0.0114,0.0014,0.1097,196.3754
phone-android,medium,1865,move,accepted,moved,1,2.0457,216.1969,92.2114,15.9055,0.2092,326.5688
phone-android,medium,1866,take,rejected,not_present,0,0.9176,214.4909,0.1326,10.6719,0.1910,226.4039
phone-android,medium,1867,look,accepted,observed,0,1.0599,214.5940,0.1201,8.7092,0.1822,224.6654
phone-android,medium,1868,activate,rejected,not_eligible,0,0.7843,215.9142,0.1336,9.7899,0.1805,226.8026
phone-android,medium,1869,look,accepted,observed,0,0.9074,216.8888,0.1401,9.8424,0.2126,227.9913
phone-android,medium,1870,drop,rejected,integrity_conflict,0,1.5804,196.7867,0.0124,0.0009,0.1058,198.4862
phone-android,medium,1871,look,accepted,observed,0,1.2260,214.4204,0.2874,9.8565,0.1514,225.9416
phone-android,medium,1872,talk,rejected,not_eligible,0,0.7758,220.0484,0.1393,9.6111,0.1645,230.7392
phone-android,medium,1873,move,accepted,moved,1,0.7226,214.5203,92.4567,15.7729,0.2184,323.6908
phone-android,medium,1874,move,accepted,moved,1,1.0184,218.0288,91.8851,17.0941,0.2171,328.2435
phone-android,medium,1875,move,accepted,moved,1,0.9668,214.9524,96.7252,17.6432,0.2785,330.5662
phone-android,medium,1876,talk,rejected,not_eligible,0,1.0856,214.2647,0.1445,10.0111,0.1587,225.6645
phone-android,medium,1877,move,accepted,moved,1,0.8111,220.8817,93.1146,15.3121,0.2158,330.3354
phone-android,medium,1878,look,accepted,observed,0,0.9481,212.6768,0.3257,10.3614,0.1789,224.4908
phone-android,medium,1879,move,accepted,moved,1,0.9378,216.8253,92.1849,14.7741,0.1912,324.9132
phone-android,medium,1880,move,accepted,moved,1,0.8051,215.6985,92.4545,16.0631,0.2709,325.2920
phone-android,medium,1881,move,accepted,moved,1,1.0891,212.7673,96.9435,16.9916,0.2148,328.0063
phone-android,medium,1882,wait,rejected,invalid_time,0,0.8555,211.9846,0.1362,9.6430,0.1927,222.8119
phone-android,medium,1883,look,accepted,observed,0,0.9706,218.6286,0.1421,10.1959,0.2240,230.1612
phone-android,medium,1884,move,rejected,exit_unavailable,0,1.0425,215.5320,0.1398,10.0842,0.1265,226.9249
phone-android,medium,1885,move,accepted,moved,1,0.6072,214.4190,94.7781,16.1633,0.2728,326.2405
phone-android,medium,1886,look,accepted,observed,0,1.1714,214.7430,0.1259,9.0919,0.1937,225.3260
phone-android,medium,1887,wait,rejected,invalid_time,0,0.9774,216.7502,0.1432,8.9940,0.1720,227.0368
phone-android,medium,1888,look,accepted,observed,0,0.7297,215.7894,0.1384,10.5874,0.1940,227.4389
phone-android,medium,1889,move,accepted,moved,1,0.9676,216.4885,94.6691,15.8265,0.3257,328.2773
phone-android,medium,1890,look,accepted,observed,0,1.0076,210.4280,0.1380,10.2706,0.1907,222.0349
phone-android,medium,1891,move,accepted,moved,1,0.9410,219.9251,92.4630,16.1846,0.2111,329.7248
phone-android,medium,1892,move,accepted,moved,1,0.7670,211.9937,93.5245,15.8069,0.2304,322.3224
phone-android,medium,1893,wait,rejected,invalid_time,0,1.3240,221.7315,0.1321,9.6433,0.1949,233.0258
phone-android,medium,1894,look,accepted,observed,0,0.9960,214.2724,0.1391,9.2760,0.1642,224.8477
phone-android,medium,1895,choose,rejected,invalid_choice,0,0.8401,215.6965,0.1504,10.0610,0.1595,226.9076
phone-android,medium,1896,look,accepted,observed,0,0.8091,214.8681,0.1292,9.0048,0.1896,225.0008
phone-android,medium,1897,activate,rejected,not_eligible,0,0.9516,217.8786,0.1449,8.7623,0.1577,227.8951
phone-android,medium,1898,move,rejected,exit_unavailable,0,0.7565,217.6364,0.1365,8.9778,0.1659,227.6730
phone-android,medium,1899,move,rejected,exit_unavailable,0,0.8595,214.5627,0.1517,8.7271,0.1882,224.4892
phone-android,medium,1900,move,accepted,moved,1,0.9786,214.0052,94.6837,19.4329,0.3762,329.4766
phone-android,medium,1901,move,accepted,moved,1,1.0622,213.1912,92.5500,15.8249,0.2696,322.8979
phone-android,medium,1902,move,accepted,moved,1,1.0290,213.9151,92.4505,16.4879,0.2695,324.1520
phone-android,medium,1903,move,accepted,moved,1,1.1066,212.7092,93.2415,15.3324,0.2002,322.5899
phone-android,medium,1904,look,accepted,observed,0,0.8405,217.5905,0.1416,10.6472,0.1755,229.3953
phone-android,medium,1905,take,accepted,taken,1,0.8373,215.1028,93.5451,15.3663,0.2370,325.0885
phone-android,medium,1906,look,accepted,observed,0,1.2667,215.5246,0.1486,10.2459,0.1521,227.3379
phone-android,medium,1907,talk,rejected,not_eligible,0,0.7462,215.1191,0.1320,8.6403,0.1726,224.8102
phone-android,medium,1908,look,accepted,observed,0,0.9513,218.3448,0.1428,8.9131,0.1852,228.5372
phone-android,medium,1909,look,accepted,observed,0,0.8292,216.0394,0.1150,8.0410,0.1608,225.1854
phone-android,medium,1910,move,accepted,moved,1,0.7551,217.0251,93.4158,16.1345,0.2622,327.5926
phone-android,medium,1911,move,accepted,moved,1,1.0677,214.7728,96.0333,16.2007,0.2675,328.3420
phone-android,medium,1912,look,accepted,observed,0,0.9832,213.4577,0.1366,10.3616,0.1973,225.1364
phone-android,medium,1913,move,accepted,moved,1,0.9939,217.3267,92.6451,15.2648,0.2643,326.4948
phone-android,medium,1914,move,accepted,moved,1,1.0517,212.6031,93.7689,15.9450,0.2360,323.6047
phone-android,medium,1915,drop,rejected,integrity_conflict,0,1.5943,200.6453,0.0130,0.0006,0.1145,202.3677
phone-android,medium,1916,look,accepted,observed,0,1.4541,215.9957,0.1467,10.4463,0.1561,228.1988
phone-android,medium,1917,move,accepted,moved,1,0.7784,216.5752,93.1209,15.5396,0.2637,326.2779
phone-android,medium,1918,look,accepted,observed,0,1.1399,213.6750,0.1383,9.6833,0.1530,224.7896
phone-android,medium,1919,choose,rejected,invalid_choice,0,0.7315,217.3841,0.1334,8.3263,0.1951,226.7704
phone-android,medium,1920,wait,rejected,invalid_time,0,0.8018,215.8653,0.1274,10.0255,0.1877,227.0077
phone-android,medium,1921,move,accepted,moved,1,1.0075,214.7625,94.1738,15.9230,0.2010,326.0679
phone-android,medium,1922,look,accepted,observed,0,0.8341,216.2756,0.1400,10.2308,0.1805,227.6610
phone-android,medium,1923,look,accepted,observed,0,0.9445,216.4772,0.1385,9.9826,0.1946,227.7375
phone-android,medium,1924,look,accepted,observed,0,1.0787,218.6583,0.1370,9.6602,0.2111,229.7453
phone-android,medium,1925,wait,rejected,invalid_time,0,1.0416,215.4006,0.1481,9.1534,0.1545,225.8983
phone-android,medium,1926,look,accepted,observed,0,0.7275,218.0911,0.1331,9.6947,0.1735,228.8199
phone-android,medium,1927,wait,rejected,invalid_time,0,0.7498,215.6447,0.1299,9.8015,0.1830,226.5089
phone-android,medium,1928,move,accepted,moved,1,0.9799,213.8394,94.8666,15.4103,0.2074,325.3036
phone-android,medium,1929,move,accepted,moved,1,0.8217,213.6102,93.6561,15.8971,0.4033,324.3884
phone-android,medium,1930,look,accepted,observed,0,1.4287,218.1268,0.3380,9.9268,0.1825,230.0028
phone-android,medium,1931,wait,rejected,invalid_time,0,0.9320,215.2246,0.3839,9.2365,0.1788,225.9557
phone-android,medium,1932,look,accepted,observed,0,1.0095,217.0473,0.1284,9.1599,0.1657,227.5109
phone-android,medium,1933,move,accepted,moved,1,0.7524,214.5266,93.2714,15.8876,0.2433,324.6814
phone-android,medium,1934,talk,accepted,choice_opened,1,1.1895,215.3659,93.0937,15.2865,0.2133,325.1488
phone-android,medium,1935,talk,accepted,choice_opened,1,0.8093,217.5860,91.7613,14.4791,0.2303,324.8659
phone-android,medium,1936,move,accepted,moved,1,0.8921,211.6335,94.9733,18.5620,0.2547,326.3157
phone-android,medium,1937,move,accepted,moved,1,1.1046,212.6776,91.8649,16.5735,0.2336,322.4541
phone-android,medium,1938,move,rejected,exit_unavailable,0,1.0660,213.8962,0.1474,12.8531,0.1930,228.1557
phone-android,medium,1939,drop,accepted,dropped,1,0.7923,215.5521,93.7779,15.5521,0.2349,325.9094
phone-android,medium,1940,wait,rejected,invalid_time,0,1.0571,217.5196,0.1410,9.9275,0.2005,228.8457
phone-android,medium,1941,talk,rejected,not_owned,0,1.0948,214.8861,0.1294,9.9596,0.1886,226.2586
phone-android,medium,1942,move,accepted,moved,1,0.7410,215.6713,92.7400,15.6011,0.2406,324.9939
phone-android,medium,1943,choose,rejected,invalid_choice,0,1.0337,212.4335,0.1451,10.0001,0.2030,223.8154
phone-android,medium,1944,look,accepted,observed,0,1.0496,219.0336,0.1382,9.4618,0.1973,229.8805
phone-android,medium,1945,move,rejected,exit_unavailable,0,1.0222,216.1769,0.1284,9.7114,0.1891,227.2280
phone-android,medium,1946,look,accepted,observed,0,1.1684,217.7081,0.1187,9.3875,0.1469,228.5297
phone-android,medium,1947,look,accepted,observed,0,0.6179,214.3401,0.1390,9.3104,0.1854,224.5927
phone-android,medium,1948,take,rejected,not_present,0,1.0489,218.3380,0.1205,7.6981,0.2473,227.4529
phone-android,medium,1949,look,accepted,observed,0,0.9023,213.8671,0.1545,9.9942,0.1907,225.1088
phone-android,medium,1950,move,accepted,moved,1,0.9259,217.7377,93.1967,16.1586,0.2495,328.2685
phone-android,medium,1951,look,accepted,observed,0,1.0695,213.8712,0.1289,9.6970,0.1544,224.9210
phone-android,medium,1952,activate,rejected,not_eligible,0,0.7062,217.6907,0.1345,9.1321,0.1756,227.8391
phone-android,medium,1953,move,accepted,moved,1,0.7933,215.3391,93.1496,15.3436,0.2340,324.8597
phone-android,medium,1954,look,accepted,observed,0,1.2411,216.2777,0.1430,8.9680,0.1500,226.7798
phone-android,medium,1955,look,accepted,observed,0,0.7539,215.1891,0.1387,10.0540,0.1663,226.3019
phone-android,medium,1956,look,accepted,observed,0,0.9402,218.0948,0.1505,10.8454,0.2109,230.2417
phone-android,medium,1957,look,accepted,observed,0,0.9615,216.6193,0.1356,10.3187,0.1989,228.2340
phone-android,medium,1958,look,accepted,observed,0,1.1185,216.9972,0.1336,9.9065,0.2066,228.3624
phone-android,medium,1959,look,accepted,observed,0,0.9659,215.3518,0.1377,9.9679,0.1360,226.5593
phone-android,medium,1960,look,accepted,observed,0,0.6315,217.4545,0.1472,12.4136,0.1752,230.8221
phone-android,medium,1961,move,accepted,moved,1,0.7789,216.1211,92.9406,15.5292,0.2297,325.5995
phone-android,medium,1962,drop,replayed,dropped,0,1.4920,195.5485,0.0113,0.0016,0.0989,197.1524
phone-android,medium,1963,activate,rejected,not_eligible,0,1.3410,216.5989,0.1391,10.9416,0.2023,229.2230
phone-android,medium,1964,look,accepted,observed,0,1.0571,217.6331,0.1530,9.3077,0.1914,228.3423
phone-android,medium,1965,move,accepted,moved,1,0.9378,214.7403,92.9283,15.9254,0.2277,324.7595
phone-android,medium,1966,look,accepted,observed,0,1.0310,214.1122,0.1395,10.1089,0.1393,225.5308
phone-android,medium,1967,activate,rejected,not_eligible,0,0.7097,216.4806,0.1502,9.8522,0.2286,227.4213
phone-android,medium,1968,move,accepted,moved,1,0.8129,217.1398,92.4857,14.7427,0.2633,325.4444
phone-android,medium,1969,wait,rejected,invalid_time,0,1.0846,213.9540,0.1319,9.3008,0.1656,224.6369
phone-android,medium,1970,look,accepted,observed,0,0.7615,217.5566,0.1427,9.8491,0.1620,228.4719
phone-android,medium,1971,close_choice,accepted,choice_closed,1,0.7454,214.3374,93.8205,15.4720,0.1902,324.5655
phone-android,medium,1972,move,accepted,moved,1,1.0319,214.4613,93.2901,15.5986,0.2278,324.6098
phone-android,medium,1973,look,accepted,observed,0,0.9555,215.8568,0.1437,10.9926,0.2149,228.1636
phone-android,medium,1974,activate,rejected,not_eligible,0,1.1018,215.4638,0.1327,9.0827,0.1753,225.9563
phone-android,medium,1975,move,accepted,moved,1,0.9191,216.6822,93.4322,16.0178,0.2553,327.3065
phone-android,medium,1976,move,accepted,moved,1,1.0884,212.9358,93.5623,16.2636,0.1948,324.0449
phone-android,medium,1977,move,accepted,moved,1,1.0109,217.6036,92.2668,17.5736,0.1979,328.6528
phone-android,medium,1978,move,accepted,moved,1,0.9083,214.7225,92.6737,15.5906,0.2972,324.1922
phone-android,medium,1979,drop,replayed,dropped,0,1.4522,194.5502,0.0113,0.0009,0.1169,196.1314
phone-android,medium,1980,move,accepted,moved,1,2.0464,218.0436,93.1396,37.8748,0.3107,351.4152
phone-android,medium,1981,look,accepted,observed,0,1.1334,214.6778,0.1267,9.3015,0.1540,225.3935
phone-android,medium,1982,move,accepted,moved,1,0.8879,217.4968,92.6133,15.7380,0.3042,327.0402
phone-android,medium,1983,look,accepted,observed,0,1.0938,213.3938,0.1376,10.0469,0.1510,224.8231
phone-android,medium,1984,drop,replayed,dropped,0,1.0272,197.7165,0.0103,0.0009,0.1517,198.9066
phone-android,medium,1985,look,accepted,observed,0,1.3442,214.2314,0.1394,9.5664,0.1945,225.4758
phone-android,medium,1986,move,accepted,moved,1,1.1079,214.8122,92.0251,16.3775,0.1998,324.5225
phone-android,medium,1987,take,accepted,taken,1,0.8190,218.0330,92.2500,14.0297,0.2789,325.4105
phone-android,medium,1988,look,accepted,observed,0,1.1758,223.2565,0.1136,7.6152,0.1853,232.3464
phone-android,medium,1989,move,accepted,moved,1,0.8246,216.3525,94.0303,14.4686,0.2511,325.9272
phone-android,medium,1990,move,accepted,moved,1,1.0754,215.5664,92.3759,15.3908,0.2476,324.6562
phone-android,medium,1991,look,accepted,observed,0,0.9764,215.2596,0.1353,10.2867,0.2224,226.8804
phone-android,medium,1992,move,accepted,moved,1,1.1216,218.8783,93.7188,16.4673,0.2470,330.4331
phone-android,medium,1993,move,accepted,moved,1,1.0661,222.8250,93.0443,15.0254,0.2540,332.2149
phone-android,medium,1994,look,accepted,observed,0,1.0127,213.3126,0.3033,10.9048,0.1945,225.7279
phone-android,medium,1995,look,accepted,observed,0,0.9703,217.9508,0.1205,10.2520,0.2147,229.5081
phone-android,medium,1996,wait,rejected,invalid_time,0,1.0482,216.3962,0.1384,10.4878,0.1376,228.2082
phone-android,medium,1997,look,accepted,observed,0,0.6060,218.1310,0.1389,9.5958,0.2061,228.6778
phone-android,medium,1998,wait,rejected,invalid_time,0,0.9554,217.0291,0.1401,10.3156,0.1685,228.6087
phone-android,medium,1999,talk,accepted,choice_opened,1,0.8142,215.4970,95.7357,19.6680,0.2198,331.9347
phone-android,medium,2000,move,accepted,moved,1,0.7768,213.2818,93.0286,15.9777,0.2391,323.3040
phone-android,medium,2001,look,accepted,observed,0,1.0717,217.2829,0.1241,10.4318,0.2134,229.1240
phone-android,medium,2002,move,accepted,moved,1,1.0651,213.9902,92.6093,14.8794,0.2320,322.7761
phone-android,medium,2003,move,accepted,moved,1,1.0194,216.9769,93.5709,16.3931,0.2668,328.2272
phone-android,medium,2004,move,accepted,moved,1,1.0801,212.1259,94.4239,15.5936,0.2914,323.5150
phone-android,medium,2005,wait,rejected,invalid_time,0,1.3023,219.4249,0.1572,10.0881,0.1516,231.1242
phone-android,medium,2006,close_choice,accepted,choice_closed,1,0.7729,215.4065,92.7543,16.4039,0.2460,325.5836
phone-android,medium,2007,move,accepted,moved,1,1.2182,217.9118,93.1404,15.3267,0.1789,327.7760
phone-android,medium,2008,activate,rejected,not_eligible,0,0.9340,212.8795,0.1254,10.0299,0.2034,224.1721
phone-android,medium,2009,move,accepted,moved,1,1.0243,220.7199,93.2561,15.4960,0.2577,330.7540
phone-android,medium,2010,move,rejected,exit_unavailable,0,1.0406,212.2975,0.1273,10.7454,0.1366,224.3473
phone-android,medium,2011,move,accepted,moved,1,0.6560,219.6021,94.1327,16.6336,0.2648,331.2892
phone-android,medium,2012,look,accepted,observed,0,1.0797,219.7500,0.1387,10.5809,0.2299,231.7793
phone-android,medium,2013,wait,rejected,invalid_time,0,1.0983,215.4074,0.1413,9.3004,0.1804,226.1276
phone-android,medium,2014,move,accepted,moved,1,0.8624,216.7726,93.7966,15.8060,0.2551,327.4926
phone-android,medium,2015,look,accepted,observed,0,1.1670,213.2840,0.1240,10.3223,0.1958,225.0931
phone-android,medium,2016,wait,rejected,invalid_time,0,0.9945,217.7558,0.1268,10.2695,0.2025,229.3491
phone-android,medium,2017,drop,accepted,dropped,1,0.9629,214.2243,93.6610,15.8770,0.2490,324.9742
phone-android,medium,2018,take,accepted,taken,1,1.1124,214.9578,93.1915,16.1377,0.1872,325.5867
phone-android,medium,2019,look,accepted,observed,0,0.7293,216.0681,0.1346,9.1248,0.1692,226.2260
phone-android,medium,2020,move,accepted,moved,1,0.7251,213.8794,92.9787,16.4546,0.2026,324.2403
phone-android,medium,2021,activate,rejected,not_eligible,0,0.8519,215.5410,0.1439,9.6334,0.1753,226.3454
phone-android,medium,2022,look,accepted,observed,0,0.7608,214.8453,0.1280,10.4892,0.1845,226.4078
phone-android,medium,2023,look,accepted,observed,0,0.9721,218.9636,0.1369,10.5827,0.2016,230.8569
phone-android,medium,2024,look,accepted,observed,0,0.9779,214.7821,0.1345,10.7755,0.1483,226.8183
phone-android,medium,2025,move,accepted,moved,1,0.7764,216.1979,95.0095,14.8879,0.3172,327.1889
phone-android,medium,2026,choose,rejected,stale_view,0,1.0123,192.9282,0.1203,7.7347,0.1970,201.9926
phone-android,medium,2027,look,accepted,observed,0,0.9604,216.9996,0.2660,10.5522,0.2045,228.9827
phone-android,medium,2028,move,accepted,moved,1,1.0092,216.2244,92.9918,15.1435,0.1961,325.5649
phone-android,medium,2029,drop,accepted,dropped,1,0.8801,216.2073,92.7058,15.1088,0.2676,325.1696
phone-android,medium,2030,move,accepted,moved,1,1.0258,214.2468,96.5588,15.9394,0.2466,328.0174
phone-android,medium,2031,look,accepted,observed,0,1.1097,213.3368,0.1360,9.7463,0.1447,224.4736
phone-android,medium,2032,take,rejected,not_present,0,0.7625,221.8059,0.1671,10.7195,0.1865,233.6415
phone-android,medium,2033,activate,rejected,not_eligible,0,0.9240,215.2713,0.1304,9.8698,0.1635,226.3590
phone-android,medium,2034,move,accepted,moved,1,0.7821,216.1210,94.2340,16.4019,0.2423,327.7813
phone-android,medium,2035,move,accepted,moved,1,1.0847,214.9938,92.9862,15.3017,0.2036,324.5701
phone-android,medium,2036,wait,rejected,invalid_time,0,0.7908,216.6250,0.1398,9.9860,0.1810,227.7227
phone-android,medium,2037,move,accepted,moved,1,0.8104,215.7654,92.1690,16.3190,0.3290,325.3927
phone-android,medium,2038,move,accepted,moved,1,1.0545,235.2143,93.5624,16.4964,0.1810,346.5086
phone-android,medium,2039,look,accepted,observed,0,0.7465,212.9082,0.1502,10.8546,0.2001,224.8595
phone-android,medium,2040,move,accepted,moved,1,1.0023,219.1491,94.4779,15.9144,0.2285,330.7723
phone-android,medium,2041,move,accepted,moved,1,1.0084,216.1331,93.8506,15.3894,0.2561,326.6377
phone-android,medium,2042,look,accepted,observed,0,1.0455,213.6031,0.1326,9.7715,0.1684,224.7211
phone-android,medium,2043,move,accepted,moved,1,0.7904,213.5167,91.4474,15.4118,0.2220,321.3883
phone-android,medium,2044,move,accepted,moved,1,0.8315,212.1093,95.0892,15.9792,0.2362,324.2454
phone-android,medium,2045,move,accepted,moved,1,1.1004,212.9863,94.3165,13.8776,0.1855,322.4663
phone-android,medium,2046,look,accepted,observed,0,0.8061,218.4591,0.1346,10.6832,0.1887,230.2717
phone-android,medium,2047,move,accepted,moved,1,1.0009,215.4878,94.3783,16.0255,0.2620,327.1545
phone-android,medium,2048,look,accepted,observed,0,1.0931,213.3790,0.1234,8.9630,0.1516,223.7101
phone-android,medium,2049,look,accepted,observed,0,0.8105,217.2860,0.1344,11.1860,0.2201,229.6370
phone-android,medium,2050,take,rejected,not_present,0,1.0749,215.7801,0.1369,9.3653,0.2172,226.5744
phone-android,medium,2051,move,accepted,moved,1,1.1051,212.8625,92.6349,15.5972,0.2418,322.4415
phone-android,medium,2052,talk,rejected,not_eligible,0,1.0601,211.6789,0.1330,9.7853,0.1640,222.8212
phone-android,medium,2053,move,rejected,exit_unavailable,0,0.7983,214.2731,0.1254,9.1046,0.2042,224.5055
phone-android,medium,2054,look,accepted,observed,0,0.9410,213.0757,0.1248,9.4475,0.1748,223.7638
phone-android,medium,2055,look,accepted,observed,0,0.8539,214.7394,0.1159,5.3821,0.1607,221.2521
phone-android,medium,2056,move,accepted,moved,1,0.8002,212.7925,91.4128,15.8184,0.2028,321.0267
phone-android,medium,2057,move,accepted,moved,1,0.8377,216.1731,91.4017,15.6099,0.2220,324.2444
phone-android,medium,2058,look,accepted,observed,0,0.8951,214.4648,0.1253,10.7369,0.1773,226.3994
phone-android,medium,2059,talk,rejected,not_eligible,0,0.8263,215.4379,0.1271,8.6821,0.1707,225.2441
phone-android,medium,2060,look,accepted,observed,0,0.8427,213.5345,0.1113,9.1435,0.1525,223.7845
phone-android,medium,2061,drop,replayed,dropped,0,1.1305,195.6850,0.0103,0.0006,0.1125,196.9389
phone-android,medium,2062,move,rejected,exit_unavailable,0,1.2569,212.1694,0.1324,8.6561,0.1597,222.3746
phone-android,medium,2063,talk,rejected,not_eligible,0,0.7603,211.7617,0.1185,9.5534,0.3383,222.5322
phone-android,medium,2064,look,accepted,observed,0,0.8702,213.2808,0.1200,8.0767,0.1736,222.5213
phone-android,medium,2065,move,accepted,moved,1,0.9015,210.8826,89.4373,15.6257,0.1899,317.0371
phone-android,medium,2066,move,rejected,exit_unavailable,0,0.9044,211.9503,0.1358,10.1472,0.1780,223.3158
phone-android,medium,2067,activate,rejected,not_eligible,0,0.9520,214.8843,0.1295,9.4182,0.1891,225.5731
phone-android,medium,2068,move,accepted,moved,1,0.8073,212.2056,91.9909,16.0472,0.3063,321.3574
phone-android,medium,2069,choose,rejected,invalid_choice,0,0.8364,211.9613,0.1349,8.9891,0.1856,222.1072
phone-android,medium,2070,move,accepted,moved,1,0.8586,211.4450,94.8290,14.5969,0.2756,322.0051
phone-android,medium,2071,take,rejected,not_present,0,1.0759,212.3951,0.1315,10.5203,0.1779,224.3006
phone-android,medium,2072,wait,rejected,invalid_time,0,0.8272,217.9487,0.1291,9.1752,0.1732,228.2535
phone-android,medium,2073,look,accepted,observed,0,0.8133,216.1541,0.1248,9.9692,0.2030,227.2644
phone-android,medium,2074,look,accepted,observed,0,1.0584,216.2956,0.1291,7.9982,0.2416,225.7229
phone-android,medium,2075,move,accepted,moved,1,0.8864,219.6913,94.4979,16.0886,0.2287,331.3930
phone-android,medium,2076,move,accepted,moved,1,0.9803,214.7889,92.1004,15.0541,0.2186,323.1422
phone-android,medium,2077,look,accepted,observed,0,0.8829,212.7682,0.1266,10.3427,0.1591,224.2796
phone-android,medium,2078,move,accepted,moved,1,0.7729,220.6263,92.2524,16.3177,0.2105,330.1798
phone-android,medium,2079,talk,rejected,not_eligible,0,0.8611,214.2835,0.1294,10.4274,0.3197,226.0212
phone-android,medium,2080,look,accepted,observed,0,1.4352,217.2807,0.1283,10.1870,0.1945,229.2256
phone-android,medium,2081,look,accepted,observed,0,1.0424,215.3624,0.1253,9.8188,0.1985,226.5473
phone-android,medium,2082,wait,rejected,invalid_time,0,0.9725,218.9601,0.1414,10.2146,0.2086,230.4973
phone-android,medium,2083,talk,rejected,not_eligible,0,0.9048,216.9266,0.1455,9.9977,0.1949,228.1696
phone-android,medium,2084,move,accepted,moved,1,0.9986,218.0835,92.9545,15.8499,0.2146,328.1012
phone-android,medium,2085,activate,rejected,not_eligible,0,0.8047,215.8276,0.1448,10.2340,0.2177,227.2287
phone-android,medium,2086,talk,rejected,not_owned,0,1.0618,218.9968,0.1458,10.5829,0.1661,230.9535
phone-android,medium,2087,wait,rejected,invalid_time,0,0.8682,219.8137,0.1240,9.4910,0.2321,230.5290
phone-android,medium,2088,move,accepted,moved,1,0.8360,217.5740,92.6664,15.9327,0.2743,327.2834
phone-android,medium,2089,look,accepted,observed,0,1.0783,213.2045,0.1440,9.7824,0.1583,224.3676
phone-android,medium,2090,wait,rejected,invalid_time,0,0.7423,217.1090,0.1330,9.4089,0.1795,227.5728
phone-android,medium,2091,wait,rejected,invalid_time,0,0.9255,217.1242,0.1743,9.9211,0.1969,228.3420
phone-android,medium,2092,activate,rejected,not_eligible,0,1.0558,215.3067,0.1327,9.2436,0.1784,225.9173
phone-android,medium,2093,look,accepted,observed,0,0.9168,217.2059,0.1390,9.0416,0.1514,227.4547
phone-android,medium,2094,take,rejected,not_present,0,0.6280,214.6303,0.3442,9.0403,0.1807,224.8235
phone-android,medium,2095,look,accepted,observed,0,1.0150,217.8760,0.1375,10.0646,0.1411,229.2342
phone-android,medium,2096,wait,rejected,invalid_time,0,0.5809,215.2132,0.1335,8.8154,0.1934,224.9365
phone-android,medium,2097,look,accepted,observed,0,0.9672,214.1154,0.1327,5.4267,0.1253,220.7673
phone-android,medium,2098,take,rejected,not_present,0,0.5962,217.5580,0.1326,11.1380,0.2206,229.6454
phone-android,medium,2099,activate,rejected,not_eligible,0,1.0204,217.1091,0.1348,9.6040,0.1871,228.0553
phone-android,medium,2100,move,accepted,moved,1,0.9760,217.2124,93.3131,15.8727,0.2178,327.5921
phone-android,medium,2101,look,accepted,observed,0,0.9246,213.9002,0.1410,10.2476,0.1889,225.4023
phone-android,medium,2102,move,rejected,exit_unavailable,0,0.8862,217.9231,0.1263,9.4782,0.1939,228.6077
phone-android,medium,2103,move,accepted,moved,1,1.0314,215.3238,92.7904,15.9203,0.1955,325.2614
phone-android,medium,2104,talk,rejected,not_eligible,0,0.9255,215.9297,0.1332,9.8017,0.1556,226.9456
phone-android,medium,2105,move,accepted,moved,1,0.7888,216.6454,92.6269,15.3379,0.2244,325.6235
phone-android,medium,2106,move,accepted,moved,1,1.0407,215.3637,92.5229,15.0011,0.1811,324.1096
phone-android,medium,2107,move,accepted,moved,1,0.9129,218.9988,92.1327,16.0744,0.2568,328.3756
phone-android,medium,2108,look,accepted,observed,0,1.0148,213.1622,0.1473,9.8591,0.1538,224.3372
phone-android,medium,2109,move,accepted,moved,1,0.7180,216.3192,92.3570,15.4403,0.2707,325.1051
phone-android,medium,2110,talk,rejected,not_eligible,0,1.1498,212.8514,0.1302,8.8716,0.1715,223.1745
phone-android,medium,2111,activate,rejected,not_eligible,0,0.8154,216.6571,0.1367,10.1276,0.1741,227.9109
phone-android,medium,2112,look,accepted,observed,0,0.7579,215.1967,0.1439,10.0594,0.1901,226.3480
phone-android,medium,2113,look,accepted,observed,0,0.9194,215.5811,0.1267,9.2584,0.2201,226.1058
phone-android,medium,2114,move,accepted,moved,1,0.9495,215.1027,92.1426,17.5136,0.2765,325.9848
phone-android,medium,2115,look,accepted,observed,0,1.0279,215.6385,0.1293,23.0995,0.2125,240.1077
phone-android,medium,2116,move,accepted,moved,1,1.0703,214.9151,94.8317,15.3513,0.2730,326.4414
phone-android,medium,2117,look,accepted,observed,0,0.9689,213.1789,0.1527,9.8208,0.1725,224.2937
phone-android,medium,2118,move,rejected,exit_unavailable,0,0.8720,216.9841,0.1468,8.8187,0.1673,226.9889
phone-android,medium,2119,look,accepted,observed,0,0.6924,216.2885,0.1386,9.8695,0.1951,227.1840
phone-android,medium,2120,look,accepted,observed,0,0.9843,217.8536,0.1307,10.5252,0.1788,229.6726
phone-android,medium,2121,look,accepted,observed,0,0.8021,215.7084,0.1280,10.6517,0.1839,227.4739
phone-android,medium,2122,look,accepted,observed,0,1.0331,214.9603,0.1293,9.4636,0.1843,225.7706
phone-android,medium,2123,look,accepted,observed,0,0.8695,220.4525,0.1372,10.7583,0.2181,232.4356
phone-android,medium,2124,move,accepted,moved,1,1.0134,213.9478,93.2528,17.3892,0.2716,325.8748
phone-android,medium,2125,wait,rejected,invalid_time,0,0.8948,219.4071,0.1382,11.0851,0.2940,231.8192
phone-android,medium,2126,move,rejected,exit_unavailable,0,1.0983,215.9957,0.1383,9.5279,0.1781,226.9383
phone-android,medium,2127,move,rejected,exit_unavailable,0,0.9201,220.3787,0.1371,9.1944,0.1969,230.8272
phone-android,medium,2128,look,accepted,observed,0,0.9983,215.3774,0.1453,9.2133,0.1547,225.8889
phone-android,medium,2129,look,accepted,observed,0,0.7720,217.7375,0.1336,8.8942,0.2860,227.8234
phone-android,medium,2130,activate,rejected,not_eligible,0,1.0292,214.4329,0.1411,9.0694,0.1739,224.8465
phone-android,medium,2131,move,accepted,moved,1,0.7938,217.8273,93.2100,14.7095,0.2266,326.7671
phone-android,medium,2132,move,accepted,moved,1,0.8628,213.6302,93.6540,16.3102,0.2147,324.6719
phone-android,medium,2133,move,accepted,moved,1,0.8633,215.8911,94.2076,15.6101,0.2341,326.8062
phone-android,medium,2134,move,accepted,moved,1,0.9055,220.9260,92.5366,16.8729,0.2086,331.4496
phone-android,medium,2135,look,accepted,observed,0,0.9122,218.6265,0.1390,10.4463,0.1811,230.3052
phone-android,medium,2136,wait,rejected,invalid_time,0,0.8255,216.3893,0.1453,9.8196,0.1632,227.3429
phone-android,medium,2137,wait,rejected,invalid_time,0,0.8309,216.0981,0.1284,9.3765,0.1995,226.6334
phone-android,medium,2138,move,accepted,moved,1,1.0643,220.6817,94.6568,15.8719,0.2524,332.5272
phone-android,medium,2139,look,accepted,observed,0,1.0228,214.6477,0.1273,9.8299,0.2125,225.8402
phone-android,medium,2140,look,accepted,observed,0,0.9472,215.7864,0.1359,10.1106,0.1560,227.1362
phone-android,medium,2141,take,rejected,not_present,0,0.7615,214.2100,0.3467,8.9959,0.2006,224.5147
phone-android,medium,2142,move,accepted,moved,1,1.0484,221.0172,94.1787,16.2693,0.2626,332.7762
phone-android,medium,2143,move,accepted,moved,1,1.1483,214.5859,93.0978,15.2234,0.1810,324.2364
phone-android,medium,2144,look,accepted,observed,0,0.7914,213.4960,0.1263,9.5683,0.1804,224.1624
phone-android,medium,2145,choose,rejected,invalid_choice,0,0.9679,219.4986,0.1356,10.0990,0.1969,230.8979
phone-android,medium,2146,look,accepted,observed,0,1.0857,215.4282,0.1127,8.8637,0.1747,225.6651
phone-android,medium,2147,move,accepted,moved,1,0.7997,215.7082,92.3366,15.4185,0.2722,324.5352
phone-android,medium,2148,look,accepted,observed,0,1.0570,214.2259,0.1267,8.9123,0.1932,224.5151
phone-android,medium,2149,drop,replayed,dropped,0,1.5366,198.8233,0.0115,0.0007,0.1064,200.4785
phone-android,medium,2150,move,accepted,moved,1,1.4459,213.8459,91.5593,15.7218,0.4885,323.0615
phone-android,medium,2151,close_choice,rejected,invalid_choice,0,1.2035,219.6004,0.1351,10.7646,0.2152,231.9187
phone-android,medium,2152,move,accepted,moved,1,0.9674,215.5861,92.4454,15.1192,0.1789,324.2971
phone-android,medium,2153,look,accepted,observed,0,0.8726,217.5320,0.1303,10.2670,0.1642,228.9661
phone-android,medium,2154,move,accepted,moved,1,0.7875,215.5369,95.6269,15.3315,0.2194,327.5022
phone-android,medium,2155,take,rejected,not_present,0,0.9801,213.5598,0.1353,10.5293,0.1987,225.4032
phone-android,medium,2156,take,rejected,not_present,0,0.9824,217.1594,0.2946,9.6641,0.2744,228.3749
phone-android,medium,2157,talk,rejected,not_eligible,0,0.9374,216.6841,0.1242,8.7928,0.1700,226.7085
phone-android,medium,2158,move,accepted,moved,1,0.7836,219.6183,93.0228,16.1924,0.3035,329.9207
phone-android,medium,2159,move,accepted,moved,1,1.0593,213.7474,94.3984,16.1599,0.2316,325.5966
phone-android,medium,2160,move,accepted,moved,1,1.0513,220.7629,92.8441,15.6826,0.2357,330.5765
phone-android,medium,2161,look,accepted,observed,0,1.1943,215.4380,0.1324,10.1901,0.2097,227.1645
phone-android,medium,2162,look,accepted,observed,0,0.9447,215.2454,0.1316,10.2000,0.1670,226.6887
phone-android,medium,2163,look,accepted,observed,0,0.8518,214.5729,0.1260,9.6223,0.1629,225.3359
phone-android,medium,2164,look,accepted,observed,0,0.8540,217.7988,0.1271,9.5109,0.1727,228.4635
phone-android,medium,2165,take,rejected,not_present,0,0.8021,215.2450,0.1375,9.6694,0.1671,226.0211
phone-android,medium,2166,wait,rejected,invalid_time,0,0.7718,215.5091,0.3449,9.8898,0.1959,226.7116
phone-android,medium,2167,move,accepted,moved,1,0.9967,216.1072,93.0651,16.4305,0.2102,326.8096
phone-android,medium,2168,talk,rejected,not_eligible,0,1.0222,212.4460,0.1271,9.8896,0.1972,223.6822
phone-android,medium,2169,look,accepted,observed,0,1.0131,217.6653,0.1321,9.1318,0.1785,228.1208
phone-android,medium,2170,look,accepted,observed,0,0.8483,214.9629,0.1468,10.0067,0.1653,226.1300
phone-android,medium,2171,move,accepted,moved,1,0.7743,216.3191,92.3754,15.4125,0.2754,325.1566
phone-android,medium,2172,look,accepted,observed,0,1.0471,215.8723,0.1423,9.6159,0.2141,226.8917
phone-android,medium,2173,look,accepted,observed,0,0.9545,217.4366,0.1330,9.0185,0.1445,227.6872
phone-android,medium,2174,move,accepted,moved,1,0.7604,215.2675,92.6815,15.3893,0.2229,324.3215
phone-android,medium,2175,look,accepted,observed,0,1.0972,216.4826,0.1421,10.4232,0.1785,228.3237
phone-android,medium,2176,take,accepted,taken,1,0.8874,216.2083,99.5575,18.5121,0.2677,335.4331
phone-android,medium,2177,look,accepted,observed,0,1.1441,216.4273,0.1294,9.3974,0.1762,227.2743
phone-android,medium,2178,look,accepted,observed,0,0.9967,214.7167,0.1266,9.4678,0.1830,225.4906
phone-android,medium,2179,look,accepted,observed,0,1.0399,217.1162,0.1263,9.5336,0.1703,227.9863
phone-android,medium,2180,move,rejected,exit_unavailable,0,0.7524,217.1316,0.1424,9.1209,0.1704,227.3177
phone-android,medium,2181,move,accepted,moved,1,0.8046,218.0987,93.7007,16.5011,0.2679,329.3732
phone-android,medium,2182,choose,rejected,invalid_choice,0,1.0956,214.2008,0.1565,10.2147,0.2390,225.9065
phone-android,medium,2183,look,accepted,observed,0,0.9760,218.0871,0.1455,9.6141,0.1481,228.9708
phone-android,medium,2184,move,accepted,moved,1,0.6449,216.0787,92.6132,15.0150,0.2399,324.5918
phone-android,medium,2185,drop,accepted,dropped,1,1.0051,216.6487,92.9527,14.9156,0.2231,325.7452
phone-android,medium,2186,move,accepted,moved,1,0.8754,217.9576,92.1392,15.8507,0.2647,327.0876
phone-android,medium,2187,look,accepted,observed,0,1.2101,212.5555,0.1369,8.9445,0.1594,223.0064
phone-android,medium,2188,move,accepted,moved,1,0.8326,219.0960,92.0800,16.3086,0.2737,328.5908
phone-android,medium,2189,move,accepted,moved,1,1.0885,214.8639,93.8130,15.7039,0.2115,325.6809
phone-android,medium,2190,look,accepted,observed,0,1.0825,213.0420,0.1476,9.7345,0.1710,224.1776
phone-android,medium,2191,talk,rejected,not_owned,0,0.8137,218.5248,0.1361,10.1054,0.2034,229.7835
phone-android,medium,2192,talk,rejected,not_owned,0,0.9655,216.0936,0.1335,10.2239,0.1985,227.6149
phone-android,medium,2193,drop,replayed,dropped,0,1.4953,198.4721,0.0107,0.0012,0.1010,200.0803
phone-android,medium,2194,move,accepted,moved,1,1.4791,214.8639,91.5112,18.2369,0.1970,326.2881
phone-android,medium,2195,talk,rejected,not_eligible,0,0.8052,221.0153,0.1358,10.4028,0.2102,232.5692
phone-android,medium,2196,look,accepted,observed,0,0.9957,214.0016,0.1484,9.4734,0.1629,224.7821
phone-android,medium,2197,look,accepted,observed,0,0.8045,215.7055,0.1338,10.7263,0.1985,227.5686
phone-android,medium,2198,talk,rejected,not_eligible,0,1.0231,221.1366,0.1359,10.2097,0.1830,232.6883
phone-android,medium,2199,look,accepted,observed,0,0.8518,216.0235,0.1470,9.7306,0.2344,226.9873
phone-android,medium,2200,move,accepted,moved,1,1.0052,218.5301,93.7614,16.2947,0.3067,329.8981
phone-android,medium,2201,look,accepted,observed,0,1.0858,213.0830,0.1365,10.6040,0.1508,225.0601
phone-android,medium,2202,move,rejected,exit_unavailable,0,0.7604,217.1324,0.1347,9.1209,0.1744,227.3228
phone-android,medium,2203,move,accepted,moved,1,0.7987,216.3554,93.6655,16.6447,0.2205,327.6848
phone-android,medium,2204,look,accepted,observed,0,0.9061,215.3818,0.3572,9.9040,0.1736,226.7228
phone-android,medium,2205,move,accepted,moved,1,0.9368,214.1699,94.1362,15.2610,0.2366,324.7403
phone-android,medium,2206,look,accepted,observed,0,0.9186,213.2993,0.1462,9.7434,0.1453,224.2527
phone-android,medium,2207,move,accepted,moved,1,0.8289,216.5067,92.4340,14.7771,0.2486,324.7953
phone-android,medium,2208,look,accepted,observed,0,1.0826,212.2731,0.1294,10.3698,0.1577,224.0126
phone-android,medium,2209,look,accepted,observed,0,0.7584,217.7487,0.1416,10.1516,0.1758,228.9762
phone-android,medium,2210,look,accepted,observed,0,0.7753,215.4531,0.1336,9.0977,0.1698,225.6296
phone-android,medium,2211,move,accepted,moved,1,0.9493,216.8458,92.3417,15.2015,0.2659,325.6041
phone-android,medium,2212,look,accepted,observed,0,1.0474,212.9460,0.1471,9.7032,0.1464,223.9900
phone-android,medium,2213,talk,rejected,not_owned,0,0.8305,217.8797,0.1242,9.4201,0.2262,228.4806
phone-android,medium,2214,move,accepted,moved,1,0.9760,214.2060,92.1884,16.1578,0.2434,323.7716
phone-android,medium,2215,look,accepted,observed,0,1.0535,217.1422,0.1493,7.6461,0.1676,226.1587
phone-android,medium,2216,activate,rejected,not_eligible,0,0.7705,215.1656,0.1391,9.2851,0.2317,225.5919
phone-android,medium,2217,look,accepted,observed,0,0.9661,217.5707,0.1395,9.2069,0.2030,228.0863
phone-android,medium,2218,talk,rejected,not_eligible,0,1.0254,214.4815,0.1481,9.5359,0.1671,225.3580
phone-android,medium,2219,wait,rejected,invalid_time,0,0.7704,216.7493,0.1394,9.3547,0.1734,227.1872
phone-android,medium,2220,activate,rejected,not_eligible,0,0.7873,215.0261,0.3184,9.6504,0.2637,226.0461
phone-android,medium,2221,choose,rejected,stale_view,0,0.9898,197.2161,0.1241,9.1374,0.1661,207.6335
phone-android,medium,2222,look,accepted,observed,0,0.7284,215.7123,0.1336,9.7315,0.1875,226.4934
phone-android,medium,2223,look,accepted,observed,0,0.9749,212.1211,0.1231,9.6078,0.1664,222.9931
phone-android,medium,2224,talk,rejected,not_eligible,0,0.7934,217.4852,0.1406,9.8829,0.1622,228.4644
phone-android,medium,2225,move,accepted,moved,1,0.8229,214.5411,91.8411,17.3242,0.2377,324.7669
phone-android,medium,2226,look,accepted,observed,0,1.0622,216.8336,0.1381,10.0358,0.1867,228.2564
phone-android,medium,2227,move,accepted,moved,1,0.7917,214.8830,92.7686,14.3480,0.2078,322.9990
phone-android,medium,2228,look,accepted,observed,0,0.8746,219.6240,0.1414,8.9188,0.1965,229.7553
phone-android,medium,2229,look,accepted,observed,0,1.0267,214.3496,0.1298,9.5005,0.1576,225.1641
phone-android,medium,2230,take,accepted,taken,1,0.7745,218.8491,92.4155,16.2567,0.2787,328.5745
phone-android,medium,2231,talk,rejected,not_eligible,0,1.1524,214.1746,0.1342,9.8253,0.2169,225.5033
phone-android,medium,2232,wait,rejected,invalid_time,0,0.9826,216.4646,0.1495,9.9911,0.1581,227.7459
phone-android,medium,2233,close_choice,rejected,invalid_choice,0,0.7791,216.7718,0.1368,9.4811,0.1673,227.3361
phone-android,medium,2234,move,accepted,moved,1,0.7985,213.7707,92.3860,16.0420,0.1907,323.1879
phone-android,medium,2235,wait,rejected,invalid_time,0,0.8003,215.5279,0.1352,10.3043,0.1742,226.9418
phone-android,medium,2236,wait,rejected,invalid_time,0,0.8589,216.0703,0.1703,10.0740,0.1906,227.3640
phone-android,medium,2237,move,accepted,moved,1,0.9942,216.1614,92.7179,15.5183,0.2522,325.6439
phone-android,medium,2238,move,accepted,moved,1,1.1230,212.3622,94.4779,15.5878,0.1911,323.7421
phone-android,medium,2239,choose,rejected,invalid_choice,0,0.9971,218.4211,0.1474,9.7135,0.1641,229.4433
phone-android,medium,2240,wait,rejected,invalid_time,0,0.8927,215.4937,0.1396,8.9418,0.1602,225.6280
phone-android,medium,2241,take,replayed,not_present,0,1.1328,199.1669,0.0107,0.0010,0.1056,200.4172
phone-android,medium,2242,drop,accepted,dropped,1,1.4879,213.7706,92.0279,16.2620,0.1922,323.7406
phone-android,medium,2243,look,accepted,observed,0,0.9156,215.3193,0.1301,10.5278,0.1953,227.0881
phone-android,medium,2244,take,accepted,taken,1,1.0394,218.7995,92.3703,15.3544,0.2617,327.8253
phone-android,medium,2245,move,accepted,moved,1,0.9751,214.9641,92.5745,15.1201,0.2544,323.8882
phone-android,medium,2246,look,accepted,observed,0,1.0352,213.5323,0.1310,10.4771,0.1685,225.3442
phone-android,medium,2247,drop,replayed,dropped,0,1.2310,200.4328,0.0095,0.0009,0.1126,201.7868
phone-android,medium,2248,choose,rejected,stale_view,0,1.4510,194.4359,0.1371,9.3904,0.1844,205.5987
phone-android,medium,2249,look,accepted,observed,0,0.9491,214.0761,0.1251,8.8082,0.1606,224.1191
phone-android,medium,2250,look,accepted,observed,0,0.7581,217.4675,0.1232,9.7907,0.1785,228.3180
phone-android,medium,2251,look,accepted,observed,0,0.8075,213.7842,0.1331,10.1824,0.1966,225.1038
phone-android,medium,2252,talk,rejected,not_eligible,0,0.9490,214.5031,0.1274,9.6615,0.1618,225.4028
phone-android,medium,2253,look,accepted,observed,0,0.7865,215.9763,0.1361,9.6539,0.1788,226.7315
phone-android,medium,2254,look,accepted,observed,0,0.7731,214.4411,0.1463,9.4749,0.1931,225.0286
phone-android,medium,2255,look,accepted,observed,0,1.0810,213.8901,0.1251,9.7223,0.1959,225.0144
phone-android,medium,2256,move,accepted,moved,1,0.9351,216.4512,92.3246,16.5286,0.2139,326.4535
phone-android,medium,2257,look,accepted,observed,0,0.8426,214.0656,0.1553,9.6038,0.1820,224.8493
phone-android,medium,2258,move,accepted,moved,1,0.9716,214.0402,93.9344,17.1213,0.2269,326.2944
phone-android,medium,2259,move,accepted,moved,1,0.8953,216.2624,92.5286,15.5069,0.2233,325.4165
phone-android,medium,2260,move,accepted,moved,1,1.0552,216.2287,92.6934,15.4143,0.2180,325.6097
phone-android,medium,2261,look,accepted,observed,0,0.8558,213.1519,0.1365,11.0670,0.2059,225.4171
phone-android,medium,2262,drop,accepted,dropped,1,0.9917,221.3288,93.9537,16.9616,0.2103,333.4461
phone-android,medium,2263,take,accepted,taken,1,0.8298,215.0075,93.8879,16.2651,0.2715,326.2617
phone-android,medium,2264,move,accepted,moved,1,1.0654,213.1657,94.4083,15.7259,0.1991,324.5645
phone-android,medium,2265,move,accepted,moved,1,0.8761,219.1234,92.8854,36.7546,0.2472,349.8868
phone-android,medium,2266,move,accepted,moved,1,1.1832,217.1764,91.9463,14.6653,0.1996,325.1708
phone-android,medium,2267,move,accepted,moved,1,0.8315,212.6335,93.7342,17.2496,0.1992,324.6479
phone-android,medium,2268,look,accepted,observed,0,0.8567,220.1120,0.1302,9.5397,0.1742,230.8128
phone-android,medium,2269,drop,rejected,integrity_conflict,0,1.3173,194.6857,0.0095,0.0006,0.1104,196.1236
phone-android,medium,2270,move,accepted,moved,1,1.7817,214.8423,92.0964,15.8258,0.2189,324.7650
phone-android,medium,2271,wait,rejected,invalid_time,0,0.9703,214.9468,0.1559,9.7977,0.1846,226.0553
phone-android,medium,2272,look,accepted,observed,0,0.8244,215.9100,0.1301,9.4158,0.1834,226.4636
phone-android,medium,2273,look,accepted,observed,0,0.9022,216.4193,0.1345,9.1318,0.1897,226.7776
phone-android,medium,2274,look,accepted,observed,0,0.9696,218.3768,0.1414,10.4021,0.2030,230.0928
phone-android,medium,2275,move,accepted,moved,1,1.0048,215.8903,92.7685,15.9419,0.3048,325.9105
phone-android,medium,2276,move,accepted,moved,1,1.0774,215.8849,93.1983,14.9956,0.2268,325.3831
phone-android,medium,2277,drop,accepted,dropped,1,0.9791,215.2904,93.0310,18.2039,0.3236,327.8280
phone-android,medium,2278,choose,rejected,invalid_choice,0,1.0258,214.6519,0.1496,9.9376,0.1590,225.9239
phone-android,medium,2279,move,accepted,moved,1,0.8529,221.1380,93.5533,16.7034,0.2095,332.4572
phone-android,medium,2280,move,accepted,moved,1,0.8863,221.3786,92.9792,15.7504,0.2562,331.2507
phone-android,medium,2281,look,accepted,observed,0,1.1190,212.1204,0.1347,9.7458,0.1833,223.3033
phone-android,medium,2282,activate,rejected,not_eligible,0,1.0585,218.1587,0.1377,8.4514,0.1844,227.9907
phone-android,medium,2283,look,accepted,observed,0,0.8311,218.1743,0.1289,9.8805,0.1658,229.1806
phone-android,medium,2284,move,accepted,moved,1,0.8141,218.2583,92.8717,15.1467,0.2448,327.3356
phone-android,medium,2285,choose,rejected,invalid_choice,0,1.0054,212.7183,0.1322,9.5497,0.1667,223.5723
phone-android,medium,2286,look,accepted,observed,0,0.8179,218.0377,0.1265,10.1581,0.1893,229.3295
phone-android,medium,2287,look,accepted,observed,0,0.8516,214.7535,0.1431,5.8118,0.1614,221.7214
phone-android,medium,2288,move,rejected,exit_unavailable,0,0.9438,216.8379,0.1342,9.4298,0.2248,227.5706
phone-android,medium,2289,move,accepted,moved,1,0.8438,215.2825,93.0099,16.2752,0.3978,325.8091
phone-android,medium,2290,move,rejected,exit_unavailable,0,1.4827,215.9756,0.1408,9.8356,0.1862,227.6210
phone-android,medium,2291,move,accepted,moved,1,0.7942,215.1698,92.3678,15.7723,0.2464,324.3504
phone-android,medium,2292,move,accepted,moved,1,1.1061,215.5688,92.7530,14.8540,0.2648,324.5467
phone-android,medium,2293,move,accepted,moved,1,1.0636,213.7985,92.7545,16.0919,0.2071,323.9157
phone-android,medium,2294,move,accepted,moved,1,0.9892,215.0688,94.6437,15.4150,0.1955,326.3122
phone-android,medium,2295,move,accepted,moved,1,1.0061,217.7848,93.2341,15.2194,0.1763,327.4206
phone-android,medium,2296,choose,rejected,invalid_choice,0,0.9218,215.8712,0.1195,10.0091,0.1786,227.1001
phone-android,medium,2297,look,accepted,observed,0,0.7869,214.8778,0.1393,10.0333,0.2474,226.0847
phone-android,medium,2298,close_choice,rejected,invalid_choice,0,1.0155,216.4648,0.1244,9.5103,0.1914,227.3063
phone-android,medium,2299,choose,rejected,stale_view,0,1.0423,196.4630,0.1386,9.3444,0.1593,207.1476
phone-android,medium,2300,move,accepted,moved,1,0.6883,214.8412,92.9738,15.8361,0.2359,324.5752
phone-android,medium,2301,wait,rejected,invalid_time,0,1.1727,219.1546,0.1477,10.7208,0.2131,231.4089
phone-android,medium,2302,look,accepted,observed,0,1.0598,216.1784,0.1244,9.6671,0.1934,227.2231
phone-android,medium,2303,look,accepted,observed,0,0.9720,215.5996,0.1264,10.5410,0.1598,227.3987
phone-android,medium,2304,move,rejected,exit_unavailable,0,0.7709,216.8865,0.1423,8.4591,0.1880,226.4468
phone-android,medium,2305,move,accepted,moved,1,0.8231,214.5451,92.3328,15.7782,0.1809,323.6601
phone-android,medium,2306,look,accepted,observed,0,0.7265,217.4602,0.1351,9.2213,0.1940,227.7370
phone-android,medium,2307,take,rejected,not_present,0,0.7406,214.9140,0.1467,8.4767,0.1821,224.4602
phone-android,medium,2308,move,accepted,moved,1,0.9243,221.3776,92.3168,15.2840,0.2498,330.1525
phone-android,medium,2309,close_choice,rejected,invalid_choice,0,1.0227,213.8819,0.1386,9.5651,0.1618,224.7702
phone-android,medium,2310,move,accepted,moved,1,0.7846,215.4786,92.6007,15.2130,0.2136,324.2906
phone-android,medium,2311,talk,rejected,not_eligible,0,1.0580,215.7902,0.1270,10.6984,0.1959,227.8696
phone-android,medium,2312,look,accepted,observed,0,0.9073,215.8654,0.1398,10.7056,0.1993,227.8175
phone-android,medium,2313,move,accepted,moved,1,1.1688,217.1702,93.6073,14.9551,0.2146,327.1160
phone-android,medium,2314,talk,rejected,not_owned,0,0.8849,212.9062,0.1365,10.1320,0.1978,224.2574
phone-android,medium,2315,take,rejected,not_present,0,0.9984,216.1811,0.1420,9.3699,0.1618,226.8533
phone-android,medium,2316,move,accepted,moved,1,0.6972,214.9579,92.6638,15.7591,0.2177,324.2956
phone-android,medium,2317,activate,rejected,not_eligible,0,0.9233,216.3678,0.1327,9.5632,0.1910,227.1780
phone-android,medium,2318,take,rejected,not_present,0,1.0416,216.8287,0.1359,9.7214,0.1638,227.8914
phone-android,medium,2319,activate,rejected,not_eligible,0,0.7820,217.5475,0.1393,9.7942,0.1627,228.4257
phone-android,medium,2320,wait,rejected,invalid_time,0,0.8069,215.3600,0.1462,10.2840,0.2144,226.8115
phone-android,medium,2321,look,accepted,observed,0,1.0872,217.6398,0.1386,8.8407,0.1508,227.8570
phone-android,medium,2322,take,rejected,not_present,0,0.7335,214.7742,0.1466,10.3354,0.2777,226.2674
phone-android,medium,2323,move,accepted,moved,1,0.9854,216.8978,93.2124,16.3715,0.3029,327.7700
phone-android,medium,2324,close_choice,rejected,invalid_choice,0,1.1053,211.8260,0.1389,10.0555,0.2051,223.3308
phone-android,medium,2325,move,accepted,moved,1,0.9961,216.7085,92.7219,15.2596,0.2347,325.9208
phone-android,medium,2326,look,accepted,observed,0,0.9365,214.8893,0.2668,10.6944,0.1803,226.9673
phone-android,medium,2327,wait,rejected,invalid_time,0,0.7444,215.7431,0.1286,8.1880,0.1789,224.9830
phone-android,medium,2328,move,accepted,moved,1,0.9832,214.1779,94.7525,16.0836,0.2099,326.2071
phone-android,medium,2329,take,rejected,not_present,0,0.7963,214.0760,0.1424,9.9748,0.1951,225.1846
phone-android,medium,2330,look,accepted,observed,0,1.0175,216.9802,0.1272,8.9111,0.1699,227.2060
phone-android,medium,2331,take,rejected,not_present,0,0.7428,216.1157,0.1381,9.8968,0.1927,227.0860
phone-android,medium,2332,look,accepted,observed,0,0.9782,213.7768,0.3823,8.9580,0.1472,224.2426
phone-android,medium,2333,move,rejected,exit_unavailable,0,0.9216,220.1724,0.1293,9.4705,0.1734,230.8672
phone-android,medium,2334,look,accepted,observed,0,0.8330,215.5730,0.1550,10.0641,0.1936,226.8187
phone-android,medium,2335,wait,rejected,invalid_time,0,0.9131,217.8550,0.1441,9.6426,0.1727,228.7275
phone-android,medium,2336,move,accepted,moved,1,0.8058,216.9120,92.8831,16.7407,0.2934,327.6350
phone-android,medium,2337,take,rejected,not_present,0,1.0523,216.2624,0.1362,10.7256,0.1651,228.3416
phone-android,medium,2338,wait,rejected,invalid_time,0,0.8246,218.7886,0.1403,9.3109,0.1594,229.2239
phone-android,medium,2339,talk,rejected,not_eligible,0,0.8233,220.5686,0.1411,9.6502,0.1895,231.3727
phone-android,medium,2340,talk,rejected,not_eligible,0,0.9122,216.7329,0.1315,10.1095,0.1747,228.0609
phone-android,medium,2341,look,accepted,observed,0,0.8220,217.0295,0.1280,9.0467,0.1635,227.1897
phone-android,medium,2342,move,accepted,moved,1,0.7781,216.2381,92.6647,15.6621,0.2357,325.5786
phone-android,medium,2343,move,accepted,moved,1,0.9680,216.3108,93.6243,16.3290,0.2093,327.4413
phone-android,medium,2344,move,accepted,moved,1,0.9064,216.1671,92.7841,15.2735,0.2574,325.3885
phone-android,medium,2345,look,accepted,observed,0,1.0030,214.6299,0.1366,9.1203,0.1961,225.0858
phone-android,medium,2346,move,accepted,moved,1,0.8172,213.5662,93.1399,15.2029,0.2320,322.9582
phone-android,medium,2347,look,accepted,observed,0,1.0617,216.8890,0.1360,10.3767,0.2139,228.6773
phone-android,medium,2348,look,accepted,observed,0,1.1469,216.6424,0.1341,9.5947,0.1536,227.6717
phone-android,medium,2349,activate,rejected,not_eligible,0,0.7746,218.0493,0.1288,9.4562,0.1648,228.5737
phone-android,medium,2350,choose,rejected,stale_view,0,0.8787,199.1130,0.1494,9.3428,0.1656,209.6494
phone-android,medium,2351,look,accepted,observed,0,0.7295,214.0798,0.1476,8.7911,0.2015,223.9494
phone-android,medium,2352,look,accepted,observed,0,1.0597,216.1048,0.1233,9.4600,0.2336,226.9815
phone-android,medium,2353,choose,rejected,invalid_choice,0,0.9191,220.0476,0.1436,10.0821,0.1667,231.3591
phone-android,medium,2354,move,accepted,moved,1,0.7941,215.4224,91.9064,16.8491,0.2641,325.2360
phone-android,medium,2355,wait,rejected,invalid_time,0,0.9503,219.0492,0.1289,9.9096,0.1985,230.2365
phone-android,medium,2356,look,accepted,observed,0,0.9319,216.6324,0.1269,10.0116,0.1933,227.8961
phone-android,medium,2357,move,accepted,moved,1,0.9990,217.1484,92.7269,16.5633,0.2193,327.6568
phone-android,medium,2358,wait,rejected,invalid_time,0,0.9999,215.4565,0.1286,9.6143,0.1804,226.3798
phone-android,medium,2359,look,accepted,observed,0,0.7781,216.4930,0.1327,9.5745,0.1765,227.1548
phone-android,medium,2360,look,accepted,observed,0,1.0278,213.5062,0.1243,9.4791,0.1667,224.3040
phone-android,medium,2361,look,accepted,observed,0,0.7779,219.4331,0.1381,9.9566,0.1582,230.4639
phone-android,medium,2362,wait,rejected,invalid_time,0,0.7242,214.7208,0.2725,9.2843,0.1941,225.1959
phone-android,medium,2363,talk,rejected,not_eligible,0,1.0669,218.8026,0.1493,10.2807,0.2166,230.5161
phone-android,medium,2364,drop,replayed,dropped,0,1.4671,196.8855,0.0110,0.0015,0.1131,198.4782
phone-android,medium,2365,look,accepted,observed,0,1.5454,213.7919,0.1258,9.9653,0.1583,225.5867
phone-android,medium,2366,look,accepted,observed,0,0.7799,216.9538,0.1494,9.9430,0.1665,227.9925
phone-android,medium,2367,move,accepted,moved,1,0.7277,214.5062,91.9701,16.6413,0.1954,324.0407
phone-android,medium,2368,take,rejected,not_present,0,0.9250,218.0245,0.1526,9.4470,0.1497,228.6989
phone-android,medium,2369,look,accepted,observed,0,0.6981,216.7115,0.1485,9.3356,0.1655,227.0592
phone-android,medium,2370,look,accepted,observed,0,0.7846,217.8261,0.1408,9.1374,0.1837,228.0726
phone-android,medium,2371,choose,rejected,stale_view,0,0.8950,194.8958,0.1336,9.7872,0.2027,205.9143
phone-android,medium,2372,take,replayed,not_present,0,1.4869,197.1878,0.0108,0.0006,0.1038,198.7900
phone-android,medium,2373,look,accepted,observed,0,1.2726,217.6095,0.1303,10.1584,0.1685,229.3393
phone-android,medium,2374,talk,rejected,not_owned,0,0.8286,213.6957,0.1376,9.7547,0.2002,224.6167
phone-android,medium,2375,move,accepted,moved,1,1.0295,215.1250,96.3205,15.8928,0.2571,328.6249
phone-android,medium,2376,wait,rejected,invalid_time,0,1.0114,217.3354,0.1316,11.0022,0.1882,229.6687
phone-android,medium,2377,take,rejected,not_present,0,1.0423,213.9156,0.1470,10.0498,0.1506,225.3053
phone-android,medium,2378,look,accepted,observed,0,0.8113,218.8139,0.1396,9.3097,0.1733,229.2477
phone-android,medium,2379,talk,rejected,not_eligible,0,0.7397,215.1098,0.1313,10.4220,0.2005,226.6033
phone-android,medium,2380,look,accepted,observed,0,1.0128,216.2337,0.1391,8.8087,0.1662,226.3605
phone-android,medium,2381,move,rejected,exit_unavailable,0,0.8070,216.3429,0.1466,10.0740,0.1715,227.5419
phone-android,medium,2382,move,accepted,moved,1,0.8731,213.7091,91.7622,17.1431,0.1911,323.6786
phone-android,medium,2383,choose,rejected,stale_view,0,0.9928,198.5078,0.1588,9.7437,0.1382,209.5413
phone-android,medium,2384,move,accepted,moved,1,0.6322,213.7722,91.8743,15.9811,0.2345,322.4944
phone-android,medium,2385,choose,rejected,invalid_choice,0,1.0439,217.6157,0.1376,8.7227,0.1919,227.7117
phone-android,medium,2386,wait,rejected,invalid_time,0,0.9373,216.5442,0.1416,8.9347,0.1670,226.7249
phone-android,medium,2387,talk,rejected,not_eligible,0,0.8571,217.9698,0.1433,8.4995,0.1664,227.6361
phone-android,medium,2388,wait,rejected,invalid_time,0,0.7821,216.5053,0.1339,8.9308,0.1974,226.5495
phone-android,medium,2389,look,accepted,observed,0,1.0418,215.3152,0.1367,10.5394,0.2432,227.2763
phone-android,medium,2390,choose,rejected,invalid_choice,0,1.0478,221.2943,0.1652,11.2060,0.2172,233.9305
phone-android,medium,2391,look,accepted,observed,0,1.0147,216.1500,0.1437,9.7355,0.1354,227.1792
phone-android,medium,2392,look,accepted,observed,0,0.6186,221.4342,0.1339,9.7900,0.2253,232.2020
phone-android,medium,2393,activate,rejected,not_eligible,0,1.0435,215.9912,0.1300,8.8942,0.1649,226.2239
phone-android,medium,2394,wait,rejected,invalid_time,0,0.7343,218.8940,0.1416,10.0208,0.1813,229.9720
phone-android,medium,2395,talk,rejected,not_eligible,0,0.7780,216.1256,0.2470,10.2590,0.1912,227.6008
phone-android,medium,2396,look,accepted,observed,0,0.9379,216.8656,0.1357,10.2154,0.2074,228.3621
phone-android,medium,2397,move,accepted,moved,1,1.0629,218.9962,93.6213,16.8130,0.2127,330.7061
phone-android,medium,2398,move,accepted,moved,1,0.8413,265.3737,93.9141,16.1779,0.2178,376.5247
phone-android,medium,2399,choose,rejected,stale_view,0,0.9997,195.5325,0.1395,10.1206,0.1501,206.9424
phone-android,medium,2400,move,accepted,moved,1,0.7205,217.5318,93.1076,15.4080,0.2651,327.0329
phone-android,medium,2401,move,accepted,moved,1,1.1033,213.2001,94.5441,15.8066,0.1989,324.8530
phone-android,medium,2402,move,rejected,exit_unavailable,0,0.9368,213.8935,0.1393,9.8082,0.2009,224.9787
phone-android,medium,2403,take,rejected,not_present,0,0.9747,217.0045,0.1377,9.8984,0.2019,228.2172
phone-android,medium,2404,move,accepted,moved,1,1.0447,214.8739,92.9145,16.1025,0.1907,325.1263
phone-android,medium,2405,talk,rejected,not_owned,0,0.7931,216.6129,0.1417,10.9017,0.1708,228.6202
phone-android,medium,2406,move,accepted,moved,1,0.7226,215.3111,93.6508,15.5974,0.2015,325.4834
phone-android,medium,2407,look,accepted,observed,0,0.8505,217.0866,0.1480,10.1041,0.1731,228.3622
phone-android,medium,2408,look,accepted,observed,0,0.9294,215.3088,0.1417,9.2862,0.2241,225.8901
phone-android,medium,2409,move,accepted,moved,1,0.7422,217.9143,92.8888,15.1829,0.2671,326.9953
phone-android,medium,2410,move,accepted,moved,1,1.0572,213.9280,94.5217,16.9058,0.2352,326.6480
phone-android,medium,2411,move,accepted,moved,1,1.0190,213.2503,94.2580,15.4832,0.2051,324.2156
phone-android,medium,2412,move,accepted,moved,1,0.8977,219.4972,93.1295,16.2319,0.2369,329.9932
phone-android,medium,2413,talk,rejected,not_eligible,0,1.0611,217.4602,0.2622,9.4508,0.2020,228.4363
phone-android,medium,2414,look,accepted,observed,0,1.0281,215.5963,0.3222,10.6125,0.2024,227.7615
phone-android,medium,2415,talk,rejected,not_eligible,0,0.9851,219.5079,0.1334,9.2526,0.1981,230.0771
phone-android,medium,2416,take,rejected,not_present,0,1.0016,217.7293,0.2412,9.6648,0.2617,228.8987
phone-android,medium,2417,move,rejected,exit_unavailable,0,1.0479,216.0927,0.1408,8.8273,0.1680,226.2767
phone-android,medium,2418,talk,rejected,not_eligible,0,0.9461,218.3212,0.1321,9.7451,0.2017,229.3462
phone-android,medium,2419,take,rejected,not_present,0,0.8823,216.5475,0.2933,9.9656,0.1993,227.8880
phone-android,medium,2420,look,accepted,observed,0,0.9847,215.3076,0.2468,9.1057,0.1623,225.8071
phone-android,medium,2421,move,accepted,moved,1,1.0002,216.5616,93.5369,14.9159,0.2180,326.2327
phone-android,medium,2422,look,accepted,observed,0,0.8336,212.9506,0.1371,21.7766,0.2318,235.9298
phone-android,medium,2423,look,accepted,observed,0,1.0474,216.5889,0.1660,9.4561,0.1749,227.4335
phone-android,medium,2424,move,rejected,exit_unavailable,0,0.9291,217.5922,0.1407,8.9583,0.1732,227.7935
phone-android,medium,2425,look,accepted,observed,0,0.7619,215.0030,0.1424,10.6059,0.1921,226.7054
phone-android,medium,2426,take,rejected,not_present,0,0.9833,215.3982,0.1390,9.4293,0.1819,226.1317
phone-android,medium,2427,look,accepted,observed,0,1.0807,217.8416,0.1446,9.9430,0.1829,229.1927
phone-android,medium,2428,move,accepted,moved,1,0.7509,216.1488,92.1665,14.1676,0.1860,323.4199
phone-android,medium,2429,move,rejected,exit_unavailable,0,0.8643,214.5178,0.1386,8.8771,0.1763,224.5742
phone-android,medium,2430,move,accepted,moved,1,0.7809,214.3109,93.5813,14.5210,0.2099,323.4041
phone-android,medium,2431,activate,rejected,not_eligible,0,1.0719,213.9813,0.1545,9.9689,0.1643,225.3410
phone-android,medium,2432,look,accepted,observed,0,0.8436,217.1143,0.1381,9.6830,0.2097,227.9888
phone-android,medium,2433,look,accepted,observed,0,0.9651,216.1612,0.1336,9.9784,0.1800,227.4183
phone-android,medium,2434,look,accepted,observed,0,0.9637,215.4706,0.1263,10.0716,0.1656,226.7978
phone-android,medium,2435,move,accepted,moved,1,0.7970,218.6470,93.1919,15.0299,0.2181,327.8840
phone-android,medium,2436,move,accepted,moved,1,0.8855,215.8641,92.8158,15.9719,0.2674,325.8048
phone-android,medium,2437,look,accepted,observed,0,1.0485,213.0793,0.1309,9.5544,0.1595,223.9726
phone-android,medium,2438,take,replayed,not_present,0,1.1941,197.3039,0.0099,0.0010,0.0905,198.5994
phone-android,medium,2439,move,accepted,moved,1,1.2890,214.2376,92.1487,16.7746,0.1921,324.6420
phone-android,medium,2440,move,accepted,moved,1,0.8741,219.3801,94.6361,16.5446,0.2664,331.7013
phone-android,medium,2441,choose,rejected,invalid_choice,0,1.0853,214.0943,0.1556,9.8554,0.1520,225.3426
phone-android,medium,2442,move,accepted,moved,1,0.8428,215.6840,92.2248,15.9795,0.2466,324.9776
phone-android,medium,2443,look,accepted,observed,0,1.0913,216.3380,0.1317,9.3809,0.1515,227.0933
phone-android,medium,2444,look,accepted,observed,0,0.6860,213.7006,0.1292,9.6021,0.1892,224.3072
phone-android,medium,2445,take,replayed,not_present,0,1.4752,195.3297,0.0093,0.0020,0.1023,196.9185
phone-android,medium,2446,take,rejected,not_present,0,1.6656,217.1638,0.1372,9.3528,0.1431,228.4624
phone-android,medium,2447,talk,rejected,not_eligible,0,0.5812,213.9018,0.1479,10.6510,0.1980,225.4800
phone-android,medium,2448,close_choice,rejected,invalid_choice,0,1.0158,213.6606,0.1398,8.9551,0.1623,223.9335
phone-android,medium,2449,move,accepted,moved,1,0.7644,216.7648,92.4255,16.2352,0.2154,326.4052
phone-android,medium,2450,move,accepted,moved,1,1.0771,216.8918,92.8211,15.8754,0.2755,326.9410
phone-android,medium,2451,talk,rejected,not_eligible,0,1.0959,212.5762,0.1288,10.2032,0.9757,224.9797
phone-android,medium,2452,choose,rejected,stale_view,0,2.2194,198.5301,0.1202,9.0457,0.1716,210.0870
phone-android,medium,2453,activate,rejected,not_eligible,0,0.8847,215.0953,0.1306,11.2988,0.1994,227.6088
phone-android,medium,2454,move,accepted,moved,1,1.0470,213.6760,91.5055,15.9947,0.2001,322.4233
phone-android,medium,2455,move,accepted,moved,1,0.8348,218.6907,93.3926,15.5393,0.2552,328.7125
phone-android,medium,2456,wait,rejected,invalid_time,0,0.9705,214.1535,0.1267,10.4111,0.2233,225.8851
phone-android,medium,2457,talk,rejected,not_eligible,0,1.0433,217.0579,0.1470,9.6846,0.1835,228.1164
phone-android,medium,2458,move,accepted,moved,1,0.9996,216.5077,95.6135,17.1099,0.2153,330.4461
phone-android,medium,2459,look,accepted,observed,0,0.9824,213.5717,0.1414,10.4027,0.2101,225.3083
phone-android,medium,2460,look,accepted,observed,0,0.9915,217.5736,0.1425,8.9939,0.1959,227.8975
phone-android,medium,2461,move,accepted,moved,1,0.9535,215.3960,92.5631,17.0119,0.1917,326.1163
phone-android,medium,2462,look,accepted,observed,0,0.8819,216.2132,0.1530,10.3393,0.1703,227.7576
phone-android,medium,2463,move,accepted,moved,1,0.7445,214.5815,92.3645,15.5159,0.1885,323.3950
phone-android,medium,2464,take,rejected,not_present,0,1.0832,217.5915,0.1507,9.9697,0.1884,228.9836
phone-android,medium,2465,choose,rejected,invalid_choice,0,0.9993,213.9354,0.1285,9.2622,0.2005,224.5258
phone-android,medium,2466,move,accepted,moved,1,0.9952,218.0484,92.3577,14.8939,0.1655,326.4606
phone-android,medium,2467,move,accepted,moved,1,1.0243,214.9640,92.9944,15.7651,0.2644,325.0122
phone-android,medium,2468,take,rejected,not_present,0,1.0256,215.4927,0.1312,9.1738,0.1967,226.0201
phone-android,medium,2469,move,accepted,moved,1,0.9608,216.5855,93.1331,17.5407,0.1875,328.4077
phone-android,medium,2470,move,accepted,moved,1,0.8924,215.3669,92.3564,15.6659,0.2505,324.5322
phone-android,medium,2471,look,accepted,observed,0,1.0085,212.7279,0.1444,10.5921,0.1584,224.6313
phone-android,medium,2472,move,rejected,exit_unavailable,0,0.8073,218.4517,0.1414,10.5563,0.1730,230.1297
phone-android,medium,2473,look,accepted,observed,0,0.7933,215.6551,0.1523,10.8344,0.2024,227.6376
phone-android,medium,2474,activate,rejected,not_eligible,0,1.0759,216.7869,0.1427,10.8842,0.3447,229.2343
phone-android,medium,2475,look,accepted,observed,0,1.2550,217.9296,0.1241,10.0210,0.1849,229.5146
phone-android,medium,2476,look,accepted,observed,0,1.1026,216.0237,0.1282,8.2253,0.1608,225.6406
phone-android,medium,2477,move,accepted,moved,1,0.7718,217.1639,93.9826,15.2180,0.2106,327.3468
phone-android,medium,2478,look,accepted,observed,0,0.8038,212.9543,0.1329,8.8798,0.1818,222.9526
phone-android,medium,2479,move,accepted,moved,1,0.8811,218.2112,92.7622,15.5580,0.2245,327.6371
phone-android,medium,2480,take,rejected,not_present,0,1.2044,217.6714,0.1355,8.5085,0.2228,227.7426
phone-android,medium,2481,look,accepted,observed,0,0.9157,215.5241,0.1688,10.0831,0.1866,226.8783
phone-android,medium,2482,move,accepted,moved,1,0.9595,216.6503,94.6258,16.1468,0.2064,328.5888
phone-android,medium,2483,look,accepted,observed,0,0.9006,212.9493,0.1462,10.8331,0.1802,225.0094
phone-android,medium,2484,move,accepted,moved,1,0.9829,220.1651,93.7711,15.2901,0.2478,330.4569
phone-android,medium,2485,choose,rejected,invalid_choice,0,0.9971,213.2480,0.1495,9.8726,0.1795,224.4467
phone-android,medium,2486,look,accepted,observed,0,1.0433,218.6693,0.1368,8.8166,0.1596,228.8255
phone-android,medium,2487,move,accepted,moved,1,0.6589,216.1861,92.8510,14.2866,0.2378,324.2204
phone-android,medium,2488,move,rejected,exit_unavailable,0,1.1807,214.9362,0.1403,8.5413,0.1723,224.9708
phone-android,medium,2489,look,accepted,observed,0,0.7496,216.3636,0.1250,9.9641,0.1791,227.3813
phone-android,medium,2490,move,accepted,moved,1,0.9465,218.1686,94.9883,15.4321,0.2645,329.8001
phone-android,medium,2491,look,accepted,observed,0,1.0845,213.5440,0.1418,9.7747,0.1892,224.7343
phone-android,medium,2492,move,accepted,moved,1,1.0652,217.4515,92.9361,16.6446,0.2120,328.3094
phone-android,medium,2493,talk,rejected,not_eligible,0,0.7943,212.4916,0.1376,9.8774,0.1936,223.4946
phone-android,medium,2494,take,rejected,not_present,0,1.0214,218.8152,0.1392,11.3764,0.2059,231.5580
phone-android,medium,2495,look,accepted,observed,0,1.0117,219.6594,0.1280,10.1777,0.1867,231.1635
phone-android,medium,2496,move,accepted,moved,1,0.9251,216.7574,93.2983,16.8472,0.2726,328.1005
phone-android,medium,2497,wait,rejected,invalid_time,0,1.0822,213.4498,0.1508,10.2858,0.1548,225.1234
phone-android,medium,2498,look,accepted,observed,0,0.7392,217.2684,0.1356,9.6479,0.1798,227.9708
phone-android,medium,2499,choose,rejected,stale_view,0,0.8157,194.8893,0.1319,9.9318,0.1948,205.9635
phone-android,medium,2500,move,accepted,moved,1,1.0173,216.9397,91.7726,17.1103,0.2503,327.0901
phone-android,medium,2501,move,accepted,moved,1,0.7621,217.5453,93.4673,15.0585,0.1896,327.0229
phone-android,medium,2502,move,accepted,moved,1,0.8858,215.8703,93.6297,16.4853,0.2458,327.1170
phone-android,medium,2503,move,accepted,moved,1,1.1672,214.7645,93.4241,16.8543,0.2096,326.4196
phone-android,medium,2504,wait,rejected,invalid_time,0,0.8459,216.4264,0.1288,10.2327,0.1608,227.7946
phone-android,medium,2505,take,replayed,not_present,0,1.1257,196.2400,0.0120,0.0011,0.1084,197.4872
phone-android,medium,2506,look,accepted,observed,0,1.5080,214.3243,0.1245,9.7196,0.1829,225.8593
phone-android,medium,2507,look,accepted,observed,0,0.9744,214.5515,0.1367,9.3319,0.1554,225.1499
phone-android,medium,2508,move,accepted,moved,1,0.7966,215.2552,91.6165,15.3020,0.2146,323.1849
phone-android,medium,2509,move,accepted,moved,1,0.8345,217.3659,95.1908,16.1097,0.2042,329.7051
phone-android,medium,2510,take,accepted,taken,1,0.8386,219.2512,93.2252,16.4195,0.1913,329.9258
phone-android,medium,2511,look,accepted,observed,0,0.7819,221.3730,0.1385,10.3592,0.1779,232.8305
phone-android,medium,2512,look,accepted,observed,0,0.8095,215.5631,0.1442,9.0454,0.1828,225.7450
phone-android,medium,2513,look,accepted,observed,0,0.8833,215.8142,0.1304,9.3922,0.1853,226.4053
phone-android,medium,2514,look,accepted,observed,0,0.9611,216.6149,0.1363,9.3319,0.1697,227.2139
phone-android,medium,2515,wait,rejected,invalid_time,0,0.8435,215.8998,0.1471,9.2931,0.1525,226.3361
phone-android,medium,2516,look,accepted,observed,0,0.6830,217.6024,0.1411,10.0223,0.2135,228.6623
phone-android,medium,2517,wait,rejected,invalid_time,0,0.9964,215.8826,0.3635,9.4799,0.3639,227.0863
phone-android,medium,2518,look,accepted,observed,0,1.4090,216.5098,0.1280,9.6606,0.1683,227.8756
phone-android,medium,2519,look,accepted,observed,0,0.8763,216.7969,0.1393,9.1182,0.1713,227.1020
phone-android,medium,2520,wait,rejected,invalid_time,0,0.7364,217.6761,0.1478,9.1792,0.1783,227.9177
phone-android,medium,2521,choose,rejected,invalid_choice,0,0.9511,217.4494,0.1420,10.6686,0.1940,229.4052
phone-android,medium,2522,look,accepted,observed,0,0.9881,216.8411,0.1262,9.4799,0.1696,227.6049
phone-android,medium,2523,choose,rejected,invalid_choice,0,0.7764,217.6806,0.1264,9.2153,0.1935,227.9923
phone-android,medium,2524,move,rejected,exit_unavailable,0,0.9966,214.8162,0.1318,9.7807,0.1823,225.9076
phone-android,medium,2525,activate,rejected,not_eligible,0,0.9284,217.5000,0.1359,8.5993,0.1730,227.3366
phone-android,medium,2526,move,accepted,moved,1,0.7275,214.6438,92.3966,16.3777,0.3799,324.5255
phone-android,medium,2527,move,accepted,moved,1,1.3835,215.2011,93.9965,15.9368,0.2188,326.7367
phone-android,medium,2528,move,accepted,moved,1,0.9175,215.4724,96.8371,17.2734,0.2133,330.7137
phone-android,medium,2529,move,accepted,moved,1,1.0007,212.5779,93.7146,16.4445,0.2445,323.9823
phone-android,medium,2530,move,accepted,moved,1,1.1426,218.8021,92.6905,15.5944,0.2302,328.4597
phone-android,medium,2531,look,accepted,observed,0,1.1047,215.5225,0.1351,10.6352,0.1983,227.5958
phone-android,medium,2532,look,accepted,observed,0,0.9365,215.7755,0.1350,8.9265,0.1607,225.9342
phone-android,medium,2533,move,accepted,moved,1,0.8915,216.2335,95.7319,15.5388,0.2409,328.6366
phone-android,medium,2534,activate,rejected,not_eligible,0,1.0390,214.3130,0.1283,9.5822,0.1959,225.2585
phone-android,medium,2535,move,accepted,moved,1,0.9544,217.3075,92.8254,15.3413,0.2274,326.6561
phone-android,medium,2536,look,accepted,observed,0,0.8771,211.5742,0.1473,9.2449,0.1648,222.0085
phone-android,medium,2537,move,rejected,exit_unavailable,0,0.7785,219.4591,0.1479,9.3048,0.1751,229.8654
phone-android,medium,2538,look,accepted,observed,0,0.7473,217.4102,0.1304,8.5858,0.1717,227.0454
phone-android,medium,2539,look,accepted,observed,0,0.9054,218.6165,0.1392,11.4986,0.1788,231.3386
phone-android,medium,2540,look,accepted,observed,0,0.8505,214.5384,0.1295,9.5450,0.1804,225.2439
phone-android,medium,2541,activate,rejected,not_eligible,0,1.0630,217.1649,0.1260,5.1223,0.2077,223.6839
phone-android,medium,2542,talk,rejected,not_eligible,0,1.0575,220.3452,0.1496,9.4554,0.1631,231.1708
phone-android,medium,2543,look,accepted,observed,0,0.7435,217.6500,0.1557,9.8228,0.1713,228.5433
phone-android,medium,2544,wait,rejected,invalid_time,0,0.9442,217.8817,0.1420,10.6852,0.1963,229.8494
phone-android,medium,2545,look,accepted,observed,0,0.8933,215.1250,0.1440,9.5642,0.1739,225.9004
phone-android,medium,2546,look,accepted,observed,0,0.8470,219.3919,0.1494,9.1883,0.2034,229.7801
phone-android,medium,2547,drop,accepted,dropped,1,0.9502,216.7166,92.9308,17.0992,0.1915,327.8883
phone-android,medium,2548,wait,rejected,invalid_time,0,0.9082,217.4444,0.1329,10.1919,0.1948,228.8721
phone-android,medium,2549,move,accepted,moved,1,0.8228,214.3341,91.8745,15.7936,0.2119,323.0369
phone-android,medium,2550,wait,rejected,invalid_time,0,0.9386,216.2364,0.1457,9.3488,0.1659,226.8353
phone-android,medium,2551,wait,rejected,invalid_time,0,0.8067,215.9367,0.1434,9.3062,0.1638,226.3567
phone-android,medium,2552,wait,rejected,invalid_time,0,0.8289,216.5793,0.1367,8.9946,0.2034,226.7428
phone-android,medium,2553,look,accepted,observed,0,0.9541,215.2203,0.1272,9.4595,0.1714,225.9325
phone-android,medium,2554,move,accepted,moved,1,0.8160,217.8471,93.1358,15.0629,0.2680,327.1298
phone-android,medium,2555,activate,rejected,not_eligible,0,1.0704,215.1664,0.1416,9.2654,0.2120,225.8559
phone-android,medium,2556,wait,rejected,invalid_time,0,0.9254,216.8065,0.1449,9.5352,0.1573,227.5693
phone-android,medium,2557,move,accepted,moved,1,0.7372,215.5706,95.3915,15.5944,0.2554,327.5490
phone-android,medium,2558,move,accepted,moved,1,1.2994,214.5265,94.0813,16.7709,0.1940,326.8721
phone-android,medium,2559,move,rejected,exit_unavailable,0,0.8342,215.3129,0.1566,10.4177,0.1691,226.8905
phone-android,medium,2560,look,accepted,observed,0,0.8018,217.3844,0.1402,9.4259,0.1786,227.9309
phone-android,medium,2561,look,accepted,observed,0,0.9413,221.0528,0.1411,10.0059,0.2044,232.3455
phone-android,medium,2562,look,accepted,observed,0,0.7405,214.2998,0.1318,8.7911,0.2021,224.1652
phone-android,medium,2563,move,rejected,exit_unavailable,0,1.0071,218.9338,0.1271,10.0165,0.2106,230.2950
phone-android,medium,2564,look,accepted,observed,0,0.9778,214.5570,0.1533,8.8602,0.1601,224.7084
phone-android,medium,2565,take,rejected,not_present,0,0.8387,217.4760,0.1301,9.0722,0.1998,227.7169
phone-android,medium,2566,move,accepted,moved,1,0.9862,217.1046,93.0405,16.0119,0.2537,327.3969
phone-android,medium,2567,move,accepted,moved,1,1.1270,216.2616,92.6158,16.1831,0.2029,326.3903
phone-android,medium,2568,wait,rejected,invalid_time,0,0.7533,215.7462,0.1344,9.5402,0.2091,226.3833
phone-android,medium,2569,activate,rejected,not_eligible,0,1.0063,219.5822,0.1380,9.9586,0.1992,230.8843
phone-android,medium,2570,take,rejected,not_present,0,0.9199,215.5627,0.1297,10.3311,0.1888,227.1323
phone-android,medium,2571,move,accepted,moved,1,1.0010,217.6809,93.0938,16.5968,0.2783,328.6509
phone-android,medium,2572,drop,rejected,integrity_conflict,0,1.5520,195.1863,0.0119,0.0007,0.1133,196.8642
phone-android,medium,2573,move,accepted,moved,1,1.5290,216.1872,95.1962,35.6040,0.3067,348.8230
phone-android,medium,2574,wait,rejected,invalid_time,0,1.4091,217.8305,0.1508,11.2320,0.1624,230.7849
phone-android,medium,2575,look,accepted,observed,0,0.7558,217.4755,0.1523,9.8261,0.1658,228.3756
phone-android,medium,2576,move,accepted,moved,1,0.7467,216.9333,92.1020,15.7045,0.1968,325.6833
phone-android,medium,2577,look,accepted,observed,0,1.1037,216.1042,0.1422,9.9229,0.1434,227.4164
phone-android,medium,2578,look,accepted,observed,0,0.6087,216.9109,0.1407,10.2728,0.1616,228.0947
phone-android,medium,2579,take,rejected,not_present,0,0.7816,215.6910,0.1294,9.9785,0.1955,226.7759
phone-android,medium,2580,look,accepted,observed,0,0.9793,218.8177,0.1385,9.3490,0.2569,229.5413
phone-android,medium,2581,drop,replayed,dropped,0,1.4171,196.9013,0.0088,0.0009,0.0936,198.4217
phone-android,medium,2582,look,accepted,observed,0,1.2255,217.0339,0.1292,13.6460,0.2092,232.2437
phone-android,medium,2583,move,rejected,exit_unavailable,0,0.9758,214.5778,0.1488,9.2194,0.1867,225.1085
phone-android,medium,2584,choose,rejected,invalid_choice,0,0.9483,214.8349,0.1331,10.0015,0.1704,226.0882
phone-android,medium,2585,look,accepted,observed,0,0.8790,216.6900,0.1436,9.4742,0.2010,227.3878
phone-android,medium,2586,look,accepted,observed,0,1.0607,215.0914,0.1434,9.8695,0.1659,226.3310
phone-android,medium,2587,look,accepted,observed,0,0.8173,214.4907,0.1316,9.6073,0.1903,225.2372
phone-android,medium,2588,move,accepted,moved,1,0.9537,217.5520,92.2557,16.5418,0.2397,327.5430
phone-android,medium,2589,talk,rejected,not_eligible,0,1.0593,217.2621,0.1516,10.0350,0.2143,228.7222
phone-android,medium,2590,talk,rejected,not_eligible,0,1.0175,214.3680,0.1344,10.1392,0.3157,225.9748
phone-android,medium,2591,take,rejected,not_present,0,0.8458,213.3460,0.1324,9.7391,0.1901,224.2533
phone-android,medium,2592,take,rejected,not_present,0,1.0046,219.1209,0.1308,9.4303,0.2459,229.9325
phone-android,medium,2593,look,accepted,observed,0,1.0764,215.1517,0.1448,9.8779,0.1659,226.4167
phone-android,medium,2594,activate,rejected,not_eligible,0,0.7987,217.3955,0.1358,9.1180,0.1766,227.6247
phone-android,medium,2595,move,accepted,moved,1,0.7950,215.8654,93.3963,15.5466,0.2439,325.8472
phone-android,medium,2596,move,accepted,moved,1,1.0552,222.3438,93.5613,14.9437,0.2679,332.1720
phone-android,medium,2597,look,accepted,observed,0,1.0579,215.4338,0.2774,10.2919,0.2255,227.2865
phone-android,medium,2598,move,accepted,moved,1,1.0067,215.2505,92.7464,15.5883,0.2369,324.8287
phone-android,medium,2599,talk,rejected,not_owned,0,1.1354,221.6901,0.1385,10.7504,0.1476,233.8619
phone-android,medium,2600,move,accepted,moved,1,0.6846,215.7478,91.7106,16.4014,0.4024,324.9468
phone-android,medium,2601,look,accepted,observed,0,1.6157,217.1686,0.2603,10.5273,0.1956,229.7675
phone-android,medium,2602,move,accepted,moved,1,1.0202,214.9852,92.9110,16.4085,0.1985,325.5235
phone-android,medium,2603,look,accepted,observed,0,0.9362,215.8654,0.2461,9.5709,0.1550,226.7737
phone-android,medium,2604,move,rejected,exit_unavailable,0,0.8024,215.1119,0.1371,9.3616,0.2002,225.6133
phone-android,medium,2605,move,accepted,moved,1,1.0395,218.4000,92.9220,15.9193,0.2684,328.5492
phone-android,medium,2606,activate,rejected,not_eligible,0,1.0507,212.8500,0.1410,9.4583,0.1704,223.6704
phone-android,medium,2607,look,accepted,observed,0,0.7912,217.8887,0.2464,10.0258,0.1898,229.1420
phone-android,medium,2608,look,accepted,observed,0,1.0024,215.3807,0.1436,10.6432,0.2029,227.3727
phone-android,medium,2609,take,accepted,taken,1,1.0317,219.4247,93.9108,17.0074,0.4162,331.7908
phone-android,medium,2610,wait,rejected,invalid_time,0,1.4856,215.2539,0.1405,9.6667,0.2144,226.7611
phone-android,medium,2611,look,accepted,observed,0,1.0808,215.3379,0.1392,10.3031,0.1998,227.0609
phone-android,medium,2612,move,rejected,exit_unavailable,0,0.7806,217.6717,0.1370,9.9241,0.2098,228.7232
phone-android,medium,2613,look,accepted,observed,0,0.9681,216.9166,0.1357,10.0273,0.1771,228.2248
phone-android,medium,2614,activate,rejected,not_eligible,0,0.9519,215.6566,0.1266,9.9057,0.2007,226.8415
phone-android,medium,2615,look,accepted,observed,0,1.0324,217.5099,0.1508,8.8231,0.1649,227.6811
phone-android,medium,2616,choose,rejected,invalid_choice,0,0.7098,216.3407,0.1321,9.3357,0.1604,226.6787
phone-android,medium,2617,look,accepted,observed,0,0.7408,217.2163,0.1321,9.3157,0.1866,227.5915
phone-android,medium,2618,wait,rejected,invalid_time,0,0.9451,216.9591,0.1309,10.2251,0.2029,228.4631
phone-android,medium,2619,move,accepted,moved,1,1.0264,215.2074,94.8297,18.0010,0.2113,329.2758
phone-android,medium,2620,look,accepted,observed,0,1.0372,215.2582,0.1396,10.1406,0.1644,226.7400
phone-android,medium,2621,drop,accepted,dropped,1,0.7447,217.1250,93.6913,15.5593,0.2644,327.3847
phone-android,medium,2622,move,accepted,moved,1,1.0414,212.8329,94.3731,16.0128,0.1882,324.4483
phone-android,medium,2623,look,accepted,observed,0,0.8462,222.8204,0.1461,9.9941,0.1947,234.0014
phone-android,medium,2624,move,accepted,moved,1,1.1291,217.0940,93.9564,16.2293,0.2423,328.6511
phone-android,medium,2625,choose,rejected,stale_view,0,1.1093,195.2819,0.1328,9.6395,0.1726,206.3360
phone-android,medium,2626,take,rejected,not_present,0,0.7256,216.2141,0.1355,9.2903,0.1897,226.5552
phone-android,medium,2627,move,accepted,moved,1,0.9513,215.4526,95.6834,14.9292,0.2571,327.2736
phone-android,medium,2628,move,accepted,moved,1,1.2171,212.9907,93.0477,15.7458,0.2272,323.2286
phone-android,medium,2629,wait,rejected,invalid_time,0,1.0318,216.4174,0.1406,10.7918,0.2085,228.5901
phone-android,medium,2630,take,replayed,taken,0,1.5067,195.3071,0.0094,0.0006,0.0970,196.9207
phone-android,medium,2631,look,accepted,observed,0,1.2074,215.9896,0.1294,9.2408,0.1656,226.7328
phone-android,medium,2632,move,accepted,moved,1,0.7127,215.2442,91.8348,16.4926,0.2434,324.5277
phone-android,medium,2633,take,rejected,not_present,0,1.1110,217.3823,0.1360,10.1222,0.2133,228.9649
phone-android,medium,2634,wait,rejected,invalid_time,0,0.9464,216.4715,0.1452,9.3919,0.1384,227.0935
phone-android,medium,2635,talk,rejected,not_eligible,0,0.6207,216.4958,0.1243,9.3597,0.1602,226.7607
phone-android,medium,2636,take,rejected,not_present,0,0.7556,218.5671,0.1334,9.9771,0.2028,229.6360
phone-android,medium,2637,wait,rejected,invalid_time,0,0.8809,218.0404,0.1359,9.9556,0.1943,229.2072
phone-android,medium,2638,talk,rejected,not_eligible,0,1.0353,217.7641,0.1509,10.0380,0.2572,229.2456
phone-android,medium,2639,choose,rejected,invalid_choice,0,1.0414,216.9816,0.1362,9.6983,0.1925,228.0499
phone-android,medium,2640,look,accepted,observed,0,0.9973,214.3913,0.1320,9.0917,0.1699,224.7822
phone-android,medium,2641,look,accepted,observed,0,0.8536,218.9805,0.1401,9.6043,0.1680,229.7466
phone-android,medium,2642,look,accepted,observed,0,0.7844,215.4307,0.1505,10.4443,0.2020,227.0120
phone-android,medium,2643,move,accepted,moved,1,1.1035,217.9691,93.8812,15.0181,0.2446,328.2165
phone-android,medium,2644,wait,rejected,invalid_time,0,1.0757,215.8714,0.1333,9.0163,0.1557,226.2525
phone-android,medium,2645,look,accepted,observed,0,0.7173,219.4697,0.1417,9.2843,0.1759,229.7890
phone-android,medium,2646,move,accepted,moved,1,0.7816,214.0371,93.1141,15.9239,0.2174,324.0741
phone-android,medium,2647,move,accepted,moved,1,1.0409,214.9717,93.3147,15.3830,0.3625,325.0728
phone-android,medium,2648,look,accepted,observed,0,0.8422,216.8908,0.1336,10.1207,0.2074,228.1948
phone-android,medium,2649,move,accepted,moved,1,0.9553,215.9638,92.4802,16.1694,0.2362,325.8048
phone-android,medium,2650,look,accepted,observed,0,1.0999,216.1156,0.1251,9.2748,0.1742,226.7897
phone-android,medium,2651,wait,rejected,invalid_time,0,0.7473,217.5596,0.1430,9.9902,0.1715,228.6115
phone-android,medium,2652,drop,rejected,integrity_conflict,0,1.1581,198.6316,0.0108,0.0011,0.1054,199.9070
phone-android,medium,2653,move,accepted,moved,1,1.6887,214.7939,92.9444,14.8639,0.1913,324.4822
phone-android,medium,2654,move,rejected,exit_unavailable,0,1.0568,218.4521,0.1304,10.5264,0.2120,230.3776
phone-android,medium,2655,move,rejected,exit_unavailable,0,1.0515,217.6314,0.2815,10.1455,0.2045,229.3144
phone-android,medium,2656,activate,rejected,not_eligible,0,1.0336,216.8257,0.1228,9.4095,0.1567,227.5485
phone-android,medium,2657,choose,rejected,invalid_choice,0,0.7359,219.1979,0.1449,9.4528,0.1765,229.7080
phone-android,medium,2658,take,accepted,taken,1,0.7522,217.1018,92.3541,15.6310,0.2471,326.0862
phone-android,medium,2659,drop,accepted,dropped,1,1.0769,216.2103,93.3659,16.0377,0.2239,326.9147
phone-android,medium,2660,take,accepted,taken,1,1.1090,214.1440,93.1797,15.7219,0.2676,324.4222
phone-android,medium,2661,look,accepted,observed,0,1.0755,213.9636,0.1337,10.0002,0.1921,225.3651
phone-android,medium,2662,drop,accepted,dropped,1,1.0036,219.3602,92.6675,16.0765,0.2461,329.3538
phone-android,medium,2663,wait,rejected,invalid_time,0,0.9523,214.0238,0.1501,25.2939,0.2368,240.6568
phone-android,medium,2664,activate,rejected,not_eligible,0,1.0808,217.1175,0.1470,8.7921,0.1528,227.2902
phone-android,medium,2665,look,accepted,observed,0,0.7224,214.7798,0.1310,9.0505,0.1914,224.8751
phone-android,medium,2666,choose,rejected,invalid_choice,0,1.0097,218.1949,0.1395,9.9104,0.2017,229.4561
phone-android,medium,2667,talk,rejected,not_owned,0,1.0355,216.5826,0.1233,10.9641,0.1937,228.8992
phone-android,medium,2668,wait,rejected,invalid_time,0,0.9915,218.7382,0.1326,10.3645,0.2205,230.4472
phone-android,medium,2669,wait,rejected,invalid_time,0,1.0467,217.1757,0.1412,10.7709,0.3023,229.4368
phone-android,medium,2670,look,accepted,observed,0,1.4799,215.7074,0.1283,8.7316,0.1572,226.2044
phone-android,medium,2671,move,accepted,moved,1,0.7486,218.5463,93.0969,14.7528,0.2479,327.3925
phone-android,medium,2672,look,accepted,observed,0,0.9924,214.2642,0.1313,9.9540,0.1705,225.5125
phone-android,medium,2673,close_choice,rejected,invalid_choice,0,0.7556,215.9216,0.1289,10.4931,0.1854,227.4846
phone-android,medium,2674,move,accepted,moved,1,1.0062,216.3410,92.4881,15.9340,0.1893,325.9585
phone-android,medium,2675,look,accepted,observed,0,0.9998,212.7544,0.1340,10.3701,0.2056,224.4640
phone-android,medium,2676,look,accepted,observed,0,1.0571,217.1453,0.1394,9.9832,0.2072,228.5322
phone-android,medium,2677,look,accepted,observed,0,1.0010,215.5743,0.1330,9.5969,0.1939,226.4990
phone-android,medium,2678,move,accepted,moved,1,0.9239,217.0086,92.8687,15.2749,0.3066,326.3827
phone-android,medium,2679,choose,rejected,stale_view,0,1.0951,194.7234,0.1426,10.0078,0.1846,206.1535
phone-android,medium,2680,move,accepted,moved,1,1.1089,217.5979,92.6777,16.0981,0.2121,327.6947
phone-android,medium,2681,take,replayed,not_present,0,1.1067,194.0113,0.0097,0.0007,0.1026,195.2310
phone-android,medium,2682,look,accepted,observed,0,1.3615,215.8417,0.2723,10.8881,0.2157,228.5794
phone-android,medium,2683,talk,rejected,not_owned,0,1.0151,215.8149,0.1469,10.2383,0.1468,227.3619
phone-android,medium,2684,move,accepted,moved,1,0.6691,214.5845,93.0768,16.0779,0.2804,324.6886
phone-android,medium,2685,take,rejected,not_present,0,1.1104,216.7458,0.1363,10.1933,0.1867,228.3724
phone-android,medium,2686,close_choice,rejected,invalid_choice,0,1.0028,213.6239,0.1401,10.1371,0.1621,225.0660
phone-android,medium,2687,look,accepted,observed,0,0.7994,217.2357,0.1384,9.1293,0.1978,227.5006
phone-android,medium,2688,look,accepted,observed,0,0.9203,215.8165,0.1332,10.2905,0.2026,227.3630
phone-android,medium,2689,take,rejected,not_present,0,1.0306,218.0229,0.1312,10.0344,0.2208,229.4399
phone-android,medium,2690,take,rejected,not_present,0,1.0199,216.3054,0.1330,10.9215,0.1347,228.5146
phone-android,medium,2691,choose,rejected,invalid_choice,0,0.7300,215.0088,0.1369,9.0929,0.1665,225.1351
phone-android,medium,2692,take,rejected,not_present,0,0.7630,217.7269,0.1427,9.7492,0.2081,228.5899
phone-android,medium,2693,move,rejected,exit_unavailable,0,1.0251,215.4547,0.1436,9.3709,0.2023,226.1966
phone-android,medium,2694,look,accepted,observed,0,1.0993,218.0214,0.1315,9.0249,0.1572,228.4343
phone-android,medium,2695,look,accepted,observed,0,0.6879,214.4272,0.1455,10.7861,0.2022,226.2489
phone-android,medium,2696,move,accepted,moved,1,1.0479,214.3894,95.1507,15.8219,0.2636,326.6735
phone-android,medium,2697,look,accepted,observed,0,1.0781,213.9645,0.1342,10.1779,0.1682,225.5229
phone-android,medium,2698,talk,rejected,not_eligible,0,0.8002,216.9138,0.1416,9.3281,0.1895,227.3731
phone-android,medium,2699,look,accepted,observed,0,0.9039,216.0923,0.1368,11.3797,0.2001,228.7128
phone-android,medium,2700,take,rejected,not_present,0,1.0664,215.0467,0.1436,9.3007,0.1482,225.7058
phone-android,medium,2701,wait,rejected,invalid_time,0,0.7297,220.5890,0.1449,9.6051,0.2774,231.3461
phone-android,medium,2702,move,accepted,moved,1,0.9831,213.2960,94.4602,15.9936,0.2304,324.9633
phone-android,medium,2703,look,accepted,observed,0,1.0382,215.7548,0.1431,9.8494,0.1897,226.9752
phone-android,medium,2704,choose,rejected,invalid_choice,0,0.9982,215.2962,0.1351,10.0422,0.1620,226.6337
phone-android,medium,2705,activate,rejected,not_eligible,0,0.7223,218.2849,0.1307,10.2068,0.1723,229.5170
phone-android,medium,2706,look,accepted,observed,0,0.7571,214.6539,0.1347,9.6631,0.1956,225.4045
phone-android,medium,2707,move,accepted,moved,1,1.0027,217.2385,93.6280,16.0060,0.2498,328.1250
phone-android,medium,2708,look,accepted,observed,0,1.0004,214.9396,0.1430,10.8322,0.1616,227.0768
phone-android,medium,2709,activate,rejected,not_eligible,0,0.7159,216.0480,0.1340,9.4785,0.1522,226.5286
phone-android,medium,2710,talk,rejected,not_owned,0,0.7167,214.6648,0.1326,10.2704,0.1941,225.9786
phone-android,medium,2711,move,accepted,moved,1,1.0186,218.1726,92.7472,15.9632,0.2154,328.1170
phone-android,medium,2712,look,accepted,observed,0,0.9786,214.4293,0.1444,10.6276,0.1890,226.3690
phone-android,medium,2713,activate,rejected,not_eligible,0,0.8446,215.4347,0.1403,9.3674,0.1917,225.9787
phone-android,medium,2714,move,rejected,exit_unavailable,0,1.0043,217.5299,0.1267,8.9740,0.2460,227.8810
phone-android,medium,2715,move,accepted,moved,1,0.8924,214.5272,91.7360,12.2738,0.1848,319.6141
phone-android,medium,2716,look,accepted,observed,0,0.8748,215.4409,0.1326,9.3921,0.1645,226.0048
phone-android,medium,2717,take,accepted,taken,1,0.7507,215.9819,92.0376,16.2631,0.2408,325.2742
phone-android,medium,2718,look,accepted,observed,0,1.0841,215.8147,0.1344,10.0929,0.1587,227.2848
phone-android,medium,2719,move,rejected,exit_unavailable,0,0.6870,215.6278,0.1388,9.6443,0.2009,226.2989
phone-android,medium,2720,look,accepted,observed,0,0.9912,215.0978,0.1335,10.1777,0.1840,226.5841
phone-android,medium,2721,activate,rejected,not_eligible,0,0.9800,216.6264,0.1445,9.5813,0.3700,227.7022
phone-android,medium,2722,look,accepted,observed,0,0.7932,218.0572,0.1331,9.4020,0.1577,228.5431
phone-android,medium,2723,look,accepted,observed,0,0.6988,215.5888,0.1365,10.3058,0.1956,226.9255
phone-android,medium,2724,wait,rejected,invalid_time,0,0.9881,219.3782,0.1492,9.7225,0.1882,230.4262
phone-android,medium,2725,look,accepted,observed,0,0.9654,216.5332,0.1209,9.8595,0.1827,227.6617
phone-android,medium,2726,move,accepted,moved,1,1.0369,217.3605,92.9989,15.9328,0.2339,327.5630
phone-android,medium,2727,move,accepted,moved,1,0.9315,211.5173,94.5609,16.1948,0.2138,323.4183
phone-android,medium,2728,look,accepted,observed,0,1.0566,213.1577,0.1363,9.9827,0.1901,224.5234
phone-android,medium,2729,move,accepted,moved,1,0.8835,216.2468,93.2464,14.8447,0.2010,325.4224
phone-android,medium,2730,take,replayed,not_present,0,1.5384,194.8013,0.0087,0.0009,0.1020,196.4513
phone-android,medium,2731,move,accepted,moved,1,1.1486,217.3641,92.2503,16.1235,0.4188,327.3053
phone-android,medium,2732,look,accepted,observed,0,1.5848,213.0619,0.1479,9.9016,0.1494,224.8456
phone-android,medium,2733,choose,rejected,invalid_choice,0,0.7094,217.4237,0.1384,9.7695,0.1785,228.2195
phone-android,medium,2734,look,accepted,observed,0,0.7562,215.5499,0.1240,9.6879,0.1766,226.2946
phone-android,medium,2735,look,accepted,observed,0,0.8941,214.5967,0.1430,9.2844,0.1577,225.0759
phone-android,medium,2736,move,accepted,moved,1,0.7546,216.9695,92.5622,15.3588,0.2706,325.9157
phone-android,medium,2737,drop,accepted,dropped,1,1.1082,212.8917,94.8219,16.4069,0.2220,325.4507
phone-android,medium,2738,move,accepted,moved,1,1.0299,213.1103,92.8778,15.4830,0.2412,322.7422
phone-android,medium,2739,take,rejected,not_present,0,1.1426,219.1565,0.1476,9.5596,0.2006,230.2068
phone-android,medium,2740,talk,rejected,not_eligible,0,1.0211,214.9017,0.1399,8.6679,0.1524,224.8830
phone-android,medium,2741,take,rejected,not_present,0,0.7416,220.6058,0.1536,20.9316,0.2536,242.6862
phone-android,medium,2742,look,accepted,observed,0,1.1279,217.5960,0.1452,9.3269,0.1573,228.3534
phone-android,medium,2743,drop,rejected,integrity_conflict,0,1.1885,199.5707,0.0092,0.0007,0.1144,200.8835
phone-android,medium,2744,look,accepted,observed,0,1.2696,213.4173,0.1409,9.3329,0.1533,224.3140
phone-android,medium,2745,look,accepted,observed,0,0.7720,214.7865,0.1172,10.4330,0.2102,226.3188
phone-android,medium,2746,move,accepted,moved,1,1.0526,218.2224,92.6193,17.7712,0.2474,329.9129
phone-android,medium,2747,wait,rejected,invalid_time,0,1.2041,216.1988,0.1503,9.3564,0.1602,227.0698
phone-android,medium,2748,move,accepted,moved,1,0.7182,217.5735,93.2524,15.3123,0.2589,327.1153
phone-android,medium,2749,move,accepted,moved,1,1.0383,215.0251,92.9924,16.2687,0.2294,325.5538
phone-android,medium,2750,move,accepted,moved,1,1.2568,212.4548,93.7846,15.9991,0.2353,323.7307
phone-android,medium,2751,look,accepted,observed,0,1.0753,217.4677,0.3836,10.2164,0.2043,229.3473
phone-android,medium,2752,look,accepted,observed,0,1.0260,216.2479,0.1346,9.9509,0.1871,227.5466
phone-android,medium,2753,look,accepted,observed,0,1.0198,216.8628,0.1449,9.1323,0.1364,227.2962
phone-android,medium,2754,look,accepted,observed,0,0.5980,214.5979,0.1291,9.5734,0.2218,225.1201
phone-android,medium,2755,move,rejected,exit_unavailable,0,1.0406,215.4792,0.1270,7.8822,0.1651,224.6940
phone-android,medium,2756,take,rejected,not_present,0,0.7508,216.9839,0.2777,9.4199,0.1566,227.5888
phone-android,medium,2757,look,accepted,observed,0,0.8420,216.3032,0.1234,9.8781,0.1890,227.3356
phone-android,medium,2758,move,accepted,moved,1,1.1199,219.4858,93.0157,11.3700,0.1874,325.1788
phone-android,medium,2759,wait,rejected,invalid_time,0,0.7398,214.9401,0.1430,9.7912,0.1733,225.7875
phone-android,medium,2760,move,accepted,moved,1,0.7679,216.7220,91.3286,13.0951,0.1568,322.0703
phone-android,medium,2761,talk,rejected,not_owned,0,0.6647,212.9418,0.1077,4.1232,0.2671,218.1046
phone-android,medium,2762,look,accepted,observed,0,1.0702,212.3803,0.1064,6.3048,0.1376,219.9992
phone-android,medium,2763,move,accepted,moved,1,0.6421,211.2793,94.6479,16.8433,0.2155,323.6282
phone-android,medium,2764,move,rejected,exit_unavailable,0,0.8146,213.1502,0.1477,10.9872,0.1902,225.2900
phone-android,medium,2765,look,accepted,observed,0,0.9730,217.2427,0.1380,8.3168,0.1778,226.8484
phone-android,medium,2766,move,rejected,exit_unavailable,0,0.7613,215.3046,0.1343,9.7829,0.1880,226.1711
phone-android,medium,2767,wait,rejected,invalid_time,0,0.9481,216.1061,0.1240,4.5173,0.1671,221.8626
phone-android,medium,2768,move,accepted,moved,1,0.7945,218.4086,92.1621,12.0299,0.2079,323.6030
phone-android,medium,2769,activate,rejected,not_eligible,0,0.8428,213.6557,0.1473,9.1670,0.2451,224.0580
phone-android,medium,2770,look,accepted,observed,0,0.9815,217.5824,0.1291,9.6132,0.1883,228.4944
phone-android,medium,2771,wait,rejected,invalid_time,0,1.1207,214.8507,0.1417,8.6590,0.1568,224.9288
phone-android,medium,2772,look,accepted,observed,0,0.7760,218.6089,0.1392,8.4581,0.1506,228.1328
phone-android,medium,2773,talk,rejected,not_owned,0,0.7705,215.1949,0.1286,9.4443,0.2054,225.7437
phone-android,medium,2774,look,accepted,observed,0,1.0363,217.5364,0.1450,8.5402,0.1827,227.4406
phone-android,medium,2775,look,accepted,observed,0,0.7421,215.9610,0.1352,9.9421,0.1818,226.9621
phone-android,medium,2776,look,accepted,observed,0,0.9178,217.3200,0.1280,9.3851,0.2575,228.0083
phone-android,medium,2777,take,rejected,not_present,0,1.0533,219.3859,0.1475,10.7264,0.2200,231.5330
phone-android,medium,2778,move,rejected,exit_unavailable,0,0.9914,219.6868,0.1471,9.9776,0.1784,230.9813
phone-android,medium,2779,talk,rejected,not_owned,0,1.1439,217.5610,0.1336,8.7700,0.2098,227.8183
phone-android,medium,2780,activate,rejected,not_eligible,0,0.9712,215.7871,0.1326,7.9643,0.1661,225.0213
phone-android,medium,2781,move,accepted,moved,1,0.8215,214.7959,95.3310,17.1222,0.2093,328.2798
phone-android,medium,2782,choose,rejected,invalid_choice,0,0.9970,214.1968,0.1389,5.9444,0.1718,221.4490
phone-android,medium,2783,talk,rejected,not_eligible,0,0.8510,216.8996,0.1352,9.0255,0.1751,227.0863
phone-android,medium,2784,activate,rejected,not_eligible,0,0.7724,216.0975,0.1376,9.2591,0.1673,226.4340
phone-android,medium,2785,wait,rejected,invalid_time,0,0.8201,216.1200,0.1315,9.8098,0.1777,227.0591
phone-android,medium,2786,look,accepted,observed,0,0.9555,218.0287,0.1356,9.2543,0.2076,228.5816
phone-android,medium,2787,move,accepted,moved,1,1.0638,216.8187,93.6506,16.9734,0.2833,328.7898
phone-android,medium,2788,move,accepted,moved,1,0.9803,216.1343,92.9400,14.7148,0.2404,325.0098
phone-android,medium,2789,move,rejected,exit_unavailable,0,1.0320,216.2136,0.1441,10.2034,0.2226,227.8157
phone-android,medium,2790,activate,rejected,not_eligible,0,1.1055,216.6751,0.1253,9.7714,0.1914,227.8686
phone-android,medium,2791,take,replayed,not_present,0,1.4836,197.1615,0.0095,0.0006,0.1146,198.7699
phone-android,medium,2792,drop,replayed,dropped,0,2.3385,197.0229,0.0099,0.0006,0.1073,199.4793
phone-android,medium,2793,wait,rejected,invalid_time,0,1.6097,214.9463,0.1341,8.7378,0.1547,225.5827
phone-android,medium,2794,take,accepted,taken,1,0.7106,219.1828,92.4105,17.1174,0.2463,329.6676
phone-android,medium,2795,look,accepted,observed,0,1.0660,215.7578,0.1253,9.5909,0.2014,226.7414
phone-android,medium,2796,wait,rejected,invalid_time,0,0.9507,214.8479,0.1385,10.3109,0.1628,226.4108
phone-android,medium,2797,look,accepted,observed,0,0.8254,237.2377,0.1279,8.5852,0.1812,246.9574
phone-android,medium,2798,look,accepted,observed,0,0.8087,214.1008,0.1434,9.9798,0.2816,225.3143
phone-android,medium,2799,look,accepted,observed,0,1.0236,216.4371,0.1251,9.5456,0.1749,227.3062
phone-android,medium,2800,look,accepted,observed,0,0.7777,215.4048,0.1297,10.2554,0.1901,226.7577
phone-android,medium,2801,move,accepted,moved,1,0.9246,212.8214,91.5001,16.6261,0.1871,322.0594
phone-android,medium,2802,drop,accepted,dropped,1,0.9780,216.9496,92.7615,15.5267,0.2542,326.4700
phone-android,medium,2803,move,accepted,moved,1,1.0180,215.3094,92.8013,15.8642,0.2592,325.2520
phone-android,medium,2804,look,accepted,observed,0,0.9988,216.2469,0.1318,10.1769,0.1996,227.7540
phone-android,medium,2805,talk,rejected,not_eligible,0,1.0453,218.7429,0.1378,10.3218,0.1896,230.4374
phone-android,medium,2806,wait,rejected,invalid_time,0,1.0758,214.5510,0.1390,9.0023,0.1664,224.9346
phone-android,medium,2807,look,accepted,observed,0,0.7602,217.1491,0.1306,9.5206,0.1892,227.7497
phone-android,medium,2808,wait,rejected,invalid_time,0,0.9476,215.4455,0.1402,9.2864,0.1776,225.9973
phone-android,medium,2809,close_choice,rejected,invalid_choice,0,0.8399,215.8422,0.1253,9.4870,0.1641,226.4585
phone-android,medium,2810,activate,rejected,not_eligible,0,0.7663,218.4886,0.1320,10.1379,0.1695,229.6942
phone-android,medium,2811,wait,rejected,invalid_time,0,0.7473,215.6799,0.1419,9.8845,0.1980,226.6516
phone-android,medium,2812,wait,rejected,invalid_time,0,1.0100,218.3141,0.1428,8.7098,0.2101,228.3868
phone-android,medium,2813,talk,rejected,not_eligible,0,1.2945,217.5064,0.1370,8.6864,0.1793,227.8036
phone-android,medium,2814,look,accepted,observed,0,0.8549,216.8294,0.1368,8.7927,0.1849,226.7987
phone-android,medium,2815,talk,rejected,not_eligible,0,0.7877,216.2972,0.1467,9.8373,0.1786,227.2475
phone-android,medium,2816,take,rejected,not_present,0,1.0563,215.2242,0.1436,8.9671,0.1498,225.5410
phone-android,medium,2817,take,rejected,not_present,0,0.7523,216.4946,0.1333,9.5177,0.1844,227.0823
phone-android,medium,2818,move,accepted,moved,1,0.9428,214.1885,93.3618,16.8306,0.2005,325.5243
phone-android,medium,2819,move,accepted,moved,1,1.0688,215.1809,94.1329,16.4780,0.2279,327.0885
phone-android,medium,2820,activate,rejected,not_eligible,0,0.9658,218.5589,0.2561,9.5230,0.1686,229.4725
phone-android,medium,2821,move,accepted,moved,1,0.8430,214.7021,94.7125,16.9370,0.2097,327.4043
phone-android,medium,2822,look,accepted,observed,0,0.9066,217.6242,0.2713,10.4174,0.2845,229.5040
phone-android,medium,2823,move,accepted,moved,1,1.0692,217.7693,94.0602,11.9768,0.2062,325.0818
phone-android,medium,2824,look,accepted,observed,0,0.7289,213.2250,0.1344,10.1546,0.1741,224.4169
phone-android,medium,2825,look,accepted,observed,0,1.0182,217.2774,0.1296,9.4251,0.2029,228.0532
phone-android,medium,2826,move,accepted,moved,1,0.9049,216.2431,92.4290,14.3662,0.2143,324.1575
phone-android,medium,2827,move,accepted,moved,1,1.0257,214.8252,93.3972,16.2718,0.2067,325.7266
phone-android,medium,2828,move,accepted,moved,1,1.0902,212.8326,95.3544,17.3517,0.2045,326.8334
phone-android,medium,2829,look,accepted,observed,0,0.7717,212.8749,0.1319,9.1354,0.1982,223.1121
phone-android,medium,2830,activate,rejected,not_eligible,0,0.9753,217.3408,0.1467,9.3714,0.2131,228.0472
phone-android,medium,2831,move,rejected,exit_unavailable,0,1.1638,215.9274,0.1368,9.3206,0.1590,226.7076
phone-android,medium,2832,look,accepted,observed,0,0.8124,216.2128,0.1242,9.4155,0.1917,226.7565
phone-android,medium,2833,look,accepted,observed,0,0.9964,221.0755,0.1379,10.1270,0.2138,232.5506
phone-android,medium,2834,move,accepted,moved,1,0.9909,215.1386,93.0431,15.6581,0.1806,325.0113
phone-android,medium,2835,move,accepted,moved,1,1.0238,219.1252,93.2992,16.0216,0.2430,329.7128
phone-android,medium,2836,move,accepted,moved,1,1.0149,213.6562,96.2003,15.0206,0.2127,326.1046
phone-android,medium,2837,move,accepted,moved,1,0.7951,210.8086,93.4587,18.3506,0.1940,323.6070
phone-android,medium,2838,move,accepted,moved,1,0.9524,213.1553,91.8213,15.8707,0.2438,322.0436
phone-android,medium,2839,move,accepted,moved,1,1.1886,217.0268,92.6916,16.8673,0.2102,327.9846
phone-android,medium,2840,look,accepted,observed,0,0.9981,216.2051,0.1327,9.6280,0.1695,227.1335
phone-android,medium,2841,take,accepted,taken,1,0.7343,219.5823,92.2053,15.5904,0.2336,328.3459
phone-android,medium,2842,move,accepted,moved,1,1.0903,215.5875,92.5782,15.5993,0.2061,325.0614
phone-android,medium,2843,look,accepted,observed,0,1.0670,212.8744,0.1361,10.7753,0.1896,225.0424
phone-android,medium,2844,take,replayed,taken,0,1.4095,199.9384,0.0080,0.0015,0.0996,201.4569
phone-android,medium,2845,move,rejected,exit_unavailable,0,1.4346,214.2065,0.1396,9.8562,0.1798,225.8167
phone-android,medium,2846,move,rejected,exit_unavailable,0,0.9716,214.9164,0.1389,9.1431,0.1634,225.3335
phone-android,medium,2847,drop,accepted,dropped,1,0.7329,216.1683,91.5629,16.0767,0.3410,324.8818
phone-android,medium,2848,move,accepted,moved,1,1.1005,213.6829,94.2261,16.3994,0.1826,325.5913
phone-android,medium,2849,wait,rejected,invalid_time,0,0.7862,218.2939,0.1436,9.7394,0.1631,229.1262
phone-android,medium,2850,close_choice,rejected,invalid_choice,0,0.7685,214.6342,0.1430,9.0774,0.1937,224.8168
phone-android,medium,2851,move,accepted,moved,1,1.0085,217.6181,92.5776,16.0469,0.2496,327.5007
phone-android,medium,2852,take,accepted,taken,1,1.0548,213.3237,95.6005,15.5043,0.2169,325.7002
phone-android,medium,2853,drop,accepted,dropped,1,0.9465,213.1064,93.2566,15.9926,0.3106,323.6126
phone-android,medium,2854,look,accepted,observed,0,1.0323,217.6391,0.1468,9.7856,0.1673,228.7712
phone-android,medium,2855,move,rejected,exit_unavailable,0,0.8346,214.1521,0.1357,9.9900,0.1866,225.2990
phone-android,medium,2856,activate,rejected,not_eligible,0,0.9006,218.7280,0.1317,9.3744,0.2403,229.3751
phone-android,medium,2857,talk,rejected,not_eligible,0,0.9166,215.9571,0.1270,9.3006,0.2834,226.5847
phone-android,medium,2858,choose,rejected,invalid_choice,0,1.0788,219.3360,0.1383,9.0196,0.2012,229.7740
phone-android,medium,2859,take,accepted,taken,1,1.0899,216.0252,92.8563,15.0052,0.1969,325.1735
phone-android,medium,2860,look,accepted,observed,0,0.7790,215.2072,0.1393,10.4711,0.1821,226.7787
phone-android,medium,2861,move,accepted,moved,1,0.8653,215.5561,93.1175,16.9145,0.2041,326.6575
phone-android,medium,2862,talk,accepted,choice_opened,1,0.9169,216.0076,92.6924,17.1518,0.4021,327.1709
phone-android,medium,2863,activate,rejected,not_eligible,0,1.5338,214.8547,0.1336,9.1509,0.1808,225.8538
phone-android,medium,2864,move,accepted,moved,1,0.7464,215.2956,91.7962,15.7474,0.2199,323.8054
phone-android,medium,2865,talk,rejected,not_eligible,0,0.9781,213.8253,0.1439,9.3928,0.2877,224.6278
phone-android,medium,2866,look,accepted,observed,0,0.9993,216.1723,0.1294,9.8161,0.1642,227.2813
phone-android,medium,2867,look,accepted,observed,0,0.8227,216.4412,0.1298,9.5116,0.2066,227.1118
phone-android,medium,2868,look,accepted,observed,0,0.9537,213.2471,0.1428,8.9001,0.1477,223.3914
phone-android,medium,2869,talk,rejected,not_eligible,0,0.6653,214.3081,0.1349,9.8814,0.1921,225.1817
phone-android,medium,2870,move,accepted,moved,1,1.0162,218.2253,92.9067,18.0381,0.2121,330.3984
phone-android,medium,2871,talk,accepted,choice_opened,1,1.0706,215.9383,94.1727,14.6001,0.1739,325.9554
phone-android,medium,2872,look,accepted,observed,0,0.7748,212.3641,0.1293,10.8497,0.1943,224.3123
phone-android,medium,2873,look,accepted,observed,0,1.0068,218.4283,0.1253,8.4926,0.1757,228.2286
phone-android,medium,2874,drop,accepted,dropped,1,0.8556,217.5262,92.8621,15.4530,0.2042,326.9011
phone-android,medium,2875,wait,rejected,invalid_time,0,0.9655,215.2368,0.1353,10.0607,0.1628,226.5611
phone-android,medium,2876,take,accepted,taken,1,0.7387,216.3689,90.9072,14.7289,0.1805,322.9243
phone-android,medium,2877,wait,rejected,invalid_time,0,0.7900,250.3164,0.2214,9.7223,0.2194,261.2695
phone-android,medium,2878,look,accepted,observed,0,0.8063,215.6588,0.3215,10.1870,0.1955,227.1690
phone-android,medium,2879,look,accepted,observed,0,0.9915,214.9195,0.2620,8.5073,0.1707,224.8510
phone-android,medium,2880,wait,rejected,invalid_time,0,0.8963,217.3589,0.1318,9.3387,0.2066,227.9323
phone-android,medium,2881,look,accepted,observed,0,0.8634,216.4990,0.1249,10.2087,0.1965,227.8926
phone-android,medium,2882,wait,rejected,invalid_time,0,1.0501,216.0419,0.1581,8.7349,0.1823,226.1674
phone-android,medium,2883,move,accepted,moved,1,0.8590,218.2752,94.0677,15.2494,0.1953,328.6465
phone-android,medium,2884,look,accepted,observed,0,0.8647,219.0413,0.1376,38.7746,0.2386,259.0568
phone-android,medium,2885,look,accepted,observed,0,1.0927,215.6687,0.1357,9.8355,0.1993,226.9318
phone-android,medium,2886,move,accepted,moved,1,1.0962,217.8803,92.6117,15.3370,0.1916,327.1169
phone-android,medium,2887,wait,rejected,invalid_time,0,0.8480,213.3814,0.1280,9.4790,0.1952,224.0315
phone-android,medium,2888,move,accepted,moved,1,0.9522,217.2890,93.3003,15.6311,0.2420,327.4147
phone-android,medium,2889,drop,accepted,dropped,1,1.0628,215.2961,92.9941,15.6235,0.2207,325.1972
phone-android,medium,2890,look,accepted,observed,0,0.8753,213.0571,0.1677,9.9871,0.1799,224.2671
phone-android,medium,2891,look,accepted,observed,0,0.9591,216.9346,0.1422,9.3808,0.1730,227.5897
phone-android,medium,2892,look,accepted,observed,0,0.7500,213.7662,0.1397,9.6583,0.1372,224.4514
phone-android,medium,2893,move,accepted,moved,1,0.6611,216.2817,92.6800,16.1838,0.2530,326.0596
phone-android,medium,2894,choose,rejected,invalid_choice,0,0.9945,212.9881,0.1611,10.1642,0.1842,224.4922
phone-android,medium,2895,move,accepted,moved,1,1.1239,216.9081,92.2055,14.2323,0.2098,324.6797
phone-android,medium,2896,move,accepted,moved,1,0.7685,211.7083,94.1642,15.2960,0.3164,322.2534
phone-android,medium,2897,wait,rejected,invalid_time,0,0.8706,213.2566,0.1389,9.6892,0.1845,224.1399
phone-android,medium,2898,move,accepted,moved,1,0.8946,216.9297,92.7985,15.7397,0.2124,326.5749
phone-android,medium,2899,activate,rejected,not_eligible,0,0.8495,214.5665,0.1660,10.8877,0.1972,226.6669
phone-android,medium,2900,move,accepted,moved,1,0.9476,220.0309,93.5824,17.2228,0.2524,332.0361
phone-android,medium,2901,look,accepted,observed,0,1.0525,213.2335,0.1588,10.0629,0.1983,224.7060
phone-android,medium,2902,look,accepted,observed,0,0.9820,218.4558,0.1277,9.4807,0.2183,229.2644
phone-android,medium,2903,move,accepted,moved,1,1.0059,216.1988,92.4719,14.9301,0.1985,324.8053
phone-android,medium,2904,look,accepted,observed,0,0.8154,216.4338,0.1459,9.4533,0.1960,227.0444
phone-android,medium,2905,choose,rejected,invalid_choice,0,0.9635,217.7637,0.1597,11.2677,0.1954,230.3500
phone-android,medium,2906,look,accepted,observed,0,1.0588,216.4950,0.1267,10.2538,0.1999,228.1343
phone-android,medium,2907,look,accepted,observed,0,1.0198,219.2763,0.1310,9.6434,0.2639,230.3345
phone-android,medium,2908,look,accepted,observed,0,0.9941,216.6524,0.1289,24.4014,0.1634,242.3401
phone-android,medium,2909,take,rejected,not_present,0,0.6901,211.8654,0.1115,7.3893,0.1718,220.2279
phone-android,medium,2910,move,accepted,moved,1,0.7463,210.1811,88.6236,10.6351,0.1570,310.3431
phone-android,medium,2911,move,accepted,moved,1,0.6570,221.3480,89.0105,12.8963,0.1683,324.0801
phone-android,medium,2912,choose,rejected,stale_view,0,0.6360,185.4038,0.1056,3.7702,0.1345,190.0501
phone-android,medium,2913,move,accepted,moved,1,0.6242,208.7996,91.2168,12.2358,0.2113,313.0876
phone-android,medium,2914,move,rejected,exit_unavailable,0,0.8931,215.0088,0.1262,5.5729,0.1923,221.7933
phone-android,medium,2915,look,accepted,observed,0,0.7245,217.7362,0.1352,9.3994,0.2330,228.2284
phone-android,medium,2916,choose,rejected,invalid_choice,0,0.9048,213.7965,0.2544,8.2938,0.1691,223.4186
phone-android,medium,2917,drop,replayed,dropped,0,1.1315,195.1918,0.0094,0.0010,0.1051,196.4387
phone-android,medium,2918,take,rejected,not_present,0,1.2715,213.9114,0.1431,5.3458,0.1572,220.8291
phone-android,medium,2919,look,accepted,observed,0,0.7357,213.0887,0.1204,4.4280,0.1707,218.5435
phone-android,medium,2920,move,accepted,moved,1,0.7514,213.3969,91.6651,15.5439,0.2321,321.5894
phone-android,medium,2921,talk,rejected,not_eligible,0,1.0806,213.9876,0.1247,9.8795,0.1730,225.2454
phone-android,medium,2922,choose,rejected,invalid_choice,0,0.7618,216.9653,0.1326,9.2319,0.1644,227.2559
phone-android,medium,2923,choose,rejected,invalid_choice,0,0.7195,214.4230,0.1285,10.3333,0.1997,225.8040
phone-android,medium,2924,look,accepted,observed,0,0.9828,222.4793,0.1298,9.0370,0.2078,232.8367
phone-android,medium,2925,look,accepted,observed,0,1.0185,215.6755,0.1345,9.2113,0.2806,226.3204
phone-android,medium,2926,look,accepted,observed,0,1.0099,215.5227,0.1352,9.9872,0.1654,226.8204
phone-android,medium,2927,look,accepted,observed,0,0.7728,217.8770,0.1442,10.0070,0.1697,228.9708
phone-android,medium,2928,move,accepted,moved,1,0.8084,215.3851,93.3047,16.4052,0.2524,326.1558
phone-android,medium,2929,move,accepted,moved,1,1.2107,217.8351,92.6276,15.8361,0.3289,327.8384
phone-android,medium,2930,take,rejected,not_present,0,1.0287,216.3101,0.1214,10.0291,0.1590,227.6483
phone-android,medium,2931,look,accepted,observed,0,0.7342,218.4228,0.1268,9.3921,0.2518,228.9277
phone-android,medium,2932,look,accepted,observed,0,0.7710,215.1668,0.1425,11.0946,0.1906,227.3655
phone-android,medium,2933,look,accepted,observed,0,0.9615,214.4819,0.1433,9.4215,0.1855,225.1937
phone-android,medium,2934,move,accepted,moved,1,1.0867,217.3660,96.9868,16.1638,0.2635,331.8668
phone-android,medium,2935,look,accepted,observed,0,1.0977,213.4340,0.1369,9.2157,0.1473,224.0316
phone-android,medium,2936,activate,rejected,not_eligible,0,0.7093,217.3466,0.1426,9.5878,0.2605,228.0467
phone-android,medium,2937,close_choice,accepted,choice_closed,1,0.9611,216.9369,92.9561,15.7134,0.2240,326.7915
phone-android,medium,2938,wait,rejected,invalid_time,0,1.0003,217.0409,0.1290,4.6481,0.1715,222.9897
phone-android,medium,2939,look,accepted,observed,0,0.7522,215.2009,0.1317,8.6880,0.1545,224.9273
phone-android,medium,2940,move,accepted,moved,1,0.7142,214.7446,94.8035,12.2841,0.2300,322.7763
phone-android,medium,2941,activate,rejected,not_eligible,0,0.9663,213.6483,0.1348,8.8798,0.1596,223.7888
phone-android,medium,2942,take,rejected,not_present,0,0.7579,216.8901,0.1390,9.9183,0.3386,228.0439
phone-android,medium,2943,activate,rejected,not_eligible,0,1.1264,216.3509,0.1388,8.8093,0.1707,226.5961
phone-android,medium,2944,move,accepted,moved,1,1.0939,214.0846,95.3619,15.8197,0.2557,326.6158
phone-android,medium,2945,look,accepted,observed,0,1.0797,213.0690,0.1540,9.6973,0.2078,224.2078
phone-android,medium,2946,move,accepted,moved,1,1.0269,216.8815,92.7442,17.1436,0.2054,328.0016
phone-android,medium,2947,move,accepted,moved,1,0.7717,210.9239,93.4480,15.1811,0.1839,320.5086
phone-android,medium,2948,wait,rejected,invalid_time,0,0.7980,222.0330,0.1478,11.0727,0.2456,234.2970
phone-android,medium,2949,look,accepted,observed,0,1.0133,216.5659,0.1469,10.6926,0.1847,228.6034
phone-android,medium,2950,wait,rejected,invalid_time,0,0.9786,221.5293,0.1479,10.0463,0.1933,232.8954
phone-android,medium,2951,take,rejected,not_present,0,0.9408,215.8117,0.1367,9.3089,0.1942,226.3923
phone-android,medium,2952,take,rejected,not_present,0,0.9705,215.8164,0.1243,9.9956,0.1540,227.0608
phone-android,medium,2953,look,accepted,observed,0,0.7192,216.9026,0.1490,10.4859,0.1590,228.4156
phone-android,medium,2954,move,rejected,exit_unavailable,0,0.7538,216.0424,0.1309,9.1974,0.1922,226.3166
phone-android,medium,2955,talk,rejected,not_eligible,0,1.0004,217.0076,0.1393,9.9920,0.1742,228.3135
phone-android,medium,2956,look,accepted,observed,0,0.9336,217.7995,0.1427,9.2798,0.2945,228.4502
phone-android,medium,2957,move,accepted,moved,1,0.9966,216.2841,93.0261,15.5629,0.2251,326.0949
phone-android,medium,2958,wait,rejected,invalid_time,0,1.0977,214.9232,0.1385,10.1559,0.2149,226.5302
phone-android,medium,2959,move,accepted,moved,1,1.1589,215.6772,93.5269,16.1883,0.1996,326.7509
phone-android,medium,2960,talk,rejected,not_owned,0,0.9063,217.2059,0.1356,6.2421,0.1463,224.6361
phone-android,medium,2961,wait,rejected,invalid_time,0,0.7121,214.6602,0.1456,8.5489,0.1561,224.2230
phone-android,medium,2962,look,accepted,observed,0,0.7392,217.6826,0.1273,9.9740,0.1678,228.6910
phone-android,medium,2963,move,accepted,moved,1,0.7602,217.5119,92.4671,16.1964,0.2505,327.1861
phone-android,medium,2964,move,accepted,moved,1,1.0586,216.5556,93.1745,17.1106,0.1871,328.0864
phone-android,medium,2965,choose,rejected,invalid_choice,0,0.9592,216.5513,0.1487,9.6814,0.3158,227.6564
phone-android,medium,2966,look,accepted,observed,0,1.0207,215.5710,0.1275,9.4490,0.3021,226.4703
phone-android,medium,2967,look,accepted,observed,0,0.9689,217.7403,0.1331,9.6903,0.1408,228.6735
phone-android,medium,2968,wait,rejected,invalid_time,0,0.6140,216.1063,0.1439,8.8583,0.1697,225.8922
phone-android,medium,2969,move,accepted,moved,1,0.8218,215.3630,95.3609,16.8987,0.3154,328.7598
phone-android,medium,2970,look,accepted,observed,0,1.0020,212.4605,0.1228,9.6780,0.2034,223.4667
phone-android,medium,2971,look,accepted,observed,0,1.0508,217.7970,0.1284,9.4370,0.2079,228.6211
phone-android,medium,2972,talk,rejected,not_eligible,0,1.0931,217.0548,0.1351,9.2178,0.3419,227.8426
phone-android,medium,2973,move,rejected,exit_unavailable,0,0.9911,215.7330,0.1290,8.8505,0.1642,225.8678
phone-android,medium,2974,move,accepted,moved,1,0.8849,218.1634,92.7385,15.8062,0.2642,327.8572
phone-android,medium,2975,choose,rejected,stale_view,0,1.0501,197.6468,0.1482,10.5265,0.2074,209.5789
phone-android,medium,2976,look,accepted,observed,0,0.9441,216.2317,0.1252,10.4159,0.3019,228.0188
phone-android,medium,2977,move,accepted,moved,1,1.0344,214.3361,95.3391,16.5903,0.2096,327.5095
phone-android,medium,2978,move,accepted,moved,1,0.8382,212.9079,92.7486,16.4164,0.1853,323.0963
phone-android,medium,2979,take,rejected,not_present,0,0.7909,216.1144,0.1499,9.6371,0.1480,226.8404
phone-android,medium,2980,look,accepted,observed,0,0.8220,215.2846,0.1268,9.9010,0.1899,226.3243
phone-android,medium,2981,move,rejected,exit_unavailable,0,1.1407,218.7481,0.1413,9.6668,0.1993,229.8963
phone-android,medium,2982,move,accepted,moved,1,0.9988,215.5384,92.9860,17.1098,0.1994,326.8324
phone-android,medium,2983,take,accepted,taken,1,0.8234,216.3526,93.0243,15.7903,0.2332,326.2238
phone-android,medium,2984,drop,rejected,integrity_conflict,0,1.6358,195.9067,0.0119,0.0016,0.1200,197.6761
phone-android,medium,2985,look,accepted,observed,0,1.9180,214.5531,0.1410,10.0262,0.2027,226.8410
phone-android,medium,2986,wait,rejected,invalid_time,0,1.0913,218.2902,0.1365,8.8697,0.1484,228.5361
phone-android,medium,2987,talk,rejected,not_eligible,0,0.7073,216.2749,0.1344,8.9971,0.1566,226.2704
phone-android,medium,2988,look,accepted,observed,0,0.7645,215.7114,0.1240,9.4074,0.1855,226.1928
phone-android,medium,2989,talk,rejected,not_eligible,0,0.9973,217.7963,0.1377,9.9886,0.1925,229.1124
phone-android,medium,2990,drop,accepted,dropped,1,0.7298,215.3123,93.0506,15.8647,0.2091,325.1665
phone-android,medium,2991,move,accepted,moved,1,0.8685,217.3180,93.5360,15.3153,0.1870,327.2248
phone-android,medium,2992,wait,rejected,invalid_time,0,0.9103,214.9181,0.1328,7.8869,0.2088,224.0569
phone-android,medium,2993,take,rejected,not_present,0,0.8333,215.5849,0.1384,10.9925,0.2051,227.7542
phone-android,medium,2994,choose,rejected,invalid_choice,0,1.0116,217.3237,0.1229,9.9551,0.1914,228.6046
phone-android,medium,2995,move,rejected,exit_unavailable,0,1.0716,219.3424,0.1342,8.4874,0.1704,229.2060
phone-android,medium,2996,move,accepted,moved,1,0.8276,215.7840,93.5219,16.1952,0.3031,326.6318
phone-android,medium,2997,take,rejected,not_present,0,1.2854,213.7910,0.1267,9.9047,0.1792,225.2868
phone-android,medium,2998,move,accepted,moved,1,0.9197,217.8294,92.4905,15.2194,0.1946,326.6537
phone-android,medium,2999,look,accepted,observed,0,0.8045,215.6694,0.1339,9.1782,0.1741,225.9600
phone-android,stress,1000,move,accepted,moved,1,0.8597,822.0345,347.9419,30.0535,0.2304,1201.1199
phone-android,stress,1001,move,accepted,moved,1,1.1367,819.7030,350.0531,29.5211,0.3023,1200.7162
phone-android,stress,1002,move,accepted,moved,1,1.0814,820.7064,347.1035,26.3295,0.1899,1195.4106
phone-android,stress,1003,wait,rejected,invalid_time,0,0.7141,823.1906,0.1488,9.4969,0.1808,833.7311
phone-android,stress,1004,move,accepted,moved,1,0.8718,811.4935,349.6676,30.0199,0.2096,1192.2625
phone-android,stress,1005,move,accepted,moved,1,1.1169,820.6859,349.8154,29.0319,0.2078,1200.8579
phone-android,stress,1006,choose,rejected,invalid_choice,0,0.8833,821.6521,0.1309,9.0770,0.1597,831.9031
phone-android,stress,1007,move,accepted,moved,1,0.7189,818.9380,349.4503,29.7359,0.2791,1199.1222
phone-android,stress,1008,look,accepted,observed,0,1.1082,817.0728,0.1493,10.5490,0.2986,829.1779
phone-android,stress,1009,take,rejected,not_present,0,1.0045,833.8502,0.1284,8.8259,0.2170,844.0260
phone-android,stress,1010,move,accepted,moved,1,0.8697,823.9215,350.7941,51.6434,0.2707,1227.4995
phone-android,stress,1011,choose,rejected,invalid_choice,0,1.0809,823.1965,0.1324,9.8803,0.1881,834.4783
phone-android,stress,1012,look,accepted,observed,0,0.8355,826.3520,0.1286,8.6308,0.1760,836.1229
phone-android,stress,1013,talk,rejected,not_eligible,0,0.8650,818.7638,0.1150,7.0201,0.1496,826.9135
phone-android,stress,1014,look,accepted,observed,0,0.6442,819.3687,0.1441,9.2854,0.1655,829.6079
phone-android,stress,1015,move,accepted,moved,1,0.8154,821.6583,347.3976,29.9061,0.2233,1200.0007
phone-android,stress,1016,wait,rejected,invalid_time,0,0.8463,822.8027,0.1283,9.2885,0.1699,833.2358
phone-android,stress,1017,look,accepted,observed,0,0.7886,829.3797,0.1263,8.3583,0.1620,838.8148
phone-android,stress,1018,move,accepted,moved,1,0.7905,817.6209,349.7864,29.2288,0.3175,1197.7441
phone-android,stress,1019,take,accepted,taken,1,1.0908,827.4447,349.4719,28.7783,0.2276,1207.0133
phone-android,stress,1020,look,accepted,observed,0,0.8891,830.6069,0.1199,8.5867,0.1612,840.3638
phone-android,stress,1021,look,accepted,observed,0,0.7617,821.5401,0.1257,8.6748,0.1729,831.2752
phone-android,stress,1022,drop,accepted,dropped,1,0.8282,821.4340,351.2310,30.2771,0.2026,1203.9730
phone-android,stress,1023,activate,rejected,not_eligible,0,0.9624,823.9435,0.1173,8.2945,0.1757,833.4934
phone-android,stress,1024,move,accepted,moved,1,0.8716,824.4591,363.7505,31.6467,0.2648,1220.9928
phone-android,stress,1025,look,accepted,observed,0,1.0861,828.2712,0.1267,8.5969,0.1865,838.2675
phone-android,stress,1026,move,rejected,exit_unavailable,0,0.8752,824.6313,0.1589,8.4866,0.1634,834.3154
phone-android,stress,1027,move,accepted,moved,1,0.7391,819.0477,351.1732,31.1913,0.1936,1202.3449
phone-android,stress,1028,move,accepted,moved,1,1.0535,826.2246,349.6127,29.4482,0.1982,1206.5373
phone-android,stress,1029,look,accepted,observed,0,1.2027,828.7402,0.1257,8.9032,0.1777,839.1496
phone-android,stress,1030,move,accepted,moved,1,0.8799,819.8872,345.9068,29.4114,0.2146,1196.2998
phone-android,stress,1031,look,accepted,observed,0,0.8634,820.3292,0.1264,8.9147,0.1710,830.4048
phone-android,stress,1032,take,rejected,not_present,0,0.8665,822.2361,0.1301,8.3380,0.1821,831.7527
phone-android,stress,1033,take,rejected,not_present,0,0.8564,809.7759,0.1360,8.0567,0.1860,819.0110
phone-android,stress,1034,talk,rejected,not_eligible,0,0.8532,816.7406,0.1203,8.9843,0.1593,826.8576
phone-android,stress,1035,take,rejected,not_present,0,0.7709,814.2844,0.1214,8.0608,0.1519,823.3894
phone-android,stress,1036,look,accepted,observed,0,0.7381,821.3841,0.1094,9.4893,0.2816,832.0025
phone-android,stress,1037,move,accepted,moved,1,1.2082,825.6150,347.3055,29.9673,0.2371,1204.3331
phone-android,stress,1038,talk,rejected,not_owned,0,0.9239,824.8760,0.1347,8.6518,0.1634,834.7498
phone-android,stress,1039,move,accepted,moved,1,0.7616,810.6844,346.1403,30.2944,0.2525,1188.1331
phone-android,stress,1040,activate,rejected,not_eligible,0,0.9316,819.9534,0.1266,9.8515,0.1817,831.0447
phone-android,stress,1041,talk,rejected,not_eligible,0,0.8163,823.4643,0.1247,9.2619,0.3227,833.9899
phone-android,stress,1042,look,accepted,observed,0,0.9176,822.9391,0.1190,8.3113,0.1769,832.4640
phone-android,stress,1043,move,rejected,exit_unavailable,0,0.8662,814.9160,0.1440,9.2471,0.1678,825.3412
phone-android,stress,1044,take,replayed,not_present,0,1.1710,746.1649,0.0102,0.0007,0.1132,747.4600
phone-android,stress,1045,activate,rejected,not_eligible,0,1.2226,818.9145,0.1421,8.7439,0.1738,829.1969
phone-android,stress,1046,look,accepted,observed,0,0.9448,815.3003,0.1385,10.3903,0.2036,826.9775
phone-android,stress,1047,look,accepted,observed,0,0.8224,811.4264,0.1521,9.4292,0.1426,821.9727
phone-android,stress,1048,move,accepted,moved,1,0.6282,822.7928,350.2011,28.9003,0.2062,1202.7287
phone-android,stress,1049,activate,rejected,not_eligible,0,1.0053,815.4547,0.1416,9.4363,0.1769,826.2148
phone-android,stress,1050,move,accepted,moved,1,0.7793,817.8526,354.0047,29.9594,0.1836,1202.7795
phone-android,stress,1051,look,accepted,observed,0,0.7498,823.7562,0.1167,10.0868,0.3652,835.0747
phone-android,stress,1052,wait,rejected,invalid_time,0,1.1304,833.0123,0.2273,9.8117,0.1908,844.3725
phone-android,stress,1053,choose,rejected,invalid_choice,0,0.7527,822.9338,0.1411,9.1775,0.2472,833.2523
phone-android,stress,1054,wait,rejected,invalid_time,0,0.8798,816.2566,0.1487,9.1980,0.3426,826.8258
phone-android,stress,1055,look,accepted,observed,0,0.8459,823.5873,0.1430,8.7420,0.1841,833.5023
phone-android,stress,1056,wait,rejected,invalid_time,0,0.8286,830.0199,0.1339,9.6061,0.2290,840.8175
phone-android,stress,1057,take,accepted,taken,1,1.1379,820.8334,352.3004,28.4058,0.1907,1202.8681
phone-android,stress,1058,move,accepted,moved,1,0.7526,819.2837,352.0400,30.4542,0.2064,1202.7368
phone-android,stress,1059,move,accepted,moved,1,0.9445,822.2505,355.7986,28.9748,0.2124,1208.1808
phone-android,stress,1060,look,accepted,observed,0,0.8364,824.0868,0.1317,7.8426,0.1710,833.0685
phone-android,stress,1061,talk,rejected,not_eligible,0,0.7890,817.3291,0.1206,8.4103,0.1733,826.8223
phone-android,stress,1062,wait,rejected,invalid_time,0,0.8008,820.1376,0.1207,8.9719,0.1630,830.1940
phone-android,stress,1063,take,replayed,not_present,0,1.6002,754.6470,0.0047,0.0005,0.0759,756.3282
phone-android,stress,1064,move,accepted,moved,1,0.8154,833.7506,354.6973,29.7326,0.1910,1219.1869
phone-android,stress,1065,choose,rejected,invalid_choice,0,1.0433,823.1171,0.1478,9.3009,0.1729,833.7819
phone-android,stress,1066,move,accepted,moved,1,0.8053,828.6913,353.4533,34.7047,0.2354,1217.8899
phone-android,stress,1067,move,accepted,moved,1,0.9991,833.1249,351.1948,30.2526,0.2084,1215.7798
phone-android,stress,1068,drop,replayed,dropped,0,1.2582,743.4234,0.0092,0.0006,0.0987,744.7901
phone-android,stress,1069,look,accepted,observed,0,1.0919,825.0665,0.1339,8.6379,0.1791,835.1092
phone-android,stress,1070,move,accepted,moved,1,0.7966,823.3414,349.0661,30.6897,0.2532,1204.1470
phone-android,stress,1071,move,accepted,moved,1,1.1629,821.1559,351.5260,31.2535,0.1796,1205.2779
phone-android,stress,1072,talk,accepted,choice_opened,1,0.7048,824.0502,348.5513,30.0704,0.2419,1203.6187
phone-android,stress,1073,activate,rejected,not_eligible,0,0.9010,828.5343,0.1449,9.6553,0.1780,839.4136
phone-android,stress,1074,move,accepted,moved,1,0.8794,820.3178,346.1747,31.9306,0.2485,1199.5510
phone-android,stress,1075,look,accepted,observed,0,1.1573,826.6853,0.1202,9.1840,0.1735,837.3203
phone-android,stress,1076,move,accepted,moved,1,0.8210,822.2851,354.7602,30.8343,0.2485,1208.9492
phone-android,stress,1077,move,accepted,moved,1,0.9263,817.1508,351.0403,42.6761,0.2665,1212.0600
phone-android,stress,1078,move,accepted,moved,1,1.1843,814.3798,349.3660,29.6731,0.2256,1194.8288
phone-android,stress,1079,move,accepted,moved,1,0.9252,831.0684,350.8639,30.6097,0.2384,1213.7056
phone-android,stress,1080,move,accepted,moved,1,0.9695,827.8266,350.7977,30.0909,0.2041,1209.8888
phone-android,stress,1081,talk,accepted,choice_opened,1,0.9865,823.5661,355.1202,26.6776,0.1927,1206.5431
phone-android,stress,1082,look,accepted,observed,0,0.6994,822.9063,0.1294,9.0010,0.1677,832.9037
phone-android,stress,1083,choose,rejected,stale_view,0,0.8825,744.9652,0.1267,8.4796,0.1654,754.6194
phone-android,stress,1084,activate,rejected,not_eligible,0,0.8427,827.2745,0.1380,8.3671,0.1348,836.7571
phone-android,stress,1085,wait,rejected,invalid_time,0,0.6245,819.0697,0.1577,8.7527,0.1467,828.7513
phone-android,stress,1086,move,rejected,exit_unavailable,0,0.6145,818.5982,0.1339,10.0030,0.2102,829.5597
phone-android,stress,1087,activate,rejected,not_eligible,0,0.8168,826.2074,0.1192,7.6355,0.1461,834.9249
phone-android,stress,1088,look,accepted,observed,0,0.6059,822.9286,0.1134,8.2016,0.1681,832.0176
phone-android,stress,1089,move,accepted,moved,1,1.0621,826.0255,356.9277,30.3905,0.2703,1214.6761
phone-android,stress,1090,move,accepted,moved,1,1.1383,814.1144,350.6374,30.4711,0.1938,1196.5551
phone-android,stress,1091,close_choice,accepted,choice_closed,1,0.8483,825.3679,352.2355,31.0458,0.2223,1209.7199
phone-android,stress,1092,look,accepted,observed,0,1.0420,828.9574,0.1135,8.9501,0.1901,839.2531
phone-android,stress,1093,activate,rejected,not_eligible,0,0.8943,818.5575,0.1431,8.6598,0.1409,828.3957
phone-android,stress,1094,move,accepted,moved,1,0.6284,822.4876,348.2661,31.6816,0.2286,1203.2924
phone-android,stress,1095,look,accepted,observed,0,0.9969,822.7854,0.1369,9.5329,0.1706,833.6226
phone-android,stress,1096,look,accepted,observed,0,0.8609,833.0512,0.1420,8.6052,0.1792,842.8385
phone-android,stress,1097,move,accepted,moved,1,0.8152,815.7301,352.3619,30.8897,0.2355,1200.0325
phone-android,stress,1098,look,accepted,observed,0,1.1468,821.8115,0.1058,7.8838,0.1460,831.0939
phone-android,stress,1099,choose,rejected,invalid_choice,0,0.8241,821.9238,0.1153,7.6190,0.1543,830.6364
phone-android,stress,1100,activate,rejected,not_eligible,0,0.6334,821.6232,0.1320,9.4664,0.1754,832.0303
phone-android,stress,1101,look,accepted,observed,0,0.8423,827.4620,0.1625,7.9386,0.1405,836.5459
phone-android,stress,1102,move,accepted,moved,1,0.6668,816.6952,348.1933,28.4777,0.2316,1194.2647
phone-android,stress,1103,move,accepted,moved,1,0.9143,827.2271,353.2459,29.0982,0.1889,1210.6743
phone-android,stress,1104,look,accepted,observed,0,0.7406,827.3462,0.1060,8.1591,0.1890,836.5410
phone-android,stress,1105,drop,accepted,dropped,1,0.8825,820.3749,351.2153,29.5034,0.2149,1202.1910
phone-android,stress,1106,look,accepted,observed,0,0.8870,821.0565,0.1258,8.0270,0.1728,830.2692
phone-android,stress,1107,move,accepted,moved,1,0.7118,821.9824,350.6994,29.7972,0.2117,1203.4025
phone-android,stress,1108,move,accepted,moved,1,0.8855,824.8360,346.9119,29.5666,0.1740,1202.3740
phone-android,stress,1109,wait,rejected,invalid_time,0,0.9095,825.0177,0.1439,8.4954,0.1551,834.7215
phone-android,stress,1110,move,rejected,exit_unavailable,0,0.7064,814.7203,0.1215,8.4094,0.1769,824.1345
phone-android,stress,1111,move,accepted,moved,1,0.7538,815.8791,345.2042,28.7848,0.2216,1190.8435
phone-android,stress,1112,look,accepted,observed,0,1.0997,822.1848,0.1308,9.7929,0.1758,833.3840
phone-android,stress,1113,look,accepted,observed,0,0.8349,824.7308,0.1182,8.1680,0.1733,834.0252
phone-android,stress,1114,look,accepted,observed,0,0.8638,816.4278,0.1357,8.5476,0.1723,826.1472
phone-android,stress,1115,look,accepted,observed,0,0.8501,819.0391,0.1481,9.7194,0.1639,829.9206
phone-android,stress,1116,move,accepted,moved,1,0.8704,819.8691,350.9699,28.6792,0.2129,1200.6014
phone-android,stress,1117,look,accepted,observed,0,0.7011,835.0601,0.1229,9.4823,0.2768,845.6432
phone-android,stress,1118,move,accepted,moved,1,0.9396,819.9622,347.0616,30.5860,0.2292,1198.7787
phone-android,stress,1119,look,accepted,observed,0,0.9172,822.1067,0.1293,9.0235,0.1796,832.3563
phone-android,stress,1120,look,accepted,observed,0,0.7854,825.0101,0.1322,5.6068,0.2101,831.7446
phone-android,stress,1121,move,rejected,exit_unavailable,0,0.9395,823.9755,0.1358,8.3687,0.1677,833.5872
phone-android,stress,1122,activate,rejected,not_eligible,0,0.7820,821.9061,0.1406,9.1121,0.1706,832.1114
phone-android,stress,1123,wait,rejected,invalid_time,0,0.7542,824.1465,0.1286,8.1190,0.1597,833.3081
phone-android,stress,1124,look,accepted,observed,0,0.7071,823.3742,0.1608,11.1117,0.2192,835.5731
phone-android,stress,1125,move,accepted,moved,1,0.8081,827.1078,365.4310,36.0258,0.2234,1229.5962
phone-android,stress,1126,move,accepted,moved,1,0.9982,817.7909,348.3809,29.8895,0.2067,1197.2662
phone-android,stress,1127,choose,rejected,stale_view,0,0.8774,754.0667,0.1275,9.6087,0.1530,764.8333
phone-android,stress,1128,choose,rejected,invalid_choice,0,0.7504,815.7445,0.1553,9.2451,0.1857,826.0809
phone-android,stress,1129,look,accepted,observed,0,0.7893,824.0371,0.1516,9.1215,0.1742,834.2737
phone-android,stress,1130,take,rejected,not_present,0,0.8227,818.0538,0.1420,8.7836,0.1691,827.9712
phone-android,stress,1131,choose,rejected,invalid_choice,0,0.7643,824.5648,0.1406,9.1670,0.2204,834.8570
phone-android,stress,1132,look,accepted,observed,0,1.1623,830.9167,0.1232,8.9297,0.2446,841.3766
phone-android,stress,1133,move,accepted,moved,1,1.0019,826.3784,351.1571,29.2665,0.2646,1208.0685
phone-android,stress,1134,move,rejected,exit_unavailable,0,1.0223,819.3146,0.1416,7.9669,0.1996,828.6450
phone-android,stress,1135,look,accepted,observed,0,0.7391,831.5225,0.1224,9.3378,0.1798,841.9016
phone-android,stress,1136,activate,rejected,not_eligible,0,0.8928,812.7324,0.1518,8.7383,0.1735,822.6888
phone-android,stress,1137,look,accepted,observed,0,0.8117,820.0934,0.1227,8.5886,0.1617,829.7780
phone-android,stress,1138,look,accepted,observed,0,0.8356,820.0027,0.1263,8.7180,0.1690,829.8515
phone-android,stress,1139,move,accepted,moved,1,0.7934,821.8165,348.0245,28.5775,0.2220,1199.4339
phone-android,stress,1140,move,accepted,moved,1,0.9054,823.6838,360.3345,36.8583,0.2372,1222.0193
phone-android,stress,1141,choose,rejected,invalid_choice,0,1.0367,822.1789,0.1488,9.3291,0.1743,832.8678
phone-android,stress,1142,look,accepted,observed,0,0.7459,823.2066,0.1251,8.4766,0.1638,832.7179
phone-android,stress,1143,move,accepted,moved,1,0.8687,820.4692,350.0422,27.5558,0.1932,1199.1291
phone-android,stress,1144,look,accepted,observed,0,0.7515,821.7658,0.1889,9.1722,0.1889,832.0673
phone-android,stress,1145,take,rejected,not_present,0,0.9429,826.9262,0.1479,8.8469,0.2938,837.1577
phone-android,stress,1146,look,accepted,observed,0,1.0498,828.5831,0.1554,9.1188,0.1666,839.0737
phone-android,stress,1147,wait,rejected,invalid_time,0,0.7861,820.0339,0.2485,7.8623,0.1361,829.0670
phone-android,stress,1148,choose,rejected,invalid_choice,0,0.6184,818.7335,0.1435,9.0658,0.1694,828.7307
phone-android,stress,1149,move,accepted,moved,1,0.7827,820.7715,353.0972,31.0835,0.2189,1205.9538
phone-android,stress,1150,take,accepted,taken,1,0.9786,829.3575,356.3757,53.2413,0.2506,1240.2038
phone-android,stress,1151,move,accepted,moved,1,0.8314,824.2641,349.9201,31.7306,0.2248,1206.9711
phone-android,stress,1152,drop,accepted,dropped,1,1.1741,823.0932,348.6085,26.9675,0.1843,1200.0276
phone-android,stress,1153,look,accepted,observed,0,0.7004,822.9516,0.1471,8.7540,0.1739,832.7270
phone-android,stress,1154,move,accepted,moved,1,0.8995,816.2819,348.7645,28.5683,0.2296,1194.7438
phone-android,stress,1155,look,accepted,observed,0,0.9637,822.0723,0.1293,8.5756,0.1638,831.9047
phone-android,stress,1156,move,accepted,moved,1,0.8016,824.3786,370.7364,37.0542,0.3287,1233.2995
phone-android,stress,1157,look,accepted,observed,0,1.4361,813.6116,0.1507,9.1958,0.1642,824.5585
phone-android,stress,1158,move,rejected,exit_unavailable,0,0.8094,820.4386,0.1312,7.8913,0.2016,829.4721
phone-android,stress,1159,look,accepted,observed,0,0.8889,814.1064,0.1237,8.5031,0.1738,823.7959
phone-android,stress,1160,move,accepted,moved,1,0.8548,817.4158,343.5405,23.9497,0.1990,1185.9599
phone-android,stress,1161,move,accepted,moved,1,0.8096,832.5571,348.7693,28.8409,0.1756,1211.1525
phone-android,stress,1162,talk,rejected,not_eligible,0,0.8367,817.5667,0.3074,9.1624,0.1732,828.0466
phone-android,stress,1163,look,accepted,observed,0,0.8927,819.1515,0.1207,8.4966,0.1648,828.8264
phone-android,stress,1164,look,accepted,observed,0,0.7970,821.2823,0.1306,8.3180,0.1656,830.6935
phone-android,stress,1165,look,accepted,observed,0,0.7566,816.1173,0.1089,7.5570,0.1553,824.6952
phone-android,stress,1166,look,accepted,observed,0,0.6565,823.3724,0.1373,7.6115,0.1710,831.9487
phone-android,stress,1167,move,rejected,exit_unavailable,0,0.7737,817.5481,0.1361,9.9016,0.1753,828.5348
phone-android,stress,1168,look,accepted,observed,0,0.7861,816.6598,0.1396,9.5290,0.2492,827.3637
phone-android,stress,1169,wait,rejected,invalid_time,0,1.2084,816.6799,0.1337,9.6290,0.1892,827.8402
phone-android,stress,1170,move,accepted,moved,1,0.9453,823.5113,351.1843,29.5177,0.2682,1205.4268
phone-android,stress,1171,look,accepted,observed,0,1.0219,828.4748,0.1310,9.3376,0.1753,839.1407
phone-android,stress,1172,take,rejected,not_present,0,0.8092,852.8332,0.1447,9.1054,0.1836,863.0761
phone-android,stress,1173,move,accepted,moved,1,0.7947,817.9252,349.5032,29.7324,0.2299,1198.1854
phone-android,stress,1174,activate,rejected,not_eligible,0,0.9190,828.1444,0.1204,8.5178,0.2819,837.9834
phone-android,stress,1175,wait,rejected,invalid_time,0,0.8695,824.9299,0.1389,8.7416,0.1778,834.8576
phone-android,stress,1176,take,accepted,taken,1,0.7732,826.1682,342.4957,27.2045,0.1928,1196.8344
phone-android,stress,1177,activate,rejected,not_eligible,0,0.7264,818.2650,0.1418,8.9190,0.1928,828.2450
phone-android,stress,1178,wait,rejected,invalid_time,0,0.9756,824.6662,0.1432,9.5191,0.1776,835.4817
phone-android,stress,1179,move,accepted,moved,1,0.7834,815.4322,350.8066,28.0705,0.2210,1195.3137
phone-android,stress,1180,move,accepted,moved,1,0.8777,819.6908,346.2765,29.1955,0.2350,1196.2755
phone-android,stress,1181,choose,rejected,invalid_choice,0,0.9448,824.3872,0.1291,9.7026,0.2370,835.4008
phone-android,stress,1182,wait,rejected,invalid_time,0,0.9687,827.9644,0.1276,8.7230,0.1687,837.9523
phone-android,stress,1183,look,accepted,observed,0,0.7984,818.2775,0.2382,9.9083,0.1586,829.3810
phone-android,stress,1184,look,accepted,observed,0,0.7775,823.2221,0.1346,7.9206,0.1448,832.1995
phone-android,stress,1185,move,accepted,moved,1,0.6023,821.7676,348.0843,31.2860,0.2626,1202.0029
phone-android,stress,1186,activate,rejected,not_eligible,0,1.1261,823.2617,0.1157,8.5990,0.2760,833.3784
phone-android,stress,1187,close_choice,rejected,invalid_choice,0,0.9556,821.4246,0.1291,8.0838,0.1643,830.7573
phone-android,stress,1188,move,accepted,moved,1,0.8360,816.7954,349.7259,31.5588,0.2540,1199.1700
phone-android,stress,1189,close_choice,rejected,invalid_choice,0,1.0206,824.0135,0.1258,7.4953,0.2104,832.8655
phone-android,stress,1190,look,accepted,observed,0,0.7790,825.2988,0.1318,9.1152,0.1689,835.4937
phone-android,stress,1191,move,rejected,exit_unavailable,0,0.8388,822.1595,0.1218,8.8141,0.1409,832.0751
phone-android,stress,1192,look,accepted,observed,0,0.6465,816.4592,0.1501,9.1997,0.1560,826.6115
phone-android,stress,1193,look,accepted,observed,0,0.7845,817.1575,0.1199,9.1735,0.1568,827.3923
phone-android,stress,1194,wait,rejected,invalid_time,0,0.7028,812.5764,0.1383,9.7894,0.1801,823.3871
phone-android,stress,1195,move,accepted,moved,1,0.8530,823.7662,351.6708,29.5171,0.1997,1206.0067
phone-android,stress,1196,choose,rejected,invalid_choice,0,0.8534,824.1785,0.1354,8.3617,0.1409,833.6699
phone-android,stress,1197,talk,accepted,choice_opened,1,0.6161,817.4513,348.9240,30.8149,0.2622,1198.0686
phone-android,stress,1198,move,rejected,exit_unavailable,0,1.0716,823.4061,0.1136,7.4669,0.1358,832.1939
phone-android,stress,1199,look,accepted,observed,0,0.5957,834.6709,0.1704,10.1799,0.2031,845.8200
phone-android,stress,1200,talk,accepted,choice_opened,1,0.9773,829.7671,349.6510,23.8972,0.1963,1204.4890
phone-android,stress,1201,look,accepted,observed,0,0.8494,820.5522,0.1408,8.1411,0.1374,829.8209
phone-android,stress,1202,drop,accepted,dropped,1,0.6889,821.7219,347.9159,28.4773,0.1833,1198.9873
phone-android,stress,1203,look,accepted,observed,0,0.7365,827.0213,0.1452,8.3920,0.1409,836.4359
phone-android,stress,1204,move,accepted,moved,1,0.6973,820.3021,348.8135,30.9068,0.2311,1200.9509
phone-android,stress,1205,look,accepted,observed,0,0.9940,822.6671,0.1314,9.5986,0.1730,833.5641
phone-android,stress,1206,move,accepted,moved,1,0.8705,818.3233,351.1739,29.0310,0.2110,1199.6098
phone-android,stress,1207,move,accepted,moved,1,0.9603,828.9865,350.4834,29.4623,0.2216,1210.1141
phone-android,stress,1208,look,accepted,observed,0,0.9163,825.2674,0.1443,8.9843,0.1353,835.4475
phone-android,stress,1209,move,accepted,moved,1,0.6163,820.9745,352.7536,29.7054,0.2171,1204.2669
phone-android,stress,1210,take,accepted,taken,1,0.9113,829.0839,348.7658,31.1544,0.4171,1210.3324
phone-android,stress,1211,choose,rejected,invalid_choice,0,1.2902,824.9783,0.1381,9.0209,0.1694,835.5969
phone-android,stress,1212,look,accepted,observed,0,0.7940,821.4178,0.1304,7.9403,0.1419,830.4244
phone-android,stress,1213,move,accepted,moved,1,0.6206,817.0744,346.6563,27.3915,0.1927,1191.9355
phone-android,stress,1214,move,rejected,exit_unavailable,0,0.7334,819.4930,0.1265,8.8915,0.1753,829.4197
phone-android,stress,1215,move,accepted,moved,1,0.9133,824.4844,349.7787,31.7168,0.2549,1207.1482
phone-android,stress,1216,look,accepted,observed,0,1.1129,825.5015,0.1502,9.8357,0.1567,836.7571
phone-android,stress,1217,move,accepted,moved,1,0.8005,823.6625,348.2047,42.1120,0.2602,1215.0399
phone-android,stress,1218,look,accepted,observed,0,1.1502,821.5373,0.1105,9.1557,0.1849,832.1387
phone-android,stress,1219,choose,rejected,stale_view,0,0.8605,745.4276,0.1157,8.0093,0.2818,754.6949
phone-android,stress,1220,wait,rejected,invalid_time,0,1.0438,815.9291,0.1522,8.4722,0.1729,825.7702
phone-android,stress,1221,look,accepted,observed,0,0.9404,828.0873,0.1192,8.0669,0.1807,837.3945
phone-android,stress,1222,look,accepted,observed,0,0.8751,816.9256,0.1336,9.5901,0.1640,827.6884
phone-android,stress,1223,move,accepted,moved,1,0.9178,816.3560,348.1768,31.1975,0.2127,1196.8608
phone-android,stress,1224,wait,rejected,invalid_time,0,0.9622,818.0783,0.1207,8.7332,0.1729,828.0673
phone-android,stress,1225,drop,accepted,dropped,1,0.9307,827.0905,349.4162,31.3873,0.2383,1209.0630
phone-android,stress,1226,move,accepted,moved,1,1.1353,830.0902,351.7080,27.8623,0.1682,1210.9640
phone-android,stress,1227,move,rejected,exit_unavailable,0,0.8983,825.0735,0.1407,9.8366,0.1680,836.1171
phone-android,stress,1228,move,accepted,moved,1,0.9035,829.7773,350.7247,31.3780,0.4839,1213.2674
phone-android,stress,1229,look,accepted,observed,0,0.9405,832.6130,0.1486,9.0655,0.1685,842.9361
phone-android,stress,1230,look,accepted,observed,0,0.7934,816.4717,0.1231,7.9505,0.2027,825.5414
phone-android,stress,1231,take,accepted,taken,1,0.8201,821.9354,349.8939,29.0076,0.2244,1201.8814
phone-android,stress,1232,drop,accepted,dropped,1,0.9864,824.0959,350.2051,29.6304,0.2359,1205.1536
phone-android,stress,1233,wait,rejected,invalid_time,0,0.9279,827.5114,0.1242,9.3265,0.1748,838.0648
phone-android,stress,1234,choose,rejected,invalid_choice,0,0.9458,823.7973,0.1472,9.0143,0.1563,834.0609
phone-android,stress,1235,look,accepted,observed,0,0.9113,821.9998,0.1305,9.1816,0.1765,832.3996
phone-android,stress,1236,drop,replayed,dropped,0,1.1972,747.9004,0.0072,0.0008,0.0930,749.1986
phone-android,stress,1237,move,accepted,moved,1,1.1211,830.8240,352.2048,28.6152,0.1655,1212.9305
phone-android,stress,1238,move,accepted,moved,1,0.7263,825.5907,354.4116,30.0071,0.2629,1210.9986
phone-android,stress,1239,take,rejected,not_present,0,1.0799,824.8934,0.1314,10.3939,0.1840,836.6826
phone-android,stress,1240,move,accepted,moved,1,0.8320,831.5791,350.5900,29.1647,0.1935,1212.3594
phone-android,stress,1241,choose,rejected,stale_view,0,1.0479,754.8892,0.1181,8.7390,0.1672,764.9614
phone-android,stress,1242,move,accepted,moved,1,0.8697,824.5574,357.8085,37.0321,0.1759,1220.4436
phone-android,stress,1243,move,accepted,moved,1,0.7855,809.9170,351.8439,27.6084,0.1868,1190.3416
phone-android,stress,1244,move,accepted,moved,1,0.7624,824.8470,352.0922,29.2329,0.2057,1207.1402
phone-android,stress,1245,move,accepted,moved,1,0.8977,823.5413,348.6964,30.3645,0.1847,1203.6847
phone-android,stress,1246,close_choice,accepted,choice_closed,1,1.0384,825.1243,360.7049,32.5105,0.2204,1219.5985
phone-android,stress,1247,activate,rejected,not_eligible,0,1.0869,826.5319,0.1384,9.1008,0.1710,837.0289
phone-android,stress,1248,move,accepted,moved,1,0.7774,824.5100,346.2800,27.1992,0.1771,1198.9437
phone-android,stress,1249,wait,rejected,invalid_time,0,0.7229,804.6874,0.1199,9.5709,0.1610,815.2621
phone-android,stress,1250,take,accepted,taken,1,0.7461,816.9763,349.6107,29.2011,0.1719,1196.7061
phone-android,stress,1251,wait,rejected,invalid_time,0,0.6509,801.5046,0.1265,8.7824,0.2480,811.3124
phone-android,stress,1252,move,accepted,moved,1,0.8723,806.5758,343.8813,30.3826,0.2090,1181.9209
phone-android,stress,1253,look,accepted,observed,0,0.8692,814.2526,0.1209,8.4695,0.1415,823.8537
phone-android,stress,1254,wait,rejected,invalid_time,0,0.6700,824.2720,0.1340,9.1867,0.2628,834.5254
phone-android,stress,1255,look,accepted,observed,0,0.9327,827.0763,0.1252,8.6894,0.1684,836.9920
phone-android,stress,1256,talk,rejected,not_eligible,0,0.8188,825.7811,0.1392,8.5863,0.1677,835.4930
phone-android,stress,1257,move,accepted,moved,1,0.8846,823.8825,347.8128,29.6504,0.2207,1202.4510
phone-android,stress,1258,move,accepted,moved,1,0.8749,824.4398,349.5828,27.3413,0.1916,1202.4304
phone-android,stress,1259,move,accepted,moved,1,0.7649,826.2441,360.8105,28.4678,0.2164,1216.5037
phone-android,stress,1260,look,accepted,observed,0,0.8911,823.2703,0.1222,7.9979,0.1336,832.4151
phone-android,stress,1261,wait,rejected,invalid_time,0,0.6520,811.4908,0.1160,8.7690,0.1659,821.1937
phone-android,stress,1262,move,accepted,moved,1,0.7819,819.7554,353.0837,32.0436,0.2299,1205.8947
phone-android,stress,1263,talk,rejected,not_eligible,0,1.1257,825.7806,0.1337,9.0222,0.1761,836.2384
phone-android,stress,1264,look,accepted,observed,0,0.8243,823.5704,0.1234,7.9107,0.1622,832.5911
phone-android,stress,1265,move,accepted,moved,1,0.9088,823.5147,350.7057,29.5449,0.2326,1204.9067
phone-android,stress,1266,move,accepted,moved,1,0.9822,819.5191,347.5337,29.1816,0.2241,1197.4408
phone-android,stress,1267,look,accepted,observed,0,0.8439,827.4141,0.1478,9.3814,0.1346,837.9218
phone-android,stress,1268,look,accepted,observed,0,0.6755,817.4762,0.1211,7.5527,0.1380,825.9635
phone-android,stress,1269,look,accepted,observed,0,0.7254,821.2865,0.1336,8.8406,0.2702,831.2563
phone-android,stress,1270,move,accepted,moved,1,1.1856,820.2843,350.3545,28.5859,0.2243,1200.6346
phone-android,stress,1271,look,accepted,observed,0,0.9142,839.2554,0.1065,7.5142,0.1321,847.9225
phone-android,stress,1272,drop,accepted,dropped,1,0.6418,823.2891,354.0750,29.2403,0.2029,1207.4491
phone-android,stress,1273,move,accepted,moved,1,0.6820,827.1169,352.0465,47.8891,0.1727,1227.9072
phone-android,stress,1274,look,accepted,observed,0,0.7384,824.5014,0.2692,8.9588,0.1599,834.6277
phone-android,stress,1275,look,accepted,observed,0,0.8193,827.8170,0.1428,9.4172,0.1706,838.3668
phone-android,stress,1276,take,rejected,not_present,0,0.7861,825.9329,0.1334,7.7984,0.1451,834.7959
phone-android,stress,1277,look,accepted,observed,0,0.6853,813.5292,0.1203,9.3393,0.1689,823.8429
phone-android,stress,1278,look,accepted,observed,0,0.9255,829.1037,0.1344,8.9603,0.1761,839.3000
phone-android,stress,1279,look,accepted,observed,0,0.8145,820.7982,0.1117,6.8890,0.1384,828.7518
phone-android,stress,1280,take,rejected,not_present,0,0.6609,818.2373,0.1354,8.5548,0.1451,827.7335
phone-android,stress,1281,move,accepted,moved,1,0.6880,822.6390,346.1853,29.9756,0.2269,1199.7149
phone-android,stress,1282,look,accepted,observed,0,0.9031,823.0623,0.1326,9.7765,0.1802,834.0547
phone-android,stress,1283,move,accepted,moved,1,0.8807,830.3789,352.8811,28.0548,0.1842,1212.3798
phone-android,stress,1284,wait,rejected,invalid_time,0,0.6607,827.8736,0.1493,10.0640,0.1725,838.9201
phone-android,stress,1285,look,accepted,observed,0,0.8235,821.4347,0.1438,8.4678,0.1631,831.0329
phone-android,stress,1286,move,accepted,moved,1,0.7861,818.6995,350.7975,28.3470,0.1980,1198.8282
phone-android,stress,1287,move,accepted,moved,1,0.8988,820.5535,354.0755,29.4004,0.1912,1205.1193
phone-android,stress,1288,look,accepted,observed,0,0.9766,825.1283,0.1567,10.9127,0.1485,837.3227
phone-android,stress,1289,move,accepted,moved,1,0.7539,831.5020,362.1851,36.8709,0.2316,1231.5435
phone-android,stress,1290,wait,rejected,invalid_time,0,1.1518,821.2474,0.1427,9.0449,0.1697,831.7564
phone-android,stress,1291,look,accepted,observed,0,0.8952,821.0070,0.1366,8.5738,0.1724,830.7848
phone-android,stress,1292,wait,rejected,invalid_time,0,0.8220,822.4573,0.1331,9.7088,0.1644,833.2856
phone-android,stress,1293,move,accepted,moved,1,0.8483,817.9578,348.2089,27.6120,0.2138,1194.8407
phone-android,stress,1294,wait,rejected,invalid_time,0,0.7952,830.6454,0.1220,8.4853,0.1565,840.2044
phone-android,stress,1295,look,accepted,observed,0,0.7380,826.3052,0.1489,9.4832,0.1672,836.8426
phone-android,stress,1296,move,accepted,moved,1,0.8467,820.3017,351.4385,30.6804,0.2159,1203.4833
phone-android,stress,1297,activate,rejected,not_eligible,0,0.9136,821.7067,0.1196,8.9943,0.1841,831.9184
phone-android,stress,1298,look,accepted,observed,0,0.9055,816.3136,0.1418,9.4669,0.1711,826.9989
phone-android,stress,1299,look,accepted,observed,0,0.7885,823.1504,0.1232,7.7708,0.1830,832.0160
phone-android,stress,1300,talk,rejected,not_eligible,0,0.8574,823.8022,0.1367,9.6167,0.1809,834.5938
phone-android,stress,1301,take,rejected,not_present,0,0.8210,826.2614,0.1084,8.7671,0.2444,836.2023
phone-android,stress,1302,move,accepted,moved,1,0.9793,831.7134,350.3733,29.2227,0.2285,1212.5172
phone-android,stress,1303,move,rejected,exit_unavailable,0,0.9461,822.3515,0.1332,9.4427,0.1820,833.0556
phone-android,stress,1304,look,accepted,observed,0,0.7777,824.2399,0.1058,8.4634,0.1859,833.7727
phone-android,stress,1305,wait,rejected,invalid_time,0,0.8415,817.5126,0.1436,8.6570,0.1767,827.3314
phone-android,stress,1306,move,accepted,moved,1,0.7639,812.8452,348.1286,30.3505,0.2044,1192.2926
phone-android,stress,1307,activate,rejected,not_eligible,0,0.8985,820.9461,0.1232,8.3782,0.1575,830.5036
phone-android,stress,1308,look,accepted,observed,0,0.7786,820.6617,0.1074,8.5038,0.1769,830.2285
phone-android,stress,1309,look,accepted,observed,0,0.8907,816.5117,0.1423,8.4246,0.1864,826.1557
phone-android,stress,1310,look,accepted,observed,0,0.8282,821.6017,0.2036,8.1874,0.1734,830.9944
phone-android,stress,1311,wait,rejected,invalid_time,0,0.7898,824.9254,0.1359,9.7515,0.2226,835.8253
phone-android,stress,1312,look,accepted,observed,0,1.0396,824.2429,0.1425,8.3380,0.1636,833.9267
phone-android,stress,1313,look,accepted,observed,0,0.7677,815.3548,0.1357,9.5390,0.2007,825.9977
phone-android,stress,1314,wait,rejected,invalid_time,0,1.0170,825.3150,0.1389,8.3014,0.1769,834.9491
phone-android,stress,1315,take,rejected,not_present,0,0.8060,822.7717,0.1199,8.3398,0.1964,832.2338
phone-android,stress,1316,wait,rejected,invalid_time,0,0.9037,822.1959,0.1347,8.7469,0.1647,832.1460
phone-android,stress,1317,look,accepted,observed,0,0.8097,820.7895,0.1597,8.6944,0.1768,830.6301
phone-android,stress,1318,look,accepted,observed,0,0.8432,817.4988,0.1270,9.2566,0.1733,827.8989
phone-android,stress,1319,activate,rejected,not_eligible,0,0.8854,822.5071,0.1533,9.9634,0.1738,833.6830
phone-android,stress,1320,look,accepted,observed,0,0.8289,825.5797,0.1236,8.0967,0.1515,834.7803
phone-android,stress,1321,activate,rejected,not_eligible,0,1.0071,821.7854,0.1130,8.6103,0.1762,831.6920
phone-android,stress,1322,look,accepted,observed,0,0.9136,825.0918,0.1395,8.9928,0.1408,835.2785
phone-android,stress,1323,look,accepted,observed,0,0.6213,814.5477,0.1277,8.3460,0.1622,823.8049
phone-android,stress,1324,move,accepted,moved,1,0.8881,819.9652,348.4259,29.7588,0.2397,1199.2778
phone-android,stress,1325,look,accepted,observed,0,0.9318,820.4792,0.1180,8.1007,0.1902,829.8198
phone-android,stress,1326,wait,rejected,invalid_time,0,0.8872,831.5598,0.1396,8.3327,0.1941,841.1134
phone-android,stress,1327,look,accepted,observed,0,0.8596,826.7008,0.1355,9.1895,0.1559,837.0413
phone-android,stress,1328,wait,rejected,invalid_time,0,0.8006,827.5953,0.1323,9.4418,0.1775,838.1475
phone-android,stress,1329,look,accepted,observed,0,0.7985,819.2989,0.1213,8.0907,0.1868,828.4962
phone-android,stress,1330,look,accepted,observed,0,0.7883,821.7903,0.1253,8.6709,0.1715,831.5463
phone-android,stress,1331,look,accepted,observed,0,0.7735,829.5490,0.1290,8.6932,0.2282,839.3729
phone-android,stress,1332,take,rejected,not_present,0,0.7982,820.6582,0.1332,8.4383,0.1545,830.1823
phone-android,stress,1333,move,accepted,moved,1,0.7909,819.4585,349.9763,30.3303,0.2031,1200.7592
phone-android,stress,1334,choose,rejected,invalid_choice,0,0.9190,828.4124,0.1273,9.8965,0.1741,839.5294
phone-android,stress,1335,move,rejected,exit_unavailable,0,0.8277,828.1413,0.1309,8.9629,0.1817,838.2446
phone-android,stress,1336,wait,rejected,invalid_time,0,0.8373,822.0010,0.1441,8.5995,0.1573,831.7391
phone-android,stress,1337,move,accepted,moved,1,0.7003,818.9017,354.5057,29.4795,0.2581,1203.8454
phone-android,stress,1338,look,accepted,observed,0,1.0195,830.4154,0.1392,9.3715,0.1507,841.0962
phone-android,stress,1339,look,accepted,observed,0,0.7249,815.9249,0.1324,8.3147,0.1379,825.2349
phone-android,stress,1340,move,accepted,moved,1,0.6203,825.1487,346.9152,29.8242,0.2217,1202.7301
phone-android,stress,1341,move,accepted,moved,1,0.9206,819.8738,355.4724,29.3310,0.1954,1205.7933
phone-android,stress,1342,move,accepted,moved,1,1.1423,832.8036,351.3084,30.0819,0.2442,1215.5804
phone-android,stress,1343,look,accepted,observed,0,1.1062,834.1007,0.1195,9.0097,0.1658,844.5019
phone-android,stress,1344,move,accepted,moved,1,0.8280,826.5140,350.9175,29.1261,0.2169,1207.6025
phone-android,stress,1345,move,accepted,moved,1,0.8984,818.4305,348.9354,30.2924,0.2226,1198.7793
phone-android,stress,1346,move,rejected,exit_unavailable,0,0.9956,826.1921,0.2387,9.1694,0.1780,836.7738
phone-android,stress,1347,wait,rejected,invalid_time,0,0.9594,827.1946,0.1349,10.9410,0.2354,839.4654
phone-android,stress,1348,look,accepted,observed,0,1.0589,829.0493,0.1288,7.6657,0.1673,838.0700
phone-android,stress,1349,move,accepted,moved,1,0.8404,819.0046,354.4153,30.1997,0.2057,1204.6657
phone-android,stress,1350,look,accepted,observed,0,0.8919,822.7759,0.1206,11.9873,0.1708,835.9465
phone-android,stress,1351,wait,rejected,invalid_time,0,0.7493,816.1055,0.1256,9.2057,0.1645,826.3506
phone-android,stress,1352,talk,rejected,not_eligible,0,0.8444,818.2307,0.2853,7.7433,0.1486,827.2523
phone-android,stress,1353,wait,rejected,invalid_time,0,0.6553,825.0442,0.1308,8.8525,0.1752,834.8580
phone-android,stress,1354,move,accepted,moved,1,0.9819,821.1223,353.0694,29.0066,0.1853,1204.3655
phone-android,stress,1355,move,accepted,moved,1,0.7122,829.2910,354.2612,32.8094,0.2614,1217.3352
phone-android,stress,1356,close_choice,rejected,invalid_choice,0,1.1415,826.4316,0.1258,9.1159,0.1986,837.0134
phone-android,stress,1357,talk,rejected,not_eligible,0,0.9676,823.5566,0.1231,9.3441,0.1777,834.1691
phone-android,stress,1358,move,accepted,moved,1,0.8522,812.5128,347.0678,27.1353,0.1876,1187.7556
phone-android,stress,1359,choose,rejected,invalid_choice,0,0.7116,817.7540,0.1109,8.0601,0.1403,826.7770
phone-android,stress,1360,move,accepted,moved,1,0.8272,819.4880,352.2905,40.9503,0.2271,1213.7831
phone-android,stress,1361,move,accepted,moved,1,0.9252,820.5534,348.7651,29.1285,0.2062,1199.5786
phone-android,stress,1362,move,rejected,exit_unavailable,0,0.9187,829.2087,0.1241,8.8814,0.2104,839.3433
phone-android,stress,1363,move,accepted,moved,1,0.9204,822.5612,350.9014,26.3245,0.1698,1200.8774
phone-android,stress,1364,move,accepted,moved,1,0.7270,822.8745,352.2570,28.3909,0.2065,1204.4560
phone-android,stress,1365,move,rejected,exit_unavailable,0,0.8356,819.7674,0.1283,8.6069,0.1617,829.4999
phone-android,stress,1366,move,accepted,moved,1,0.7510,821.0656,359.7970,35.8221,0.2523,1217.6881
phone-android,stress,1367,activate,rejected,not_eligible,0,1.2255,826.5044,0.1492,9.3440,0.2003,837.4232
phone-android,stress,1368,talk,rejected,not_eligible,0,0.7704,821.9546,0.1403,8.1824,0.1533,831.2010
phone-android,stress,1369,move,accepted,moved,1,0.6604,816.3685,352.7639,29.6693,0.1918,1199.6539
phone-android,stress,1370,activate,rejected,not_eligible,0,1.0201,824.2487,0.1319,8.7538,0.1599,834.3144
phone-android,stress,1371,look,accepted,observed,0,0.7752,819.9357,0.1433,8.9825,0.2297,830.0664
phone-android,stress,1372,look,accepted,observed,0,0.8862,828.3735,0.1556,9.8585,0.1376,839.4115
phone-android,stress,1373,look,accepted,observed,0,0.6248,822.4769,0.1260,8.7878,0.1944,832.2100
phone-android,stress,1374,move,accepted,moved,1,0.9087,830.8474,353.3771,30.1644,0.2626,1215.5603
phone-android,stress,1375,look,accepted,observed,0,1.2470,818.9829,0.1341,9.0890,0.1805,829.6335
phone-android,stress,1376,move,accepted,moved,1,0.7870,834.1018,351.6431,30.1097,0.2673,1216.9088
phone-android,stress,1377,move,rejected,exit_unavailable,0,1.1285,833.3820,0.1591,9.4389,0.1610,844.2695
phone-android,stress,1378,move,accepted,moved,1,0.7011,819.8096,347.2943,29.6018,0.1933,1197.6001
phone-android,stress,1379,wait,rejected,invalid_time,0,0.8931,828.2732,0.1279,9.7182,0.1928,839.2050
phone-android,stress,1380,look,accepted,observed,0,0.9632,823.9954,0.1268,8.9585,0.1747,834.2186
phone-android,stress,1381,look,accepted,observed,0,0.7686,813.2098,0.1411,9.0361,0.1272,823.2828
phone-android,stress,1382,look,accepted,observed,0,0.5901,815.0648,0.1234,8.3442,0.1767,824.2992
phone-android,stress,1383,move,accepted,moved,1,0.8461,817.2570,352.4067,30.6289,0.2230,1201.3617
phone-android,stress,1384,take,replayed,not_present,0,1.3382,747.1353,0.0061,0.0005,0.0878,748.5679
phone-android,stress,1385,move,rejected,exit_unavailable,0,0.9798,821.8328,0.1390,9.0934,0.1781,832.2232
phone-android,stress,1386,look,accepted,observed,0,0.7610,818.8588,0.1487,9.0297,0.1613,828.9596
phone-android,stress,1387,take,rejected,not_present,0,0.8456,825.1386,0.1545,8.5761,0.1748,834.8897
phone-android,stress,1388,look,accepted,observed,0,0.8173,820.7378,0.1534,8.2667,0.1422,830.1175
phone-android,stress,1389,look,accepted,observed,0,0.5975,822.2956,0.1205,7.7130,0.1451,830.8716
phone-android,stress,1390,wait,rejected,invalid_time,0,0.6592,819.0578,0.1226,7.4064,0.1699,827.4159
phone-android,stress,1391,look,accepted,observed,0,0.7775,828.0048,0.1531,9.9101,0.1785,839.0240
phone-android,stress,1392,choose,rejected,invalid_choice,0,0.8678,818.6513,0.1302,9.2658,0.1768,829.0919
phone-android,stress,1393,move,accepted,moved,1,0.7910,820.1315,350.9114,31.2139,0.2074,1203.2552
phone-android,stress,1394,choose,rejected,invalid_choice,0,0.8114,829.3275,0.1420,10.1317,0.1472,840.5599
phone-android,stress,1395,look,accepted,observed,0,0.6153,819.5073,0.1480,9.7908,0.1769,830.2383
phone-android,stress,1396,move,accepted,moved,1,0.8470,825.9095,355.6731,28.9031,0.2264,1211.5590
phone-android,stress,1397,move,accepted,moved,1,1.1704,827.3799,348.4641,30.7542,0.2208,1207.9893
phone-android,stress,1398,look,accepted,observed,0,0.8604,824.2373,0.1108,8.0764,0.1615,833.4463
phone-android,stress,1399,move,accepted,moved,1,0.7723,830.6699,371.2422,38.5351,0.2076,1241.4271
phone-android,stress,1400,take,rejected,not_present,0,0.8865,819.0588,0.1537,8.8482,0.1647,829.1119
phone-android,stress,1401,take,rejected,not_present,0,0.9223,824.9026,0.1545,8.6537,0.1712,834.8044
phone-android,stress,1402,wait,rejected,invalid_time,0,0.7720,824.6785,0.2198,8.4540,0.1751,834.2994
phone-android,stress,1403,look,accepted,observed,0,0.8555,822.4247,0.1152,7.8483,0.1370,831.3807
phone-android,stress,1404,look,accepted,observed,0,0.6787,829.5405,0.1378,9.4944,0.2134,840.0649
phone-android,stress,1405,look,accepted,observed,0,1.0788,833.2421,0.1419,8.7122,0.1459,843.3209
phone-android,stress,1406,look,accepted,observed,0,0.7248,819.7734,0.1356,8.7963,0.1755,829.6056
phone-android,stress,1407,look,accepted,observed,0,0.8430,826.5361,0.1332,8.6708,0.1681,836.3512
phone-android,stress,1408,wait,rejected,invalid_time,0,0.9056,813.7397,0.1297,8.7422,0.2079,823.7251
phone-android,stress,1409,move,accepted,moved,1,0.7522,823.8760,353.4056,31.0768,0.2770,1209.3876
phone-android,stress,1410,move,accepted,moved,1,1.0341,824.9848,350.0957,29.2515,0.2515,1205.6175
phone-android,stress,1411,wait,rejected,invalid_time,0,1.1401,832.8101,0.1485,8.8335,0.1421,843.0743
phone-android,stress,1412,move,accepted,moved,1,0.6586,833.9659,368.1371,35.2666,0.2324,1238.2607
phone-android,stress,1413,look,accepted,observed,0,0.9267,818.5469,0.1385,8.9649,0.1602,828.7373
phone-android,stress,1414,wait,rejected,invalid_time,0,0.7651,823.4913,0.1341,8.3706,0.1760,832.9370
phone-android,stress,1415,look,accepted,observed,0,0.7911,818.8427,0.1308,9.7946,0.2599,829.8192
phone-android,stress,1416,talk,rejected,not_eligible,0,1.2492,821.4236,0.1330,8.9840,0.1720,831.9617
phone-android,stress,1417,move,accepted,moved,1,0.8139,816.9597,349.7880,29.6649,0.2106,1197.4370
phone-android,stress,1418,look,accepted,observed,0,1.1237,825.5182,0.1506,9.3251,0.1597,836.2773
phone-android,stress,1419,look,accepted,observed,0,0.8051,822.5104,0.1348,8.7210,0.1319,832.3033
phone-android,stress,1420,look,accepted,observed,0,0.7630,825.9962,0.2247,9.5665,0.2702,836.8207
phone-android,stress,1421,move,accepted,moved,1,0.9307,825.1977,352.4535,29.0607,0.2373,1207.8799
phone-android,stress,1422,move,accepted,moved,1,0.9210,826.0831,347.8945,32.1757,0.2358,1207.3101
phone-android,stress,1423,move,rejected,exit_unavailable,0,0.9416,829.0382,0.1443,9.4219,0.1635,839.7096
phone-android,stress,1424,move,accepted,moved,1,0.7506,824.2521,349.7910,29.2519,0.2946,1204.3402
phone-android,stress,1425,look,accepted,observed,0,1.1368,828.9069,0.1233,9.0286,0.1669,839.3625
phone-android,stress,1426,move,accepted,moved,1,0.9437,831.3993,347.8016,29.3871,0.2235,1209.7553
phone-android,stress,1427,move,accepted,moved,1,0.8940,826.8010,352.7314,28.9426,0.1890,1209.5580
phone-android,stress,1428,take,rejected,not_present,0,1.1795,823.0158,0.1212,8.3522,0.1633,832.8321
phone-android,stress,1429,look,accepted,observed,0,0.7944,822.4554,0.1398,9.2316,0.3803,833.0015
phone-android,stress,1430,look,accepted,observed,0,0.9661,830.6590,0.1343,8.4965,0.1489,840.4049
phone-android,stress,1431,talk,rejected,not_eligible,0,0.7308,821.8545,0.1251,7.7177,0.1580,830.5860
phone-android,stress,1432,look,accepted,observed,0,0.7162,826.5327,0.1395,8.4283,0.1722,835.9889
phone-android,stress,1433,move,rejected,exit_unavailable,0,0.7704,823.1783,0.1253,9.7461,0.1716,833.9916
phone-android,stress,1434,move,accepted,moved,1,0.8890,829.1452,350.4774,25.7029,0.2070,1206.4215
phone-android,stress,1435,move,accepted,moved,1,0.7947,829.8553,351.9875,51.1089,0.2967,1234.0431
phone-android,stress,1436,move,accepted,moved,1,1.0670,825.0457,350.3665,29.9253,0.2323,1206.6368
phone-android,stress,1437,look,accepted,observed,0,0.8852,821.7206,0.1292,9.0817,0.1656,831.9823
phone-android,stress,1438,move,accepted,moved,1,0.7468,815.5374,351.5286,29.2842,0.2284,1197.3254
phone-android,stress,1439,move,rejected,exit_unavailable,0,0.9457,823.9755,0.2571,8.5089,0.1665,833.8536
phone-android,stress,1440,move,accepted,moved,1,0.7514,819.1619,348.6708,28.1925,0.1897,1196.9663
phone-android,stress,1441,move,accepted,moved,1,0.7230,824.6317,349.5092,30.2254,0.2672,1205.3565
phone-android,stress,1442,look,accepted,observed,0,1.1084,823.2067,0.1168,9.4998,0.1818,834.1135
phone-android,stress,1443,wait,rejected,invalid_time,0,0.8803,821.4612,0.1480,12.3089,0.3719,835.1703
phone-android,stress,1444,move,rejected,exit_unavailable,0,1.2612,829.8328,0.1236,8.1120,0.1869,839.5165
phone-android,stress,1445,talk,rejected,not_eligible,0,0.7231,819.0847,0.3149,8.7409,0.1721,829.0357
phone-android,stress,1446,look,accepted,observed,0,0.7968,825.8282,0.1379,9.4642,0.1739,836.4009
phone-android,stress,1447,look,accepted,observed,0,0.7923,826.4274,0.1355,13.2705,0.1912,840.8169
phone-android,stress,1448,look,accepted,observed,0,0.9793,823.6107,0.1150,8.3728,0.1667,833.2445
phone-android,stress,1449,choose,rejected,invalid_choice,0,0.8211,811.9643,0.1310,8.7095,0.1769,821.8028
phone-android,stress,1450,talk,rejected,not_eligible,0,0.8754,820.5472,0.1306,8.8882,0.1793,830.6206
phone-android,stress,1451,activate,rejected,not_eligible,0,0.9057,818.3308,0.1210,8.0486,0.1504,827.5566
phone-android,stress,1452,look,accepted,observed,0,0.7397,824.6113,0.1254,8.8931,0.1832,834.5527
phone-android,stress,1453,look,accepted,observed,0,0.7794,825.5178,0.1293,8.4524,0.1804,835.0595
phone-android,stress,1454,move,accepted,moved,1,0.8348,823.3372,347.7485,28.6055,0.2514,1200.7775
phone-android,stress,1455,wait,rejected,invalid_time,0,0.9455,821.3050,0.1319,7.9339,0.1868,830.5032
phone-android,stress,1456,drop,rejected,integrity_conflict,0,1.2616,749.7198,0.0064,0.0005,0.0923,751.0806
phone-android,stress,1457,move,accepted,moved,1,0.8307,825.6863,356.5602,29.0673,0.2228,1212.3674
phone-android,stress,1458,talk,rejected,not_eligible,0,0.9324,821.8421,0.1343,9.7613,0.1757,832.8458
phone-android,stress,1459,look,accepted,observed,0,0.7501,832.8648,0.1391,8.4122,0.1748,842.3410
phone-android,stress,1460,wait,rejected,invalid_time,0,0.8519,816.7802,0.1354,8.7830,0.1696,826.7202
phone-android,stress,1461,move,rejected,exit_unavailable,0,0.9146,815.3874,0.1298,8.7435,0.1851,825.3604
phone-android,stress,1462,take,replayed,not_present,0,1.2780,743.8001,0.0076,0.0007,0.0931,745.1795
phone-android,stress,1463,take,rejected,not_present,0,1.1185,829.8904,0.1513,10.3634,0.1669,841.6905
phone-android,stress,1464,move,accepted,moved,1,0.8137,819.0835,347.6631,30.8090,0.4296,1198.7988
phone-android,stress,1465,wait,rejected,invalid_time,0,1.5571,820.9392,0.1994,9.5283,0.1806,832.4048
phone-android,stress,1466,move,accepted,moved,1,0.8249,819.6840,358.5246,38.9303,0.2424,1218.2062
phone-android,stress,1467,move,accepted,moved,1,1.0111,820.0603,348.6832,29.8314,0.1726,1199.7585
phone-android,stress,1468,choose,rejected,invalid_choice,0,0.7579,822.3527,0.1313,8.6905,0.1364,832.0689
phone-android,stress,1469,talk,rejected,not_owned,0,0.6640,820.9229,0.1297,8.2443,0.2110,830.1720
phone-android,stress,1470,activate,rejected,not_eligible,0,0.7672,821.3624,0.1534,8.4366,0.1579,830.8774
phone-android,stress,1471,take,accepted,taken,1,0.7512,820.1925,352.5284,31.3542,0.2368,1205.0631
phone-android,stress,1472,look,accepted,observed,0,1.0452,818.2352,0.1233,8.6676,0.1590,828.2302
phone-android,stress,1473,look,accepted,observed,0,0.7139,821.4760,0.1557,8.8156,0.1928,831.3539
phone-android,stress,1474,look,accepted,observed,0,0.8317,832.1128,0.1179,8.3780,0.1814,841.6218
phone-android,stress,1475,activate,rejected,not_eligible,0,0.9386,820.6588,0.1521,9.4190,0.1569,831.3253
phone-android,stress,1476,drop,accepted,dropped,1,0.7755,818.9492,348.0707,30.4131,0.2776,1198.4861
phone-android,stress,1477,look,accepted,observed,0,1.1349,826.2583,0.1222,8.4658,0.2201,836.2013
phone-android,stress,1478,look,accepted,observed,0,0.8735,820.5591,0.1145,8.0431,0.1554,829.7456
phone-android,stress,1479,drop,replayed,dropped,0,1.2803,742.3925,0.0079,0.0010,0.0914,743.7730
phone-android,stress,1480,move,accepted,moved,1,1.1197,822.7792,359.8699,39.0892,0.2235,1223.0816
phone-android,stress,1481,move,accepted,moved,1,0.8706,819.2489,348.4571,30.7801,0.2064,1199.5630
phone-android,stress,1482,wait,rejected,invalid_time,0,0.9009,821.8398,0.1340,8.4692,0.1526,831.4964
phone-android,stress,1483,choose,rejected,stale_view,0,0.7426,747.9911,0.1278,8.8810,0.1930,757.9355
phone-android,stress,1484,look,accepted,observed,0,0.9161,828.5487,0.1346,10.1557,0.1971,839.9522
phone-android,stress,1485,move,rejected,exit_unavailable,0,1.1135,826.0880,0.2726,8.3804,0.1544,836.0088
phone-android,stress,1486,wait,rejected,invalid_time,0,0.6765,822.5084,0.1298,9.4694,0.1741,832.9581
phone-android,stress,1487,look,accepted,observed,0,0.7699,819.6372,0.1296,7.6314,0.1703,828.3383
phone-android,stress,1488,move,rejected,exit_unavailable,0,0.6722,823.4449,0.1211,8.7786,0.1767,833.1935
phone-android,stress,1489,move,accepted,moved,1,0.8866,824.1138,350.6342,29.8383,0.2278,1205.7006
phone-android,stress,1490,look,accepted,observed,0,0.8752,831.3492,0.1303,10.2182,0.1907,842.7636
phone-android,stress,1491,wait,rejected,invalid_time,0,0.8877,823.2116,0.1501,8.6167,0.1540,833.0200
phone-android,stress,1492,move,accepted,moved,1,0.7531,821.1891,352.1989,33.9786,0.1789,1208.2986
phone-android,stress,1493,look,accepted,observed,0,0.8181,824.3764,0.1197,5.6685,0.1482,831.1310
phone-android,stress,1494,take,accepted,taken,1,0.6740,822.5420,355.3695,27.7557,0.2136,1206.5549
phone-android,stress,1495,look,accepted,observed,0,0.8859,825.2088,0.1359,8.4585,0.1602,834.8494
phone-android,stress,1496,look,accepted,observed,0,0.7778,823.9729,0.1404,8.8124,0.1813,833.8848
phone-android,stress,1497,move,accepted,moved,1,0.8628,821.5472,348.3208,29.6891,0.2197,1200.6395
phone-android,stress,1498,move,accepted,moved,1,0.9390,825.5713,352.6372,28.3928,0.2247,1207.7650
phone-android,stress,1499,move,accepted,moved,1,0.9298,836.1814,347.4265,32.5926,0.3519,1217.4821
phone-android,stress,1500,move,rejected,exit_unavailable,0,1.0626,828.7229,0.1391,9.5662,0.1673,839.6582
phone-android,stress,1501,take,replayed,not_present,0,1.1582,749.2221,0.0071,0.0005,0.0927,750.4806
phone-android,stress,1502,talk,rejected,not_eligible,0,1.3945,827.5093,0.1208,8.0452,0.1359,837.2057
phone-android,stress,1503,talk,rejected,not_eligible,0,0.6496,812.9949,0.1259,8.7139,0.1515,822.6359
phone-android,stress,1504,look,accepted,observed,0,0.8258,817.9270,0.1350,7.7935,0.1718,826.8531
phone-android,stress,1505,wait,rejected,invalid_time,0,0.9160,814.9550,0.1089,8.5938,0.1719,824.7456
phone-android,stress,1506,move,accepted,moved,1,1.1257,825.5329,348.2193,30.5865,0.2778,1205.7422
phone-android,stress,1507,move,accepted,moved,1,0.9110,830.1509,351.0040,29.4723,0.1633,1211.7016
phone-android,stress,1508,look,accepted,observed,0,0.6822,823.7435,0.1188,9.3546,0.2707,834.1698
phone-android,stress,1509,look,accepted,observed,0,1.4232,840.0701,0.1251,8.9921,0.2135,850.8239
phone-android,stress,1510,look,accepted,observed,0,0.8087,819.9112,0.1176,7.8524,0.1690,828.8588
phone-android,stress,1511,move,accepted,moved,1,0.8414,818.5008,348.8018,30.0192,0.1960,1198.3592
phone-android,stress,1512,take,replayed,taken,0,1.6461,752.6988,0.0109,0.0009,0.1127,754.4694
phone-android,stress,1513,move,accepted,moved,1,1.8784,832.5849,350.4821,29.4813,0.1909,1214.6176
phone-android,stress,1514,take,replayed,not_present,0,1.3582,747.3968,0.0122,0.0009,0.1282,748.8963
phone-android,stress,1515,look,accepted,observed,0,2.0255,825.4820,0.1423,8.8307,0.1610,836.6416
phone-android,stress,1516,look,accepted,observed,0,0.7752,819.6517,0.1398,8.2942,0.1458,829.0068
phone-android,stress,1517,move,accepted,moved,1,0.6616,815.9319,351.6005,40.6963,0.2334,1209.1237
phone-android,stress,1518,move,accepted,moved,1,0.9580,824.9381,347.4611,30.4322,0.2430,1204.0324
phone-android,stress,1519,look,accepted,observed,0,0.9826,829.4018,0.1110,7.9733,0.1430,838.6117
phone-android,stress,1520,look,accepted,observed,0,0.6518,821.9578,0.1159,8.1642,0.1730,831.0627
phone-android,stress,1521,look,accepted,observed,0,0.7430,821.1429,0.1271,8.1079,0.1340,830.2549
phone-android,stress,1522,look,accepted,observed,0,0.6408,819.9649,0.1161,8.0656,0.2065,828.9939
phone-android,stress,1523,move,accepted,moved,1,0.8347,826.3688,353.8855,32.8705,0.3579,1214.3173
phone-android,stress,1524,move,accepted,moved,1,1.0908,828.8180,350.6422,28.9559,0.1929,1209.6998
phone-android,stress,1525,move,accepted,moved,1,0.7430,829.2309,349.5877,31.6352,0.2634,1211.4603
phone-android,stress,1526,drop,accepted,dropped,1,1.2181,827.5936,350.0491,29.8936,0.2231,1208.9776
phone-android,stress,1527,move,accepted,moved,1,1.0306,824.4898,351.1299,31.9118,0.2884,1208.8505
phone-android,stress,1528,look,accepted,observed,0,1.1144,816.2085,0.1339,8.8927,0.2153,826.5648
phone-android,stress,1529,look,accepted,observed,0,0.7954,825.3068,0.1371,8.3132,0.1433,834.6958
phone-android,stress,1530,wait,rejected,invalid_time,0,0.7210,825.9562,0.1173,7.8529,0.1454,834.7928
phone-android,stress,1531,move,accepted,moved,1,0.7076,825.5891,350.2389,31.8858,0.2392,1208.6606
phone-android,stress,1532,look,accepted,observed,0,0.9841,825.9645,0.1810,8.0265,0.1707,835.3267
phone-android,stress,1533,talk,rejected,not_eligible,0,0.7960,828.4034,0.1293,7.6546,0.1485,837.1319
phone-android,stress,1534,look,accepted,observed,0,0.6434,814.3786,0.1440,8.5048,0.1741,823.8449
phone-android,stress,1535,look,accepted,observed,0,0.8278,817.1429,0.1506,9.6926,0.1490,827.9629
phone-android,stress,1536,move,rejected,exit_unavailable,0,0.9384,818.6472,0.1505,9.1073,0.1767,829.0200
phone-android,stress,1537,activate,rejected,not_eligible,0,0.8232,822.9054,0.1271,8.5305,0.1681,832.5544
phone-android,stress,1538,take,rejected,not_present,0,1.1222,826.7885,0.1173,8.5037,0.1866,836.7183
phone-android,stress,1539,move,accepted,moved,1,0.8023,807.7722,346.6132,29.3539,0.2161,1184.7577
phone-android,stress,1540,move,accepted,moved,1,0.9497,819.1256,348.9064,29.4286,0.2146,1198.6250
phone-android,stress,1541,take,replayed,not_present,0,1.3090,752.6740,0.0105,0.0006,0.1058,754.1000
phone-android,stress,1542,move,accepted,moved,1,1.1956,817.3638,346.6721,30.4960,0.2046,1195.9321
phone-android,stress,1543,move,accepted,moved,1,0.8734,814.6935,349.3827,28.6706,0.2108,1193.8311
phone-android,stress,1544,move,accepted,moved,1,0.8508,821.9908,347.6235,28.5961,0.1880,1199.2493
phone-android,stress,1545,take,rejected,not_present,0,0.7387,845.9465,0.1206,8.6458,0.2251,855.6767
phone-android,stress,1546,activate,rejected,not_eligible,0,0.8606,812.9914,0.1358,8.4465,0.1566,822.5909
phone-android,stress,1547,move,accepted,moved,1,0.8956,825.3269,352.3080,31.9716,0.2210,1210.7231
phone-android,stress,1548,look,accepted,observed,0,0.8994,816.6439,0.1285,8.7628,0.1810,826.6157
phone-android,stress,1549,look,accepted,observed,0,0.8998,830.0818,0.1203,9.4809,0.3105,840.8934
phone-android,stress,1550,look,accepted,observed,0,0.9182,829.9260,0.1340,10.0529,0.1470,841.1781
phone-android,stress,1551,move,accepted,moved,1,0.7436,827.2324,351.6371,29.1473,0.2263,1208.9867
phone-android,stress,1552,move,accepted,moved,1,1.0407,827.2494,348.9101,31.4973,0.2744,1208.9718
phone-android,stress,1553,look,accepted,observed,0,1.0948,819.5850,0.1364,8.9894,0.1937,829.9992
phone-android,stress,1554,move,accepted,moved,1,0.8185,832.1622,358.7346,28.9035,0.2254,1220.8443
phone-android,stress,1555,look,accepted,observed,0,0.8886,820.5742,0.1271,8.5852,0.1398,830.3150
phone-android,stress,1556,look,accepted,observed,0,0.7222,821.1585,0.1326,8.4822,0.1768,830.6722
phone-android,stress,1557,talk,rejected,not_eligible,0,0.8467,825.1836,0.1278,8.7416,0.1679,835.0676
phone-android,stress,1558,choose,rejected,invalid_choice,0,0.7758,829.9957,0.1189,8.8996,0.2609,840.0508
phone-android,stress,1559,move,accepted,moved,1,0.9298,829.4077,369.8547,49.8925,0.3182,1250.4029
phone-android,stress,1560,take,rejected,not_present,0,1.3340,821.8502,0.1273,4.6131,0.1408,828.0653
phone-android,stress,1561,move,accepted,moved,1,0.6612,824.2889,354.9125,29.0911,0.2157,1209.1694
phone-android,stress,1562,take,rejected,not_present,0,0.9323,824.3538,0.1358,9.1484,0.2089,834.7792
phone-android,stress,1563,activate,rejected,not_eligible,0,0.9289,824.2393,0.1178,9.4125,0.1714,834.8698
phone-android,stress,1564,move,accepted,moved,1,0.7978,817.9962,348.9442,29.2918,0.2205,1197.2504
phone-android,stress,1565,look,accepted,observed,0,0.9080,816.4192,0.1163,8.9920,0.1766,826.6121
phone-android,stress,1566,move,accepted,moved,1,0.8426,824.3390,359.4588,38.7865,0.3097,1223.7365
phone-android,stress,1567,look,accepted,observed,0,1.4558,821.7064,0.1524,10.4494,0.1414,833.9054
phone-android,stress,1568,look,accepted,observed,0,0.7403,827.1758,0.1459,9.9013,0.1793,838.1425
phone-android,stress,1569,move,accepted,moved,1,0.8580,820.3864,349.1487,29.4432,0.2180,1200.0543
phone-android,stress,1570,look,accepted,observed,0,0.9558,824.0023,0.1248,8.8769,0.1715,834.1313
phone-android,stress,1571,take,accepted,taken,1,0.9188,825.0664,349.0418,29.5180,0.2219,1204.7669
phone-android,stress,1572,close_choice,rejected,invalid_choice,0,0.8600,828.4311,0.1576,9.6379,0.1791,839.2656
phone-android,stress,1573,activate,rejected,not_eligible,0,0.9000,828.0279,0.1311,9.0246,0.1929,838.2766
phone-android,stress,1574,drop,accepted,dropped,1,0.8955,823.1716,350.4423,28.2984,0.1772,1202.9851
phone-android,stress,1575,take,accepted,taken,1,0.7547,822.7372,349.9174,30.6291,0.2317,1204.2701
phone-android,stress,1576,move,rejected,exit_unavailable,0,0.9087,826.5554,0.1414,9.1471,0.1747,836.9274
phone-android,stress,1577,drop,rejected,integrity_conflict,0,1.2205,752.7667,0.0080,0.0008,0.1074,754.1035
phone-android,stress,1578,move,rejected,exit_unavailable,0,1.3734,833.2210,0.1479,9.4213,0.1719,844.3354
phone-android,stress,1579,wait,rejected,invalid_time,0,0.7642,823.3258,0.1232,8.6552,0.1404,833.0088
phone-android,stress,1580,move,accepted,moved,1,0.6080,820.7999,348.4416,52.2348,0.2401,1222.3244
phone-android,stress,1581,look,accepted,observed,0,1.3057,815.3241,0.1232,9.8876,0.1610,826.8016
phone-android,stress,1582,talk,rejected,not_eligible,0,0.8331,827.6527,0.1249,9.8568,0.2305,838.6980
phone-android,stress,1583,activate,rejected,not_eligible,0,0.9095,828.8766,0.1299,9.9495,0.1629,840.0284
phone-android,stress,1584,drop,accepted,dropped,1,0.7896,824.2313,347.1302,29.5755,0.2252,1201.9518
phone-android,stress,1585,activate,rejected,not_eligible,0,1.0033,821.1983,0.1353,9.0198,0.1774,831.5340
phone-android,stress,1586,look,accepted,observed,0,0.8259,821.6322,0.1184,8.3725,0.1714,831.1204
phone-android,stress,1587,close_choice,rejected,invalid_choice,0,0.8235,822.9439,0.1402,9.0991,0.1786,833.1853
phone-android,stress,1588,move,rejected,exit_unavailable,0,0.8056,814.7176,0.1228,8.2627,0.1931,824.1018
phone-android,stress,1589,drop,replayed,dropped,0,1.2449,739.1117,0.0093,0.0006,0.0933,740.4599
phone-android,stress,1590,take,accepted,taken,1,0.9834,821.7592,350.7658,29.5100,0.2093,1203.2277
phone-android,stress,1591,wait,rejected,invalid_time,0,0.9253,823.3827,0.1266,9.5057,0.1719,834.1123
phone-android,stress,1592,look,accepted,observed,0,0.9192,824.0815,0.1404,7.2506,0.1876,832.5792
phone-android,stress,1593,move,rejected,exit_unavailable,0,0.8052,817.5492,0.1451,8.1322,0.1511,826.7828
phone-android,stress,1594,look,accepted,observed,0,0.6716,816.1191,0.1284,8.9279,0.2566,826.1035
phone-android,stress,1595,look,accepted,observed,0,0.8502,819.5812,0.1273,8.2938,0.1690,829.0214
phone-android,stress,1596,wait,rejected,invalid_time,0,0.9503,820.4961,0.1133,7.7547,0.1826,829.4970
phone-android,stress,1597,wait,rejected,invalid_time,0,0.7595,821.6220,0.1277,9.6672,0.1796,832.3560
phone-android,stress,1598,move,accepted,moved,1,0.8096,820.7452,345.5500,27.0397,0.1899,1194.3345
phone-android,stress,1599,move,accepted,moved,1,0.8178,818.2713,349.0018,29.2122,0.2689,1197.5720
phone-android,stress,1600,look,accepted,observed,0,0.8697,831.3349,0.1304,8.3077,0.1695,840.8121
phone-android,stress,1601,look,accepted,observed,0,0.8408,825.6188,0.1365,9.2506,0.1741,836.0207
phone-android,stress,1602,choose,rejected,invalid_choice,0,0.7877,824.4316,0.1201,7.8157,0.1458,833.3008
phone-android,stress,1603,talk,rejected,not_eligible,0,0.7320,826.4831,0.1319,9.3436,0.1758,836.8664
phone-android,stress,1604,look,accepted,observed,0,0.8282,822.2249,0.1160,8.4600,0.1712,831.8003
phone-android,stress,1605,wait,rejected,invalid_time,0,0.7439,832.2229,0.1331,9.4488,0.2424,842.7911
phone-android,stress,1606,talk,rejected,not_eligible,0,0.8724,830.3434,0.1409,9.2991,0.1811,840.8369
phone-android,stress,1607,move,rejected,exit_unavailable,0,0.9513,823.9240,0.1316,9.2832,0.1848,834.4749
phone-android,stress,1608,look,accepted,observed,0,0.8465,827.4373,0.1126,8.3793,0.1764,836.9520
phone-android,stress,1609,wait,rejected,invalid_time,0,0.7956,818.9108,0.1535,8.5006,0.1805,828.5410
phone-android,stress,1610,look,accepted,observed,0,0.8835,825.6683,0.1370,8.5861,0.1762,835.4511
phone-android,stress,1611,move,accepted,moved,1,0.7496,823.6194,346.8475,30.3683,0.2814,1201.8662
phone-android,stress,1612,move,accepted,moved,1,0.9681,821.3081,349.9445,28.4872,0.2510,1200.9588
phone-android,stress,1613,look,accepted,observed,0,0.9405,836.4510,0.1404,8.6655,0.1505,846.3479
phone-android,stress,1614,choose,rejected,invalid_choice,0,0.7309,828.3007,0.1928,9.4297,0.1983,838.8524
phone-android,stress,1615,look,accepted,observed,0,0.8756,825.0558,0.1293,8.9190,0.1690,835.1487
phone-android,stress,1616,drop,accepted,dropped,1,0.8480,826.7125,351.6902,30.4173,0.2341,1209.9023
phone-android,stress,1617,choose,rejected,invalid_choice,0,0.9203,831.0406,0.1195,9.2074,0.1755,841.4633
phone-android,stress,1618,look,accepted,observed,0,0.8847,824.5466,0.1315,8.3727,0.1682,834.1037
phone-android,stress,1619,move,accepted,moved,1,0.8553,818.7294,353.3605,31.8738,0.2713,1205.0902
phone-android,stress,1620,take,rejected,not_present,0,1.2031,819.0669,0.1330,9.6130,0.1680,830.1841
phone-android,stress,1621,look,accepted,observed,0,0.9457,824.1616,0.1291,8.7297,0.2116,834.1776
phone-android,stress,1622,move,accepted,moved,1,0.7851,822.6910,350.6535,30.3348,0.2148,1204.6792
phone-android,stress,1623,move,accepted,moved,1,0.9163,828.6056,354.8317,29.2871,0.2681,1213.9088
phone-android,stress,1624,talk,rejected,not_owned,0,1.1296,827.1897,0.1381,5.1820,0.1436,833.7830
phone-android,stress,1625,move,accepted,moved,1,0.6847,829.5872,349.6594,31.1300,0.2222,1211.2836
phone-android,stress,1626,move,accepted,moved,1,0.8867,829.2334,354.0720,27.6225,0.1642,1211.9787
phone-android,stress,1627,wait,rejected,invalid_time,0,0.7509,829.6095,0.1307,7.8664,0.1694,838.5269
phone-android,stress,1628,move,rejected,exit_unavailable,0,0.8690,825.5062,0.1361,8.6581,0.1577,835.3272
phone-android,stress,1629,move,accepted,moved,1,0.8377,819.3271,344.6916,31.2517,0.2157,1196.3239
phone-android,stress,1630,take,rejected,not_present,0,0.9495,820.3099,0.1208,8.3760,0.1567,829.9129
phone-android,stress,1631,look,accepted,observed,0,0.7435,827.7539,0.1315,8.4808,0.2534,837.3632
phone-android,stress,1632,look,accepted,observed,0,0.9040,814.7212,0.1205,8.8462,0.1751,824.7670
phone-android,stress,1633,wait,rejected,invalid_time,0,0.8193,822.5674,0.1409,8.1515,0.2036,831.8827
phone-android,stress,1634,look,accepted,observed,0,0.7853,815.3229,0.1266,9.1378,0.1802,825.5528
phone-android,stress,1635,choose,rejected,invalid_choice,0,0.8492,827.1556,0.1293,9.8716,0.1689,838.1747
phone-android,stress,1636,look,accepted,observed,0,0.9385,824.3775,0.1286,8.7458,0.1749,834.3653
phone-android,stress,1637,move,rejected,exit_unavailable,0,0.7910,821.9514,0.1215,7.1065,0.1414,830.1118
phone-android,stress,1638,move,accepted,moved,1,0.6722,811.5260,354.2263,28.3681,0.2266,1195.0193
phone-android,stress,1639,wait,rejected,invalid_time,0,0.8915,818.5270,0.1347,9.7460,0.1822,829.4814
phone-android,stress,1640,take,rejected,not_present,0,0.9513,821.5382,0.1497,8.9244,0.1489,831.7124
phone-android,stress,1641,move,accepted,moved,1,0.7312,820.1839,348.4220,30.1354,0.2398,1199.7123
phone-android,stress,1642,look,accepted,observed,0,0.9434,829.4725,0.1357,9.8738,0.1559,840.5812
phone-android,stress,1643,talk,rejected,not_eligible,0,0.7340,828.9619,0.1214,9.8437,0.3692,840.0301
phone-android,stress,1644,look,accepted,observed,0,0.9285,834.2125,0.1355,9.0077,0.1549,844.4391
phone-android,stress,1645,take,accepted,taken,1,0.7590,819.2082,348.9651,27.2261,0.1848,1196.3433
phone-android,stress,1646,talk,rejected,not_eligible,0,0.7835,827.3147,0.1395,9.9348,0.1949,838.3675
phone-android,stress,1647,look,accepted,observed,0,0.8903,827.6011,0.1235,8.3306,0.1646,837.1100
phone-android,stress,1648,look,accepted,observed,0,0.7582,818.5246,0.1464,8.2675,0.1712,827.8678
phone-android,stress,1649,wait,rejected,invalid_time,0,0.7820,813.2113,0.1508,8.7955,0.1614,823.1009
phone-android,stress,1650,move,accepted,moved,1,0.9236,817.5876,346.6870,29.2089,0.2090,1194.6161
phone-android,stress,1651,move,accepted,moved,1,0.9912,825.2713,353.9019,29.6521,0.2248,1210.0414
phone-android,stress,1652,look,accepted,observed,0,0.9816,826.8980,0.1188,9.3085,0.2283,837.5352
phone-android,stress,1653,drop,accepted,dropped,1,0.9227,831.3619,351.0961,29.8546,0.2055,1213.4407
phone-android,stress,1654,look,accepted,observed,0,0.8963,829.9896,0.1205,8.9574,0.1596,840.1235
phone-android,stress,1655,wait,rejected,invalid_time,0,0.8882,829.3814,0.1366,8.1677,0.2249,838.7987
phone-android,stress,1656,take,accepted,taken,1,0.8768,830.3124,352.2753,29.7488,0.2712,1213.4845
phone-android,stress,1657,move,accepted,moved,1,1.0498,825.8276,351.0935,28.7429,0.1874,1206.9012
phone-android,stress,1658,move,accepted,moved,1,0.7502,832.2082,349.7150,27.9267,0.1876,1210.7877
phone-android,stress,1659,wait,rejected,invalid_time,0,0.7438,824.5830,0.1166,8.9115,0.1778,834.5326
phone-android,stress,1660,activate,rejected,not_eligible,0,0.9653,818.9288,0.1346,9.1436,0.1669,829.3393
phone-android,stress,1661,look,accepted,observed,0,0.7874,827.6433,0.1267,8.8533,0.1906,837.6013
phone-android,stress,1662,move,rejected,exit_unavailable,0,0.6859,826.0739,0.1237,8.6320,0.1760,835.6916
phone-android,stress,1663,wait,rejected,invalid_time,0,0.8760,834.1526,0.1314,8.2513,0.1480,843.5593
phone-android,stress,1664,take,replayed,not_present,0,0.9911,744.5221,0.0070,0.0008,0.0850,745.6060
phone-android,stress,1665,close_choice,rejected,invalid_choice,0,1.0001,828.4014,0.1246,8.8174,0.1843,838.5278
phone-android,stress,1666,look,accepted,observed,0,1.0880,827.0606,0.1293,8.6388,0.1589,837.0754
phone-android,stress,1667,look,accepted,observed,0,0.7853,821.5464,0.1376,8.6899,0.1716,831.3308
phone-android,stress,1668,move,accepted,moved,1,0.7877,819.6318,350.5512,40.9347,0.2819,1212.1873
phone-android,stress,1669,look,accepted,observed,0,1.3589,829.7423,0.1260,9.3262,0.1687,840.7221
phone-android,stress,1670,drop,accepted,dropped,1,0.8987,831.2626,358.1975,36.4214,0.2524,1227.0327
phone-android,stress,1671,talk,rejected,not_eligible,0,0.9821,822.5044,0.1469,8.8543,0.1569,832.6446
phone-android,stress,1672,choose,rejected,stale_view,0,0.7291,749.2408,0.1369,8.9221,0.1706,759.1994
phone-android,stress,1673,look,accepted,observed,0,0.7239,820.3312,0.1355,8.5436,0.1408,829.8751
phone-android,stress,1674,look,accepted,observed,0,0.8034,818.7357,0.1406,8.9480,0.1576,828.7853
phone-android,stress,1675,take,accepted,taken,1,0.8046,820.3060,347.8819,28.1161,0.2192,1197.3278
phone-android,stress,1676,move,accepted,moved,1,0.7285,824.5686,348.7113,31.7025,0.4304,1206.1412
phone-android,stress,1677,look,accepted,observed,0,1.1968,829.9431,0.1140,9.8158,0.2521,841.3218
phone-android,stress,1678,move,accepted,moved,1,0.8501,830.8966,351.0405,29.7795,0.2056,1212.7723
phone-android,stress,1679,look,accepted,observed,0,0.9560,821.4236,0.1177,9.5963,0.2103,832.3039
phone-android,stress,1680,wait,rejected,invalid_time,0,1.1042,819.0064,0.1145,9.7483,0.2640,830.2374
phone-android,stress,1681,look,accepted,observed,0,1.0951,819.8660,0.1343,8.3310,0.1527,829.5790
phone-android,stress,1682,wait,rejected,invalid_time,0,0.8031,821.1445,0.1366,8.9313,0.2567,831.2722
phone-android,stress,1683,look,accepted,observed,0,1.1316,821.5333,0.2534,9.9920,0.1744,833.0846
phone-android,stress,1684,choose,rejected,invalid_choice,0,0.8631,821.5259,0.1373,8.7222,0.1839,831.4325
phone-android,stress,1685,look,accepted,observed,0,0.8191,824.7791,0.1496,9.8443,0.3359,835.9281
phone-android,stress,1686,move,accepted,moved,1,1.0170,829.9222,352.0151,28.3568,0.2020,1211.5131
phone-android,stress,1687,drop,rejected,integrity_conflict,0,1.3752,743.9884,0.0080,0.0008,0.0969,745.4692
phone-android,stress,1688,move,accepted,moved,1,1.1666,819.4351,346.1591,29.6042,0.2324,1196.5974
phone-android,stress,1689,look,accepted,observed,0,0.9187,825.8253,0.1206,8.6791,0.1833,835.7271
phone-android,stress,1690,wait,rejected,invalid_time,0,0.8833,828.0827,0.1404,11.0952,0.2265,840.4281
phone-android,stress,1691,drop,accepted,dropped,1,0.9276,836.2407,353.9863,28.7127,0.2148,1220.0822
phone-android,stress,1692,move,rejected,exit_unavailable,0,0.8447,819.2261,0.1327,8.4795,0.2356,828.9185
phone-android,stress,1693,look,accepted,observed,0,0.8606,825.2447,0.1332,9.9037,0.1844,836.3266
phone-android,stress,1694,move,accepted,moved,1,0.8391,818.8376,351.8009,30.9603,0.2586,1202.6966
phone-android,stress,1695,look,accepted,observed,0,1.0674,823.3388,0.1214,8.4240,0.1534,833.1050
phone-android,stress,1696,look,accepted,observed,0,0.7373,824.9478,0.1522,8.4855,0.2031,834.5259
phone-android,stress,1697,activate,rejected,not_eligible,0,0.7939,822.5435,0.1471,8.9309,0.1415,832.5567
phone-android,stress,1698,move,accepted,moved,1,0.6881,820.2065,345.7854,29.4430,0.2016,1196.3245
phone-android,stress,1699,move,accepted,moved,1,0.8890,820.3506,351.0463,29.7478,0.2362,1202.2698
phone-android,stress,1700,look,accepted,observed,0,0.8897,824.4688,0.1264,8.3138,0.1918,833.9904
phone-android,stress,1701,take,replayed,not_present,0,1.4439,749.9589,0.0088,0.0010,0.1049,751.5174
phone-android,stress,1702,take,rejected,not_present,0,1.1572,826.8729,0.1233,7.9458,0.1693,836.2686
phone-android,stress,1703,look,accepted,observed,0,0.9777,815.3849,0.1434,9.5183,0.1933,826.2176
phone-android,stress,1704,look,accepted,observed,0,0.9612,815.9649,0.1299,8.9096,0.2574,826.2232
phone-android,stress,1705,choose,rejected,invalid_choice,0,0.6486,816.8603,0.2762,8.8703,0.1799,826.8354
phone-android,stress,1706,activate,rejected,not_eligible,0,0.8841,825.8185,0.1214,8.7262,0.1728,835.7229
phone-android,stress,1707,move,rejected,exit_unavailable,0,1.0812,823.0615,0.1459,8.8540,0.1761,833.3188
phone-android,stress,1708,wait,rejected,invalid_time,0,0.7510,818.8336,0.1466,9.7048,0.1712,829.6072
phone-android,stress,1709,move,accepted,moved,1,0.8827,820.2620,349.3342,30.5356,0.2355,1201.2500
phone-android,stress,1710,look,accepted,observed,0,1.0323,828.1538,0.1296,9.8032,0.2122,839.3311
phone-android,stress,1711,activate,rejected,not_eligible,0,1.0244,832.8225,0.1751,8.4228,0.1461,842.5909
phone-android,stress,1712,talk,rejected,not_owned,0,0.6317,821.8017,0.1476,8.0277,0.1651,830.7737
phone-android,stress,1713,look,accepted,observed,0,0.7973,818.1549,0.1323,9.0606,0.1531,828.2983
phone-android,stress,1714,drop,replayed,dropped,0,1.1647,751.1946,0.0112,0.0007,0.1076,752.4789
phone-android,stress,1715,move,accepted,moved,1,1.6389,827.4103,354.0161,28.4602,0.2620,1211.7875
phone-android,stress,1716,look,accepted,observed,0,1.1286,821.7445,0.1260,9.6035,0.1757,832.7783
phone-android,stress,1717,activate,rejected,not_eligible,0,0.7910,823.7822,0.1558,10.0519,0.1360,834.9169
phone-android,stress,1718,wait,rejected,invalid_time,0,0.6142,827.8174,0.1234,9.1887,0.1677,837.9113
phone-android,stress,1719,wait,rejected,invalid_time,0,0.7777,826.1639,0.1173,8.3084,0.1738,835.5411
phone-android,stress,1720,wait,rejected,invalid_time,0,0.8518,824.3592,0.1269,9.1670,0.1777,834.6827
phone-android,stress,1721,move,accepted,moved,1,0.7978,827.5637,349.7595,28.2036,0.1747,1206.4993
phone-android,stress,1722,look,accepted,observed,0,0.6748,830.5864,0.1135,8.5965,0.1742,840.1454
phone-android,stress,1723,look,accepted,observed,0,0.8558,829.2112,0.1182,8.9024,0.2159,839.3036
phone-android,stress,1724,choose,rejected,invalid_choice,0,0.8631,825.1072,0.1506,8.8392,0.1716,835.1316
phone-android,stress,1725,choose,rejected,stale_view,0,0.7736,749.7128,0.1230,9.4414,0.1619,760.2127
phone-android,stress,1726,move,rejected,exit_unavailable,0,0.8893,827.0907,0.1304,8.8713,0.1753,837.1570
phone-android,stress,1727,activate,rejected,not_eligible,0,0.9324,823.2991,0.1369,8.8497,0.1641,833.3823
phone-android,stress,1728,choose,rejected,invalid_choice,0,0.8500,818.4270,0.1390,8.6791,0.1569,828.2520
phone-android,stress,1729,look,accepted,observed,0,0.7399,818.6898,0.1297,9.0989,0.1798,828.8381
phone-android,stress,1730,look,accepted,observed,0,0.9311,821.9544,0.1383,10.7392,0.3554,834.1183
phone-android,stress,1731,activate,rejected,not_eligible,0,1.2442,834.1602,0.1334,9.0475,0.2722,844.8576
phone-android,stress,1732,look,accepted,observed,0,1.3905,819.9122,0.1441,9.1886,0.1730,830.8084
phone-android,stress,1733,drop,replayed,dropped,0,1.2343,749.1211,0.0076,0.0008,0.1001,750.4639
phone-android,stress,1734,move,accepted,moved,1,1.2126,821.3857,347.6375,28.1216,0.2220,1198.5793
phone-android,stress,1735,wait,rejected,invalid_time,0,0.8676,823.8454,0.1240,9.5361,0.1990,834.5721
phone-android,stress,1736,move,accepted,moved,1,0.7344,825.1554,350.1420,30.7634,0.1957,1206.9910
phone-android,stress,1737,take,accepted,taken,1,0.8566,828.2262,346.5650,28.4391,0.1715,1204.2584
phone-android,stress,1738,wait,rejected,invalid_time,0,0.7508,823.2969,0.1340,8.4229,0.1464,832.7510
phone-android,stress,1739,talk,accepted,choice_opened,1,0.6548,821.6802,347.6808,28.4973,0.2291,1198.7423
phone-android,stress,1740,look,accepted,observed,0,0.9677,823.2356,0.1316,10.2184,0.1491,834.7024
phone-android,stress,1741,look,accepted,observed,0,0.7287,818.1552,0.1907,9.0916,0.1813,828.3475
phone-android,stress,1742,move,accepted,moved,1,0.9438,818.6212,348.5728,28.4660,0.2172,1196.8211
phone-android,stress,1743,look,accepted,observed,0,0.9583,823.5391,0.1200,9.6992,0.1737,834.4903
phone-android,stress,1744,activate,rejected,not_eligible,0,1.2415,825.2375,0.1232,9.0774,0.2262,835.9058
phone-android,stress,1745,look,accepted,observed,0,0.8490,819.6109,0.1310,7.7783,0.1670,828.5362
phone-android,stress,1746,activate,rejected,not_eligible,0,1.0267,815.8016,0.1262,9.5470,0.1690,826.6706
phone-android,stress,1747,move,accepted,moved,1,0.7796,822.1298,346.2995,30.0426,0.2334,1199.4849
phone-android,stress,1748,move,accepted,moved,1,0.9365,816.8641,344.9401,30.1202,0.2424,1193.1032
phone-android,stress,1749,move,accepted,moved,1,0.9707,826.7254,358.0258,30.8786,0.2685,1216.8690
phone-android,stress,1750,drop,accepted,dropped,1,1.0502,811.8098,348.7323,28.9343,0.2251,1190.7516
phone-android,stress,1751,move,accepted,moved,1,0.9047,819.3712,347.7448,30.6714,0.2434,1198.9355
phone-android,stress,1752,move,accepted,moved,1,0.9669,826.1011,348.9166,51.0888,0.2624,1227.3358
phone-android,stress,1753,choose,rejected,not_owned,0,1.1711,825.2571,0.1397,9.4065,0.1721,836.1464
phone-android,stress,1754,look,accepted,observed,0,0.7729,818.6133,0.1340,8.3830,0.1602,828.0635
phone-android,stress,1755,talk,rejected,not_owned,0,0.8188,817.6376,0.1173,8.9090,0.1554,827.6381
phone-android,stress,1756,move,accepted,moved,1,0.7866,820.3770,347.4577,28.2081,0.1841,1197.0135
phone-android,stress,1757,talk,rejected,not_eligible,0,0.6696,820.8822,0.1277,8.7477,0.1579,830.5851
phone-android,stress,1758,look,accepted,observed,0,0.7821,823.6730,0.1465,5.8632,0.1798,830.6448
phone-android,stress,1759,move,accepted,moved,1,0.9053,817.8067,350.1004,29.5742,0.2355,1198.6222
phone-android,stress,1760,take,rejected,not_present,0,1.0486,817.0138,0.1443,8.9728,0.1702,827.3497
phone-android,stress,1761,move,rejected,exit_unavailable,0,0.8258,822.8421,0.1355,8.7675,0.1763,832.7471
phone-android,stress,1762,move,accepted,moved,1,0.7983,820.8212,347.5244,31.4349,0.2054,1200.7842
phone-android,stress,1763,look,accepted,observed,0,0.8797,819.5659,0.1142,8.4974,0.1690,829.2261
phone-android,stress,1764,look,accepted,observed,0,0.7110,826.7148,0.1322,9.2015,0.3200,837.0796
phone-android,stress,1765,close_choice,accepted,choice_closed,1,1.0656,828.2376,349.0215,28.7524,0.2106,1207.2877
phone-android,stress,1766,wait,rejected,invalid_time,0,1.1277,822.7174,0.1392,10.3774,0.1963,834.5581
phone-android,stress,1767,move,accepted,moved,1,0.8945,818.9966,397.0453,47.6752,0.2652,1264.8767
phone-android,stress,1768,take,rejected,not_present,0,0.9084,818.7659,0.1433,8.5088,0.1385,828.4649
phone-android,stress,1769,look,accepted,observed,0,0.6012,819.2240,0.1349,8.6096,0.1712,828.7409
phone-android,stress,1770,move,rejected,exit_unavailable,0,0.7994,816.5604,0.2309,8.2136,0.1706,825.9749
phone-android,stress,1771,take,rejected,not_present,0,0.8513,822.1547,0.1259,8.1356,0.2401,831.5076
phone-android,stress,1772,move,accepted,moved,1,0.8995,825.2421,353.0433,30.1176,0.2170,1209.5194
phone-android,stress,1773,look,accepted,observed,0,0.9510,823.9515,0.1464,10.1011,0.1379,835.2880
phone-android,stress,1774,look,accepted,observed,0,0.6310,821.2960,0.1272,8.2060,0.1422,830.4025
phone-android,stress,1775,move,accepted,moved,1,0.5916,819.2249,349.7899,27.8092,0.1696,1197.5852
phone-android,stress,1776,wait,rejected,invalid_time,0,0.7934,822.5275,0.1277,9.5823,0.2705,833.3014
phone-android,stress,1777,move,accepted,moved,1,1.1370,828.3759,353.4668,30.3816,0.2204,1213.5816
phone-android,stress,1778,look,accepted,observed,0,0.9374,825.0700,0.1416,9.0159,0.1624,835.3273
phone-android,stress,1779,move,accepted,moved,1,0.7574,817.6327,347.0576,29.4213,0.2293,1195.0983
phone-android,stress,1780,look,accepted,observed,0,0.9448,824.7629,0.1263,8.5092,0.1806,834.5239
phone-android,stress,1781,wait,rejected,invalid_time,0,0.7706,824.9444,0.1113,8.5835,0.2895,834.6994
phone-android,stress,1782,take,accepted,taken,1,1.0004,827.6497,356.2832,28.8931,0.2314,1214.0578
phone-android,stress,1783,look,accepted,observed,0,1.0278,825.9842,0.1096,8.0839,0.1452,835.3507
phone-android,stress,1784,look,accepted,observed,0,0.6119,820.8339,0.1082,7.4984,0.1666,829.2190
phone-android,stress,1785,move,accepted,moved,1,0.7162,813.6602,348.1204,30.5098,0.2404,1193.2470
phone-android,stress,1786,talk,rejected,not_eligible,0,0.9543,821.6279,0.1381,9.4823,0.1715,832.3741
phone-android,stress,1787,move,accepted,moved,1,0.8341,828.5310,352.3861,30.1507,0.2173,1212.1192
phone-android,stress,1788,drop,accepted,dropped,1,0.9570,826.4891,350.3930,29.9001,0.2507,1207.9899
phone-android,stress,1789,wait,rejected,invalid_time,0,1.1312,823.9725,0.1310,8.7013,0.1739,834.1098
phone-android,stress,1790,choose,rejected,stale_view,0,0.7899,743.7000,0.1283,9.7098,0.1421,754.4701
phone-android,stress,1791,activate,rejected,not_eligible,0,0.7435,823.6250,0.1288,8.2210,0.1571,832.8755
phone-android,stress,1792,talk,rejected,not_eligible,0,0.7488,829.7324,0.1396,11.1501,0.2755,842.0463
phone-android,stress,1793,move,accepted,moved,1,0.9233,819.1820,349.1225,29.5633,0.2607,1199.0518
phone-android,stress,1794,wait,rejected,invalid_time,0,1.0557,826.8109,0.1355,9.7447,0.1723,837.9191
phone-android,stress,1795,move,rejected,exit_unavailable,0,0.7819,822.8024,0.1361,8.5636,0.1413,832.4254
phone-android,stress,1796,move,accepted,moved,1,0.5869,816.5390,348.7864,27.9804,0.1815,1194.0741
phone-android,stress,1797,close_choice,rejected,invalid_choice,0,0.6923,820.0435,0.1419,9.3129,0.1477,830.3383
phone-android,stress,1798,take,rejected,not_present,0,0.6286,821.6277,0.1337,8.2290,0.1644,830.7834
phone-android,stress,1799,look,accepted,observed,0,0.8734,816.7301,0.1218,8.9030,0.1593,826.7875
phone-android,stress,1800,look,accepted,observed,0,0.8411,814.3563,0.1210,7.7563,0.1369,823.2116
phone-android,stress,1801,look,accepted,observed,0,0.7179,826.1324,0.1183,8.4279,0.2846,835.6811
phone-android,stress,1802,drop,replayed,dropped,0,1.3402,752.7573,0.0084,0.0011,0.0975,754.2045
phone-android,stress,1803,move,rejected,exit_unavailable,0,1.3265,827.0670,0.1145,9.0023,0.1960,837.7064
phone-android,stress,1804,look,accepted,observed,0,0.8474,811.1302,0.1301,7.4715,0.1642,819.7434
phone-android,stress,1805,take,rejected,not_present,0,0.6843,815.1545,0.1451,8.2108,0.1606,824.3552
phone-android,stress,1806,look,accepted,observed,0,0.7105,827.1316,0.1392,8.8203,0.1780,836.9796
phone-android,stress,1807,look,accepted,observed,0,0.7698,820.3154,0.1178,9.1676,0.2630,830.6337
phone-android,stress,1808,drop,rejected,integrity_conflict,0,1.8118,745.6426,0.0092,0.0007,0.1011,747.5654
phone-android,stress,1809,look,accepted,observed,0,1.2235,825.4215,0.1317,9.0747,0.1811,836.0325
phone-android,stress,1810,wait,rejected,invalid_time,0,0.8568,825.3940,0.1411,9.4735,0.1868,836.0523
phone-android,stress,1811,look,accepted,observed,0,0.8553,824.2163,0.1382,8.8834,0.1624,834.2557
phone-android,stress,1812,move,rejected,exit_unavailable,0,0.8206,824.2346,0.1301,8.5089,0.2199,833.9140
phone-android,stress,1813,move,accepted,moved,1,0.8679,809.3983,338.7780,29.1481,0.3786,1178.5708
phone-android,stress,1814,move,rejected,exit_unavailable,0,0.9823,809.8760,0.1232,8.9033,0.1881,820.0728
phone-android,stress,1815,choose,rejected,invalid_choice,0,0.8730,825.6491,0.1415,8.7046,0.1649,835.5332
phone-android,stress,1816,talk,rejected,not_eligible,0,0.7272,814.7471,0.2018,8.8929,0.1858,824.7548
phone-android,stress,1817,move,accepted,moved,1,0.9802,819.8946,350.4494,26.0562,0.2524,1197.6328
phone-android,stress,1818,wait,rejected,invalid_time,0,0.8613,824.9134,0.1460,8.3006,0.1340,834.3553
phone-android,stress,1819,look,accepted,observed,0,0.6294,819.6088,0.1325,8.9652,0.1686,829.5045
phone-android,stress,1820,wait,rejected,invalid_time,0,0.8184,823.4931,0.1343,9.2459,0.1670,833.8587
phone-android,stress,1821,move,rejected,exit_unavailable,0,0.7609,826.5372,0.1109,6.8849,0.3064,834.6004
phone-android,stress,1822,look,accepted,observed,0,0.8323,825.0401,0.1258,8.6973,0.1790,834.8746
phone-android,stress,1823,move,accepted,moved,1,0.8105,821.9950,344.7996,28.6392,0.2268,1196.4711
phone-android,stress,1824,look,accepted,observed,0,0.9489,824.1733,0.1357,9.2960,0.1466,834.7005
phone-android,stress,1825,move,accepted,moved,1,0.6226,815.3196,361.5128,35.4505,0.2207,1213.1263
phone-android,stress,1826,look,accepted,observed,0,0.9076,821.1980,0.1347,8.8470,0.1329,831.2202
phone-android,stress,1827,wait,rejected,invalid_time,0,0.6699,819.2467,0.1511,9.1079,0.1740,829.3497
phone-android,stress,1828,look,accepted,observed,0,0.9022,817.7327,0.1287,8.3282,0.1421,827.2340
phone-android,stress,1829,talk,rejected,not_owned,0,0.8604,820.2900,0.1119,9.2119,0.1732,830.6475
phone-android,stress,1830,move,accepted,moved,1,0.9116,830.1165,349.9728,43.2448,0.3149,1224.5606
phone-android,stress,1831,move,accepted,moved,1,1.1393,824.0983,352.4357,28.4070,0.2212,1206.3015
phone-android,stress,1832,choose,rejected,invalid_choice,0,0.8217,826.7759,0.1546,9.0769,0.1385,836.9675
phone-android,stress,1833,take,rejected,not_present,0,0.6245,819.8860,0.1429,8.4536,0.1848,829.2918
phone-android,stress,1834,move,accepted,moved,1,0.8089,820.5721,349.5282,29.8413,0.2592,1201.0097
phone-android,stress,1835,look,accepted,observed,0,1.0916,819.1060,0.1052,8.4113,0.1917,828.9058
phone-android,stress,1836,move,accepted,moved,1,0.8820,821.3137,353.6808,30.0762,0.2265,1206.1792
phone-android,stress,1837,move,rejected,exit_unavailable,0,1.0463,827.9824,0.1491,9.7274,0.2850,839.1902
phone-android,stress,1838,choose,rejected,invalid_choice,0,1.0798,818.8939,0.1283,9.8865,0.1429,830.1313
phone-android,stress,1839,look,accepted,observed,0,0.7340,817.4270,0.1198,7.8198,0.1421,826.2427
phone-android,stress,1840,take,accepted,taken,1,0.7823,821.9606,346.0503,29.8661,0.2788,1198.9380
phone-android,stress,1841,move,accepted,moved,1,1.0761,826.4842,357.5387,31.2222,0.2666,1216.5878
phone-android,stress,1842,move,accepted,moved,1,1.1148,819.5975,348.9034,30.2035,0.2231,1200.0424
phone-android,stress,1843,move,accepted,moved,1,0.9089,834.0643,354.6713,29.0989,0.2080,1218.9513
phone-android,stress,1844,look,accepted,observed,0,1.0720,836.0063,0.1304,8.2172,0.1389,845.5648
phone-android,stress,1845,activate,rejected,not_eligible,0,0.7421,830.7611,0.1500,10.3291,0.1606,842.1429
phone-android,stress,1846,look,accepted,observed,0,0.7637,826.7308,0.1462,9.6663,0.1779,837.4849
phone-android,stress,1847,activate,rejected,not_eligible,0,0.8757,825.4733,0.1185,8.5130,0.1796,835.1601
phone-android,stress,1848,choose,rejected,stale_view,0,0.8539,745.1045,0.1232,10.0071,0.2590,756.3477
phone-android,stress,1849,look,accepted,observed,0,0.8884,830.1354,0.1159,8.7020,0.1736,840.0154
phone-android,stress,1850,activate,rejected,not_eligible,0,0.8922,819.7320,0.1343,8.9320,0.1809,829.8714
phone-android,stress,1851,drop,accepted,dropped,1,0.7819,826.3260,349.4769,29.9017,0.2534,1206.7399
phone-android,stress,1852,talk,rejected,not_eligible,0,0.9869,825.9265,0.1144,8.7752,0.1826,835.9856
phone-android,stress,1853,look,accepted,observed,0,0.8739,826.3020,0.1309,9.0323,0.2487,836.5878
phone-android,stress,1854,talk,rejected,not_eligible,0,1.0618,832.2789,0.1361,8.3939,0.1363,842.0070
phone-android,stress,1855,wait,rejected,invalid_time,0,0.6338,821.4211,0.1165,7.2571,0.1558,829.5843
phone-android,stress,1856,look,accepted,observed,0,0.6583,818.1004,0.1403,9.4380,0.1681,828.5051
phone-android,stress,1857,look,accepted,observed,0,0.7589,820.7538,0.1220,8.6469,0.1694,830.4510
phone-android,stress,1858,look,accepted,observed,0,0.9278,826.9612,0.1181,9.1620,0.1759,837.3450
phone-android,stress,1859,look,accepted,observed,0,0.7640,817.0875,0.1191,8.2146,0.1487,826.3339
phone-android,stress,1860,move,accepted,moved,1,0.7007,814.1514,347.7411,29.9391,0.3042,1192.8365
phone-android,stress,1861,talk,rejected,not_eligible,0,1.5096,815.7164,0.1263,8.0668,0.2389,825.6580
phone-android,stress,1862,move,accepted,moved,1,0.8054,822.3096,348.3944,29.9275,0.2681,1201.7050
phone-android,stress,1863,look,accepted,observed,0,1.0850,825.5261,0.1252,8.9617,0.1581,835.8562
phone-android,stress,1864,take,replayed,taken,0,1.1363,740.7803,0.0090,0.0009,0.1006,742.0271
phone-android,stress,1865,move,accepted,moved,1,1.2210,821.8622,350.2720,27.8221,0.3165,1201.4938
phone-android,stress,1866,take,rejected,not_present,0,1.0146,823.0635,0.1152,8.4235,0.1543,832.7712
phone-android,stress,1867,look,accepted,observed,0,0.6926,820.2819,0.1166,8.1444,0.2491,829.4846
phone-android,stress,1868,activate,rejected,not_eligible,0,0.9264,811.7557,0.1606,8.5355,0.1703,821.5485
phone-android,stress,1869,look,accepted,observed,0,0.7690,819.5090,0.1410,9.8909,0.1315,830.4413
phone-android,stress,1870,drop,rejected,integrity_conflict,0,0.9244,746.4154,0.0095,0.0006,0.1154,747.4653
phone-android,stress,1871,look,accepted,observed,0,1.4500,823.1237,0.1305,9.3818,0.1659,834.2519
phone-android,stress,1872,talk,rejected,not_eligible,0,0.7831,817.7554,0.1304,9.1596,0.1821,828.0107
phone-android,stress,1873,move,accepted,moved,1,0.7383,813.6800,352.9163,28.2644,0.1864,1195.7854
phone-android,stress,1874,move,accepted,moved,1,0.7154,821.6948,346.8933,29.2532,0.2501,1198.8068
phone-android,stress,1875,move,accepted,moved,1,1.0585,828.2740,347.4376,30.4841,0.2584,1207.5126
phone-android,stress,1876,talk,rejected,not_eligible,0,1.0826,831.9734,0.1268,8.4490,0.1669,841.7985
phone-android,stress,1877,move,accepted,moved,1,0.8102,822.1300,351.4591,27.8717,0.1783,1202.4493
phone-android,stress,1878,look,accepted,observed,0,0.7541,823.3675,0.1234,8.0545,0.1427,832.4422
phone-android,stress,1879,move,accepted,moved,1,0.8362,827.5070,349.6139,29.6958,0.2213,1207.8741
phone-android,stress,1880,move,accepted,moved,1,0.8974,829.0024,348.1420,29.4233,0.2006,1207.6656
phone-android,stress,1881,move,accepted,moved,1,0.9413,817.1261,353.9799,30.3770,0.2385,1202.6627
phone-android,stress,1882,wait,rejected,invalid_time,0,1.0243,824.0352,0.1162,7.7824,0.1905,833.1487
phone-android,stress,1883,look,accepted,observed,0,0.8041,819.3352,0.1501,9.4679,0.1553,829.9126
phone-android,stress,1884,move,rejected,exit_unavailable,0,0.6863,821.8838,0.1214,7.0030,0.1414,829.8358
phone-android,stress,1885,move,accepted,moved,1,0.5835,820.6962,346.0574,29.0803,0.1949,1196.6124
phone-android,stress,1886,look,accepted,observed,0,1.1287,824.0312,0.1279,9.0547,0.1892,834.5317
phone-android,stress,1887,wait,rejected,invalid_time,0,0.8103,825.3656,0.1364,8.3704,0.1676,834.8503
phone-android,stress,1888,look,accepted,observed,0,0.7651,817.7320,0.1380,9.2495,0.2574,828.1419
phone-android,stress,1889,move,accepted,moved,1,0.9766,818.8834,347.1093,31.6329,0.2310,1198.8331
phone-android,stress,1890,look,accepted,observed,0,0.8883,822.0781,0.1144,9.6879,0.1740,832.9427
phone-android,stress,1891,move,accepted,moved,1,0.7573,823.7604,360.8441,29.4316,0.2511,1215.0446
phone-android,stress,1892,move,accepted,moved,1,0.9209,825.2630,354.3986,29.7142,0.2170,1210.5137
phone-android,stress,1893,wait,rejected,invalid_time,0,0.9557,820.9696,0.1127,8.3367,0.1716,830.5462
phone-android,stress,1894,look,accepted,observed,0,0.7793,832.9441,0.1451,9.7899,0.2260,843.8845
phone-android,stress,1895,choose,rejected,invalid_choice,0,0.8835,832.6179,0.1300,8.7990,0.1772,842.6076
phone-android,stress,1896,look,accepted,observed,0,0.8868,823.6378,0.1426,9.0523,0.1760,833.8955
phone-android,stress,1897,activate,rejected,not_eligible,0,0.8194,824.3808,0.1520,7.7608,0.1620,833.2751
phone-android,stress,1898,move,rejected,exit_unavailable,0,0.7454,815.5744,0.1174,8.6001,0.1815,825.2188
phone-android,stress,1899,move,rejected,exit_unavailable,0,1.0188,827.0480,0.1173,7.7479,0.1452,836.0771
phone-android,stress,1900,move,accepted,moved,1,0.7968,818.9070,348.9858,31.3134,0.2110,1200.2141
phone-android,stress,1901,move,accepted,moved,1,0.9933,819.2063,348.0519,60.7186,0.2742,1229.2443
phone-android,stress,1902,move,accepted,moved,1,1.2172,829.9586,350.3572,31.2794,0.2267,1213.0390
phone-android,stress,1903,move,accepted,moved,1,0.8975,815.8324,349.1542,30.5847,0.2192,1196.6880
phone-android,stress,1904,look,accepted,observed,0,0.8048,819.0421,0.1314,9.3166,0.1783,829.4732
phone-android,stress,1905,take,accepted,taken,1,0.7746,825.8172,350.4095,29.1381,0.2068,1206.3461
phone-android,stress,1906,look,accepted,observed,0,0.8556,831.1108,0.1555,9.6035,0.2038,841.9293
phone-android,stress,1907,talk,rejected,not_eligible,0,0.8241,822.5090,0.1529,8.9920,0.1489,832.6269
phone-android,stress,1908,look,accepted,observed,0,0.8756,820.4329,0.1241,8.4489,0.1721,830.0536
phone-android,stress,1909,look,accepted,observed,0,0.8950,824.4892,0.1565,13.0924,0.1394,838.7725
phone-android,stress,1910,move,accepted,moved,1,0.6108,823.2477,350.4936,28.6872,0.2293,1203.2687
phone-android,stress,1911,move,accepted,moved,1,0.9483,821.2464,349.7563,29.9942,0.2132,1202.1583
phone-android,stress,1912,look,accepted,observed,0,0.9171,821.4773,0.1197,9.3069,0.1709,831.9919
phone-android,stress,1913,move,accepted,moved,1,0.8378,820.2659,354.7170,32.2508,0.2147,1208.2862
phone-android,stress,1914,move,accepted,moved,1,0.8704,826.3285,344.2929,28.4928,0.2457,1200.2303
phone-android,stress,1915,drop,rejected,integrity_conflict,0,1.5734,745.2873,0.0088,0.0006,0.1108,746.9809
phone-android,stress,1916,look,accepted,observed,0,1.0853,831.0027,0.1282,9.1294,0.1588,841.5045
phone-android,stress,1917,move,accepted,moved,1,1.0160,823.3236,346.8752,29.9849,0.2334,1201.4330
phone-android,stress,1918,look,accepted,observed,0,0.9168,821.5912,0.1161,9.0946,0.1676,831.8863
phone-android,stress,1919,choose,rejected,invalid_choice,0,0.8781,822.4284,0.1433,9.7151,0.3050,833.4699
phone-android,stress,1920,wait,rejected,invalid_time,0,0.9751,831.8494,0.1482,8.8368,0.1699,841.9794
phone-android,stress,1921,move,accepted,moved,1,0.7717,820.2037,346.2083,31.0117,0.2433,1198.4388
phone-android,stress,1922,look,accepted,observed,0,0.9677,831.0572,0.1197,9.7324,0.3516,842.2286
phone-android,stress,1923,look,accepted,observed,0,0.9514,827.0623,0.1343,8.5613,0.1727,836.8820
phone-android,stress,1924,look,accepted,observed,0,0.9220,825.9170,0.1404,9.6143,0.1744,836.7680
phone-android,stress,1925,wait,rejected,invalid_time,0,0.8188,815.0611,0.1258,8.8298,0.1846,825.0202
phone-android,stress,1926,look,accepted,observed,0,0.8819,819.2156,0.1052,7.7351,0.1398,828.0777
phone-android,stress,1927,wait,rejected,invalid_time,0,0.6974,824.0997,0.1134,7.8298,0.1423,832.8826
phone-android,stress,1928,move,accepted,moved,1,0.6177,822.4552,353.2235,28.5063,0.2143,1205.0170
phone-android,stress,1929,move,accepted,moved,1,0.8751,826.8021,349.5981,30.1189,0.2210,1207.6152
phone-android,stress,1930,look,accepted,observed,0,0.9659,823.3378,0.1353,8.8541,0.1619,833.4550
phone-android,stress,1931,wait,rejected,invalid_time,0,0.7965,828.3952,0.1315,9.3924,0.1808,838.8964
phone-android,stress,1932,look,accepted,observed,0,0.8296,818.6203,0.1345,9.1168,0.1698,828.8712
phone-android,stress,1933,move,accepted,moved,1,0.8284,822.3488,349.8585,29.9685,0.2228,1203.2270
phone-android,stress,1934,talk,accepted,choice_opened,1,1.1072,835.6670,354.1191,28.2880,0.2114,1219.3927
phone-android,stress,1935,talk,accepted,choice_opened,1,0.7676,836.4539,350.9601,24.5125,0.1674,1212.8616
phone-android,stress,1936,move,accepted,moved,1,0.5811,823.5761,349.7278,29.6424,0.2344,1203.7619
phone-android,stress,1937,move,accepted,moved,1,0.9255,820.5032,347.7183,29.5188,0.2305,1198.8963
phone-android,stress,1938,move,rejected,exit_unavailable,0,0.9499,828.4709,0.1587,7.6840,0.1533,837.4168
phone-android,stress,1939,drop,accepted,dropped,1,0.7145,819.8667,348.1877,30.8197,0.2195,1199.8081
phone-android,stress,1940,wait,rejected,invalid_time,0,0.8243,821.4192,0.1124,8.6517,0.1412,831.1489
phone-android,stress,1941,talk,rejected,not_owned,0,0.6607,821.6134,0.1378,9.7994,0.4457,832.6570
phone-android,stress,1942,move,accepted,moved,1,1.0613,820.7585,353.3534,30.7404,0.2196,1206.1331
phone-android,stress,1943,choose,rejected,invalid_choice,0,0.9185,823.3057,0.1170,8.7214,0.1733,833.2360
phone-android,stress,1944,look,accepted,observed,0,0.7605,816.0423,0.1469,9.3590,0.1816,826.4902
phone-android,stress,1945,move,rejected,exit_unavailable,0,0.8649,816.1502,0.1368,8.2224,0.1438,825.5182
phone-android,stress,1946,look,accepted,observed,0,0.6120,827.3413,0.1258,8.9987,0.2144,837.2922
phone-android,stress,1947,look,accepted,observed,0,0.9926,822.2614,0.1281,8.4622,0.1746,832.0189
phone-android,stress,1948,take,rejected,not_present,0,0.8177,813.3016,0.1497,9.6222,0.1821,824.0733
phone-android,stress,1949,look,accepted,observed,0,0.7807,811.6251,0.1403,8.4428,0.1634,821.1523
phone-android,stress,1950,move,accepted,moved,1,0.7533,817.4511,347.5287,32.8526,0.2715,1198.8572
phone-android,stress,1951,look,accepted,observed,0,1.1296,821.9847,0.1104,8.3094,0.1406,831.6747
phone-android,stress,1952,activate,rejected,not_eligible,0,0.6329,827.2027,0.1225,10.4209,0.4539,838.8329
phone-android,stress,1953,move,accepted,moved,1,1.1546,827.2625,350.0189,29.2054,0.2121,1207.8536
phone-android,stress,1954,look,accepted,observed,0,0.9801,814.7140,0.1399,9.2038,0.1818,825.2196
phone-android,stress,1955,look,accepted,observed,0,0.7788,815.1710,0.1420,8.4381,0.1744,824.7042
phone-android,stress,1956,look,accepted,observed,0,0.9041,823.9336,0.1272,8.5734,0.1561,833.6944
phone-android,stress,1957,look,accepted,observed,0,0.9121,821.6172,0.1291,8.2213,0.1716,831.0513
phone-android,stress,1958,look,accepted,observed,0,0.8364,823.1408,0.1513,8.2817,0.2979,832.7081
phone-android,stress,1959,look,accepted,observed,0,1.0886,825.9317,0.1456,9.9306,0.1975,837.2941
phone-android,stress,1960,look,accepted,observed,0,1.0045,821.6633,0.1516,9.9606,0.1683,832.9483
phone-android,stress,1961,move,accepted,moved,1,0.7425,826.5998,348.2760,29.1022,0.2133,1204.9338
phone-android,stress,1962,drop,replayed,dropped,0,1.2380,745.6881,0.0085,0.0008,0.0958,747.0312
phone-android,stress,1963,activate,rejected,not_eligible,0,1.4194,821.8300,0.1216,8.9881,0.1954,832.5545
phone-android,stress,1964,look,accepted,observed,0,0.8539,815.6357,0.1389,8.9335,0.1345,825.6965
phone-android,stress,1965,move,accepted,moved,1,0.6134,822.7359,349.8720,30.9402,0.2343,1204.3958
phone-android,stress,1966,look,accepted,observed,0,0.9501,818.9653,0.1229,7.9271,0.1693,828.1347
phone-android,stress,1967,activate,rejected,not_eligible,0,0.9086,825.4046,0.1360,10.2996,0.2972,837.0461
phone-android,stress,1968,move,accepted,moved,1,0.9475,828.8220,354.6331,29.7281,0.2620,1214.3926
phone-android,stress,1969,wait,rejected,invalid_time,0,1.0885,821.4695,0.1523,9.5471,0.1785,832.4359
phone-android,stress,1970,look,accepted,observed,0,0.8769,814.9586,0.4262,8.7713,0.1626,825.1956
phone-android,stress,1971,close_choice,accepted,choice_closed,1,0.7641,820.7586,348.2412,26.5841,0.1789,1196.5267
phone-android,stress,1972,move,accepted,moved,1,0.6419,827.8498,347.6551,40.7200,0.2374,1217.1042
phone-android,stress,1973,look,accepted,observed,0,1.1802,820.1477,0.1195,10.9965,0.2018,832.6457
phone-android,stress,1974,activate,rejected,not_eligible,0,0.9473,828.7871,0.1365,7.8998,0.1583,837.9290
phone-android,stress,1975,move,accepted,moved,1,0.6981,817.1011,350.5148,30.4329,0.3609,1199.1079
phone-android,stress,1976,move,accepted,moved,1,1.2985,814.8310,347.6987,31.0047,0.2411,1195.0741
phone-android,stress,1977,move,accepted,moved,1,0.9509,825.2965,348.6921,29.4584,0.2247,1204.6227
phone-android,stress,1978,move,accepted,moved,1,1.1087,823.4671,347.9490,27.6781,0.1852,1200.3881
phone-android,stress,1979,drop,replayed,dropped,0,1.0659,748.5141,0.0067,0.0007,0.1000,749.6875
phone-android,stress,1980,move,accepted,moved,1,1.0834,811.0904,354.7243,32.1091,0.2202,1199.2275
phone-android,stress,1981,look,accepted,observed,0,0.8799,823.2027,0.1233,9.2671,0.1654,833.6384
phone-android,stress,1982,move,accepted,moved,1,0.7410,821.1717,347.8342,29.3018,0.2254,1199.2741
phone-android,stress,1983,look,accepted,observed,0,0.9869,825.9990,0.1282,10.6525,0.2994,838.0660
phone-android,stress,1984,drop,replayed,dropped,0,1.5522,757.3721,0.0098,0.0009,0.1042,759.0392
phone-android,stress,1985,look,accepted,observed,0,1.2703,833.4572,0.1267,9.1539,0.1728,844.1808
phone-android,stress,1986,move,accepted,moved,1,0.8731,824.7382,356.7497,29.5101,0.1999,1212.0710
phone-android,stress,1987,take,accepted,taken,1,0.8069,821.2099,351.4271,30.5703,0.1734,1204.1875
phone-android,stress,1988,look,accepted,observed,0,0.7515,823.0544,0.1265,8.9135,0.1690,833.0149
phone-android,stress,1989,move,accepted,moved,1,0.9128,824.8373,350.4661,29.1593,0.2439,1205.6193
phone-android,stress,1990,move,accepted,moved,1,1.0112,825.4486,354.2001,29.4834,0.2131,1210.3564
phone-android,stress,1991,look,accepted,observed,0,0.8915,819.7853,0.1323,8.9606,0.1683,829.9379
phone-android,stress,1992,move,accepted,moved,1,0.9899,828.5402,348.9600,28.5906,0.2120,1207.2928
phone-android,stress,1993,move,accepted,moved,1,0.8157,824.5440,346.3432,29.9992,0.2052,1201.9073
phone-android,stress,1994,look,accepted,observed,0,0.8934,818.1906,0.1874,9.6695,0.1705,829.1114
phone-android,stress,1995,look,accepted,observed,0,1.1209,824.0928,0.1142,8.2411,0.1547,833.7238
phone-android,stress,1996,wait,rejected,invalid_time,0,0.8553,821.6280,0.1231,8.7478,0.1827,831.5367
phone-android,stress,1997,look,accepted,observed,0,0.8527,824.8347,0.1406,9.4047,0.1685,835.4011
phone-android,stress,1998,wait,rejected,invalid_time,0,0.7581,823.0966,0.1327,7.5074,0.1449,831.6398
phone-android,stress,1999,talk,accepted,choice_opened,1,0.6105,814.9335,349.8320,28.4182,0.2503,1194.0444
phone-android,stress,2000,move,accepted,moved,1,0.9616,833.9619,349.7920,28.1867,0.2195,1213.1217
phone-android,stress,2001,look,accepted,observed,0,1.0127,819.7536,0.1518,10.3424,0.1606,831.4211
phone-android,stress,2002,move,accepted,moved,1,0.7703,822.9273,350.1155,30.2050,0.2419,1204.2600
phone-android,stress,2003,move,accepted,moved,1,0.9512,824.8072,349.7152,30.5505,0.2540,1206.2781
phone-android,stress,2004,move,accepted,moved,1,1.0201,826.0035,347.9349,28.7200,0.2665,1203.9450
phone-android,stress,2005,wait,rejected,invalid_time,0,1.1575,819.9101,0.1606,10.3974,0.2811,831.9067
phone-android,stress,2006,close_choice,accepted,choice_closed,1,0.9328,817.3013,349.5270,30.1422,0.2198,1198.1231
phone-android,stress,2007,move,accepted,moved,1,0.9873,829.2181,349.5151,28.3507,0.2050,1208.2762
phone-android,stress,2008,activate,rejected,not_eligible,0,0.9758,836.2959,0.1398,9.1701,0.1632,846.7448
phone-android,stress,2009,move,accepted,moved,1,0.7710,813.9901,347.8943,31.3221,0.1899,1194.1676
phone-android,stress,2010,move,rejected,exit_unavailable,0,1.1184,821.8518,0.1182,8.5494,0.1867,831.8245
phone-android,stress,2011,move,accepted,moved,1,0.8263,826.3972,352.4623,30.6228,0.2554,1210.5640
phone-android,stress,2012,look,accepted,observed,0,1.0693,824.1450,0.1515,8.6836,0.1699,834.2194
phone-android,stress,2013,wait,rejected,invalid_time,0,0.7452,822.1894,0.1084,8.4856,0.1431,831.6716
phone-android,stress,2014,move,accepted,moved,1,0.8700,814.2961,348.1644,28.1540,0.1734,1191.6579
phone-android,stress,2015,look,accepted,observed,0,0.7128,820.0817,0.1201,9.0004,0.1720,830.0869
phone-android,stress,2016,wait,rejected,invalid_time,0,0.9042,829.1246,0.1162,8.9558,0.2027,839.3035
phone-android,stress,2017,drop,accepted,dropped,1,0.8954,814.5860,347.6712,29.2640,0.2804,1192.6969
phone-android,stress,2018,take,accepted,taken,1,1.1214,819.8324,347.1584,29.9295,0.2207,1198.2624
phone-android,stress,2019,look,accepted,observed,0,0.9120,823.4744,0.1386,10.1924,0.2903,835.0078
phone-android,stress,2020,move,accepted,moved,1,1.0049,826.2237,352.4291,27.9784,0.2685,1207.9048
phone-android,stress,2021,activate,rejected,not_eligible,0,1.1458,818.3769,0.1149,7.9943,0.1447,827.7765
phone-android,stress,2022,look,accepted,observed,0,0.7831,820.9552,0.1160,8.4577,0.1778,830.4899
phone-android,stress,2023,look,accepted,observed,0,0.8600,813.1837,0.1377,8.3104,0.1694,822.6611
phone-android,stress,2024,look,accepted,observed,0,0.9180,814.6922,0.1536,9.1668,0.1682,825.0987
phone-android,stress,2025,move,accepted,moved,1,0.7846,817.0532,345.4173,30.8599,0.2134,1194.3285
phone-android,stress,2026,choose,rejected,stale_view,0,1.0360,748.8448,0.1169,9.8518,0.6736,760.5231
phone-android,stress,2027,look,accepted,observed,0,1.2689,822.8204,0.1410,8.5359,0.1619,832.9282
phone-android,stress,2028,move,accepted,moved,1,0.8657,811.7733,344.4875,48.0763,0.2695,1205.4722
phone-android,stress,2029,drop,accepted,dropped,1,1.0803,826.8397,346.7237,28.8938,0.1888,1203.7263
phone-android,stress,2030,move,accepted,moved,1,1.0164,824.4315,360.3843,37.4952,0.2247,1223.5520
phone-android,stress,2031,look,accepted,observed,0,0.8949,810.7670,0.1142,8.2280,0.1414,820.1454
phone-android,stress,2032,take,rejected,not_present,0,0.6526,811.3331,0.1321,9.4406,0.1642,821.7226
phone-android,stress,2033,activate,rejected,not_eligible,0,0.7231,816.9662,0.1363,9.2749,0.1514,827.2520
phone-android,stress,2034,move,accepted,moved,1,0.7022,816.9377,346.8835,28.8834,0.2208,1193.6276
phone-android,stress,2035,move,accepted,moved,1,0.9104,829.8126,354.5569,29.6057,0.2578,1215.1434
phone-android,stress,2036,wait,rejected,invalid_time,0,1.1051,816.5509,0.1186,8.0955,0.1417,826.0117
phone-android,stress,2037,move,accepted,moved,1,0.7405,818.2195,347.4811,29.9002,0.2682,1196.6095
phone-android,stress,2038,move,accepted,moved,1,1.0755,821.3079,347.2451,29.2525,0.2301,1199.1112
phone-android,stress,2039,look,accepted,observed,0,0.9189,828.1407,0.1299,10.1403,0.1714,839.5011
phone-android,stress,2040,move,accepted,moved,1,0.8704,817.7879,350.5406,29.3026,0.2338,1198.7353
phone-android,stress,2041,move,accepted,moved,1,0.9028,820.9872,345.0562,27.7265,0.1718,1194.8444
phone-android,stress,2042,look,accepted,observed,0,0.6423,814.7790,0.1381,9.9525,0.1748,825.6867
phone-android,stress,2043,move,accepted,moved,1,0.8235,823.0993,352.5156,29.4685,0.2069,1206.1139
phone-android,stress,2044,move,accepted,moved,1,0.9529,826.2061,349.4657,31.0537,0.2402,1207.9186
phone-android,stress,2045,move,accepted,moved,1,1.0028,822.7946,349.1322,29.3730,0.2361,1202.5387
phone-android,stress,2046,look,accepted,observed,0,1.1351,824.4077,0.1789,9.7548,0.3034,835.7799
phone-android,stress,2047,move,accepted,moved,1,1.1569,817.7161,345.7980,30.3923,0.2192,1195.2825
phone-android,stress,2048,look,accepted,observed,0,0.9726,822.8574,0.1324,9.0381,0.1722,833.1727
phone-android,stress,2049,look,accepted,observed,0,0.8111,822.6446,0.1365,8.7971,0.1607,832.5500
phone-android,stress,2050,take,rejected,not_present,0,0.7234,817.3535,0.1642,9.8556,0.1696,828.2664
phone-android,stress,2051,move,accepted,moved,1,0.8439,818.6971,347.8261,29.0854,0.2067,1196.6591
phone-android,stress,2052,talk,rejected,not_eligible,0,0.9312,826.2061,0.1326,8.0419,0.1394,835.4512
phone-android,stress,2053,move,rejected,exit_unavailable,0,0.6089,821.6626,0.1388,8.3208,0.1633,830.8945
phone-android,stress,2054,look,accepted,observed,0,0.7677,816.1612,0.1509,9.1346,0.1405,826.3548
phone-android,stress,2055,look,accepted,observed,0,0.7687,818.8580,0.1418,10.1745,0.1757,830.1187
phone-android,stress,2056,move,accepted,moved,1,0.8906,819.7040,354.0626,31.4722,0.2107,1206.3402
phone-android,stress,2057,move,accepted,moved,1,1.1480,823.4800,347.1628,29.7496,0.2724,1201.8129
phone-android,stress,2058,look,accepted,observed,0,1.0761,816.6006,0.1181,7.8802,0.1317,825.8066
phone-android,stress,2059,talk,rejected,not_eligible,0,0.7550,826.7136,0.1332,9.6742,0.1760,837.4520
phone-android,stress,2060,look,accepted,observed,0,0.7857,813.0979,0.1207,8.7478,0.1895,822.9416
phone-android,stress,2061,drop,replayed,dropped,0,1.1873,750.1549,0.0079,0.0008,0.0938,751.4446
phone-android,stress,2062,move,rejected,exit_unavailable,0,1.2257,822.3671,0.1233,9.1913,0.1675,833.0749
phone-android,stress,2063,talk,rejected,not_eligible,0,0.8685,816.9792,0.1159,8.5446,0.1655,826.6737
phone-android,stress,2064,look,accepted,observed,0,0.7131,821.6373,0.1229,8.6245,0.1664,831.2641
phone-android,stress,2065,move,accepted,moved,1,0.9772,819.4406,349.2545,28.1994,0.1795,1198.0511
phone-android,stress,2066,move,rejected,exit_unavailable,0,0.6859,830.8115,0.1136,8.4554,0.1466,840.2130
phone-android,stress,2067,activate,rejected,not_eligible,0,0.6215,819.6782,0.1393,8.9549,0.1751,829.5690
phone-android,stress,2068,move,accepted,moved,1,0.7601,814.4733,348.7410,29.5004,0.2113,1193.6860
phone-android,stress,2069,choose,rejected,invalid_choice,0,0.8696,825.1128,0.1237,10.3880,0.1701,836.6642
phone-android,stress,2070,move,accepted,moved,1,0.8972,823.2233,400.0376,52.0908,0.2555,1276.5043
phone-android,stress,2071,take,rejected,not_present,0,1.0183,819.7192,0.1411,9.6543,0.1457,830.6786
phone-android,stress,2072,wait,rejected,invalid_time,0,0.7279,820.0853,0.1503,9.0632,0.1889,830.2155
phone-android,stress,2073,look,accepted,observed,0,0.8481,818.4207,0.1242,8.9789,0.1858,828.5577
phone-android,stress,2074,look,accepted,observed,0,0.8444,824.0830,0.1137,7.2586,0.1548,832.4545
phone-android,stress,2075,move,accepted,moved,1,0.7107,818.8683,359.4013,28.8995,0.2127,1208.0925
phone-android,stress,2076,move,accepted,moved,1,0.8506,821.7007,351.6669,27.5460,0.1671,1201.9313
phone-android,stress,2077,look,accepted,observed,0,0.7798,823.6496,0.1260,8.2134,0.1478,832.9165
phone-android,stress,2078,move,accepted,moved,1,0.6771,820.7149,348.4525,29.4885,0.2056,1199.5387
phone-android,stress,2079,talk,rejected,not_eligible,0,0.8726,823.5632,0.1547,9.1024,0.1817,833.8745
phone-android,stress,2080,look,accepted,observed,0,1.1824,828.3107,0.1426,8.5221,0.1620,838.3198
phone-android,stress,2081,look,accepted,observed,0,0.7261,818.8380,0.1235,8.5622,0.1592,828.4090
phone-android,stress,2082,wait,rejected,invalid_time,0,0.8140,829.2003,0.1225,9.6724,0.1839,839.9932
phone-android,stress,2083,talk,rejected,not_eligible,0,0.8672,822.9289,0.1349,9.1017,0.1760,833.2086
phone-android,stress,2084,move,accepted,moved,1,0.8683,822.1648,349.5825,28.9827,0.2278,1201.8261
phone-android,stress,2085,activate,rejected,not_eligible,0,0.9664,828.4757,0.1123,8.2875,0.1408,837.9826
phone-android,stress,2086,talk,rejected,not_owned,0,0.8302,831.1270,0.1185,8.2321,0.2457,840.5534
phone-android,stress,2087,wait,rejected,invalid_time,0,0.8527,820.8106,0.1355,8.1565,0.1689,830.1241
phone-android,stress,2088,move,accepted,moved,1,0.8853,819.4409,346.2839,31.2314,0.2546,1198.0961
phone-android,stress,2089,look,accepted,observed,0,1.0437,824.5715,0.1227,9.9876,0.2254,835.9510
phone-android,stress,2090,wait,rejected,invalid_time,0,1.0024,830.9219,0.1286,10.1336,0.2668,842.4534
phone-android,stress,2091,wait,rejected,invalid_time,0,0.8714,821.1627,0.1497,8.3195,0.1686,830.6719
phone-android,stress,2092,activate,rejected,not_eligible,0,0.7251,818.5319,0.1328,8.6970,0.1647,828.2515
phone-android,stress,2093,look,accepted,observed,0,0.8782,814.4635,0.1212,9.1978,0.1855,824.8461
phone-android,stress,2094,take,rejected,not_present,0,0.7970,822.4667,0.1285,8.1089,0.2267,831.7277
phone-android,stress,2095,look,accepted,observed,0,0.7315,818.2272,0.1278,8.2377,0.1816,827.5057
phone-android,stress,2096,wait,rejected,invalid_time,0,0.7401,822.7241,0.1434,21.2543,0.1927,845.0546
phone-android,stress,2097,look,accepted,observed,0,0.9052,813.4775,0.1127,8.9154,0.1383,823.5490
phone-android,stress,2098,take,rejected,not_present,0,0.6217,822.8576,0.1492,9.1576,0.1678,832.9539
phone-android,stress,2099,activate,rejected,not_eligible,0,0.7706,822.3149,0.1200,8.0329,0.1764,831.4149
phone-android,stress,2100,move,accepted,moved,1,0.8815,829.0561,362.9256,34.9378,0.2340,1228.0349
phone-android,stress,2101,look,accepted,observed,0,0.9767,818.3698,0.1425,8.5671,0.1503,828.2064
phone-android,stress,2102,move,rejected,exit_unavailable,0,0.7637,817.2769,0.1395,8.7296,0.1731,827.0828
phone-android,stress,2103,move,accepted,moved,1,0.7826,823.3840,350.6765,29.8631,0.2039,1204.9101
phone-android,stress,2104,talk,rejected,not_eligible,0,0.9123,824.5475,0.1346,9.7806,0.1702,835.5451
phone-android,stress,2105,move,accepted,moved,1,0.7953,824.1565,394.7485,50.8410,0.2344,1270.7758
phone-android,stress,2106,move,accepted,moved,1,0.9432,825.0109,356.3373,29.9141,0.1991,1212.4045
phone-android,stress,2107,move,accepted,moved,1,0.8386,838.1394,350.8392,27.6861,0.1799,1217.6832
phone-android,stress,2108,look,accepted,observed,0,0.6688,821.1373,0.2485,8.6330,0.1782,830.8658
phone-android,stress,2109,move,accepted,moved,1,0.7171,825.4396,349.8719,28.6718,0.1870,1204.8874
phone-android,stress,2110,talk,rejected,not_eligible,0,0.7188,826.3427,0.1396,8.6184,0.1490,835.9685
phone-android,stress,2111,activate,rejected,not_eligible,0,0.9688,819.4670,0.1330,8.8240,0.1785,829.5712
phone-android,stress,2112,look,accepted,observed,0,0.8092,819.5697,0.1424,9.8905,0.1680,830.5798
phone-android,stress,2113,look,accepted,observed,0,0.7761,815.7621,0.1828,8.9592,0.1707,825.8509
phone-android,stress,2114,move,accepted,moved,1,0.8529,820.5747,350.5530,30.8165,0.2199,1203.0169
phone-android,stress,2115,look,accepted,observed,0,0.8463,818.5971,0.1588,9.0071,0.1601,828.7693
phone-android,stress,2116,move,accepted,moved,1,0.7564,821.2473,345.8627,29.4925,0.2650,1197.6239
phone-android,stress,2117,look,accepted,observed,0,1.0828,826.2482,0.1516,9.7318,0.1561,837.3705
phone-android,stress,2118,move,rejected,exit_unavailable,0,0.8012,821.0647,0.1349,9.2950,0.1716,831.4674
phone-android,stress,2119,look,accepted,observed,0,0.7942,816.0411,0.1237,8.9020,0.1982,826.0592
phone-android,stress,2120,look,accepted,observed,0,0.8532,815.1776,0.1129,8.0301,0.1692,824.3430
phone-android,stress,2121,look,accepted,observed,0,0.8040,820.0573,0.1376,9.2188,0.1741,830.3918
phone-android,stress,2122,look,accepted,observed,0,0.8400,820.8552,0.1116,9.9604,0.1656,831.9329
phone-android,stress,2123,look,accepted,observed,0,0.8791,822.7709,0.1227,8.2879,0.1668,832.2274
phone-android,stress,2124,move,accepted,moved,1,0.8279,820.1112,353.6801,29.4911,0.2193,1204.3297
phone-android,stress,2125,wait,rejected,invalid_time,0,0.9639,820.8287,0.1334,10.5313,0.2659,832.7232
phone-android,stress,2126,move,rejected,exit_unavailable,0,1.0419,827.5376,0.1441,10.2779,0.3284,839.3299
phone-android,stress,2127,move,rejected,exit_unavailable,0,1.3408,821.3927,0.1547,8.5676,0.1835,831.6393
phone-android,stress,2128,look,accepted,observed,0,0.7948,819.5025,0.1320,8.4451,0.1370,829.0114
phone-android,stress,2129,look,accepted,observed,0,0.6747,818.1949,0.1206,9.2396,0.1756,828.4054
phone-android,stress,2130,activate,rejected,not_eligible,0,0.7974,817.6787,0.1418,8.7361,0.1743,827.5283
phone-android,stress,2131,move,accepted,moved,1,0.8684,823.0311,355.3561,29.8495,0.2253,1209.3305
phone-android,stress,2132,move,accepted,moved,1,0.8959,825.2738,348.3994,28.8096,0.1782,1203.5569
phone-android,stress,2133,move,accepted,moved,1,0.7567,822.0920,347.8017,29.2796,0.2084,1200.1384
phone-android,stress,2134,move,accepted,moved,1,0.8810,828.0348,348.0522,26.7131,0.1759,1203.8572
phone-android,stress,2135,look,accepted,observed,0,0.7514,834.3527,0.1276,9.5832,0.1798,844.9947
phone-android,stress,2136,wait,rejected,invalid_time,0,0.8203,819.4912,0.1439,8.8702,0.1773,829.5029
phone-android,stress,2137,wait,rejected,invalid_time,0,0.9027,819.8242,0.1535,9.4094,0.1804,830.4702
phone-android,stress,2138,move,accepted,moved,1,0.8080,821.5628,350.8752,30.8683,0.2615,1204.3757
phone-android,stress,2139,look,accepted,observed,0,1.0727,830.4401,0.1267,9.6555,0.5760,841.8710
phone-android,stress,2140,look,accepted,observed,0,0.8480,827.8519,0.1406,9.2176,0.1676,838.2257
phone-android,stress,2141,take,rejected,not_present,0,0.8211,810.6446,0.1498,8.5878,0.1739,820.3772
phone-android,stress,2142,move,accepted,moved,1,0.9680,825.5833,349.1323,28.8037,0.2099,1204.6973
phone-android,stress,2143,move,accepted,moved,1,0.8830,824.5532,349.5427,31.0306,0.2236,1206.2331
phone-android,stress,2144,look,accepted,observed,0,1.0495,827.4750,0.1816,11.4092,0.1901,840.3054
phone-android,stress,2145,choose,rejected,invalid_choice,0,0.9198,825.9542,0.1420,8.8505,0.1724,836.0389
phone-android,stress,2146,look,accepted,observed,0,0.7717,822.8275,0.1401,8.8455,0.1607,832.7455
phone-android,stress,2147,move,accepted,moved,1,0.8768,810.7428,349.3481,27.5920,0.1668,1188.7265
phone-android,stress,2148,look,accepted,observed,0,0.6665,825.9001,0.1439,9.6750,0.1382,836.5237
phone-android,stress,2149,drop,replayed,dropped,0,0.9634,745.1200,0.0052,0.0005,0.0820,746.1711
phone-android,stress,2150,move,accepted,moved,1,0.8468,825.3714,347.6675,25.9786,0.2143,1200.0787
phone-android,stress,2151,close_choice,rejected,invalid_choice,0,0.8101,816.7328,0.1438,8.7210,0.1805,826.5881
phone-android,stress,2152,move,accepted,moved,1,0.7989,816.7657,394.4105,55.0380,0.3268,1267.3398
phone-android,stress,2153,look,accepted,observed,0,1.4741,823.1146,0.2182,8.1205,0.1579,833.0853
phone-android,stress,2154,move,accepted,moved,1,0.7853,820.9274,345.0140,29.3780,0.2317,1196.3363
phone-android,stress,2155,take,rejected,not_present,0,0.9114,818.1685,0.1284,8.8214,0.1622,828.1919
phone-android,stress,2156,take,rejected,not_present,0,0.7790,823.5559,0.1245,8.6273,0.1599,833.2467
phone-android,stress,2157,talk,rejected,not_eligible,0,0.8454,814.8255,0.1404,9.9451,0.1782,825.9346
phone-android,stress,2158,move,accepted,moved,1,0.8377,816.1059,345.3661,29.6265,0.1927,1192.1288
phone-android,stress,2159,move,accepted,moved,1,1.1175,818.6679,347.4371,30.0766,0.2082,1197.5073
phone-android,stress,2160,move,accepted,moved,1,1.0451,822.0208,359.8974,33.3350,0.1853,1216.4836
phone-android,stress,2161,look,accepted,observed,0,0.7567,819.8839,0.1228,8.3972,0.1682,829.3288
phone-android,stress,2162,look,accepted,observed,0,0.8886,805.0811,0.1229,9.6138,0.1444,815.8507
phone-android,stress,2163,look,accepted,observed,0,0.6810,800.5926,0.1258,8.5789,0.1543,810.1325
phone-android,stress,2164,look,accepted,observed,0,0.7524,807.4480,0.1198,9.2684,0.1880,817.7767
phone-android,stress,2165,take,rejected,not_present,0,0.8105,801.9055,0.1093,7.1000,0.1441,810.0695
phone-android,stress,2166,wait,rejected,invalid_time,0,0.6603,813.3355,0.1280,8.5765,0.1724,822.8727
phone-android,stress,2167,move,accepted,moved,1,0.7748,808.7233,346.1127,29.9611,0.1977,1185.7696
phone-android,stress,2168,talk,rejected,not_eligible,0,0.9973,819.9836,0.1167,8.4639,0.1647,829.7263
phone-android,stress,2169,look,accepted,observed,0,0.8618,824.7114,0.1298,8.5424,0.1730,834.4184
phone-android,stress,2170,look,accepted,observed,0,0.7929,812.8533,0.1253,8.3565,0.1487,822.2767
phone-android,stress,2171,move,accepted,moved,1,0.7345,822.5043,345.6750,27.5651,0.1789,1196.6577
phone-android,stress,2172,look,accepted,observed,0,0.7240,828.8608,0.2773,10.3907,0.1842,840.4370
phone-android,stress,2173,look,accepted,observed,0,0.9961,816.6959,0.1176,8.5608,0.1793,826.5497
phone-android,stress,2174,move,accepted,moved,1,0.8591,816.1937,351.4103,30.2368,0.2108,1198.9108
phone-android,stress,2175,look,accepted,observed,0,1.0136,817.9574,0.1162,8.4652,0.1671,827.7195
phone-android,stress,2176,take,accepted,taken,1,0.8238,820.2953,348.8710,29.7201,0.2431,1199.9532
phone-android,stress,2177,look,accepted,observed,0,0.9714,824.8206,0.2712,8.8283,0.1645,835.0561
phone-android,stress,2178,look,accepted,observed,0,0.7653,818.2323,0.1233,8.8211,0.1641,828.1061
phone-android,stress,2179,look,accepted,observed,0,0.7948,816.9916,0.1453,8.9459,0.1819,827.0596
phone-android,stress,2180,move,rejected,exit_unavailable,0,0.8435,820.4088,0.1231,9.3134,0.1807,830.8696
phone-android,stress,2181,move,accepted,moved,1,1.0621,826.0712,354.0706,31.2891,0.2432,1212.7361
phone-android,stress,2182,choose,rejected,invalid_choice,0,0.9645,823.6466,0.1440,9.1410,0.1715,834.0676
phone-android,stress,2183,look,accepted,observed,0,0.7313,822.5061,0.1210,7.5996,0.1308,831.0888
phone-android,stress,2184,move,accepted,moved,1,0.8027,822.7261,349.6962,29.1401,0.2308,1202.5958
phone-android,stress,2185,drop,accepted,dropped,1,0.9677,820.3386,357.6166,30.8519,0.2256,1210.0004
phone-android,stress,2186,move,accepted,moved,1,0.9502,821.8816,348.2135,29.9773,0.1726,1201.1951
phone-android,stress,2187,look,accepted,observed,0,0.7595,827.2257,0.1292,8.8589,0.1588,837.1320
phone-android,stress,2188,move,accepted,moved,1,0.7290,822.2437,344.7559,28.7682,0.1916,1196.6884
phone-android,stress,2189,move,accepted,moved,1,0.7390,816.3766,348.7510,30.8779,0.2220,1196.9666
phone-android,stress,2190,look,accepted,observed,0,0.8957,826.0952,0.1326,10.2228,0.1663,837.5126
phone-android,stress,2191,talk,rejected,not_owned,0,0.8550,822.3046,0.1122,8.0862,0.1840,831.5420
phone-android,stress,2192,talk,rejected,not_owned,0,0.8390,819.4743,0.1469,8.0086,0.1445,828.6133
phone-android,stress,2193,drop,replayed,dropped,0,0.9517,742.6874,0.0081,0.0007,0.0971,743.7450
phone-android,stress,2194,move,accepted,moved,1,7.4125,818.6041,350.7843,30.9972,0.2044,1208.0025
phone-android,stress,2195,talk,rejected,not_eligible,0,1.1031,812.8551,0.1133,7.3292,0.1840,821.5846
phone-android,stress,2196,look,accepted,observed,0,0.9468,824.9622,0.1278,9.0259,0.1809,835.2436
phone-android,stress,2197,look,accepted,observed,0,0.8385,810.2866,0.1241,8.3247,0.1596,819.7336
phone-android,stress,2198,talk,rejected,not_eligible,0,0.6993,816.8738,0.1476,10.1980,0.1475,828.0662
phone-android,stress,2199,look,accepted,observed,0,0.6990,818.1163,0.1289,8.8820,0.1452,827.9714
phone-android,stress,2200,move,accepted,moved,1,0.6570,824.3050,350.7357,29.6995,0.3198,1205.7170
phone-android,stress,2201,look,accepted,observed,0,1.4574,832.0757,0.1326,8.1129,0.1484,841.9271
phone-android,stress,2202,move,rejected,exit_unavailable,0,0.6323,818.4061,0.1418,9.0505,0.1675,828.3982
phone-android,stress,2203,move,accepted,moved,1,0.7932,814.7812,346.9250,29.5091,0.2042,1192.2127
phone-android,stress,2204,look,accepted,observed,0,0.8256,823.5920,0.1324,9.6531,0.1489,834.3519
phone-android,stress,2205,move,accepted,moved,1,0.7044,833.2001,348.0238,31.0621,0.2076,1213.1981
phone-android,stress,2206,look,accepted,observed,0,0.9582,828.3975,0.1331,8.3213,0.1443,837.9544
phone-android,stress,2207,move,accepted,moved,1,0.6116,812.4876,352.9297,30.5363,0.1890,1196.7541
phone-android,stress,2208,look,accepted,observed,0,0.9168,818.8138,0.1270,10.4227,0.1701,830.4504
phone-android,stress,2209,look,accepted,observed,0,0.9335,822.0132,0.1120,8.1839,0.1719,831.4146
phone-android,stress,2210,look,accepted,observed,0,0.8259,819.9675,0.1447,8.4316,0.1297,829.4994
phone-android,stress,2211,move,accepted,moved,1,0.6129,815.3358,346.7064,29.5338,0.1915,1192.3804
phone-android,stress,2212,look,accepted,observed,0,0.9327,822.4147,0.1407,9.2096,0.1645,832.8621
phone-android,stress,2213,talk,rejected,not_owned,0,1.1296,828.6131,0.1310,8.6139,0.1456,838.6332
phone-android,stress,2214,move,accepted,moved,1,0.7339,817.5167,348.7385,31.4572,0.2631,1198.7094
phone-android,stress,2215,look,accepted,observed,0,1.1025,818.0509,0.1279,8.2975,0.1717,827.7504
phone-android,stress,2216,activate,rejected,not_eligible,0,0.8935,823.4820,0.1070,7.6700,0.1445,832.2970
phone-android,stress,2217,look,accepted,observed,0,0.5983,816.5541,0.1367,8.7596,0.1783,826.2270
phone-android,stress,2218,talk,rejected,not_eligible,0,0.7756,814.9280,0.1395,8.1465,0.1524,824.1421
phone-android,stress,2219,wait,rejected,invalid_time,0,0.7335,818.3607,0.1422,9.0659,0.1731,828.4754
phone-android,stress,2220,activate,rejected,not_eligible,0,0.7823,816.9987,0.1277,9.3488,0.1834,827.4410
phone-android,stress,2221,choose,rejected,stale_view,0,0.8112,741.0436,0.1449,9.4996,0.2044,751.7037
phone-android,stress,2222,look,accepted,observed,0,0.8139,832.7152,0.1495,9.7447,0.2632,843.6866
phone-android,stress,2223,look,accepted,observed,0,1.0043,828.6099,0.1490,8.5086,0.1735,838.4452
phone-android,stress,2224,talk,rejected,not_eligible,0,0.7761,821.3361,0.1278,7.6551,0.1388,830.0339
phone-android,stress,2225,move,accepted,moved,1,0.6055,813.4647,348.3822,29.2707,0.2092,1191.9323
phone-android,stress,2226,look,accepted,observed,0,0.9240,830.8398,0.1372,6.1421,0.2394,838.2825
phone-android,stress,2227,move,accepted,moved,1,1.0094,833.1611,350.0560,29.6089,0.2517,1214.0871
phone-android,stress,2228,look,accepted,observed,0,0.9221,820.4013,0.1442,9.4196,0.1646,831.0518
phone-android,stress,2229,look,accepted,observed,0,0.8174,811.7609,0.1339,8.4433,0.1665,821.3220
phone-android,stress,2230,take,accepted,taken,1,0.8287,820.5047,353.0146,31.7266,0.2622,1206.3368
phone-android,stress,2231,talk,rejected,not_eligible,0,1.0895,824.5825,0.1310,9.2072,0.1789,835.1891
phone-android,stress,2232,wait,rejected,invalid_time,0,0.7738,823.0284,0.1384,7.8828,0.1632,831.9865
phone-android,stress,2233,close_choice,rejected,invalid_choice,0,0.8471,817.8176,0.1430,9.0527,0.1682,828.0286
phone-android,stress,2234,move,accepted,moved,1,0.7776,813.9226,349.9213,29.4105,0.2004,1194.2323
phone-android,stress,2235,wait,rejected,invalid_time,0,1.1393,829.2296,0.1396,9.5796,0.2027,840.2908
phone-android,stress,2236,wait,rejected,invalid_time,0,1.0004,826.1469,0.1480,8.7441,0.1897,836.2291
phone-android,stress,2237,move,accepted,moved,1,0.7888,823.0457,347.1940,30.4038,0.2621,1201.6944
phone-android,stress,2238,move,accepted,moved,1,0.9912,816.8852,354.2953,29.5800,0.1771,1201.9288
phone-android,stress,2239,choose,rejected,invalid_choice,0,0.6952,828.0384,0.1291,8.8550,0.2146,837.9323
phone-android,stress,2240,wait,rejected,invalid_time,0,0.7441,819.2581,0.1180,7.3288,0.1603,827.6092
phone-android,stress,2241,take,replayed,not_present,0,0.9607,747.4158,0.0062,0.0005,0.0854,748.4687
phone-android,stress,2242,drop,accepted,dropped,1,1.1731,828.7563,350.4153,41.6792,0.2512,1222.2751
phone-android,stress,2243,look,accepted,observed,0,1.0997,831.8295,0.1224,9.2491,0.1656,842.4662
phone-android,stress,2244,take,accepted,taken,1,0.7858,828.8978,353.1290,30.3035,0.2670,1213.3832
phone-android,stress,2245,move,accepted,moved,1,0.9887,827.7168,348.9728,45.8194,0.2525,1223.7503
phone-android,stress,2246,look,accepted,observed,0,1.1349,819.1688,0.1321,9.7014,0.1403,830.2774
phone-android,stress,2247,drop,replayed,dropped,0,0.9755,751.5061,0.0089,0.0006,0.0935,752.5847
phone-android,stress,2248,choose,rejected,stale_view,0,1.2817,753.7985,0.1211,8.9977,0.1797,764.3787
phone-android,stress,2249,look,accepted,observed,0,0.8871,824.4383,0.1419,8.9416,0.2321,834.6410
phone-android,stress,2250,look,accepted,observed,0,0.7730,813.7995,0.1394,9.8506,0.1560,824.7186
phone-android,stress,2251,look,accepted,observed,0,0.8120,825.1829,0.1250,9.5962,0.2611,835.9772
phone-android,stress,2252,talk,rejected,not_eligible,0,0.9434,816.2519,0.1253,8.2880,0.1833,825.7919
phone-android,stress,2253,look,accepted,observed,0,0.8114,824.8399,0.1293,8.7773,0.1726,834.7306
phone-android,stress,2254,look,accepted,observed,0,0.7660,817.4458,0.2293,8.3602,0.1427,826.9439
phone-android,stress,2255,look,accepted,observed,0,0.6368,816.6499,0.1371,7.8108,0.1428,825.3775
phone-android,stress,2256,move,accepted,moved,1,0.6694,818.4692,348.6069,32.5359,0.2322,1200.5137
phone-android,stress,2257,look,accepted,observed,0,1.0174,822.8595,0.1334,8.8238,0.1789,833.0131
phone-android,stress,2258,move,accepted,moved,1,0.8285,828.4440,360.7383,29.8596,0.3028,1220.1732
phone-android,stress,2259,move,accepted,moved,1,1.1904,829.3022,354.5596,31.0038,0.2124,1216.2684
phone-android,stress,2260,move,accepted,moved,1,1.0512,817.6943,353.7747,24.7763,0.2161,1197.5126
phone-android,stress,2261,look,accepted,observed,0,0.7690,821.8182,0.1160,9.8334,0.1645,832.7010
phone-android,stress,2262,drop,accepted,dropped,1,0.8037,818.0331,344.7782,27.3992,0.1736,1191.1878
phone-android,stress,2263,take,accepted,taken,1,0.6832,816.2749,346.9387,30.2997,0.2830,1194.4795
phone-android,stress,2264,move,accepted,moved,1,0.9541,826.2601,347.1040,30.6786,0.2191,1205.2158
phone-android,stress,2265,move,accepted,moved,1,0.8327,811.5978,349.0482,31.4657,0.2381,1193.1825
phone-android,stress,2266,move,accepted,moved,1,0.9628,818.0615,346.0707,30.6339,0.2589,1195.9878
phone-android,stress,2267,move,accepted,moved,1,1.1013,826.6929,347.3947,28.6144,0.1798,1203.9832
phone-android,stress,2268,look,accepted,observed,0,0.6536,822.5745,0.1353,9.2468,0.1477,832.7579
phone-android,stress,2269,drop,rejected,integrity_conflict,0,1.0131,743.1819,0.0062,0.0007,0.0901,744.2919
phone-android,stress,2270,move,accepted,moved,1,0.9819,822.4990,349.7345,29.8639,0.2059,1203.2851
phone-android,stress,2271,wait,rejected,invalid_time,0,0.8889,835.4602,0.1185,8.5541,0.1679,845.1896
phone-android,stress,2272,look,accepted,observed,0,0.8740,823.5363,0.1569,9.3858,0.3018,834.2548
phone-android,stress,2273,look,accepted,observed,0,0.8002,818.1459,0.1458,9.0959,0.1689,828.3567
phone-android,stress,2274,look,accepted,observed,0,0.8380,821.4769,0.1252,9.5681,0.1758,832.1840
phone-android,stress,2275,move,accepted,moved,1,0.8003,824.8228,350.2205,31.9742,0.2431,1208.0608
phone-android,stress,2276,move,accepted,moved,1,0.9954,814.9729,346.9194,29.5331,0.2673,1192.6881
phone-android,stress,2277,drop,accepted,dropped,1,1.1136,830.1619,347.0466,29.7834,0.2275,1208.3331
phone-android,stress,2278,choose,rejected,invalid_choice,0,0.9563,820.2016,0.1480,9.3279,0.1428,830.7766
phone-android,stress,2279,move,accepted,moved,1,0.6166,817.5675,348.0536,29.1185,0.2084,1195.5645
phone-android,stress,2280,move,accepted,moved,1,0.8984,824.6223,347.5242,29.7562,0.2042,1203.0053
phone-android,stress,2281,look,accepted,observed,0,0.9507,831.5429,0.1359,8.8434,0.1620,841.6350
phone-android,stress,2282,activate,rejected,not_eligible,0,0.8257,818.5383,0.1171,8.6261,0.1691,828.2763
phone-android,stress,2283,look,accepted,observed,0,0.7957,813.0621,0.1390,10.0383,0.1684,824.2036
phone-android,stress,2284,move,accepted,moved,1,0.7280,818.7408,349.0702,32.0163,0.1994,1200.7548
phone-android,stress,2285,choose,rejected,invalid_choice,0,1.0109,825.7417,0.1228,9.5683,0.1813,836.6250
phone-android,stress,2286,look,accepted,observed,0,0.8843,818.6160,0.1258,9.1138,0.1743,828.9141
phone-android,stress,2287,look,accepted,observed,0,0.9279,819.4238,0.1310,8.5804,0.1340,829.1971
phone-android,stress,2288,move,rejected,exit_unavailable,0,0.6310,820.3287,0.1480,10.0180,0.1884,831.3141
phone-android,stress,2289,move,accepted,moved,1,0.8763,813.0303,349.5434,28.2252,0.3253,1192.0004
phone-android,stress,2290,move,rejected,exit_unavailable,0,1.2593,832.1253,0.1389,8.2809,0.1348,841.9391
phone-android,stress,2291,move,accepted,moved,1,0.6704,818.2890,348.8010,29.7029,0.2112,1197.6745
phone-android,stress,2292,move,accepted,moved,1,0.9629,830.7165,351.1359,29.3520,0.1765,1212.3439
phone-android,stress,2293,move,accepted,moved,1,0.9873,834.0873,350.3573,28.3006,0.2030,1213.9354
phone-android,stress,2294,move,accepted,moved,1,0.8116,828.0852,365.2789,34.8407,0.2692,1229.2856
phone-android,stress,2295,move,accepted,moved,1,1.2064,815.4071,348.1954,30.6868,0.1972,1195.6929
phone-android,stress,2296,choose,rejected,invalid_choice,0,0.9728,824.1679,0.1176,8.5995,0.1556,834.0134
phone-android,stress,2297,look,accepted,observed,0,0.7609,825.0106,0.1398,9.6786,0.1815,835.7714
phone-android,stress,2298,close_choice,rejected,invalid_choice,0,0.7945,818.9632,0.1396,8.9340,0.1446,828.9759
phone-android,stress,2299,choose,rejected,stale_view,0,0.6359,751.9742,0.1217,9.8447,0.1744,762.7509
phone-android,stress,2300,move,accepted,moved,1,0.8316,815.8302,349.1155,50.2578,0.2661,1216.3012
phone-android,stress,2301,wait,rejected,invalid_time,0,1.1609,820.8480,0.1566,9.2469,0.1731,831.5856
phone-android,stress,2302,look,accepted,observed,0,0.8078,819.7406,0.1301,8.6865,0.1848,829.5497
phone-android,stress,2303,look,accepted,observed,0,0.8253,818.9844,0.1675,8.4538,0.1621,828.5929
phone-android,stress,2304,move,rejected,exit_unavailable,0,0.8948,821.0495,0.1224,8.7956,0.1762,831.0386
phone-android,stress,2305,move,accepted,moved,1,0.8497,818.0534,356.9342,29.8354,0.2844,1205.9571
phone-android,stress,2306,look,accepted,observed,0,1.0751,817.9710,0.1367,9.0467,0.1573,828.3867
phone-android,stress,2307,take,rejected,not_present,0,0.7440,822.4147,0.1574,9.1392,0.1610,832.6162
phone-android,stress,2308,move,accepted,moved,1,0.7534,822.4547,351.4011,28.8760,0.2094,1203.6947
phone-android,stress,2309,close_choice,rejected,invalid_choice,0,0.8622,819.1498,0.1433,9.8576,0.1642,830.1772
phone-android,stress,2310,move,accepted,moved,1,0.7737,815.0382,347.5651,29.6018,0.2216,1193.2004
phone-android,stress,2311,talk,rejected,not_eligible,0,0.8775,820.8933,0.1391,9.5598,0.2207,831.6904
phone-android,stress,2312,look,accepted,observed,0,0.8166,818.2630,0.1242,8.9957,0.1788,828.3784
phone-android,stress,2313,move,accepted,moved,1,0.7879,819.1695,351.4953,28.6101,0.2171,1200.2800
phone-android,stress,2314,talk,rejected,not_owned,0,1.1156,819.1112,0.1363,9.2161,0.1726,829.7518
phone-android,stress,2315,take,rejected,not_present,0,0.7596,816.1356,0.1289,8.0044,0.1478,825.1763
phone-android,stress,2316,move,accepted,moved,1,0.7948,806.7654,346.1466,28.4459,0.1753,1182.3281
phone-android,stress,2317,activate,rejected,not_eligible,0,0.8345,819.3116,0.1254,9.5064,0.2707,830.0486
phone-android,stress,2318,take,rejected,not_present,0,1.1722,826.9385,0.1149,8.6494,0.2095,837.0845
phone-android,stress,2319,activate,rejected,not_eligible,0,0.8748,819.5629,0.1176,8.1587,0.1603,828.8742
phone-android,stress,2320,wait,rejected,invalid_time,0,0.7982,821.5966,0.1218,8.5706,0.1934,831.2806
phone-android,stress,2321,look,accepted,observed,0,0.8778,824.2723,0.1318,8.1894,0.1490,833.6203
phone-android,stress,2322,take,rejected,not_present,0,0.6418,815.7928,0.1264,8.5291,0.1663,825.2564
phone-android,stress,2323,move,accepted,moved,1,0.7512,824.5190,380.8577,47.0214,0.2816,1253.4309
phone-android,stress,2324,close_choice,rejected,invalid_choice,0,1.2270,812.1888,0.1344,8.7726,0.1517,822.4745
phone-android,stress,2325,move,accepted,moved,1,0.7253,813.0890,348.0191,29.5075,0.3209,1191.6618
phone-android,stress,2326,look,accepted,observed,0,0.9116,820.1799,0.1233,9.3419,0.1933,830.7501
phone-android,stress,2327,wait,rejected,invalid_time,0,0.8417,823.3322,0.1401,9.7367,0.1540,834.2046
phone-android,stress,2328,move,accepted,moved,1,0.7047,808.9918,346.7773,27.4820,0.1920,1184.1479
phone-android,stress,2329,take,rejected,not_present,0,0.8278,820.4509,0.1559,8.7068,0.1511,830.2926
phone-android,stress,2330,look,accepted,observed,0,0.7109,824.5147,0.1290,8.8338,0.1753,834.3637
phone-android,stress,2331,take,rejected,not_present,0,0.7406,820.8160,0.1517,9.2365,0.1611,831.1059
phone-android,stress,2332,look,accepted,observed,0,0.7828,818.6477,0.1134,9.0317,0.1850,828.7606
phone-android,stress,2333,move,rejected,exit_unavailable,0,0.8496,817.0120,0.1233,9.4261,0.2633,827.6743
phone-android,stress,2334,look,accepted,observed,0,0.9610,819.8859,0.1162,7.7964,0.1671,828.9266
phone-android,stress,2335,wait,rejected,invalid_time,0,0.9138,821.0544,0.1222,7.9664,0.1505,830.2073
phone-android,stress,2336,move,accepted,moved,1,0.6792,820.7325,350.2012,29.2423,0.2743,1201.1295
phone-android,stress,2337,take,rejected,not_present,0,1.0793,821.4430,0.1337,8.6805,0.1885,831.5250
phone-android,stress,2338,wait,rejected,invalid_time,0,0.8204,828.7254,0.1756,11.9459,0.2617,841.9290
phone-android,stress,2339,talk,rejected,not_eligible,0,0.9774,830.7269,0.1366,8.4191,0.1637,840.4236
phone-android,stress,2340,talk,rejected,not_eligible,0,0.8646,817.6489,0.1467,10.1739,0.1692,829.0033
phone-android,stress,2341,look,accepted,observed,0,0.7261,820.9226,0.1435,8.6745,0.1546,830.6214
phone-android,stress,2342,move,accepted,moved,1,0.6361,813.4184,347.3314,30.0161,0.2717,1191.6737
phone-android,stress,2343,move,accepted,moved,1,1.1186,822.2572,348.4904,29.1447,0.1849,1201.1960
phone-android,stress,2344,move,accepted,moved,1,0.8574,830.1096,348.0007,28.8738,0.2435,1208.0850
phone-android,stress,2345,look,accepted,observed,0,0.7385,818.9316,0.1353,8.7461,0.1726,828.7240
phone-android,stress,2346,move,accepted,moved,1,0.7391,821.4671,349.3501,28.4979,0.1944,1200.2485
phone-android,stress,2347,look,accepted,observed,0,0.6862,820.0126,0.1895,9.2779,0.2606,830.4269
phone-android,stress,2348,look,accepted,observed,0,1.1172,825.1158,0.1339,8.3174,0.1674,834.8516
phone-android,stress,2349,activate,rejected,not_eligible,0,0.7874,816.7704,0.1165,8.4034,0.1759,826.2536
phone-android,stress,2350,choose,rejected,stale_view,0,0.8787,747.6237,0.1488,9.0929,0.5185,758.2626
phone-android,stress,2351,look,accepted,observed,0,1.1050,830.8940,0.1157,8.5260,0.1581,840.7989
phone-android,stress,2352,look,accepted,observed,0,0.9173,822.4044,0.2194,7.6110,0.1605,831.3125
phone-android,stress,2353,choose,rejected,invalid_choice,0,0.7596,815.4335,0.1426,8.3315,0.1702,824.8373
phone-android,stress,2354,move,accepted,moved,1,0.7972,812.0352,345.1286,28.6512,0.2249,1186.8371
phone-android,stress,2355,wait,rejected,invalid_time,0,1.1923,833.0584,0.1361,9.2682,0.3257,843.9807
phone-android,stress,2356,look,accepted,observed,0,0.9155,827.6922,0.1328,8.8414,0.1639,837.7458
phone-android,stress,2357,move,accepted,moved,1,0.8552,818.9448,343.3477,30.5773,0.2413,1193.9663
phone-android,stress,2358,wait,rejected,invalid_time,0,0.9627,819.3402,0.1448,9.8060,0.1878,830.4415
phone-android,stress,2359,look,accepted,observed,0,0.8845,830.1636,0.1407,8.6470,0.2416,840.0774
phone-android,stress,2360,look,accepted,observed,0,0.9853,831.3301,0.1184,8.7236,0.1694,841.3268
phone-android,stress,2361,look,accepted,observed,0,0.8051,816.9464,0.1215,9.1294,0.1823,827.1847
phone-android,stress,2362,wait,rejected,invalid_time,0,0.8907,825.6728,0.1214,8.4235,0.1731,835.2815
phone-android,stress,2363,talk,rejected,not_eligible,0,0.8425,824.3544,0.1647,10.5276,0.1860,836.0752
phone-android,stress,2364,drop,replayed,dropped,0,1.2989,748.1420,0.0069,0.0008,0.0913,749.5399
phone-android,stress,2365,look,accepted,observed,0,0.9824,829.1429,0.1327,8.5999,0.1722,839.0301
phone-android,stress,2366,look,accepted,observed,0,0.8488,826.1054,0.1325,8.9160,0.1961,836.1988
phone-android,stress,2367,move,accepted,moved,1,0.6891,828.2642,350.3289,28.5879,0.2229,1208.0929
phone-android,stress,2368,take,rejected,not_present,0,0.8537,816.6104,0.1519,9.6758,0.1788,827.4706
phone-android,stress,2369,look,accepted,observed,0,0.9433,810.4543,0.2341,4.1432,0.1348,815.9097
phone-android,stress,2370,look,accepted,observed,0,0.6332,811.7621,0.1242,8.3335,0.2105,821.0635
phone-android,stress,2371,choose,rejected,stale_view,0,0.9705,741.9305,0.1274,8.4077,0.1655,751.6015
phone-android,stress,2372,take,replayed,not_present,0,1.0614,741.7890,0.0064,0.0007,0.0877,742.9452
phone-android,stress,2373,look,accepted,observed,0,1.0869,822.3458,0.1116,7.0398,0.1957,830.7798
phone-android,stress,2374,talk,rejected,not_owned,0,0.8132,813.0586,0.1285,8.5964,0.1683,822.7650
phone-android,stress,2375,move,accepted,moved,1,0.7715,812.1057,344.7087,29.5745,0.1986,1187.3590
phone-android,stress,2376,wait,rejected,invalid_time,0,0.8338,820.5335,0.1299,7.5593,0.1667,829.2232
phone-android,stress,2377,take,rejected,not_present,0,0.8205,823.0820,0.1281,11.2935,0.2968,835.6210
phone-android,stress,2378,look,accepted,observed,0,0.9928,827.7446,0.1366,9.3863,0.1739,838.4341
phone-android,stress,2379,talk,rejected,not_eligible,0,0.8432,814.2229,0.1270,8.2310,0.1458,823.5699
phone-android,stress,2380,look,accepted,observed,0,0.6945,819.3132,0.1372,8.9033,0.1724,829.2206
phone-android,stress,2381,move,rejected,exit_unavailable,0,0.7342,819.5043,0.1306,9.0941,0.1621,829.6252
phone-android,stress,2382,move,accepted,moved,1,0.9572,832.4042,361.2963,41.0750,0.2771,1236.0098
phone-android,stress,2383,choose,rejected,stale_view,0,1.1693,747.0239,0.1220,8.6481,0.1465,757.1098
phone-android,stress,2384,move,accepted,moved,1,0.8549,820.5352,349.0578,30.7736,0.2519,1201.4735
phone-android,stress,2385,choose,rejected,invalid_choice,0,1.2002,817.2398,0.1230,9.3180,0.1740,828.0549
phone-android,stress,2386,wait,rejected,invalid_time,0,0.7984,817.9557,0.1491,9.0891,0.1484,828.1406
phone-android,stress,2387,talk,rejected,not_eligible,0,0.7789,818.9992,0.1265,8.6052,0.1835,828.6932
phone-android,stress,2388,wait,rejected,invalid_time,0,0.8754,818.9684,0.1304,7.4255,0.1685,827.5683
phone-android,stress,2389,look,accepted,observed,0,0.7441,828.8029,0.1265,9.0796,0.1613,838.9144
phone-android,stress,2390,choose,rejected,invalid_choice,0,0.7546,811.8777,0.1294,8.2684,0.1626,821.1927
phone-android,stress,2391,look,accepted,observed,0,0.7452,821.5459,0.1396,8.1099,0.1575,830.6981
phone-android,stress,2392,look,accepted,observed,0,0.8891,818.8838,0.1168,8.2118,0.1638,828.2652
phone-android,stress,2393,activate,rejected,not_eligible,0,0.7920,816.1076,0.1296,9.1814,0.1716,826.3822
phone-android,stress,2394,wait,rejected,invalid_time,0,0.7641,826.1137,0.1379,7.8839,0.2020,835.1016
phone-android,stress,2395,talk,rejected,not_eligible,0,0.8217,826.7125,0.1430,10.1095,0.1628,837.9495
phone-android,stress,2396,look,accepted,observed,0,0.8623,818.8123,0.1356,9.0026,0.4268,829.2397
phone-android,stress,2397,move,accepted,moved,1,0.8201,810.7615,346.8610,29.2153,0.2279,1187.8857
phone-android,stress,2398,move,accepted,moved,1,0.8708,816.8365,345.3949,41.4340,0.2696,1204.8060
phone-android,stress,2399,choose,rejected,stale_view,0,1.1490,742.8650,0.1425,10.0849,0.1640,754.4054
phone-android,stress,2400,move,accepted,moved,1,0.8195,826.0103,350.8386,31.0843,0.2142,1208.9670
phone-android,stress,2401,move,accepted,moved,1,1.0342,824.0342,346.7738,31.0898,0.2309,1203.1630
phone-android,stress,2402,move,rejected,exit_unavailable,0,0.9710,823.1975,0.1283,9.3958,0.2135,833.9061
phone-android,stress,2403,take,rejected,not_present,0,0.7986,827.7883,0.1350,9.9098,0.2259,838.8575
phone-android,stress,2404,move,accepted,moved,1,0.9696,831.6245,351.6777,27.9544,0.1965,1212.4227
phone-android,stress,2405,talk,rejected,not_owned,0,0.6986,818.9176,0.1383,9.2769,0.1634,829.1949
phone-android,stress,2406,move,accepted,moved,1,0.8016,820.6678,347.1505,29.8778,0.2364,1198.7340
phone-android,stress,2407,look,accepted,observed,0,0.9993,821.8542,0.1155,9.0839,0.2726,832.3254
phone-android,stress,2408,look,accepted,observed,0,0.9108,820.8274,0.1266,8.8842,0.1619,830.9109
phone-android,stress,2409,move,accepted,moved,1,0.9082,814.4571,348.7514,29.5288,0.2333,1193.8788
phone-android,stress,2410,move,accepted,moved,1,1.0399,820.2180,352.5490,27.9468,0.2271,1201.9808
phone-android,stress,2411,move,accepted,moved,1,0.9376,833.6083,365.4624,31.6234,0.2248,1231.8566
phone-android,stress,2412,move,accepted,moved,1,0.8638,831.4098,351.5780,29.4382,0.2599,1213.5496
phone-android,stress,2413,talk,rejected,not_eligible,0,0.9254,833.7672,0.1312,8.5551,0.1774,843.5563
phone-android,stress,2414,look,accepted,observed,0,0.8315,816.8186,0.1215,9.1849,0.1462,827.1027
phone-android,stress,2415,talk,rejected,not_eligible,0,0.6318,812.9604,0.1317,8.2197,0.1821,822.1257
phone-android,stress,2416,take,rejected,not_present,0,0.8709,819.8377,0.1325,8.6545,0.1755,829.6711
phone-android,stress,2417,move,rejected,exit_unavailable,0,0.8778,827.6675,0.1387,8.5898,0.1790,837.4529
phone-android,stress,2418,talk,rejected,not_eligible,0,0.7723,822.6525,0.1367,7.9451,0.1930,831.6996
phone-android,stress,2419,take,rejected,not_present,0,0.8344,821.4158,0.1259,7.9678,0.1749,830.5189
phone-android,stress,2420,look,accepted,observed,0,0.9072,811.0928,0.1112,7.7665,0.1319,820.0096
phone-android,stress,2421,move,accepted,moved,1,0.7855,817.2072,348.3211,29.0867,0.2680,1195.6686
phone-android,stress,2422,look,accepted,observed,0,1.1880,837.2035,0.1483,9.4280,0.1684,848.1362
phone-android,stress,2423,look,accepted,observed,0,0.7818,821.7957,0.1361,10.1084,0.2480,833.0701
phone-android,stress,2424,move,rejected,exit_unavailable,0,0.8174,818.7985,0.1538,9.0531,0.1710,828.9937
phone-android,stress,2425,look,accepted,observed,0,0.9253,822.7171,0.1272,8.0668,0.1680,832.0044
phone-android,stress,2426,take,rejected,not_present,0,0.7424,824.8558,0.1184,8.7369,0.1910,834.6446
phone-android,stress,2427,look,accepted,observed,0,0.9499,822.9482,0.1576,9.2779,0.1754,833.5089
phone-android,stress,2428,move,accepted,moved,1,0.7952,824.5658,349.0362,31.9133,0.2408,1206.5514
phone-android,stress,2429,move,rejected,exit_unavailable,0,1.0361,826.8207,0.1311,8.8079,0.1713,836.9670
phone-android,stress,2430,move,accepted,moved,1,0.9173,824.6837,377.6197,34.2020,0.2547,1237.6775
phone-android,stress,2431,activate,rejected,not_eligible,0,0.9576,816.7772,0.1624,9.1122,0.1713,827.1807
phone-android,stress,2432,look,accepted,observed,0,0.7939,823.7869,0.1465,8.9364,0.1728,833.8364
phone-android,stress,2433,look,accepted,observed,0,0.7980,822.9656,0.1217,8.2855,0.1758,832.3465
phone-android,stress,2434,look,accepted,observed,0,0.8983,825.5473,0.1411,10.4181,0.1579,837.1627
phone-android,stress,2435,move,accepted,moved,1,0.7641,824.0851,359.6573,29.7067,0.2161,1214.4293
phone-android,stress,2436,move,accepted,moved,1,1.0624,820.8247,351.3569,28.9174,0.2118,1202.3731
phone-android,stress,2437,look,accepted,observed,0,0.9171,828.0500,0.1216,8.8149,0.1484,838.0519
phone-android,stress,2438,take,replayed,not_present,0,1.1517,747.0174,0.0083,0.0009,0.0968,748.2752
phone-android,stress,2439,move,accepted,moved,1,1.2247,832.8583,349.9647,30.7761,0.2052,1215.0290
phone-android,stress,2440,move,accepted,moved,1,1.0235,820.9554,345.9627,29.1199,0.1844,1197.2460
phone-android,stress,2441,choose,rejected,invalid_choice,0,1.0664,818.3208,0.1272,8.8221,0.1913,828.5277
phone-android,stress,2442,move,accepted,moved,1,0.8731,826.6906,346.6845,30.1885,0.2474,1204.6841
phone-android,stress,2443,look,accepted,observed,0,0.8471,831.0164,0.1240,9.0221,0.1394,841.1489
phone-android,stress,2444,look,accepted,observed,0,0.6594,824.8427,0.1258,9.0837,0.1711,834.8827
phone-android,stress,2445,take,replayed,not_present,0,1.2892,744.7493,0.0080,0.0009,0.0958,746.1433
phone-android,stress,2446,take,rejected,not_present,0,1.3535,819.9938,0.1201,8.5141,0.1758,830.1572
phone-android,stress,2447,talk,rejected,not_eligible,0,0.8876,821.2727,0.1331,7.4059,0.1392,829.8385
phone-android,stress,2448,close_choice,rejected,invalid_choice,0,0.6471,817.8443,0.1378,8.0732,0.1791,826.8814
phone-android,stress,2449,move,accepted,moved,1,0.9121,821.1167,350.3020,29.8342,0.1832,1202.3482
phone-android,stress,2450,move,accepted,moved,1,0.6596,821.1501,348.0756,28.2432,0.2182,1198.3467
phone-android,stress,2451,talk,rejected,not_eligible,0,0.8886,822.8273,0.1285,8.9569,0.1748,832.9761
phone-android,stress,2452,choose,rejected,stale_view,0,0.9105,745.0571,0.1222,9.0457,0.1777,755.3132
phone-android,stress,2453,activate,rejected,not_eligible,0,0.8474,836.0512,0.1429,8.3947,0.1701,845.6063
phone-android,stress,2454,move,accepted,moved,1,0.7627,821.6937,348.7002,29.9291,0.2213,1201.3069
phone-android,stress,2455,move,accepted,moved,1,0.8982,819.3003,348.3603,30.7624,0.2099,1199.5312
phone-android,stress,2456,wait,rejected,invalid_time,0,0.8730,826.7148,0.1258,9.0224,0.2622,836.9982
phone-android,stress,2457,talk,rejected,not_eligible,0,0.8938,832.1815,0.1344,9.0787,0.1598,842.4482
phone-android,stress,2458,move,accepted,moved,1,0.7299,819.6833,348.6946,29.7972,0.1847,1199.0898
phone-android,stress,2459,look,accepted,observed,0,0.7503,819.7267,0.1491,8.2912,0.1724,829.0897
phone-android,stress,2460,look,accepted,observed,0,0.9807,821.4104,0.1292,7.8601,0.1394,830.5198
phone-android,stress,2461,move,accepted,moved,1,0.7358,821.1715,348.4848,32.5216,0.2207,1203.1344
phone-android,stress,2462,look,accepted,observed,0,0.9363,828.7008,0.1311,8.9265,0.1831,838.8777
phone-android,stress,2463,move,accepted,moved,1,0.9163,814.5778,360.6269,39.1260,0.2209,1215.4679
phone-android,stress,2464,take,rejected,not_present,0,0.8673,821.3713,0.1564,9.6226,0.1702,832.1877
phone-android,stress,2465,choose,rejected,invalid_choice,0,0.8607,819.7103,0.1645,8.9852,0.1631,829.8837
phone-android,stress,2466,move,accepted,moved,1,0.8888,818.9792,346.6555,50.3374,0.3281,1217.1889
phone-android,stress,2467,move,accepted,moved,1,1.1295,827.5588,348.1896,29.6415,0.2714,1206.7907
phone-android,stress,2468,take,rejected,not_present,0,1.1044,823.9833,0.1248,8.6738,0.1607,834.0471
phone-android,stress,2469,move,accepted,moved,1,0.7580,821.3803,359.4506,29.7454,0.1999,1211.5342
phone-android,stress,2470,move,accepted,moved,1,0.8557,821.1865,350.4906,26.8567,0.1903,1199.5799
phone-android,stress,2471,look,accepted,observed,0,0.7436,819.5621,0.1351,8.6391,0.1699,829.2497
phone-android,stress,2472,move,rejected,exit_unavailable,0,0.7208,816.6646,0.1399,9.1995,0.1667,826.8916
phone-android,stress,2473,look,accepted,observed,0,0.8548,815.2601,0.1192,8.4263,0.1469,824.8073
phone-android,stress,2474,activate,rejected,not_eligible,0,0.7443,823.1420,0.1372,8.6864,0.1814,832.8912
phone-android,stress,2475,look,accepted,observed,0,0.7926,822.1934,0.1251,8.6684,0.1802,831.9596
phone-android,stress,2476,look,accepted,observed,0,0.8279,824.1101,0.2732,9.0214,0.1752,834.4077
phone-android,stress,2477,move,accepted,moved,1,0.8866,823.3809,346.5543,32.2430,0.2301,1203.2948
phone-android,stress,2478,look,accepted,observed,0,0.9466,822.0954,0.1032,7.3749,0.1754,830.6956
phone-android,stress,2479,move,accepted,moved,1,0.6768,828.7220,375.9656,42.8538,0.3385,1248.5566
phone-android,stress,2480,take,rejected,not_present,0,1.4155,818.7807,0.1439,9.4341,0.1660,829.9402
phone-android,stress,2481,look,accepted,observed,0,0.7814,819.4406,0.1512,8.6837,0.1742,829.2311
phone-android,stress,2482,move,accepted,moved,1,0.7705,818.4734,347.3078,26.8285,0.1698,1193.5500
phone-android,stress,2483,look,accepted,observed,0,1.1001,816.8925,0.1313,8.7037,0.1490,826.9765
phone-android,stress,2484,move,accepted,moved,1,0.5976,816.0651,358.9314,34.5373,0.1722,1210.3037
phone-android,stress,2485,choose,rejected,invalid_choice,0,0.7373,813.5242,0.1423,8.7359,0.1766,823.3164
phone-android,stress,2486,look,accepted,observed,0,0.7649,817.0603,0.2119,9.5958,0.1670,827.7999
phone-android,stress,2487,move,accepted,moved,1,0.8539,815.8591,347.1527,30.2914,0.2150,1194.3720
phone-android,stress,2488,move,rejected,exit_unavailable,0,1.0173,819.9938,0.1349,8.7499,0.1760,830.0720
phone-android,stress,2489,look,accepted,observed,0,0.7374,823.0910,0.1137,8.0022,0.1415,832.0859
phone-android,stress,2490,move,accepted,moved,1,0.7745,815.1547,347.1913,27.3094,0.1909,1190.6208
phone-android,stress,2491,look,accepted,observed,0,0.7413,820.2712,0.1414,9.2302,0.1778,830.5617
phone-android,stress,2492,move,accepted,moved,1,0.7701,813.3642,348.8641,29.3152,0.2700,1192.5836
phone-android,stress,2493,talk,rejected,not_eligible,0,1.1076,819.1465,0.1333,9.4057,0.1879,829.9809
phone-android,stress,2494,take,rejected,not_present,0,0.8156,817.7427,0.1338,8.2318,0.1710,827.0950
phone-android,stress,2495,look,accepted,observed,0,0.7845,814.2801,0.1340,8.0940,0.1802,823.4728
phone-android,stress,2496,move,accepted,moved,1,0.7912,819.7274,349.3199,32.9479,0.3776,1203.1641
phone-android,stress,2497,wait,rejected,invalid_time,0,1.6032,824.1623,0.1369,9.7919,0.1834,835.8776
phone-android,stress,2498,look,accepted,observed,0,0.7401,827.3756,0.1251,9.9789,0.3224,838.5421
phone-android,stress,2499,choose,rejected,stale_view,0,0.9102,759.2598,0.1436,8.3555,0.1754,768.8445
phone-android,stress,2500,move,accepted,moved,1,0.8701,820.5045,355.9497,30.2823,0.2231,1207.8297
phone-android,stress,2501,move,accepted,moved,1,0.8516,814.4343,348.7087,29.0000,0.2108,1193.2055
phone-android,stress,2502,move,accepted,moved,1,0.8671,820.9053,348.5362,29.5467,0.2040,1200.0594
phone-android,stress,2503,move,accepted,moved,1,0.8940,821.0411,347.2115,28.6957,0.2302,1198.0725
phone-android,stress,2504,wait,rejected,invalid_time,0,0.9166,823.0602,0.1309,9.5226,0.1724,833.8027
phone-android,stress,2505,take,replayed,not_present,0,1.2073,749.2697,0.0075,0.0006,0.0996,750.5847
phone-android,stress,2506,look,accepted,observed,0,1.2208,819.7099,0.1550,9.3679,0.1453,830.5989
phone-android,stress,2507,look,accepted,observed,0,0.6091,816.9162,0.1515,9.1926,0.1781,827.0474
phone-android,stress,2508,move,accepted,moved,1,0.8021,821.0952,348.7634,28.6227,0.1611,1199.4445
phone-android,stress,2509,move,accepted,moved,1,0.7278,834.1010,351.0446,32.0751,0.2294,1218.1778
phone-android,stress,2510,take,accepted,taken,1,1.0558,824.3126,345.2073,28.3345,0.1882,1199.0984
phone-android,stress,2511,look,accepted,observed,0,0.7742,826.0592,0.1462,8.5195,0.1377,835.6368
phone-android,stress,2512,look,accepted,observed,0,0.5840,819.2690,0.1529,9.1331,0.1689,829.3079
phone-android,stress,2513,look,accepted,observed,0,0.8307,821.6882,0.1305,8.7831,0.1645,831.5970
phone-android,stress,2514,look,accepted,observed,0,0.8409,816.5836,0.1174,8.6188,0.1737,826.3344
phone-android,stress,2515,wait,rejected,invalid_time,0,1.0345,831.0184,0.1451,8.3409,0.1748,840.7138
phone-android,stress,2516,look,accepted,observed,0,0.8084,818.2961,0.1255,9.4124,0.1739,828.8164
phone-android,stress,2517,wait,rejected,invalid_time,0,0.8295,821.6252,0.1214,8.1028,0.1782,830.8571
phone-android,stress,2518,look,accepted,observed,0,0.9353,820.3358,0.1319,9.2541,0.1748,830.8320
phone-android,stress,2519,look,accepted,observed,0,0.7674,820.7601,0.1281,8.0740,0.1732,829.9029
phone-android,stress,2520,wait,rejected,invalid_time,0,0.7670,822.0634,0.2739,9.5714,0.1628,832.8384
phone-android,stress,2521,choose,rejected,invalid_choice,0,0.9509,818.3206,0.1469,8.7043,0.1797,828.3024
phone-android,stress,2522,look,accepted,observed,0,0.7865,818.3821,0.1327,9.3485,0.1678,828.8176
phone-android,stress,2523,choose,rejected,invalid_choice,0,0.8231,820.6428,0.1258,8.6101,0.1747,830.3766
phone-android,stress,2524,move,rejected,exit_unavailable,0,0.7847,823.9447,0.1324,8.7555,0.1860,833.8034
phone-android,stress,2525,activate,rejected,not_eligible,0,0.8842,824.1839,0.1290,9.1040,0.1783,834.4794
phone-android,stress,2526,move,accepted,moved,1,0.7714,821.7358,346.6653,28.6916,0.2257,1198.0897
phone-android,stress,2527,move,accepted,moved,1,0.8871,823.6467,347.5383,29.4203,0.2210,1201.7134
phone-android,stress,2528,move,accepted,moved,1,0.8744,832.5718,348.0325,29.8531,0.2365,1211.5682
phone-android,stress,2529,move,accepted,moved,1,0.8790,816.7390,352.6732,31.0383,0.2232,1201.5528
phone-android,stress,2530,move,accepted,moved,1,0.8666,821.9209,350.6843,29.8698,0.2110,1203.5527
phone-android,stress,2531,look,accepted,observed,0,0.9433,834.2328,0.1234,9.3475,0.1650,844.8121
phone-android,stress,2532,look,accepted,observed,0,0.7635,817.0647,0.1339,8.9338,0.1799,827.0758
phone-android,stress,2533,move,accepted,moved,1,0.8059,824.9314,348.7767,32.5195,0.2249,1207.2585
phone-android,stress,2534,activate,rejected,not_eligible,0,0.8932,821.8652,0.1209,9.0771,0.1667,832.1232
phone-android,stress,2535,move,accepted,moved,1,0.8601,823.2387,354.7275,40.1855,0.2726,1219.2844
phone-android,stress,2536,look,accepted,observed,0,1.2989,826.1296,0.1405,8.3341,0.1632,836.0662
phone-android,stress,2537,move,rejected,exit_unavailable,0,0.7376,822.1720,0.1346,8.4673,0.1769,831.6885
phone-android,stress,2538,look,accepted,observed,0,0.8086,818.6879,0.1378,8.9964,0.1679,828.7986
phone-android,stress,2539,look,accepted,observed,0,0.9334,822.7719,0.1259,8.0981,0.1862,832.1155
phone-android,stress,2540,look,accepted,observed,0,0.8159,827.8641,0.1259,8.4341,0.1503,837.3904
phone-android,stress,2541,activate,rejected,not_eligible,0,0.7971,815.8004,0.1284,9.0993,0.1534,825.9787
phone-android,stress,2542,talk,rejected,not_eligible,0,0.8293,820.8076,0.1361,9.2409,0.1756,831.1896
phone-android,stress,2543,look,accepted,observed,0,0.7894,825.0246,0.1267,12.5302,0.1690,838.6398
phone-android,stress,2544,wait,rejected,invalid_time,0,0.8616,818.4364,0.1378,8.2131,0.1527,827.8015
phone-android,stress,2545,look,accepted,observed,0,0.7207,825.1079,0.1372,10.6494,0.2635,836.8788
phone-android,stress,2546,look,accepted,observed,0,1.0380,827.5309,0.1349,8.7196,0.1615,837.5849
phone-android,stress,2547,drop,accepted,dropped,1,0.7857,819.4906,345.8090,29.1730,0.2080,1195.4664
phone-android,stress,2548,wait,rejected,invalid_time,0,0.9225,817.4682,0.1274,8.9386,0.1913,827.6480
phone-android,stress,2549,move,accepted,moved,1,0.8777,825.7114,372.5007,37.0704,0.2155,1236.3757
phone-android,stress,2550,wait,rejected,invalid_time,0,0.9138,814.5457,0.1434,9.4161,0.1749,825.1939
phone-android,stress,2551,wait,rejected,invalid_time,0,0.8672,816.1424,0.1418,8.2245,0.1860,825.5619
phone-android,stress,2552,wait,rejected,invalid_time,0,0.7944,818.1675,0.1404,9.4639,0.1976,828.7637
phone-android,stress,2553,look,accepted,observed,0,0.7549,824.8118,0.1108,8.5602,0.1558,834.3935
phone-android,stress,2554,move,accepted,moved,1,0.7124,823.3713,358.1438,29.7686,0.2660,1212.2622
phone-android,stress,2555,activate,rejected,not_eligible,0,0.9034,819.1945,0.1436,8.9180,0.1695,829.3290
phone-android,stress,2556,wait,rejected,invalid_time,0,0.9076,826.4273,0.1453,10.0069,0.1844,837.6714
phone-android,stress,2557,move,accepted,moved,1,0.8529,813.9180,350.6580,29.1977,0.2095,1194.8361
phone-android,stress,2558,move,accepted,moved,1,0.9643,824.7638,348.4293,32.0781,0.2617,1206.4971
phone-android,stress,2559,move,rejected,exit_unavailable,0,1.0802,820.0938,0.1474,9.4068,0.1612,830.8894
phone-android,stress,2560,look,accepted,observed,0,0.7834,824.3219,0.1348,8.8268,0.1768,834.2437
phone-android,stress,2561,look,accepted,observed,0,0.8207,816.2777,0.1307,8.1843,0.1434,825.5567
phone-android,stress,2562,look,accepted,observed,0,0.6188,816.8949,0.1264,9.0824,0.1365,826.8589
phone-android,stress,2563,move,rejected,exit_unavailable,0,0.6790,816.5118,0.1354,9.6127,0.2311,827.1699
phone-android,stress,2564,look,accepted,observed,0,0.8051,823.4776,0.1216,10.4845,0.1655,835.0544
phone-android,stress,2565,take,rejected,not_present,0,0.8083,825.5220,0.1380,9.3383,0.1698,835.9764
phone-android,stress,2566,move,accepted,moved,1,0.7373,813.5413,348.5591,31.1516,0.2004,1194.1899
phone-android,stress,2567,move,accepted,moved,1,0.8317,818.9048,353.8185,28.5784,0.2376,1202.3710
phone-android,stress,2568,wait,rejected,invalid_time,0,0.8648,829.0623,0.1285,9.6319,0.1711,839.8586
phone-android,stress,2569,activate,rejected,not_eligible,0,0.9457,824.2890,0.1559,8.7597,0.1623,834.3126
phone-android,stress,2570,take,rejected,not_present,0,0.8028,822.0635,0.1344,8.9822,0.1851,832.1680
phone-android,stress,2571,move,accepted,moved,1,0.8927,824.4249,347.3453,30.4841,0.3561,1203.5031
phone-android,stress,2572,drop,rejected,integrity_conflict,0,1.9102,749.6042,0.0340,0.0008,0.1017,751.6509
phone-android,stress,2573,move,accepted,moved,1,1.2435,817.8525,344.8874,29.3109,0.2711,1193.5654
phone-android,stress,2574,wait,rejected,invalid_time,0,1.1530,817.6138,0.1339,9.3669,0.1779,828.4454
phone-android,stress,2575,look,accepted,observed,0,0.7761,827.9088,0.1270,8.9519,0.1486,837.9124
phone-android,stress,2576,move,accepted,moved,1,0.7912,815.2328,347.5357,31.2653,0.2353,1195.0603
phone-android,stress,2577,look,accepted,observed,0,0.9076,818.7403,0.1191,8.2976,0.1701,828.2347
phone-android,stress,2578,look,accepted,observed,0,0.8518,821.6592,0.1295,9.0394,0.1617,831.8417
phone-android,stress,2579,take,rejected,not_present,0,0.7035,818.8398,0.1299,8.0914,0.1644,827.9289
phone-android,stress,2580,look,accepted,observed,0,0.8429,818.6413,0.1558,8.8673,0.1538,828.6612
phone-android,stress,2581,drop,replayed,dropped,0,1.1085,751.2285,0.0071,0.0011,0.0816,752.4270
phone-android,stress,2582,look,accepted,observed,0,0.8196,810.0715,0.1257,10.0670,0.1646,821.2484
phone-android,stress,2583,move,rejected,exit_unavailable,0,0.8829,824.1630,0.1390,9.5802,0.2124,834.9775
phone-android,stress,2584,choose,rejected,invalid_choice,0,0.8220,815.7574,0.2301,8.1500,0.1507,825.1101
phone-android,stress,2585,look,accepted,observed,0,0.7114,820.6712,0.2302,8.9815,0.1914,830.7857
phone-android,stress,2586,look,accepted,observed,0,0.9172,821.3935,0.1337,9.3433,0.1765,831.9641
phone-android,stress,2587,look,accepted,observed,0,0.8092,815.3341,0.1332,8.6943,0.1413,825.1121
phone-android,stress,2588,move,accepted,moved,1,0.8399,829.8300,345.1568,25.8522,0.2131,1201.8920
phone-android,stress,2589,talk,rejected,not_eligible,0,0.8385,831.0646,0.1261,8.1592,0.1531,840.3415
phone-android,stress,2590,talk,rejected,not_eligible,0,0.6664,817.8730,0.1492,8.2582,0.1724,827.1192
phone-android,stress,2591,take,rejected,not_present,0,0.8326,825.5395,0.1191,9.5089,0.1816,836.1816
phone-android,stress,2592,take,rejected,not_present,0,0.8027,811.9397,0.1367,8.9322,0.1653,821.9765
phone-android,stress,2593,look,accepted,observed,0,0.7875,818.1814,0.1252,8.4088,0.1718,827.6747
phone-android,stress,2594,activate,rejected,not_eligible,0,0.7939,823.4613,0.1296,7.9877,0.1805,832.5530
phone-android,stress,2595,move,accepted,moved,1,0.7925,823.1697,356.2987,30.2967,0.2270,1210.7846
phone-android,stress,2596,move,accepted,moved,1,0.8343,820.1339,347.5580,30.9018,0.3452,1199.7731
phone-android,stress,2597,look,accepted,observed,0,0.9163,818.9218,0.1136,8.4726,0.1504,828.5747
phone-android,stress,2598,move,accepted,moved,1,0.6681,825.3191,361.2667,38.5085,0.2451,1226.0075
phone-android,stress,2599,talk,rejected,not_owned,0,1.0852,821.3990,0.1273,8.8272,0.1668,831.6055
phone-android,stress,2600,move,accepted,moved,1,0.7328,819.9597,347.0042,28.7301,0.1981,1196.6249
phone-android,stress,2601,look,accepted,observed,0,0.8401,823.2538,0.1304,10.4088,0.1747,834.8077
phone-android,stress,2602,move,accepted,moved,1,0.8815,824.2292,358.1967,33.3411,0.2027,1216.8512
phone-android,stress,2603,look,accepted,observed,0,0.8100,825.2052,0.1401,8.0384,0.1434,834.3372
phone-android,stress,2604,move,rejected,exit_unavailable,0,0.5958,821.1397,0.1463,8.2707,0.1433,830.2958
phone-android,stress,2605,move,accepted,moved,1,0.6453,823.2865,350.8521,31.9948,0.2295,1207.0082
phone-android,stress,2606,activate,rejected,not_eligible,0,0.8741,825.6225,0.1178,8.8882,0.1971,835.6998
phone-android,stress,2607,look,accepted,observed,0,0.8846,827.3428,0.1312,9.4117,0.1718,837.9422
phone-android,stress,2608,look,accepted,observed,0,0.8195,815.6028,0.1278,9.6904,0.1856,826.4261
phone-android,stress,2609,take,accepted,taken,1,0.7960,822.3077,348.2684,28.1121,0.1803,1199.6644
phone-android,stress,2610,wait,rejected,invalid_time,0,0.7470,821.8665,0.1389,9.4972,0.1727,832.4223
phone-android,stress,2611,look,accepted,observed,0,0.7808,825.9889,0.1119,10.5342,0.3546,837.7703
phone-android,stress,2612,move,rejected,exit_unavailable,0,1.0380,830.0981,0.1307,8.9354,0.1594,840.3617
phone-android,stress,2613,look,accepted,observed,0,0.7681,824.6730,0.1215,8.3741,0.1685,834.1052
phone-android,stress,2614,activate,rejected,not_eligible,0,0.8840,825.0564,0.1196,8.1232,0.1884,834.3716
phone-android,stress,2615,look,accepted,observed,0,0.7998,821.5770,0.1278,10.4675,0.2628,833.2349
phone-android,stress,2616,choose,rejected,invalid_choice,0,1.2828,830.6773,0.1508,8.6501,0.1555,840.9164
phone-android,stress,2617,look,accepted,observed,0,0.7324,820.2432,0.1232,8.2451,0.1687,829.5126
phone-android,stress,2618,wait,rejected,invalid_time,0,0.8089,824.4294,0.1387,9.8581,0.1847,835.4198
phone-android,stress,2619,move,accepted,moved,1,0.9174,826.4858,345.2887,27.4639,0.1895,1200.3452
phone-android,stress,2620,look,accepted,observed,0,0.7843,822.9307,0.1291,9.6903,0.1742,833.7086
phone-android,stress,2621,drop,accepted,dropped,1,0.8204,835.5859,363.3341,29.5765,0.2321,1229.5489
phone-android,stress,2622,move,accepted,moved,1,1.0129,819.7234,349.9855,29.8265,0.2465,1200.7948
phone-android,stress,2623,look,accepted,observed,0,1.0315,821.9223,0.1286,8.6490,0.1694,831.9008
phone-android,stress,2624,move,accepted,moved,1,0.8229,827.6227,406.8195,73.5053,0.2823,1309.0526
phone-android,stress,2625,choose,rejected,stale_view,0,1.1463,752.2139,0.1247,8.8686,0.1622,762.5156
phone-android,stress,2626,take,rejected,not_present,0,0.8861,835.5856,0.1397,8.7426,0.1841,845.5380
phone-android,stress,2627,move,accepted,moved,1,0.8766,817.8388,347.3791,28.6300,0.1908,1194.9153
phone-android,stress,2628,move,accepted,moved,1,0.7372,827.6385,348.8309,28.8024,0.2945,1206.3035
phone-android,stress,2629,wait,rejected,invalid_time,0,1.0511,822.8566,0.1482,10.1604,0.2827,834.4990
phone-android,stress,2630,take,replayed,taken,0,1.5116,743.4547,0.0070,0.0005,0.0843,745.0580
phone-android,stress,2631,look,accepted,observed,0,1.0767,830.4256,0.1203,10.2328,0.2670,842.1224
phone-android,stress,2632,move,accepted,moved,1,1.1155,822.0157,349.6067,29.8562,0.2367,1202.8308
phone-android,stress,2633,take,rejected,not_present,0,1.1379,821.4262,0.1203,8.7166,0.1722,831.5732
phone-android,stress,2634,wait,rejected,invalid_time,0,0.8386,821.5569,0.1218,8.3592,0.1808,831.0572
phone-android,stress,2635,talk,rejected,not_eligible,0,0.8025,819.0112,0.1509,10.1716,0.1898,830.3260
phone-android,stress,2636,take,rejected,not_present,0,0.8255,816.4242,0.1127,8.8484,0.1800,826.3907
phone-android,stress,2637,wait,rejected,invalid_time,0,0.7636,821.5183,0.1233,9.1190,0.1882,831.7125
phone-android,stress,2638,talk,rejected,not_eligible,0,0.9042,827.9265,0.1348,9.3722,0.2248,838.5626
phone-android,stress,2639,choose,rejected,invalid_choice,0,1.0807,834.4659,0.1275,9.2486,0.1801,845.1028
phone-android,stress,2640,look,accepted,observed,0,0.7940,820.2276,0.1324,9.1022,0.1445,830.4008
phone-android,stress,2641,look,accepted,observed,0,0.6458,819.5345,0.1275,9.3584,0.1571,829.8234
phone-android,stress,2642,look,accepted,observed,0,0.7757,813.1707,0.1333,8.7207,0.1676,822.9679
phone-android,stress,2643,move,accepted,moved,1,0.8093,822.8582,349.7101,29.9677,0.2185,1203.5639
phone-android,stress,2644,wait,rejected,invalid_time,0,1.1370,826.5128,0.1102,8.1180,0.1817,836.0597
phone-android,stress,2645,look,accepted,observed,0,0.6439,827.6804,0.1240,9.5538,0.1778,838.1798
phone-android,stress,2646,move,accepted,moved,1,0.7672,816.2334,350.3581,27.8711,0.2099,1195.4397
phone-android,stress,2647,move,accepted,moved,1,0.9533,821.4930,347.0912,29.0532,0.2106,1198.8013
phone-android,stress,2648,look,accepted,observed,0,0.9174,820.1324,0.1308,9.0330,0.1752,830.3889
phone-android,stress,2649,move,accepted,moved,1,0.8234,822.6336,348.3977,30.6959,0.2235,1202.7741
phone-android,stress,2650,look,accepted,observed,0,0.9998,826.8651,0.1318,9.1684,0.1698,837.3349
phone-android,stress,2651,wait,rejected,invalid_time,0,0.6531,818.0185,0.1246,8.0932,0.1855,827.0749
phone-android,stress,2652,drop,rejected,integrity_conflict,0,1.2373,742.9041,0.0094,0.0009,0.1177,744.2694
phone-android,stress,2653,move,accepted,moved,1,1.4515,815.2106,344.9696,29.3275,0.2393,1191.1985
phone-android,stress,2654,move,rejected,exit_unavailable,0,0.9989,819.0508,0.1272,8.3098,0.1866,828.6733
phone-android,stress,2655,move,rejected,exit_unavailable,0,0.8007,822.6190,0.1209,9.3037,0.1795,833.0238
phone-android,stress,2656,activate,rejected,not_eligible,0,0.7636,821.2703,0.3504,8.6959,0.1617,831.2419
phone-android,stress,2657,choose,rejected,invalid_choice,0,0.7059,816.7252,0.2464,9.6049,0.1655,827.4480
phone-android,stress,2658,take,accepted,taken,1,0.8868,818.4032,347.5513,29.6697,0.2635,1196.7745
phone-android,stress,2659,drop,accepted,dropped,1,1.0069,818.1903,346.3544,29.6779,0.2591,1195.4886
phone-android,stress,2660,take,accepted,taken,1,0.9162,831.2050,352.3915,29.6898,0.2327,1214.4352
phone-android,stress,2661,look,accepted,observed,0,0.9210,822.7554,0.1309,9.1268,0.1631,833.0972
phone-android,stress,2662,drop,accepted,dropped,1,0.8170,822.4050,347.6794,27.5156,0.1980,1198.6149
phone-android,stress,2663,wait,rejected,invalid_time,0,0.8168,818.3948,0.1323,9.3261,0.2867,828.9568
phone-android,stress,2664,activate,rejected,not_eligible,0,1.2067,815.2748,0.1145,9.9993,0.1775,826.7727
phone-android,stress,2665,look,accepted,observed,0,0.7611,818.6924,0.1348,8.8968,0.1745,828.6597
phone-android,stress,2666,choose,rejected,invalid_choice,0,0.8717,816.4423,0.1294,8.8583,0.1649,826.4666
phone-android,stress,2667,talk,rejected,not_owned,0,0.8943,812.5976,0.1174,7.7936,0.1576,821.5605
phone-android,stress,2668,wait,rejected,invalid_time,0,0.7105,821.8169,0.1195,9.0018,0.1845,831.8331
phone-android,stress,2669,wait,rejected,invalid_time,0,0.9390,821.0833,0.1405,8.8256,0.1788,831.1672
phone-android,stress,2670,look,accepted,observed,0,0.8303,818.9599,0.1358,8.2900,0.1439,828.3600
phone-android,stress,2671,move,accepted,moved,1,0.6038,815.9205,347.3959,29.2577,0.1697,1193.3477
phone-android,stress,2672,look,accepted,observed,0,0.6757,820.2874,0.1374,8.9105,0.1745,830.1855
phone-android,stress,2673,close_choice,rejected,invalid_choice,0,1.0066,826.6586,0.1133,7.2018,0.1478,835.1280
phone-android,stress,2674,move,accepted,moved,1,0.6222,816.1191,350.2639,31.8319,0.2247,1199.0618
phone-android,stress,2675,look,accepted,observed,0,0.9701,817.2269,0.1224,8.7900,0.1605,827.2698
phone-android,stress,2676,look,accepted,observed,0,0.7357,818.2504,0.2101,8.5237,0.1726,827.8924
phone-android,stress,2677,look,accepted,observed,0,0.7305,819.4948,0.1473,8.7169,0.1789,829.2685
phone-android,stress,2678,move,accepted,moved,1,0.7342,820.4211,347.8325,29.1324,0.2064,1198.3265
phone-android,stress,2679,choose,rejected,stale_view,0,0.9598,747.8480,0.1273,7.5583,0.1768,756.6703
phone-android,stress,2680,move,accepted,moved,1,0.8924,820.8512,351.3744,29.6126,0.2311,1202.9617
phone-android,stress,2681,take,replayed,not_present,0,1.3486,753.7400,0.0073,0.0006,0.0947,755.1912
phone-android,stress,2682,look,accepted,observed,0,1.0501,830.5946,0.1192,9.9570,0.4061,842.1269
phone-android,stress,2683,talk,rejected,not_owned,0,0.9890,828.1022,0.1104,7.8576,0.1692,837.2284
phone-android,stress,2684,move,accepted,moved,1,0.7546,821.6154,347.6214,32.1688,0.2006,1202.3608
phone-android,stress,2685,take,rejected,not_present,0,0.9161,827.4999,0.1326,9.2122,0.2381,837.9990
phone-android,stress,2686,close_choice,rejected,invalid_choice,0,0.8933,826.6970,0.1094,6.5567,0.1624,834.4188
phone-android,stress,2687,look,accepted,observed,0,0.7125,815.3687,0.1303,8.9297,0.1751,825.3162
phone-android,stress,2688,look,accepted,observed,0,0.7986,814.2879,0.1269,9.0288,0.1856,824.4278
phone-android,stress,2689,take,rejected,not_present,0,0.8394,816.2363,0.1282,9.2289,0.1749,826.6077
phone-android,stress,2690,take,rejected,not_present,0,0.7372,824.8981,0.1347,9.5513,0.1857,835.5070
phone-android,stress,2691,choose,rejected,invalid_choice,0,0.7846,825.0150,0.1474,8.7780,0.1760,834.9011
phone-android,stress,2692,take,rejected,not_present,0,0.7973,824.2049,0.1359,9.4444,0.1783,834.7608
phone-android,stress,2693,move,rejected,exit_unavailable,0,0.8249,814.1513,0.1310,8.6102,0.1528,823.8703
phone-android,stress,2694,look,accepted,observed,0,0.6725,819.5135,0.1226,8.8278,0.2622,829.3985
phone-android,stress,2695,look,accepted,observed,0,1.0784,822.4012,0.1246,9.2149,0.1887,833.0079
phone-android,stress,2696,move,accepted,moved,1,0.8046,826.0215,379.1508,38.7907,0.1887,1244.9565
phone-android,stress,2697,look,accepted,observed,0,0.7243,821.2021,0.1259,10.1542,0.1775,832.3839
phone-android,stress,2698,talk,rejected,not_eligible,0,0.7830,823.0170,0.1521,8.1755,0.2141,832.3416
phone-android,stress,2699,look,accepted,observed,0,0.8879,818.0188,0.1261,8.6499,0.1803,827.8629
phone-android,stress,2700,take,rejected,not_present,0,0.7949,821.1915,0.1154,8.7496,0.2644,831.1159
phone-android,stress,2701,wait,rejected,invalid_time,0,1.2853,825.0512,0.1318,8.9954,0.1796,835.6433
phone-android,stress,2702,move,accepted,moved,1,0.8031,813.8538,349.9670,26.7199,0.2060,1191.5498
phone-android,stress,2703,look,accepted,observed,0,0.8249,824.7654,0.1265,8.9243,0.1958,834.8369
phone-android,stress,2704,choose,rejected,invalid_choice,0,0.9049,826.7368,0.1257,8.6742,0.1762,836.6178
phone-android,stress,2705,activate,rejected,not_eligible,0,0.7387,819.3859,0.1227,8.6746,0.1718,829.0936
phone-android,stress,2706,look,accepted,observed,0,0.7771,819.9174,0.1144,8.3131,0.1319,829.2538
phone-android,stress,2707,move,accepted,moved,1,0.6815,817.7667,346.5209,29.4587,0.2337,1194.6615
phone-android,stress,2708,look,accepted,observed,0,0.9155,823.1963,0.1322,8.8869,0.1754,833.3062
phone-android,stress,2709,activate,rejected,not_eligible,0,0.8048,821.3819,0.2156,10.2522,0.2737,832.9282
phone-android,stress,2710,talk,rejected,not_owned,0,0.9348,825.4244,0.1255,7.8550,0.1450,834.4847
phone-android,stress,2711,move,accepted,moved,1,0.7194,811.7611,345.8833,27.7540,0.1768,1186.2945
phone-android,stress,2712,look,accepted,observed,0,0.6558,820.9348,0.1338,8.7114,0.1740,830.6098
phone-android,stress,2713,activate,rejected,not_eligible,0,0.8319,834.4065,0.1602,11.2038,0.1979,846.8003
phone-android,stress,2714,move,rejected,exit_unavailable,0,0.7921,818.9000,0.1324,23.1064,0.2332,843.1642
phone-android,stress,2715,move,accepted,moved,1,1.1916,817.7108,345.1330,28.6514,0.2208,1192.9075
phone-android,stress,2716,look,accepted,observed,0,0.9505,828.3580,0.1172,9.4573,0.1834,839.0664
phone-android,stress,2717,take,accepted,taken,1,0.9374,819.6303,359.0780,30.1092,0.2230,1209.9779
phone-android,stress,2718,look,accepted,observed,0,0.9903,820.4532,0.1504,10.0760,0.1412,831.8111
phone-android,stress,2719,move,rejected,exit_unavailable,0,0.7229,818.1138,0.1343,9.5206,0.1938,828.6854
phone-android,stress,2720,look,accepted,observed,0,0.8869,819.2220,0.1148,7.9290,0.1552,828.3079
phone-android,stress,2721,activate,rejected,not_eligible,0,0.8945,823.1508,0.1219,8.9682,0.1786,833.3140
phone-android,stress,2722,look,accepted,observed,0,0.8993,824.8922,0.1255,9.3529,0.1765,835.4463
phone-android,stress,2723,look,accepted,observed,0,0.7740,820.1849,0.1117,8.4285,0.1731,829.6722
phone-android,stress,2724,wait,rejected,invalid_time,0,0.7626,822.9203,0.1382,8.7295,0.1901,832.7407
phone-android,stress,2725,look,accepted,observed,0,0.8341,819.7495,0.1136,8.0627,0.1946,828.9545
phone-android,stress,2726,move,accepted,moved,1,0.8818,825.9865,360.0984,29.3122,0.2233,1216.5022
phone-android,stress,2727,move,accepted,moved,1,0.9470,827.8861,354.8366,30.8255,0.2740,1214.7692
phone-android,stress,2728,look,accepted,observed,0,1.0862,822.5971,0.1263,9.0885,0.1805,833.0786
phone-android,stress,2729,move,accepted,moved,1,0.7974,825.3082,347.9273,28.7650,0.2235,1203.0214
phone-android,stress,2730,take,replayed,not_present,0,1.3675,743.0712,0.0073,0.0005,0.0967,744.5431
phone-android,stress,2731,move,accepted,moved,1,1.2796,826.7371,347.4008,28.4610,0.2245,1204.1029
phone-android,stress,2732,look,accepted,observed,0,0.9148,820.8500,0.1111,8.2767,0.1652,830.3178
phone-android,stress,2733,choose,rejected,invalid_choice,0,0.9923,816.9500,0.1388,9.9141,0.1623,828.1575
phone-android,stress,2734,look,accepted,observed,0,0.7601,818.1322,0.1360,9.9753,0.1773,829.1809
phone-android,stress,2735,look,accepted,observed,0,0.7647,818.8345,0.1378,10.1755,0.1389,830.0514
phone-android,stress,2736,move,accepted,moved,1,0.6629,814.8246,345.9714,30.5151,0.2019,1192.1759
phone-android,stress,2737,drop,accepted,dropped,1,0.8483,821.5210,349.2534,32.4982,0.2432,1204.3640
phone-android,stress,2738,move,accepted,moved,1,0.9442,825.7209,347.0376,29.7776,0.2214,1203.7017
phone-android,stress,2739,take,rejected,not_present,0,0.8834,828.2761,0.1359,8.5547,0.1341,837.9843
phone-android,stress,2740,talk,rejected,not_eligible,0,0.6048,819.4196,0.1365,8.9128,0.1624,829.2361
phone-android,stress,2741,take,rejected,not_present,0,0.7847,817.3136,0.1242,9.4884,0.1612,827.8721
phone-android,stress,2742,look,accepted,observed,0,0.8067,821.3901,0.1282,9.0044,0.1734,831.5029
phone-android,stress,2743,drop,rejected,integrity_conflict,0,1.1574,748.2260,0.0110,0.0008,0.1107,749.5060
phone-android,stress,2744,look,accepted,observed,0,1.0543,820.5985,0.1313,8.5344,0.1774,830.4959
phone-android,stress,2745,look,accepted,observed,0,0.8002,836.3284,0.1515,8.0289,0.1890,845.4979
phone-android,stress,2746,move,accepted,moved,1,0.7143,815.0383,345.9706,29.0891,0.2030,1191.0153
phone-android,stress,2747,wait,rejected,invalid_time,0,0.8940,823.9276,0.1377,8.6919,0.1478,833.7990
phone-android,stress,2748,move,accepted,moved,1,0.6189,820.1322,350.8986,30.0574,0.2475,1201.9545
phone-android,stress,2749,move,accepted,moved,1,0.8912,824.1148,348.6557,29.7758,0.2071,1203.6446
phone-android,stress,2750,move,accepted,moved,1,0.8821,821.2139,347.1841,30.1063,0.2112,1199.5976
phone-android,stress,2751,look,accepted,observed,0,0.8679,821.7146,0.1327,8.2491,0.1640,831.1281
phone-android,stress,2752,look,accepted,observed,0,0.9434,826.0508,0.1325,8.2685,0.1801,835.5752
phone-android,stress,2753,look,accepted,observed,0,0.8788,821.8365,0.2068,9.4261,0.1883,832.5364
phone-android,stress,2754,look,accepted,observed,0,0.9090,825.5755,0.1261,8.2578,0.1601,835.0285
phone-android,stress,2755,move,rejected,exit_unavailable,0,0.7354,814.9052,0.1233,9.3683,0.5035,825.6357
phone-android,stress,2756,take,rejected,not_present,0,0.8959,826.7910,0.1161,7.2097,0.1466,835.1594
phone-android,stress,2757,look,accepted,observed,0,0.6279,822.0889,0.1171,8.0592,0.2507,831.1438
phone-android,stress,2758,move,accepted,moved,1,0.9056,816.2646,347.1264,29.1594,0.1917,1193.6476
phone-android,stress,2759,wait,rejected,invalid_time,0,0.8795,820.8731,0.1341,8.3727,0.1812,830.4406
phone-android,stress,2760,move,accepted,moved,1,0.9730,826.7856,348.9108,30.1797,0.2262,1207.0753
phone-android,stress,2761,talk,rejected,not_owned,0,0.9152,824.6900,0.1559,9.8930,0.2907,835.9447
phone-android,stress,2762,look,accepted,observed,0,0.8121,815.6426,0.1192,8.9569,0.1780,825.7089
phone-android,stress,2763,move,accepted,moved,1,0.8928,824.3195,351.5707,31.9113,0.2681,1208.9624
phone-android,stress,2764,move,rejected,exit_unavailable,0,1.0636,816.4665,0.1314,8.4508,0.1497,826.2620
phone-android,stress,2765,look,accepted,observed,0,0.6079,823.6923,0.1284,8.6048,0.1767,833.2102
phone-android,stress,2766,move,rejected,exit_unavailable,0,0.8271,818.8652,0.1143,7.9694,0.1513,827.9272
phone-android,stress,2767,wait,rejected,invalid_time,0,0.6668,814.4004,0.1135,9.1063,0.1746,824.4615
phone-android,stress,2768,move,accepted,moved,1,0.8854,815.6813,345.4635,29.8561,0.2734,1192.1598
phone-android,stress,2769,activate,rejected,not_eligible,0,1.1884,823.4208,0.1427,10.0369,0.1828,834.9716
phone-android,stress,2770,look,accepted,observed,0,0.8156,831.0216,0.1530,9.6311,0.2169,841.8382
phone-android,stress,2771,wait,rejected,invalid_time,0,1.0349,830.9867,0.1164,7.6967,0.1393,839.9739
phone-android,stress,2772,look,accepted,observed,0,0.7410,819.2616,0.1276,7.2861,0.1546,827.5709
phone-android,stress,2773,talk,rejected,not_owned,0,0.7178,824.9666,0.1352,9.3369,0.1821,835.3385
phone-android,stress,2774,look,accepted,observed,0,0.8629,820.6402,0.1194,9.3855,0.1721,831.1800
phone-android,stress,2775,look,accepted,observed,0,0.9820,827.9894,0.1216,9.8290,0.1833,839.1053
phone-android,stress,2776,look,accepted,observed,0,0.8690,817.9114,0.1223,8.2291,0.1374,827.2692
phone-android,stress,2777,take,rejected,not_present,0,0.6579,819.7912,0.1431,10.0274,0.1897,830.8093
phone-android,stress,2778,move,rejected,exit_unavailable,0,0.8829,825.0327,0.1513,7.5874,0.1743,833.8287
phone-android,stress,2779,talk,rejected,not_owned,0,0.7798,812.2395,0.1304,7.6358,0.1691,820.9547
phone-android,stress,2780,activate,rejected,not_eligible,0,0.8658,828.2988,0.1371,9.0492,0.1736,838.5245
phone-android,stress,2781,move,accepted,moved,1,0.7326,819.9688,344.8416,27.5079,0.1913,1193.2421
phone-android,stress,2782,choose,rejected,invalid_choice,0,0.7433,820.4906,0.1294,9.1851,0.1905,830.7388
phone-android,stress,2783,talk,rejected,not_eligible,0,0.9032,823.3554,0.1425,8.9292,0.1612,833.4915
phone-android,stress,2784,activate,rejected,not_eligible,0,0.7145,817.6876,0.1499,8.5884,0.1732,827.3137
phone-android,stress,2785,wait,rejected,invalid_time,0,0.8094,821.7325,0.1628,9.6376,0.1419,832.4842
phone-android,stress,2786,look,accepted,observed,0,0.6436,817.6252,0.1220,8.9142,0.1874,827.4926
phone-android,stress,2787,move,accepted,moved,1,0.9266,824.4141,348.6644,28.9057,0.2444,1203.1551
phone-android,stress,2788,move,accepted,moved,1,1.0209,822.4711,351.9143,29.1912,0.2158,1204.8133
phone-android,stress,2789,move,rejected,exit_unavailable,0,0.9663,830.2777,0.1232,8.6986,0.1808,840.2466
phone-android,stress,2790,activate,rejected,not_eligible,0,0.8433,820.8226,0.1296,8.6478,0.1717,830.6150
phone-android,stress,2791,take,replayed,not_present,0,1.2505,748.8949,0.0081,0.0006,0.0963,750.2503
phone-android,stress,2792,drop,replayed,dropped,0,1.6499,756.9708,0.0119,0.0008,0.1105,758.7439
phone-android,stress,2793,wait,rejected,invalid_time,0,1.3353,827.8081,0.1332,8.5306,0.1769,837.9840
phone-android,stress,2794,take,accepted,taken,1,0.7365,809.8380,349.0410,30.3880,0.2192,1190.2228
phone-android,stress,2795,look,accepted,observed,0,0.8982,825.8759,0.1326,9.5374,0.1774,836.6215
phone-android,stress,2796,wait,rejected,invalid_time,0,0.8497,817.0895,0.1301,8.7322,0.1835,826.9849
phone-android,stress,2797,look,accepted,observed,0,0.8999,824.4031,0.1348,8.2455,0.2155,833.8987
phone-android,stress,2798,look,accepted,observed,0,0.7659,815.6058,0.1275,8.3003,0.1740,824.9735
phone-android,stress,2799,look,accepted,observed,0,0.8954,813.5690,0.1364,9.0149,0.1768,823.7925
phone-android,stress,2800,look,accepted,observed,0,0.7943,824.0332,0.1393,8.9942,0.1724,834.1334
phone-android,stress,2801,move,accepted,moved,1,0.8462,821.0487,361.4571,30.6876,0.2692,1214.3088
phone-android,stress,2802,drop,accepted,dropped,1,1.0993,820.6844,350.1520,52.9709,0.2316,1225.1381
phone-android,stress,2803,move,accepted,moved,1,1.1630,825.1200,348.8912,30.6325,0.2372,1206.0439
phone-android,stress,2804,look,accepted,observed,0,0.9162,830.9851,0.1339,9.4409,0.1640,841.6401
phone-android,stress,2805,talk,rejected,not_eligible,0,0.7479,820.0607,0.1252,9.0394,0.1561,830.1292
phone-android,stress,2806,wait,rejected,invalid_time,0,0.6598,822.6302,0.1518,9.1726,0.1331,832.7475
phone-android,stress,2807,look,accepted,observed,0,0.8039,822.9023,0.1276,8.6123,0.1458,832.5919
phone-android,stress,2808,wait,rejected,invalid_time,0,0.6841,822.0435,0.1131,8.2982,0.1461,831.2850
phone-android,stress,2809,close_choice,rejected,invalid_choice,0,0.7927,830.3451,0.1120,7.5451,0.1443,838.9392
phone-android,stress,2810,activate,rejected,not_eligible,0,0.7124,815.9845,0.1422,8.0271,0.1617,825.0279
phone-android,stress,2811,wait,rejected,invalid_time,0,0.7526,824.2425,0.1328,8.8737,0.1832,834.1848
phone-android,stress,2812,wait,rejected,invalid_time,0,0.8751,821.8280,0.1173,8.3862,0.1851,831.3916
phone-android,stress,2813,talk,rejected,not_eligible,0,0.7489,814.1200,0.1156,7.5573,0.1905,822.7322
phone-android,stress,2814,look,accepted,observed,0,0.8420,823.6172,0.1532,9.7504,0.1942,834.5570
phone-android,stress,2815,talk,rejected,not_eligible,0,0.8597,818.1982,0.2428,8.0902,0.1686,827.5596
phone-android,stress,2816,take,rejected,not_present,0,0.7563,819.8578,0.1554,9.0026,0.1636,829.9357
phone-android,stress,2817,take,rejected,not_present,0,0.7823,814.3377,0.1290,8.2798,0.1591,823.6879
phone-android,stress,2818,move,accepted,moved,1,0.7151,813.9019,348.5136,30.3705,0.2727,1193.7738
phone-android,stress,2819,move,accepted,moved,1,1.1764,823.2373,355.0186,29.0722,0.2440,1208.7485
phone-android,stress,2820,activate,rejected,not_eligible,0,0.9555,825.9389,0.1287,10.1422,0.1739,837.3392
phone-android,stress,2821,move,accepted,moved,1,0.8558,815.5839,348.8608,29.3902,0.2264,1194.9170
phone-android,stress,2822,look,accepted,observed,0,1.0041,827.0921,0.1214,8.7151,0.1764,837.1090
phone-android,stress,2823,move,accepted,moved,1,0.8270,818.8817,348.1225,31.1627,0.3259,1199.3199
phone-android,stress,2824,look,accepted,observed,0,1.0065,823.3023,0.1161,7.7843,0.1816,832.3908
phone-android,stress,2825,look,accepted,observed,0,0.8453,816.2622,0.1410,8.2761,0.1827,825.7073
phone-android,stress,2826,move,accepted,moved,1,0.8592,818.6954,346.2671,28.0968,0.1871,1194.1057
phone-android,stress,2827,move,accepted,moved,1,0.7498,824.8757,351.9813,29.3160,0.2292,1207.1520
phone-android,stress,2828,move,accepted,moved,1,0.9386,821.3276,346.4543,30.0469,0.2180,1198.9854
phone-android,stress,2829,look,accepted,observed,0,0.8768,821.1895,0.1181,10.5371,0.1900,832.9115
phone-android,stress,2830,activate,rejected,not_eligible,0,0.8227,806.0007,0.1359,9.8866,0.1563,817.0021
phone-android,stress,2831,move,rejected,exit_unavailable,0,0.7058,805.8640,0.1280,8.4544,0.1411,815.2933
phone-android,stress,2832,look,accepted,observed,0,0.6522,808.5050,0.1246,8.2723,0.1861,817.7402
phone-android,stress,2833,look,accepted,observed,0,0.8657,812.0012,0.1247,8.1428,0.1463,821.2807
phone-android,stress,2834,move,accepted,moved,1,0.6642,809.7811,361.6872,34.9358,0.2514,1207.3197
phone-android,stress,2835,move,accepted,moved,1,1.1521,816.1865,345.1240,29.7197,0.2633,1192.4456
phone-android,stress,2836,move,accepted,moved,1,1.0697,823.6524,349.8406,29.8096,0.2369,1204.6091
phone-android,stress,2837,move,accepted,moved,1,0.9443,832.8632,347.1698,31.0286,0.2023,1212.2081
phone-android,stress,2838,move,accepted,moved,1,0.7973,810.8419,347.3382,30.0721,0.2406,1189.2901
phone-android,stress,2839,move,accepted,moved,1,0.9817,818.9535,346.6069,28.9348,0.2252,1195.7021
phone-android,stress,2840,look,accepted,observed,0,0.8969,828.2777,0.1197,8.0599,0.1350,837.4892
phone-android,stress,2841,take,accepted,taken,1,0.6205,819.2348,347.3055,28.4692,0.1840,1195.8138
phone-android,stress,2842,move,accepted,moved,1,0.7148,813.9071,345.9918,28.1417,0.1961,1188.9514
phone-android,stress,2843,look,accepted,observed,0,1.0952,823.5302,0.1313,8.9114,0.1642,833.8323
phone-android,stress,2844,take,replayed,taken,0,1.1563,745.1627,0.0101,0.0006,0.0953,746.4250
phone-android,stress,2845,move,rejected,exit_unavailable,0,1.1848,823.1110,0.1255,7.4067,0.1927,832.0207
phone-android,stress,2846,move,rejected,exit_unavailable,0,0.9108,819.1321,0.1351,8.5778,0.1519,828.9076
phone-android,stress,2847,drop,accepted,dropped,1,0.7472,815.6897,345.7862,29.6658,0.2082,1192.0971
phone-android,stress,2848,move,accepted,moved,1,0.8701,828.8699,353.6309,29.0461,0.2202,1212.6372
phone-android,stress,2849,wait,rejected,invalid_time,0,1.1198,822.9788,0.1502,8.5018,0.1870,832.9376
phone-android,stress,2850,close_choice,rejected,invalid_choice,0,0.8784,828.1247,0.1407,8.5273,0.1748,837.8460
phone-android,stress,2851,move,accepted,moved,1,0.7651,814.8467,352.7681,29.9947,0.2416,1198.6163
phone-android,stress,2852,take,accepted,taken,1,1.1638,828.2828,347.4533,28.5410,0.1869,1205.6278
phone-android,stress,2853,drop,accepted,dropped,1,0.7487,828.8814,347.8250,29.7956,0.1850,1207.4357
phone-android,stress,2854,look,accepted,observed,0,1.1684,824.6921,0.1147,9.0326,0.1688,835.1766
phone-android,stress,2855,move,rejected,exit_unavailable,0,0.7968,820.0770,0.1186,7.0555,0.1551,828.2029
phone-android,stress,2856,activate,rejected,not_eligible,0,0.6334,813.1259,0.1171,8.5535,0.1532,822.5832
phone-android,stress,2857,talk,rejected,not_eligible,0,0.7396,820.1865,0.1321,9.6813,0.1885,830.9281
phone-android,stress,2858,choose,rejected,invalid_choice,0,0.8281,820.4429,0.1289,8.9784,0.2029,830.5813
phone-android,stress,2859,take,accepted,taken,1,0.7452,818.5469,347.5783,30.3530,0.2186,1197.4419
phone-android,stress,2860,look,accepted,observed,0,1.1052,829.2054,0.1298,10.6578,0.1904,841.2886
phone-android,stress,2861,move,accepted,moved,1,0.8846,823.9276,351.7453,29.8958,0.2195,1206.6729
phone-android,stress,2862,talk,accepted,choice_opened,1,0.7842,823.4549,349.6745,42.7014,0.3630,1216.9779
phone-android,stress,2863,activate,rejected,not_eligible,0,1.5924,837.8258,0.1203,9.8927,0.1753,849.6064
phone-android,stress,2864,move,accepted,moved,1,0.8253,826.0751,349.7642,29.6791,0.3147,1206.6583
phone-android,stress,2865,talk,rejected,not_eligible,0,1.2024,823.6311,0.1439,10.1380,0.1713,835.2867
phone-android,stress,2866,look,accepted,observed,0,0.7811,817.9127,0.1368,10.7346,0.1946,829.7598
phone-android,stress,2867,look,accepted,observed,0,0.8988,814.2659,0.1210,8.0488,0.1398,823.4743
phone-android,stress,2868,look,accepted,observed,0,0.6744,822.2194,0.1042,7.5444,0.1611,830.7035
phone-android,stress,2869,talk,rejected,not_eligible,0,0.7504,824.0071,0.1295,8.5973,0.1906,833.6749
phone-android,stress,2870,move,accepted,moved,1,0.8348,817.0884,347.9509,28.7918,0.1870,1194.8528
phone-android,stress,2871,talk,accepted,choice_opened,1,0.7207,827.0297,346.5032,24.9514,0.1906,1199.3956
phone-android,stress,2872,look,accepted,observed,0,0.8335,825.6159,0.1308,10.0247,0.2309,836.8358
phone-android,stress,2873,look,accepted,observed,0,1.7860,827.3311,0.1280,8.3501,0.1624,837.7576
phone-android,stress,2874,drop,accepted,dropped,1,0.7614,818.0981,345.4654,27.5109,0.1788,1192.0145
phone-android,stress,2875,wait,rejected,invalid_time,0,0.6790,821.3778,0.1471,10.5285,0.1931,832.9255
phone-android,stress,2876,take,accepted,taken,1,0.9791,826.6832,364.4813,31.2755,0.2763,1223.6954
phone-android,stress,2877,wait,rejected,invalid_time,0,1.1479,819.9806,0.1392,9.1726,0.1798,830.6201
phone-android,stress,2878,look,accepted,observed,0,0.8115,820.5679,0.1398,8.6035,0.1723,830.2951
phone-android,stress,2879,look,accepted,observed,0,0.8048,816.6745,0.1244,8.3634,0.1842,826.1512
phone-android,stress,2880,wait,rejected,invalid_time,0,0.6576,821.8084,0.1335,8.9382,0.1804,831.7182
phone-android,stress,2881,look,accepted,observed,0,0.8018,822.2291,0.1531,9.1877,0.2806,832.6522
phone-android,stress,2882,wait,rejected,invalid_time,0,0.8757,818.8048,0.1282,8.5368,0.1789,828.5244
phone-android,stress,2883,move,accepted,moved,1,0.8717,818.5877,347.7832,30.5298,0.2716,1198.0440
phone-android,stress,2884,look,accepted,observed,0,0.9298,815.8765,0.1170,8.4685,0.2533,825.6451
phone-android,stress,2885,look,accepted,observed,0,0.8063,827.1301,0.1195,9.1921,0.2270,837.4750
phone-android,stress,2886,move,accepted,moved,1,0.9305,832.1877,351.0076,28.6916,0.2206,1213.0381
phone-android,stress,2887,wait,rejected,invalid_time,0,0.9411,821.1289,0.1444,9.3957,0.1899,831.8001
phone-android,stress,2888,move,accepted,moved,1,0.9080,824.0302,350.4097,29.8316,0.2164,1205.3960
phone-android,stress,2889,drop,accepted,dropped,1,0.8010,820.7538,347.4019,29.1292,0.1765,1198.2624
phone-android,stress,2890,look,accepted,observed,0,0.8298,819.5985,0.1185,8.1974,0.1716,828.9159
phone-android,stress,2891,look,accepted,observed,0,0.8316,819.1122,0.1221,8.2265,0.1935,828.4859
phone-android,stress,2892,look,accepted,observed,0,0.8428,818.2140,0.1280,8.5960,0.1666,827.9473
phone-android,stress,2893,move,accepted,moved,1,0.7197,815.1564,349.7458,30.1045,0.3574,1196.0838
phone-android,stress,2894,choose,rejected,invalid_choice,0,1.4710,825.6574,0.1192,8.7948,0.1969,836.2393
phone-android,stress,2895,move,accepted,moved,1,0.8553,818.7560,346.9261,30.5967,0.2275,1197.3616
phone-android,stress,2896,move,accepted,moved,1,0.8740,823.8774,349.9639,28.3233,0.1817,1203.2203
phone-android,stress,2897,wait,rejected,invalid_time,0,0.7181,831.7482,0.1271,9.3778,0.1644,842.1356
phone-android,stress,2898,move,accepted,moved,1,0.7104,826.6700,356.1698,30.2983,0.2258,1214.0743
phone-android,stress,2899,activate,rejected,not_eligible,0,0.8857,817.5221,0.1329,9.1883,0.1775,827.9065
phone-android,stress,2900,move,accepted,moved,1,0.8045,819.1279,348.6114,29.3910,0.2021,1198.1370
phone-android,stress,2901,look,accepted,observed,0,0.9017,820.7903,0.1240,9.1397,0.1733,831.1290
phone-android,stress,2902,look,accepted,observed,0,0.9766,824.4163,0.1349,8.3400,0.1718,834.0396
phone-android,stress,2903,move,accepted,moved,1,0.7853,818.6578,349.2694,30.3155,0.2748,1199.3029
phone-android,stress,2904,look,accepted,observed,0,1.0729,822.3621,0.1218,8.1760,0.1954,831.9282
phone-android,stress,2905,choose,rejected,invalid_choice,0,0.8557,823.6277,0.1200,7.7984,0.1511,832.5530
phone-android,stress,2906,look,accepted,observed,0,0.7162,819.1094,0.1334,9.3191,0.1788,829.4570
phone-android,stress,2907,look,accepted,observed,0,0.8226,813.8416,0.1416,8.2884,0.1593,823.2535
phone-android,stress,2908,look,accepted,observed,0,0.8214,816.5606,0.1319,8.0817,0.1649,825.7605
phone-android,stress,2909,take,rejected,not_present,0,0.7437,821.7552,0.1222,9.3356,0.1774,832.1342
phone-android,stress,2910,move,accepted,moved,1,0.8865,826.1439,357.3851,31.5814,0.1820,1216.1789
phone-android,stress,2911,move,accepted,moved,1,0.8911,820.4874,351.8822,29.3159,0.2399,1202.8166
phone-android,stress,2912,choose,rejected,stale_view,0,0.8957,748.3825,0.1092,8.4283,0.1594,757.9752
phone-android,stress,2913,move,accepted,moved,1,0.7181,819.2973,349.6016,32.1030,0.2297,1201.9497
phone-android,stress,2914,move,rejected,exit_unavailable,0,0.9823,816.9529,0.1236,8.7594,0.1471,826.9653
phone-android,stress,2915,look,accepted,observed,0,0.6889,825.9892,0.1464,8.5405,0.1659,835.5309
phone-android,stress,2916,choose,rejected,invalid_choice,0,0.7556,818.7217,0.1506,9.4460,0.1819,829.2558
phone-android,stress,2917,drop,replayed,dropped,0,1.1808,747.3470,0.0059,0.0007,0.0819,748.6163
phone-android,stress,2918,take,rejected,not_present,0,0.8254,836.8979,0.1598,8.2507,0.1538,846.2875
phone-android,stress,2919,look,accepted,observed,0,0.7718,819.0171,0.1375,9.3048,0.1986,829.4299
phone-android,stress,2920,move,accepted,moved,1,0.7799,814.5319,348.6746,29.3123,0.2196,1193.5184
phone-android,stress,2921,talk,rejected,not_eligible,0,0.9808,824.6739,0.1356,8.8589,0.1682,834.8173
phone-android,stress,2922,choose,rejected,invalid_choice,0,1.0140,820.3390,0.1152,9.2418,0.1697,830.8797
phone-android,stress,2923,choose,rejected,invalid_choice,0,0.7236,816.2122,0.1398,9.4100,0.1676,826.6532
phone-android,stress,2924,look,accepted,observed,0,0.8119,825.2214,0.1317,8.1561,0.1438,834.4649
phone-android,stress,2925,look,accepted,observed,0,0.7030,824.5342,0.1468,9.3582,0.1812,834.9234
phone-android,stress,2926,look,accepted,observed,0,0.8058,818.9775,0.1118,9.1840,0.1738,829.2528
phone-android,stress,2927,look,accepted,observed,0,1.1805,828.9712,0.1225,8.2621,0.1959,838.7322
phone-android,stress,2928,move,accepted,moved,1,0.8071,821.9961,352.2613,29.5534,0.2620,1204.8800
phone-android,stress,2929,move,accepted,moved,1,1.0776,815.4239,348.6944,32.6591,0.2304,1198.0854
phone-android,stress,2930,take,rejected,not_present,0,1.0018,823.2490,0.1294,9.8833,0.1677,834.4311
phone-android,stress,2931,look,accepted,observed,0,0.8522,828.9157,0.1468,11.5957,0.2235,841.7339
phone-android,stress,2932,look,accepted,observed,0,0.9819,830.4866,0.1402,8.8347,0.1555,840.5988
phone-android,stress,2933,look,accepted,observed,0,0.7523,819.5973,0.1297,8.0924,0.1463,828.7181
phone-android,stress,2934,move,accepted,moved,1,0.6458,821.8968,349.7253,32.7866,0.2320,1205.2866
phone-android,stress,2935,look,accepted,observed,0,1.0691,816.2595,0.1432,8.3218,0.1729,825.9664
phone-android,stress,2936,activate,rejected,not_eligible,0,0.7950,823.3506,0.1267,8.2554,0.1860,832.7137
phone-android,stress,2937,close_choice,accepted,choice_closed,1,0.8654,814.0238,345.3719,29.5203,0.2338,1190.0152
phone-android,stress,2938,wait,rejected,invalid_time,0,0.8943,817.0612,0.1323,8.5828,0.1765,826.8472
phone-android,stress,2939,look,accepted,observed,0,0.7843,821.7057,0.1266,7.4938,0.1477,830.2579
phone-android,stress,2940,move,accepted,moved,1,0.6117,810.1558,348.4981,31.2934,0.2227,1190.7815
phone-android,stress,2941,activate,rejected,not_eligible,0,1.2258,820.9872,0.1284,9.4846,0.1755,832.0015
phone-android,stress,2942,take,rejected,not_present,0,0.7371,825.5153,0.1226,9.3432,0.1751,835.8934
phone-android,stress,2943,activate,rejected,not_eligible,0,0.7771,825.6362,0.1575,8.2516,0.1721,834.9945
phone-android,stress,2944,move,accepted,moved,1,0.8552,820.1922,350.3514,26.6981,0.2948,1198.3916
phone-android,stress,2945,look,accepted,observed,0,1.1048,826.8560,0.1265,8.5784,0.1583,836.8239
phone-android,stress,2946,move,accepted,moved,1,0.8810,826.9639,352.7871,29.2123,0.1921,1210.0364
phone-android,stress,2947,move,accepted,moved,1,1.1016,816.6373,350.6071,29.1384,0.2410,1197.7254
phone-android,stress,2948,wait,rejected,invalid_time,0,1.0982,822.4434,0.1318,9.8333,0.1841,833.6908
phone-android,stress,2949,look,accepted,observed,0,0.8446,816.4048,0.1550,9.4826,0.1777,827.0647
phone-android,stress,2950,wait,rejected,invalid_time,0,0.8814,818.4149,0.1278,8.6754,0.1705,828.2700
phone-android,stress,2951,take,rejected,not_present,0,0.8360,827.1368,0.1381,8.3078,0.1751,836.5938
phone-android,stress,2952,take,rejected,not_present,0,0.7904,821.8139,0.1164,7.5807,0.1439,830.4452
phone-android,stress,2953,look,accepted,observed,0,0.6542,824.4165,0.1186,10.1552,0.4053,835.7498
phone-android,stress,2954,move,rejected,exit_unavailable,0,1.1316,829.1651,0.1302,8.5684,0.1703,839.1656
phone-android,stress,2955,talk,rejected,not_eligible,0,0.7619,820.8186,0.1478,8.9220,0.1737,830.8240
phone-android,stress,2956,look,accepted,observed,0,0.8639,817.8958,0.1196,9.2252,0.1546,828.2590
phone-android,stress,2957,move,accepted,moved,1,0.7214,813.3868,346.7101,28.9340,0.2226,1189.9749
phone-android,stress,2958,wait,rejected,invalid_time,0,0.8692,824.5173,0.1312,8.1703,0.2024,833.8904
phone-android,stress,2959,move,accepted,moved,1,0.7449,815.4486,352.0429,28.4705,0.1754,1196.8823
phone-android,stress,2960,talk,rejected,not_owned,0,0.6764,825.3993,0.1448,9.4203,0.1691,835.8099
phone-android,stress,2961,wait,rejected,invalid_time,0,0.8606,820.4001,0.1244,7.9306,0.1476,829.4633
phone-android,stress,2962,look,accepted,observed,0,0.6609,827.7121,0.1234,8.6543,0.1438,837.2945
phone-android,stress,2963,move,accepted,moved,1,0.7017,821.5636,351.6188,28.3638,0.2203,1202.4682
phone-android,stress,2964,move,accepted,moved,1,0.8891,822.9833,349.2319,28.9006,0.1731,1202.1780
phone-android,stress,2965,choose,rejected,invalid_choice,0,0.7339,835.4363,0.1549,8.5955,0.1718,845.0924
phone-android,stress,2966,look,accepted,observed,0,0.7654,821.6011,0.1220,8.2364,0.1918,830.9167
phone-android,stress,2967,look,accepted,observed,0,0.9104,814.2611,0.1404,8.9652,0.1702,824.4472
phone-android,stress,2968,wait,rejected,invalid_time,0,0.8396,823.3845,0.1176,9.5430,0.1702,834.0549
phone-android,stress,2969,move,accepted,moved,1,1.0266,826.4540,349.1721,29.1350,0.2264,1206.0141
phone-android,stress,2970,look,accepted,observed,0,0.8991,828.5135,0.1479,9.7096,0.1762,839.4463
phone-android,stress,2971,look,accepted,observed,0,0.7882,816.2452,0.1096,7.6206,0.1382,824.9018
phone-android,stress,2972,talk,rejected,not_eligible,0,0.6415,820.1736,0.1421,8.3205,0.1614,829.4391
phone-android,stress,2973,move,rejected,exit_unavailable,0,0.7776,825.0121,0.1196,9.0040,0.1799,835.0933
phone-android,stress,2974,move,accepted,moved,1,0.8198,824.0359,359.2738,29.7033,0.3155,1214.1483
phone-android,stress,2975,choose,rejected,stale_view,0,1.0910,741.4718,0.1169,8.3888,0.1592,751.2277
phone-android,stress,2976,look,accepted,observed,0,0.8310,822.5498,0.1265,8.6996,0.1847,832.3916
phone-android,stress,2977,move,accepted,moved,1,0.8984,822.1075,349.1768,28.8167,0.2204,1201.2198
phone-android,stress,2978,move,accepted,moved,1,0.9965,823.9485,348.2789,28.7847,0.2448,1202.2535
phone-android,stress,2979,take,rejected,not_present,0,1.1044,824.0404,0.1296,7.7155,0.1466,833.1366
phone-android,stress,2980,look,accepted,observed,0,0.6311,822.7311,0.1239,8.7155,0.1866,832.3882
phone-android,stress,2981,move,rejected,exit_unavailable,0,0.7653,830.1938,0.1129,7.3497,0.1385,838.5602
phone-android,stress,2982,move,accepted,moved,1,0.7358,818.3332,346.8177,28.6376,0.1887,1194.7130
phone-android,stress,2983,take,accepted,taken,1,0.7656,824.6143,348.6502,30.8189,0.2253,1205.0744
phone-android,stress,2984,drop,rejected,integrity_conflict,0,1.2986,749.4743,0.0189,0.0007,0.1286,750.9211
phone-android,stress,2985,look,accepted,observed,0,1.3755,825.5113,0.1165,8.9028,0.1714,836.0774
phone-android,stress,2986,wait,rejected,invalid_time,0,0.7967,822.8670,0.1394,8.5376,0.1828,832.5234
phone-android,stress,2987,talk,rejected,not_eligible,0,0.7567,821.3810,0.1385,8.2849,0.1713,830.7325
phone-android,stress,2988,look,accepted,observed,0,0.9456,811.6573,0.1156,7.9292,0.1449,820.7927
phone-android,stress,2989,talk,rejected,not_eligible,0,0.7529,812.1853,0.1253,8.7555,0.1663,821.9853
phone-android,stress,2990,drop,accepted,dropped,1,0.8829,814.7809,346.9708,29.4576,0.2379,1192.3300
phone-android,stress,2991,move,accepted,moved,1,0.9279,825.7919,372.8937,38.5722,0.3201,1238.5059
phone-android,stress,2992,wait,rejected,invalid_time,0,0.9437,819.0656,0.1341,9.7190,0.1692,830.0315
phone-android,stress,2993,take,rejected,not_present,0,0.8929,822.8649,0.1347,8.6691,0.1805,832.7421
phone-android,stress,2994,choose,rejected,invalid_choice,0,0.8327,820.8962,0.1360,9.9404,0.1531,831.9584
phone-android,stress,2995,move,rejected,exit_unavailable,0,0.7471,823.6467,0.1272,9.0902,0.1950,833.8063
phone-android,stress,2996,move,accepted,moved,1,0.8108,827.1846,352.5489,28.2884,0.2190,1209.0516
phone-android,stress,2997,take,rejected,not_present,0,0.9141,823.9626,0.1494,9.2897,0.1329,834.4486
phone-android,stress,2998,move,accepted,moved,1,0.6243,819.1322,347.2425,29.6930,0.2416,1196.9337
phone-android,stress,2999,look,accepted,observed,0,1.0123,824.6334,0.1329,9.5573,0.1448,835.4808
